index,offsetRange,CentroidLabelIndex_entireUnits,"[C,C#,D,E-,E,F,F#,G,G#,A,B-,B]",CentroidLabelIndex_individualUnit,triadLabel,filename,year,chordName,pc-labels,color,newCentroidIndex
0,0.0 to 0.0,8,"[2, 0, 0, 0, 0, 0, 0, 0, 0, 0, 0, 0]",1,cMajor,Piano Sonata K570 i Bb major.mid by Mozart.csv,1789,Cmaj-root,C-EG,slateblue,2
1,2.0 to 2.0,3,"[0, 0, 0, 0, 0, 0, 0, 2, 0, 0, 0, 0]",9,cMajor,Piano Sonata K570 i Bb major.mid by Mozart.csv,1789,Gmaj-root,G-BD,red,9
2,3.0 to 3.0,14,"[0, 0, 0, 0, 2, 0, 0, 0, 0, 0, 0, 0]",6,cMajor,Piano Sonata K570 i Bb major.mid by Mozart.csv,1789,VofAmin,E-BCD,indigo,19
3,4.875 to 4.875,14,"[0, 0, 0, 0, 1, 0, 0, 0, 0, 0, 0, 0]",6,cMajor,Piano Sonata K570 i Bb major.mid by Mozart.csv,1789,VofAmin,E-BCD,indigo,19
4,5.0 to 5.0,3,"[0, 0, 0, 0, 0, 0, 0, 2, 0, 0, 0, 0]",9,cMajor,Piano Sonata K570 i Bb major.mid by Mozart.csv,1789,Gmaj-root,G-BD,red,9
5,6.0 to 6.125,8,"[2, 0, 0, 0, 0, 0, 0, 1, 0, 0, 0, 0]",1,cMajor,Piano Sonata K570 i Bb major.mid by Mozart.csv,1789,Cmaj-root,C-EG,slateblue,2
6,8.0 to 8.0,14,"[0, 0, 0, 0, 2, 0, 0, 0, 0, 0, 0, 0]",6,cMajor,Piano Sonata K570 i Bb major.mid by Mozart.csv,1789,VofAmin,E-BCD,indigo,19
7,9.0 to 9.125,4,"[0, 0, 0, 0, 1, 0, 0, 2, 0, 0, 0, 0]",9,cMajor,Piano Sonata K570 i Bb major.mid by Mozart.csv,1789,Cmaj3rd5th,EG-C,mediumvioletred,8
8,11.0 to 11.5,4,"[1, 0, 0, 0, 1, 0, 0, 2, 0, 0, 0, 0]",9,cMajor,Piano Sonata K570 i Bb major.mid by Mozart.csv,1789,Cmaj3rd5th,EG-C,mediumvioletred,8
9,12.0 to 12.5,10,"[0, 0, 1, 0, 0, 2, 0, 2, 0, 0, 0, 0]",0,gMajor,Piano Sonata K570 i Bb major.mid by Mozart.csv,1789,Cmaj2-5tet,DEFG,violet,6
10,13.0 to 13.5,10,"[0, 0, 2, 0, 1, 1, 0, 1, 0, 0, 0, 0]",4,gMajor,Piano Sonata K570 i Bb major.mid by Mozart.csv,1789,Cmaj2-5tet,DEFG,violet,6
11,14.0 to 14.5,18,"[1, 0, 1, 0, 0, 1, 0, 1, 0, 0, 0, 1]",4,gMajor,Piano Sonata K570 i Bb major.mid by Mozart.csv,1789,V-IofC,D-GBC,crimson,11
12,15.0 to 15.5,3,"[0, 0, 1, 0, 0, 1, 0, 2, 0, 1, 0, 0]",0,fMinor,Piano Sonata K570 i Bb major.mid by Mozart.csv,1789,Gmaj-root,G-BD,red,9
13,16.0 to 16.5,3,"[0, 0, 1, 0, 0, 1, 1, 2, 0, 0, 0, 0]",0,b-Minor,Piano Sonata K570 i Bb major.mid by Mozart.csv,1789,Gmaj-root,G-BD,red,9
14,17.0 to 17.5,5,"[0, 0, 1, 0, 0, 1, 0, 1, 0, 1, 0, 1]",0,fMinor,Piano Sonata K570 i Bb major.mid by Mozart.csv,1789,Gmaj3rd5th,BD-G,gold,17
15,18.0 to 18.75,18,"[2, 0, 1, 0, 1, 0, 0, 0, 0, 0, 0, 1]",1,cMajor,Piano Sonata K570 i Bb major.mid by Mozart.csv,1789,V-IofC,D-GBC,crimson,11
16,19.0 to 19.5,8,"[2, 0, 1, 0, 1, 0, 0, 0, 0, 0, 0, 0]",1,cMinor,Piano Sonata K570 i Bb major.mid by Mozart.csv,1789,Cmaj-root,C-EG,slateblue,2
17,20.0 to 20.5,14,"[0, 0, 0, 0, 1, 1, 0, 0, 0, 0, 0, 0]",6,cMajor,Piano Sonata K570 i Bb major.mid by Mozart.csv,1789,VofAmin,E-BCD,indigo,19
18,21.0 to 21.5,1,"[0, 0, 0, 0, 0, 0, 1, 1, 0, 0, 0, 0]",9,cMajor,Piano Sonata K570 i Bb major.mid by Mozart.csv,1789,Gmaj-IV/vii,F#G-ACE,salmon,16
19,22.0 to 22.5,16,"[0, 0, 0, 0, 0, 0, 0, 1, 0, 1, 0, 0]",3,cMajor,Piano Sonata K570 i Bb major.mid by Mozart.csv,1789,chr,FGAB,mediumpurple,10
20,23.0 to 23.5,14,"[1, 0, 0, 0, 1, 0, 0, 0, 0, 0, 0, 0]",1,cMajor,Piano Sonata K570 i Bb major.mid by Mozart.csv,1789,VofAmin,E-BCD,indigo,19
21,24.0 to 24.5,10,"[0, 0, 1, 0, 0, 2, 0, 2, 0, 0, 0, 0]",0,gMajor,Piano Sonata K570 i Bb major.mid by Mozart.csv,1789,Cmaj2-5tet,DEFG,violet,6
22,25.0 to 25.5,10,"[0, 0, 2, 0, 1, 1, 0, 1, 0, 0, 0, 0]",4,gMajor,Piano Sonata K570 i Bb major.mid by Mozart.csv,1789,Cmaj2-5tet,DEFG,violet,6
23,26.0 to 26.5,18,"[1, 0, 1, 0, 0, 1, 0, 1, 0, 0, 0, 1]",4,gMajor,Piano Sonata K570 i Bb major.mid by Mozart.csv,1789,V-IofC,D-GBC,crimson,11
24,27.0 to 27.5,3,"[0, 0, 1, 0, 0, 1, 0, 2, 0, 1, 0, 0]",0,fMinor,Piano Sonata K570 i Bb major.mid by Mozart.csv,1789,Gmaj-root,G-BD,red,9
25,28.0 to 28.5,3,"[0, 0, 1, 0, 0, 1, 1, 2, 0, 0, 0, 0]",0,b-Minor,Piano Sonata K570 i Bb major.mid by Mozart.csv,1789,Gmaj-root,G-BD,red,9
26,29.0 to 29.5,5,"[0, 0, 1, 0, 0, 1, 0, 1, 0, 1, 0, 1]",0,fMinor,Piano Sonata K570 i Bb major.mid by Mozart.csv,1789,Gmaj3rd5th,BD-G,gold,17
27,30.0 to 30.375,8,"[2, 0, 0, 0, 1, 0, 0, 0, 0, 0, 0, 0]",1,cMajor,Piano Sonata K570 i Bb major.mid by Mozart.csv,1789,Cmaj-root,C-EG,slateblue,2
28,31.0 to 31.375,8,"[2, 0, 0, 0, 1, 0, 0, 0, 0, 0, 0, 0]",1,cMajor,Piano Sonata K570 i Bb major.mid by Mozart.csv,1789,Cmaj-root,C-EG,slateblue,2
29,32.0 to 32.375,4,"[1, 0, 0, 0, 1, 0, 0, 1, 0, 0, 0, 0]",1,cMajor,Piano Sonata K570 i Bb major.mid by Mozart.csv,1789,Cmaj3rd5th,EG-C,mediumvioletred,8
30,33.0 to 33.0,8,"[2, 0, 0, 0, 1, 0, 0, 0, 0, 0, 0, 0]",1,cMajor,Piano Sonata K570 i Bb major.mid by Mozart.csv,1789,Cmaj-root,C-EG,slateblue,2
31,34.125 to 34.75,16,"[1, 0, 0, 0, 0, 0, 0, 0, 0, 0, 0, 0]",1,cMajor,Piano Sonata K570 i Bb major.mid by Mozart.csv,1789,chr,FGAB,mediumpurple,10
32,35.0 to 35.75,18,"[1, 0, 1, 0, 0, 0, 0, 0, 0, 0, 0, 1]",2,gMajor,Piano Sonata K570 i Bb major.mid by Mozart.csv,1789,V-IofC,D-GBC,crimson,11
33,36.0 to 36.0,16,"[0, 0, 0, 0, 0, 0, 0, 0, 0, 1, 0, 0]",3,dMajor,Piano Sonata K570 i Bb major.mid by Mozart.csv,1789,chr,FGAB,mediumpurple,10
34,37.0 to 37.75,9,"[2, 0, 0, 0, 0, 1, 0, 0, 0, 1, 0, 0]",8,fMajor,Piano Sonata K570 i Bb major.mid by Mozart.csv,1789,6-1ofC,A-CF,deepskyblue,7
35,38.0 to 38.75,18,"[1, 0, 1, 0, 0, 0, 0, 0, 0, 0, 0, 1]",2,gMajor,Piano Sonata K570 i Bb major.mid by Mozart.csv,1789,V-IofC,D-GBC,crimson,11
36,39.0 to 39.0,16,"[0, 0, 0, 0, 0, 0, 0, 1, 0, 0, 0, 0]",9,cMajor,Piano Sonata K570 i Bb major.mid by Mozart.csv,1789,chr,FGAB,mediumpurple,10
37,40.0 to 40.875,8,"[2, 0, 0, 0, 1, 0, 0, 1, 0, 0, 0, 0]",1,cMajor,Piano Sonata K570 i Bb major.mid by Mozart.csv,1789,Cmaj-root,C-EG,slateblue,2
38,41.0 to 41.75,18,"[1, 0, 1, 0, 0, 0, 0, 0, 0, 0, 0, 1]",2,gMajor,Piano Sonata K570 i Bb major.mid by Mozart.csv,1789,V-IofC,D-GBC,crimson,11
39,42.0 to 42.0,5,"[0, 0, 1, 0, 0, 0, 0, 1, 0, 0, 0, 1]",5,gMajor,Piano Sonata K570 i Bb major.mid by Mozart.csv,1789,Gmaj3rd5th,BD-G,gold,17
40,43.0 to 43.0,3,"[0, 0, 0, 0, 0, 0, 0, 2, 0, 0, 0, 1]",9,gMajor,Piano Sonata K570 i Bb major.mid by Mozart.csv,1789,Gmaj-root,G-BD,red,9
41,44.0 to 44.875,16,"[0, 0, 0, 0, 0, 1, 0, 1, 0, 0, 0, 1]",0,gMajor,Piano Sonata K570 i Bb major.mid by Mozart.csv,1789,chr,FGAB,mediumpurple,10
42,45.0 to 45.0,16,"[1, 0, 0, 1, 0, 0, 0, 1, 0, 0, 0, 0]",7,e-Minor,Piano Sonata K570 i Bb major.mid by Mozart.csv,1789,chr,FGAB,mediumpurple,10
43,46.0 to 46.75,8,"[2, 0, 0, 0, 1, 0, 0, 0, 0, 0, 0, 0]",1,cMajor,Piano Sonata K570 i Bb major.mid by Mozart.csv,1789,Cmaj-root,C-EG,slateblue,2
44,47.0 to 47.75,18,"[1, 0, 1, 0, 0, 0, 0, 0, 0, 0, 0, 1]",2,gMajor,Piano Sonata K570 i Bb major.mid by Mozart.csv,1789,V-IofC,D-GBC,crimson,11
45,48.0 to 48.0,16,"[0, 0, 0, 0, 0, 0, 0, 0, 0, 1, 0, 0]",3,dMajor,Piano Sonata K570 i Bb major.mid by Mozart.csv,1789,chr,FGAB,mediumpurple,10
46,49.0 to 49.875,9,"[2, 0, 0, 0, 0, 1, 0, 0, 0, 2, 0, 0]",8,fMajor,Piano Sonata K570 i Bb major.mid by Mozart.csv,1789,6-1ofC,A-CF,deepskyblue,7
47,50.0 to 50.75,13,"[2, 0, 1, 0, 0, 1, 0, 0, 0, 1, 0, 1]",8,fMajor,Piano Sonata K570 i Bb major.mid by Mozart.csv,1789,Cmaj5-1tet,BC-AG,darkviolet,12
48,51.0 to 51.0,16,"[0, 0, 0, 0, 0, 0, 0, 1, 0, 0, 0, 0]",9,cMajor,Piano Sonata K570 i Bb major.mid by Mozart.csv,1789,chr,FGAB,mediumpurple,10
49,52.0 to 52.875,17,"[2, 0, 0, 0, 1, 0, 0, 2, 0, 0, 0, 0]",1,cMajor,Piano Sonata K570 i Bb major.mid by Mozart.csv,1789,CmajTriad,CEG,blueviolet,5
50,53.0 to 53.75,18,"[1, 0, 1, 0, 0, 0, 0, 0, 0, 0, 0, 1]",2,gMajor,Piano Sonata K570 i Bb major.mid by Mozart.csv,1789,V-IofC,D-GBC,crimson,11
51,54.0 to 54.0,5,"[0, 0, 1, 0, 0, 0, 0, 1, 0, 0, 0, 1]",5,gMajor,Piano Sonata K570 i Bb major.mid by Mozart.csv,1789,Gmaj3rd5th,BD-G,gold,17
52,55.0 to 55.0,2,"[0, 0, 1, 0, 0, 1, 0, 1, 0, 0, 0, 0]",0,gMajor,Piano Sonata K570 i Bb major.mid by Mozart.csv,1789,2/4ofCmaj,DF,green,4
53,56.0 to 56.0,16,"[0, 0, 0, 0, 0, 1, 0, 1, 0, 0, 0, 1]",0,gMajor,Piano Sonata K570 i Bb major.mid by Mozart.csv,1789,chr,FGAB,mediumpurple,10
54,57.0 to 57.0,8,"[2, 0, 0, 0, 1, 0, 0, 0, 0, 0, 0, 0]",1,cMajor,Piano Sonata K570 i Bb major.mid by Mozart.csv,1789,Cmaj-root,C-EG,slateblue,2
55,58.0 to 58.0,14,"[1, 0, 0, 0, 1, 0, 0, 0, 0, 0, 0, 0]",1,cMajor,Piano Sonata K570 i Bb major.mid by Mozart.csv,1789,VofAmin,E-BCD,indigo,19
56,60.0 to 60.375,12,"[1, 0, 0, 0, 1, 0, 0, 0, 0, 2, 0, 0]",3,cMinor,Piano Sonata K570 i Bb major.mid by Mozart.csv,1789,AminTriad,ACE,steelblue,14
57,61.0 to 61.5,9,"[0, 0, 0, 0, 0, 0, 0, 0, 0, 2, 0, 0]",3,dMajor,Piano Sonata K570 i Bb major.mid by Mozart.csv,1789,6-1ofC,A-CF,deepskyblue,7
58,63.0 to 63.375,14,"[0, 0, 0, 0, 2, 0, 0, 0, 1, 0, 0, 1]",6,eMajor,Piano Sonata K570 i Bb major.mid by Mozart.csv,1789,VofAmin,E-BCD,indigo,19
59,64.0 to 64.5,14,"[0, 0, 0, 0, 2, 0, 0, 0, 0, 0, 0, 0]",6,cMajor,Piano Sonata K570 i Bb major.mid by Mozart.csv,1789,VofAmin,E-BCD,indigo,19
60,66.0 to 66.875,19,"[1, 0, 0, 0, 0, 2, 0, 0, 0, 1, 0, 0]",8,fMajor,Piano Sonata K570 i Bb major.mid by Mozart.csv,1789,4ofC,F-AC,cyan,1
61,67.0 to 67.5,19,"[1, 0, 0, 0, 0, 2, 0, 0, 0, 1, 0, 0]",8,fMajor,Piano Sonata K570 i Bb major.mid by Mozart.csv,1789,4ofC,F-AC,cyan,1
62,68.0 to 68.83333333,19,"[1, 0, 0, 0, 1, 2, 0, 1, 0, 1, 0, 0]",8,fMajor,Piano Sonata K570 i Bb major.mid by Mozart.csv,1789,4ofC,F-AC,cyan,1
63,69.0 to 69.5,8,"[2, 0, 1, 0, 1, 0, 0, 0, 0, 0, 1, 0]",1,cMajor,Piano Sonata K570 i Bb major.mid by Mozart.csv,1789,Cmaj-root,C-EG,slateblue,2
64,70.0 to 70.625,8,"[2, 0, 0, 0, 1, 0, 0, 0, 0, 0, 1, 0]",1,cMajor,Piano Sonata K570 i Bb major.mid by Mozart.csv,1789,Cmaj-root,C-EG,slateblue,2
65,71.0 to 71.75,8,"[2, 0, 0, 0, 1, 0, 0, 0, 0, 0, 1, 0]",1,cMajor,Piano Sonata K570 i Bb major.mid by Mozart.csv,1789,Cmaj-root,C-EG,slateblue,2
66,72.0 to 72.5,19,"[2, 0, 0, 0, 0, 2, 0, 0, 0, 1, 0, 0]",8,fMajor,Piano Sonata K570 i Bb major.mid by Mozart.csv,1789,4ofC,F-AC,cyan,1
67,73.0 to 73.5,12,"[1, 0, 0, 1, 1, 1, 0, 0, 0, 1, 0, 0]",8,fMajor,Piano Sonata K570 i Bb major.mid by Mozart.csv,1789,AminTriad,ACE,steelblue,14
68,74.0 to 74.5,9,"[1, 1, 1, 0, 0, 1, 0, 0, 0, 1, 0, 0]",8,fMajor,Piano Sonata K570 i Bb major.mid by Mozart.csv,1789,6-1ofC,A-CF,deepskyblue,7
69,75.0 to 75.5,8,"[2, 0, 0, 0, 1, 0, 0, 0, 0, 0, 1, 0]",1,cMajor,Piano Sonata K570 i Bb major.mid by Mozart.csv,1789,Cmaj-root,C-EG,slateblue,2
70,76.0 to 76.5,14,"[1, 0, 0, 0, 1, 0, 0, 0, 0, 0, 1, 0]",1,cMajor,Piano Sonata K570 i Bb major.mid by Mozart.csv,1789,VofAmin,E-BCD,indigo,19
71,77.0 to 77.5,14,"[1, 0, 0, 0, 1, 0, 0, 0, 0, 0, 1, 0]",1,cMajor,Piano Sonata K570 i Bb major.mid by Mozart.csv,1789,VofAmin,E-BCD,indigo,19
72,78.0 to 78.625,19,"[1, 0, 0, 0, 0, 2, 0, 0, 0, 1, 0, 0]",8,fMajor,Piano Sonata K570 i Bb major.mid by Mozart.csv,1789,4ofC,F-AC,cyan,1
73,79.0 to 79.875,19,"[1, 0, 0, 0, 0, 2, 0, 0, 0, 1, 0, 0]",8,fMajor,Piano Sonata K570 i Bb major.mid by Mozart.csv,1789,4ofC,F-AC,cyan,1
74,80.0 to 80.83333333,19,"[1, 0, 0, 0, 1, 2, 0, 1, 0, 1, 0, 0]",8,fMajor,Piano Sonata K570 i Bb major.mid by Mozart.csv,1789,4ofC,F-AC,cyan,1
75,81.0 to 81.875,11,"[0, 1, 1, 0, 1, 0, 0, 1, 0, 0, 1, 0]",9,b-Minor,Piano Sonata K570 i Bb major.mid by Mozart.csv,1789,iv_ofDmin,GBb-C#D,yellow,0
76,82.0 to 82.875,11,"[0, 1, 0, 0, 1, 0, 0, 1, 0, 0, 1, 0]",9,f#Major,Piano Sonata K570 i Bb major.mid by Mozart.csv,1789,iv_ofDmin,GBb-C#D,yellow,0
77,83.0 to 83.5,11,"[0, 1, 0, 0, 1, 0, 0, 1, 0, 0, 1, 0]",9,f#Major,Piano Sonata K570 i Bb major.mid by Mozart.csv,1789,iv_ofDmin,GBb-C#D,yellow,0
78,84.0 to 84.5,2,"[0, 0, 2, 0, 0, 1, 0, 0, 0, 2, 0, 0]",2,fMinor,Piano Sonata K570 i Bb major.mid by Mozart.csv,1789,2/4ofCmaj,DF,green,4
79,85.0 to 85.875,19,"[0, 0, 1, 0, 1, 2, 0, 0, 0, 1, 0, 0]",8,fMinor,Piano Sonata K570 i Bb major.mid by Mozart.csv,1789,4ofC,F-AC,cyan,1
80,86.0 to 86.875,2,"[1, 0, 2, 0, 0, 1, 0, 0, 0, 1, 0, 0]",2,fMinor,Piano Sonata K570 i Bb major.mid by Mozart.csv,1789,2/4ofCmaj,DF,green,4
81,87.0 to 87.875,5,"[0, 0, 1, 0, 0, 1, 0, 1, 0, 0, 0, 1]",0,gMajor,Piano Sonata K570 i Bb major.mid by Mozart.csv,1789,Gmaj3rd5th,BD-G,gold,17
82,88.0 to 88.83333333,5,"[0, 0, 1, 0, 0, 1, 0, 1, 0, 0, 0, 1]",0,gMajor,Piano Sonata K570 i Bb major.mid by Mozart.csv,1789,Gmaj3rd5th,BD-G,gold,17
83,89.0 to 89.83333333,2,"[0, 0, 1, 0, 0, 1, 0, 1, 0, 0, 0, 0]",0,gMajor,Piano Sonata K570 i Bb major.mid by Mozart.csv,1789,2/4ofCmaj,DF,green,4
84,90.0 to 90.625,17,"[2, 0, 0, 0, 2, 0, 0, 1, 0, 0, 0, 0]",1,cMajor,Piano Sonata K570 i Bb major.mid by Mozart.csv,1789,CmajTriad,CEG,blueviolet,5
85,91.0 to 91.5,8,"[2, 0, 0, 0, 1, 0, 0, 1, 0, 0, 0, 1]",1,cMajor,Piano Sonata K570 i Bb major.mid by Mozart.csv,1789,Cmaj-root,C-EG,slateblue,2
86,92.0 to 92.5,4,"[1, 0, 0, 0, 1, 0, 0, 2, 0, 1, 0, 0]",9,cMajor,Piano Sonata K570 i Bb major.mid by Mozart.csv,1789,Cmaj3rd5th,EG-C,mediumvioletred,8
87,93.0 to 93.5,7,"[1, 0, 1, 0, 0, 0, 1, 0, 0, 1, 0, 0]",2,dMajor,Piano Sonata K570 i Bb major.mid by Mozart.csv,1789,V7ofG,DF#AC,lime,18
88,94.0 to 94.5,9,"[1, 0, 1, 0, 0, 0, 0, 0, 0, 1, 0, 0]",2,dMajor,Piano Sonata K570 i Bb major.mid by Mozart.csv,1789,6-1ofC,A-CF,deepskyblue,7
89,95.0 to 95.5,9,"[1, 0, 1, 0, 0, 0, 0, 0, 0, 1, 0, 0]",2,dMajor,Piano Sonata K570 i Bb major.mid by Mozart.csv,1789,6-1ofC,A-CF,deepskyblue,7
90,96.0 to 96.5,3,"[0, 0, 0, 0, 1, 0, 0, 2, 0, 0, 0, 2]",5,gMinor,Piano Sonata K570 i Bb major.mid by Mozart.csv,1789,Gmaj-root,G-BD,red,9
91,97.0 to 97.5,3,"[0, 0, 0, 0, 1, 0, 1, 2, 0, 0, 0, 1]",9,gMinor,Piano Sonata K570 i Bb major.mid by Mozart.csv,1789,Gmaj-root,G-BD,red,9
92,98.0 to 98.625,14,"[0, 0, 1, 0, 2, 0, 0, 1, 0, 0, 0, 1]",6,gMinor,Piano Sonata K570 i Bb major.mid by Mozart.csv,1789,VofAmin,E-BCD,indigo,19
93,99.0 to 99.5,16,"[0, 1, 0, 0, 1, 0, 0, 1, 0, 1, 0, 0]",3,aMajor,Piano Sonata K570 i Bb major.mid by Mozart.csv,1789,chr,FGAB,mediumpurple,10
94,100.0 to 100.5,16,"[0, 1, 0, 0, 1, 0, 0, 1, 0, 1, 0, 0]",3,aMajor,Piano Sonata K570 i Bb major.mid by Mozart.csv,1789,chr,FGAB,mediumpurple,10
95,101.0 to 101.5,16,"[0, 0, 0, 0, 1, 0, 0, 1, 0, 1, 0, 0]",3,cMajor,Piano Sonata K570 i Bb major.mid by Mozart.csv,1789,chr,FGAB,mediumpurple,10
96,102.0 to 102.8333333,0,"[0, 1, 2, 0, 0, 0, 1, 0, 0, 0, 0, 0]",2,dMajor,Piano Sonata K570 i Bb major.mid by Mozart.csv,1789,VofG,D-F#A,greenyellow,15
97,103.0 to 103.8333333,0,"[0, 1, 2, 0, 1, 0, 1, 0, 0, 0, 0, 0]",2,dMajor,Piano Sonata K570 i Bb major.mid by Mozart.csv,1789,VofG,D-F#A,greenyellow,15
98,104.0 to 104.875,0,"[1, 0, 1, 0, 0, 0, 1, 0, 0, 0, 0, 0]",2,dMajor,Piano Sonata K570 i Bb major.mid by Mozart.csv,1789,VofG,D-F#A,greenyellow,15
99,105.0 to 105.75,5,"[0, 0, 1, 0, 0, 0, 0, 1, 0, 0, 0, 1]",5,gMajor,Piano Sonata K570 i Bb major.mid by Mozart.csv,1789,Gmaj3rd5th,BD-G,gold,17
100,106.0 to 106.875,0,"[1, 0, 1, 0, 0, 0, 1, 0, 0, 0, 0, 0]",2,dMajor,Piano Sonata K570 i Bb major.mid by Mozart.csv,1789,VofG,D-F#A,greenyellow,15
101,107.0 to 107.75,5,"[0, 0, 1, 0, 0, 0, 0, 1, 0, 0, 0, 1]",5,gMajor,Piano Sonata K570 i Bb major.mid by Mozart.csv,1789,Gmaj3rd5th,BD-G,gold,17
102,108.0 to 108.875,0,"[0, 0, 2, 0, 1, 0, 1, 0, 0, 1, 0, 0]",2,dMajor,Piano Sonata K570 i Bb major.mid by Mozart.csv,1789,VofG,D-F#A,greenyellow,15
103,109.0 to 109.75,14,"[0, 1, 1, 0, 1, 0, 0, 0, 0, 0, 0, 0]",6,aMajor,Piano Sonata K570 i Bb major.mid by Mozart.csv,1789,VofAmin,E-BCD,indigo,19
104,110.0 to 110.75,2,"[1, 0, 1, 0, 0, 1, 0, 0, 0, 0, 0, 0]",4,fMajor,Piano Sonata K570 i Bb major.mid by Mozart.csv,1789,2/4ofCmaj,DF,green,4
105,111.0 to 111.75,5,"[0, 0, 1, 0, 0, 0, 0, 1, 0, 0, 0, 1]",5,gMajor,Piano Sonata K570 i Bb major.mid by Mozart.csv,1789,Gmaj3rd5th,BD-G,gold,17
106,112.0 to 112.75,0,"[1, 0, 1, 0, 0, 0, 1, 0, 0, 0, 0, 0]",2,dMajor,Piano Sonata K570 i Bb major.mid by Mozart.csv,1789,VofG,D-F#A,greenyellow,15
107,113.0 to 113.75,5,"[0, 0, 1, 0, 0, 0, 0, 1, 0, 0, 0, 1]",5,gMajor,Piano Sonata K570 i Bb major.mid by Mozart.csv,1789,Gmaj3rd5th,BD-G,gold,17
108,114.0 to 114.75,0,"[0, 0, 2, 0, 0, 0, 1, 0, 0, 1, 0, 0]",2,dMajor,Piano Sonata K570 i Bb major.mid by Mozart.csv,1789,VofG,D-F#A,greenyellow,15
109,115.0 to 115.75,0,"[0, 0, 2, 0, 0, 0, 1, 0, 0, 1, 0, 0]",2,dMajor,Piano Sonata K570 i Bb major.mid by Mozart.csv,1789,VofG,D-F#A,greenyellow,15
110,116.0 to 116.8333333,7,"[0, 0, 2, 0, 0, 0, 2, 0, 0, 2, 0, 0]",2,dMajor,Piano Sonata K570 i Bb major.mid by Mozart.csv,1789,V7ofG,DF#AC,lime,18
111,117.0 to 117.0833333,0,"[0, 0, 2, 0, 0, 0, 1, 0, 0, 0, 0, 0]",2,dMajor,Piano Sonata K570 i Bb major.mid by Mozart.csv,1789,VofG,D-F#A,greenyellow,15
112,118.0 to 118.0,0,"[0, 0, 2, 0, 0, 0, 1, 0, 0, 1, 0, 0]",2,dMajor,Piano Sonata K570 i Bb major.mid by Mozart.csv,1789,VofG,D-F#A,greenyellow,15
113,119.0 to 119.0,0,"[0, 0, 1, 0, 0, 0, 1, 0, 0, 1, 0, 0]",2,dMajor,Piano Sonata K570 i Bb major.mid by Mozart.csv,1789,VofG,D-F#A,greenyellow,15
114,120.0 to 120.0,16,"[0, 0, 0, 0, 0, 0, 0, 1, 0, 0, 0, 0]",9,cMajor,Piano Sonata K570 i Bb major.mid by Mozart.csv,1789,chr,FGAB,mediumpurple,10
115,122.0 to 122.0,0,"[0, 0, 1, 0, 0, 0, 0, 0, 0, 0, 0, 0]",2,dMajor,Piano Sonata K570 i Bb major.mid by Mozart.csv,1789,VofG,D-F#A,greenyellow,15
116,123.0 to 123.0,16,"[0, 0, 0, 0, 0, 0, 0, 0, 0, 0, 0, 1]",3,eMajor,Piano Sonata K570 i Bb major.mid by Mozart.csv,1789,chr,FGAB,mediumpurple,10
117,125.0 to 125.0,0,"[0, 0, 1, 0, 0, 0, 0, 0, 0, 0, 0, 0]",2,dMajor,Piano Sonata K570 i Bb major.mid by Mozart.csv,1789,VofG,D-F#A,greenyellow,15
118,126.0 to 126.875,5,"[0, 0, 1, 0, 0, 0, 0, 1, 0, 0, 0, 0]",9,gMajor,Piano Sonata K570 i Bb major.mid by Mozart.csv,1789,Gmaj3rd5th,BD-G,gold,17
119,127.0 to 127.75,5,"[0, 0, 1, 0, 0, 0, 0, 1, 0, 0, 0, 0]",9,gMajor,Piano Sonata K570 i Bb major.mid by Mozart.csv,1789,Gmaj3rd5th,BD-G,gold,17
120,128.0 to 128.5,5,"[0, 0, 1, 0, 0, 0, 0, 1, 0, 0, 0, 1]",5,gMajor,Piano Sonata K570 i Bb major.mid by Mozart.csv,1789,Gmaj3rd5th,BD-G,gold,17
121,129.0 to 129.5,0,"[0, 0, 2, 0, 1, 0, 0, 0, 0, 0, 0, 0]",2,dMajor,Piano Sonata K570 i Bb major.mid by Mozart.csv,1789,VofG,D-F#A,greenyellow,15
122,130.0 to 130.5,18,"[1, 0, 1, 0, 0, 0, 0, 0, 0, 0, 0, 1]",2,gMajor,Piano Sonata K570 i Bb major.mid by Mozart.csv,1789,V-IofC,D-GBC,crimson,11
123,131.0 to 131.875,9,"[1, 0, 0, 0, 0, 0, 0, 1, 0, 1, 0, 0]",3,cMajor,Piano Sonata K570 i Bb major.mid by Mozart.csv,1789,6-1ofC,A-CF,deepskyblue,7
124,132.0 to 132.8333333,1,"[1, 0, 0, 0, 0, 0, 1, 1, 0, 1, 0, 0]",3,cMajor,Piano Sonata K570 i Bb major.mid by Mozart.csv,1789,Gmaj-IV/vii,F#G-ACE,salmon,16
125,133.0 to 133.0,1,"[1, 0, 0, 0, 0, 0, 1, 0, 0, 0, 0, 0]",1,cMajor,Piano Sonata K570 i Bb major.mid by Mozart.csv,1789,Gmaj-IV/vii,F#G-ACE,salmon,16
126,134.0 to 134.125,9,"[1, 0, 0, 0, 0, 0, 1, 0, 0, 1, 0, 0]",3,dMajor,Piano Sonata K570 i Bb major.mid by Mozart.csv,1789,6-1ofC,A-CF,deepskyblue,7
127,135.0 to 135.0,16,"[0, 0, 0, 0, 0, 0, 1, 0, 0, 0, 0, 0]",3,dMajor,Piano Sonata K570 i Bb major.mid by Mozart.csv,1789,chr,FGAB,mediumpurple,10
128,137.0 to 137.0,16,"[0, 0, 0, 0, 0, 0, 0, 0, 0, 1, 0, 0]",3,dMajor,Piano Sonata K570 i Bb major.mid by Mozart.csv,1789,chr,FGAB,mediumpurple,10
129,138.0 to 138.875,8,"[2, 0, 0, 0, 0, 0, 0, 0, 0, 1, 0, 0]",1,fMajor,Piano Sonata K570 i Bb major.mid by Mozart.csv,1789,Cmaj-root,C-EG,slateblue,2
130,139.0 to 139.83333330000002,8,"[2, 0, 0, 0, 0, 0, 0, 0, 0, 0, 0, 0]",1,cMajor,Piano Sonata K570 i Bb major.mid by Mozart.csv,1789,Cmaj-root,C-EG,slateblue,2
131,140.0 to 140.5,8,"[2, 0, 0, 0, 0, 0, 1, 0, 0, 0, 0, 0]",1,cMajor,Piano Sonata K570 i Bb major.mid by Mozart.csv,1789,Cmaj-root,C-EG,slateblue,2
132,141.0 to 141.5,9,"[1, 0, 1, 0, 0, 0, 0, 0, 0, 1, 0, 0]",2,dMajor,Piano Sonata K570 i Bb major.mid by Mozart.csv,1789,6-1ofC,A-CF,deepskyblue,7
133,142.0 to 142.5,9,"[0, 0, 0, 0, 0, 0, 0, 0, 0, 2, 0, 1]",3,dMajor,Piano Sonata K570 i Bb major.mid by Mozart.csv,1789,6-1ofC,A-CF,deepskyblue,7
134,143.0 to 143.5,1,"[0, 0, 0, 0, 0, 0, 1, 1, 0, 0, 0, 0]",9,cMajor,Piano Sonata K570 i Bb major.mid by Mozart.csv,1789,Gmaj-IV/vii,F#G-ACE,salmon,16
135,144.0 to 144.5,5,"[0, 0, 1, 0, 0, 0, 0, 1, 0, 0, 0, 1]",5,gMajor,Piano Sonata K570 i Bb major.mid by Mozart.csv,1789,Gmaj3rd5th,BD-G,gold,17
136,145.0 to 145.5,5,"[0, 0, 1, 0, 0, 0, 0, 1, 0, 0, 0, 2]",5,gMajor,Piano Sonata K570 i Bb major.mid by Mozart.csv,1789,Gmaj3rd5th,BD-G,gold,17
137,146.0 to 146.5,5,"[0, 0, 1, 0, 0, 0, 0, 1, 0, 1, 0, 1]",5,gMajor,Piano Sonata K570 i Bb major.mid by Mozart.csv,1789,Gmaj3rd5th,BD-G,gold,17
138,147.0 to 147.5,0,"[1, 0, 1, 0, 0, 0, 1, 0, 0, 0, 0, 0]",2,dMajor,Piano Sonata K570 i Bb major.mid by Mozart.csv,1789,VofG,D-F#A,greenyellow,15
139,148.0 to 148.5,0,"[1, 0, 1, 0, 1, 0, 1, 0, 0, 0, 0, 0]",2,cMajor,Piano Sonata K570 i Bb major.mid by Mozart.csv,1789,VofG,D-F#A,greenyellow,15
140,149.0 to 149.5,0,"[1, 0, 2, 0, 0, 0, 1, 0, 0, 0, 0, 0]",2,dMajor,Piano Sonata K570 i Bb major.mid by Mozart.csv,1789,VofG,D-F#A,greenyellow,15
141,150.0 to 150.5,5,"[0, 0, 1, 0, 0, 0, 0, 1, 0, 0, 0, 1]",5,gMajor,Piano Sonata K570 i Bb major.mid by Mozart.csv,1789,Gmaj3rd5th,BD-G,gold,17
142,151.0 to 151.5,5,"[0, 0, 1, 0, 0, 0, 0, 1, 0, 0, 0, 2]",5,gMajor,Piano Sonata K570 i Bb major.mid by Mozart.csv,1789,Gmaj3rd5th,BD-G,gold,17
143,152.0 to 152.5,5,"[0, 0, 1, 0, 0, 0, 0, 1, 0, 1, 0, 1]",5,gMajor,Piano Sonata K570 i Bb major.mid by Mozart.csv,1789,Gmaj3rd5th,BD-G,gold,17
144,153.0 to 153.5,0,"[1, 0, 1, 0, 0, 0, 1, 0, 0, 0, 0, 0]",2,dMajor,Piano Sonata K570 i Bb major.mid by Mozart.csv,1789,VofG,D-F#A,greenyellow,15
145,154.0 to 154.5,0,"[1, 0, 1, 0, 1, 0, 1, 0, 0, 0, 0, 0]",2,cMajor,Piano Sonata K570 i Bb major.mid by Mozart.csv,1789,VofG,D-F#A,greenyellow,15
146,155.0 to 155.5,0,"[1, 0, 2, 0, 0, 0, 1, 0, 0, 0, 0, 0]",2,dMajor,Piano Sonata K570 i Bb major.mid by Mozart.csv,1789,VofG,D-F#A,greenyellow,15
147,156.0 to 156.5,5,"[0, 0, 1, 0, 0, 0, 0, 1, 0, 0, 0, 1]",5,gMajor,Piano Sonata K570 i Bb major.mid by Mozart.csv,1789,Gmaj3rd5th,BD-G,gold,17
148,157.0 to 157.5,5,"[0, 0, 2, 0, 0, 0, 0, 1, 0, 0, 0, 1]",5,gMajor,Piano Sonata K570 i Bb major.mid by Mozart.csv,1789,Gmaj3rd5th,BD-G,gold,17
149,158.0 to 158.625,5,"[0, 0, 1, 0, 0, 0, 0, 0, 0, 1, 0, 2]",5,gMajor,Piano Sonata K570 i Bb major.mid by Mozart.csv,1789,Gmaj3rd5th,BD-G,gold,17
150,159.0 to 159.5,14,"[0, 0, 1, 0, 1, 0, 0, 0, 1, 0, 0, 1]",6,eMajor,Piano Sonata K570 i Bb major.mid by Mozart.csv,1789,VofAmin,E-BCD,indigo,19
151,160.0 to 160.5,2,"[0, 0, 1, 0, 1, 1, 0, 0, 0, 0, 0, 1]",4,gMajor,Piano Sonata K570 i Bb major.mid by Mozart.csv,1789,2/4ofCmaj,DF,green,4
152,161.0 to 161.75,14,"[0, 0, 1, 0, 2, 0, 0, 0, 1, 0, 0, 1]",6,eMajor,Piano Sonata K570 i Bb major.mid by Mozart.csv,1789,VofAmin,E-BCD,indigo,19
153,162.0 to 162.5,9,"[1, 0, 0, 0, 0, 0, 0, 0, 0, 2, 0, 1]",3,fMajor,Piano Sonata K570 i Bb major.mid by Mozart.csv,1789,6-1ofC,A-CF,deepskyblue,7
154,163.0 to 163.5,0,"[0, 1, 2, 0, 0, 0, 1, 0, 0, 0, 0, 0]",2,dMajor,Piano Sonata K570 i Bb major.mid by Mozart.csv,1789,VofG,D-F#A,greenyellow,15
155,164.0 to 164.5,18,"[1, 0, 1, 0, 0, 0, 0, 1, 0, 0, 0, 1]",5,gMajor,Piano Sonata K570 i Bb major.mid by Mozart.csv,1789,V-IofC,D-GBC,crimson,11
156,165.0 to 165.75,13,"[2, 0, 0, 0, 0, 0, 0, 0, 0, 1, 0, 1]",1,fMajor,Piano Sonata K570 i Bb major.mid by Mozart.csv,1789,Cmaj5-1tet,BC-AG,darkviolet,12
157,166.0 to 166.625,18,"[2, 0, 1, 0, 0, 0, 0, 1, 0, 0, 0, 1]",1,cMajor,Piano Sonata K570 i Bb major.mid by Mozart.csv,1789,V-IofC,D-GBC,crimson,11
158,167.0 to 167.875,1,"[0, 0, 1, 0, 1, 0, 1, 1, 0, 1, 0, 0]",3,dMajor,Piano Sonata K570 i Bb major.mid by Mozart.csv,1789,Gmaj-IV/vii,F#G-ACE,salmon,16
159,168.0 to 168.83333330000005,3,"[0, 1, 1, 0, 0, 0, 0, 2, 0, 0, 0, 0]",9,gMajor,Piano Sonata K570 i Bb major.mid by Mozart.csv,1789,Gmaj-root,G-BD,red,9
160,169.0 to 169.75,5,"[0, 1, 1, 0, 1, 0, 0, 1, 0, 0, 0, 1]",5,gMajor,Piano Sonata K570 i Bb major.mid by Mozart.csv,1789,Gmaj3rd5th,BD-G,gold,17
161,170.0 to 170.75,13,"[1, 0, 1, 0, 0, 0, 0, 1, 0, 1, 0, 1]",5,gMajor,Piano Sonata K570 i Bb major.mid by Mozart.csv,1789,Cmaj5-1tet,BC-AG,darkviolet,12
162,171.0 to 171.75,0,"[0, 1, 1, 0, 0, 0, 1, 0, 0, 1, 0, 0]",2,dMajor,Piano Sonata K570 i Bb major.mid by Mozart.csv,1789,VofG,D-F#A,greenyellow,15
163,172.0 to 172.875,14,"[0, 1, 1, 0, 2, 0, 1, 0, 0, 0, 0, 0]",6,aMajor,Piano Sonata K570 i Bb major.mid by Mozart.csv,1789,VofAmin,E-BCD,indigo,19
164,173.0 to 173.75,0,"[1, 0, 2, 0, 0, 0, 1, 0, 0, 0, 0, 0]",2,dMajor,Piano Sonata K570 i Bb major.mid by Mozart.csv,1789,VofG,D-F#A,greenyellow,15
165,174.0 to 174.75,5,"[0, 1, 1, 0, 0, 0, 0, 1, 0, 0, 0, 1]",5,gMajor,Piano Sonata K570 i Bb major.mid by Mozart.csv,1789,Gmaj3rd5th,BD-G,gold,17
166,175.0 to 175.75,5,"[0, 1, 1, 0, 1, 0, 0, 1, 0, 0, 0, 1]",5,gMajor,Piano Sonata K570 i Bb major.mid by Mozart.csv,1789,Gmaj3rd5th,BD-G,gold,17
167,176.0 to 176.75,13,"[1, 0, 1, 0, 0, 0, 0, 1, 0, 1, 0, 1]",5,gMajor,Piano Sonata K570 i Bb major.mid by Mozart.csv,1789,Cmaj5-1tet,BC-AG,darkviolet,12
168,177.0 to 177.75,0,"[0, 1, 1, 0, 0, 0, 1, 0, 0, 1, 0, 0]",2,dMajor,Piano Sonata K570 i Bb major.mid by Mozart.csv,1789,VofG,D-F#A,greenyellow,15
169,178.0 to 178.875,14,"[0, 1, 1, 0, 2, 0, 1, 0, 0, 0, 0, 0]",6,aMajor,Piano Sonata K570 i Bb major.mid by Mozart.csv,1789,VofAmin,E-BCD,indigo,19
170,179.0 to 179.75,0,"[1, 0, 2, 0, 0, 0, 1, 0, 0, 0, 0, 0]",2,dMajor,Piano Sonata K570 i Bb major.mid by Mozart.csv,1789,VofG,D-F#A,greenyellow,15
171,180.0 to 180.75,5,"[0, 1, 1, 0, 0, 0, 0, 1, 0, 0, 0, 1]",5,gMajor,Piano Sonata K570 i Bb major.mid by Mozart.csv,1789,Gmaj3rd5th,BD-G,gold,17
172,181.0 to 181.75,0,"[0, 1, 2, 0, 1, 0, 0, 1, 0, 0, 0, 0]",4,gMajor,Piano Sonata K570 i Bb major.mid by Mozart.csv,1789,VofG,D-F#A,greenyellow,15
173,182.0 to 182.75,13,"[1, 0, 1, 0, 0, 1, 0, 0, 0, 1, 0, 1]",8,fMajor,Piano Sonata K570 i Bb major.mid by Mozart.csv,1789,Cmaj5-1tet,BC-AG,darkviolet,12
174,183.0 to 183.75,14,"[0, 0, 0, 1, 1, 0, 0, 0, 1, 0, 0, 1]",6,eMajor,Piano Sonata K570 i Bb major.mid by Mozart.csv,1789,VofAmin,E-BCD,indigo,19
175,184.0 to 184.75,14,"[0, 0, 0, 1, 1, 1, 1, 0, 1, 0, 0, 0]",6,c#Major,Piano Sonata K570 i Bb major.mid by Mozart.csv,1789,VofAmin,E-BCD,indigo,19
176,185.0 to 185.75,14,"[0, 0, 1, 0, 2, 0, 0, 0, 1, 0, 0, 0]",6,eMajor,Piano Sonata K570 i Bb major.mid by Mozart.csv,1789,VofAmin,E-BCD,indigo,19
177,186.0 to 186.75,12,"[1, 1, 0, 0, 1, 0, 0, 0, 0, 1, 0, 0]",3,aMajor,Piano Sonata K570 i Bb major.mid by Mozart.csv,1789,AminTriad,ACE,steelblue,14
178,187.0 to 187.875,9,"[1, 0, 0, 1, 0, 0, 1, 0, 0, 1, 0, 0]",3,dMajor,Piano Sonata K570 i Bb major.mid by Mozart.csv,1789,6-1ofC,A-CF,deepskyblue,7
179,188.0 to 188.875,5,"[0, 0, 1, 0, 0, 0, 0, 1, 0, 0, 0, 2]",5,gMajor,Piano Sonata K570 i Bb major.mid by Mozart.csv,1789,Gmaj3rd5th,BD-G,gold,17
180,189.0 to 189.8333333,8,"[3, 0, 0, 0, 1, 0, 0, 0, 0, 1, 0, 0]",1,cMinor,Piano Sonata K570 i Bb major.mid by Mozart.csv,1789,Cmaj-root,C-EG,slateblue,2
181,190.0 to 190.75,6,"[0, 0, 2, 0, 0, 0, 0, 1, 0, 0, 0, 2]",5,gMajor,Piano Sonata K570 i Bb major.mid by Mozart.csv,1789,GmajTriad,GBD,orange,13
182,191.0 to 191.875,9,"[2, 0, 0, 0, 0, 0, 1, 1, 0, 2, 0, 0]",3,fMajor,Piano Sonata K570 i Bb major.mid by Mozart.csv,1789,6-1ofC,A-CF,deepskyblue,7
183,192.0 to 192.8333333,6,"[1, 0, 1, 0, 0, 0, 0, 2, 0, 0, 0, 2]",5,gMajor,Piano Sonata K570 i Bb major.mid by Mozart.csv,1789,GmajTriad,GBD,orange,13
184,193.0 to 193.75,3,"[0, 0, 0, 0, 0, 0, 1, 2, 0, 1, 0, 2]",5,gMajor,Piano Sonata K570 i Bb major.mid by Mozart.csv,1789,Gmaj-root,G-BD,red,9
185,194.0 to 194.75,18,"[1, 0, 2, 0, 1, 0, 0, 0, 0, 0, 0, 2]",5,gMajor,Piano Sonata K570 i Bb major.mid by Mozart.csv,1789,V-IofC,D-GBC,crimson,11
186,195.0 to 195.8333333,12,"[2, 0, 1, 0, 2, 0, 0, 0, 0, 1, 0, 0]",1,cMinor,Piano Sonata K570 i Bb major.mid by Mozart.csv,1789,AminTriad,ACE,steelblue,14
187,196.0 to 196.75,13,"[1, 0, 0, 0, 0, 0, 0, 1, 0, 1, 0, 1]",3,fMajor,Piano Sonata K570 i Bb major.mid by Mozart.csv,1789,Cmaj5-1tet,BC-AG,darkviolet,12
188,197.0 to 197.75,10,"[0, 1, 1, 0, 2, 0, 1, 2, 0, 1, 0, 0]",9,cMajor,Piano Sonata K570 i Bb major.mid by Mozart.csv,1789,Cmaj2-5tet,DEFG,violet,6
189,198.0 to 198.75,6,"[0, 0, 3, 0, 0, 0, 0, 1, 0, 0, 0, 1]",5,gMajor,Piano Sonata K570 i Bb major.mid by Mozart.csv,1789,GmajTriad,GBD,orange,13
190,199.0 to 199.75,6,"[0, 0, 1, 0, 0, 0, 0, 2, 0, 0, 0, 2]",5,gMajor,Piano Sonata K570 i Bb major.mid by Mozart.csv,1789,GmajTriad,GBD,orange,13
191,200.0 to 200.75,6,"[0, 0, 2, 0, 0, 0, 0, 2, 0, 0, 0, 1]",5,gMajor,Piano Sonata K570 i Bb major.mid by Mozart.csv,1789,GmajTriad,GBD,orange,13
192,201.0 to 201.875,7,"[1, 0, 1, 0, 0, 0, 1, 0, 0, 1, 0, 1]",2,dMajor,Piano Sonata K570 i Bb major.mid by Mozart.csv,1789,V7ofG,DF#AC,lime,18
193,202.0 to 202.875,7,"[1, 0, 1, 0, 0, 0, 1, 0, 0, 1, 0, 1]",2,dMajor,Piano Sonata K570 i Bb major.mid by Mozart.csv,1789,V7ofG,DF#AC,lime,18
194,203.0 to 203.875,7,"[1, 0, 1, 0, 0, 0, 1, 1, 0, 1, 0, 1]",5,dMajor,Piano Sonata K570 i Bb major.mid by Mozart.csv,1789,V7ofG,DF#AC,lime,18
195,204.0 to 204.625,3,"[0, 0, 0, 0, 0, 0, 0, 2, 0, 0, 0, 1]",9,gMajor,Piano Sonata K570 i Bb major.mid by Mozart.csv,1789,Gmaj-root,G-BD,red,9
196,205.0 to 205.5,5,"[0, 0, 1, 0, 0, 0, 0, 1, 0, 0, 0, 0]",9,gMajor,Piano Sonata K570 i Bb major.mid by Mozart.csv,1789,Gmaj3rd5th,BD-G,gold,17
197,206.0 to 206.5,16,"[0, 0, 0, 0, 0, 1, 1, 0, 0, 0, 0, 0]",4,c#Major,Piano Sonata K570 i Bb major.mid by Mozart.csv,1789,chr,FGAB,mediumpurple,10
198,207.0 to 207.5,4,"[1, 0, 0, 0, 1, 0, 0, 1, 0, 0, 0, 0]",1,cMajor,Piano Sonata K570 i Bb major.mid by Mozart.csv,1789,Cmaj3rd5th,EG-C,mediumvioletred,8
199,208.0 to 208.5,0,"[0, 0, 2, 0, 0, 0, 0, 1, 0, 0, 0, 0]",2,gMajor,Piano Sonata K570 i Bb major.mid by Mozart.csv,1789,VofG,D-F#A,greenyellow,15
200,209.0 to 209.5,4,"[1, 0, 0, 0, 1, 0, 0, 1, 0, 0, 0, 0]",1,cMajor,Piano Sonata K570 i Bb major.mid by Mozart.csv,1789,Cmaj3rd5th,EG-C,mediumvioletred,8
201,210.0 to 210.5,5,"[0, 0, 1, 0, 0, 0, 0, 1, 0, 0, 0, 1]",5,gMajor,Piano Sonata K570 i Bb major.mid by Mozart.csv,1789,Gmaj3rd5th,BD-G,gold,17
202,211.0 to 211.8333333,1,"[0, 0, 1, 0, 1, 0, 1, 1, 0, 0, 0, 0]",9,cMajor,Piano Sonata K570 i Bb major.mid by Mozart.csv,1789,Gmaj-IV/vii,F#G-ACE,salmon,16
203,212.0 to 212.8333333,13,"[2, 0, 1, 0, 0, 0, 0, 1, 0, 2, 0, 1]",3,fMajor,Piano Sonata K570 i Bb major.mid by Mozart.csv,1789,Cmaj5-1tet,BC-AG,darkviolet,12
204,213.0 to 213.5,5,"[0, 0, 1, 0, 0, 0, 0, 0, 0, 0, 0, 2]",5,gMajor,Piano Sonata K570 i Bb major.mid by Mozart.csv,1789,Gmaj3rd5th,BD-G,gold,17
205,214.0 to 214.5,13,"[1, 0, 0, 0, 0, 0, 0, 1, 0, 0, 0, 2]",5,gMajor,Piano Sonata K570 i Bb major.mid by Mozart.csv,1789,Cmaj5-1tet,BC-AG,darkviolet,12
206,215.0 to 215.75,9,"[1, 0, 1, 0, 0, 0, 0, 0, 0, 1, 0, 0]",2,dMajor,Piano Sonata K570 i Bb major.mid by Mozart.csv,1789,6-1ofC,A-CF,deepskyblue,7
207,216.0 to 216.5,3,"[0, 0, 0, 0, 0, 0, 0, 2, 0, 0, 0, 1]",9,gMajor,Piano Sonata K570 i Bb major.mid by Mozart.csv,1789,Gmaj-root,G-BD,red,9
208,217.0 to 217.5,1,"[0, 0, 0, 0, 0, 1, 1, 1, 0, 0, 0, 0]",0,cMajor,Piano Sonata K570 i Bb major.mid by Mozart.csv,1789,Gmaj-IV/vii,F#G-ACE,salmon,16
209,218.0 to 218.5,14,"[0, 0, 0, 1, 1, 0, 0, 0, 0, 0, 0, 0]",6,cMajor,Piano Sonata K570 i Bb major.mid by Mozart.csv,1789,VofAmin,E-BCD,indigo,19
210,219.0 to 219.5,8,"[2, 0, 0, 0, 1, 0, 0, 1, 0, 0, 0, 0]",1,cMajor,Piano Sonata K570 i Bb major.mid by Mozart.csv,1789,Cmaj-root,C-EG,slateblue,2
211,220.0 to 220.5,0,"[0, 0, 3, 0, 0, 0, 1, 1, 0, 0, 0, 0]",2,dMajor,Piano Sonata K570 i Bb major.mid by Mozart.csv,1789,VofG,D-F#A,greenyellow,15
212,221.0 to 221.5,14,"[0, 1, 0, 0, 2, 0, 0, 0, 0, 0, 1, 0]",6,aMajor,Piano Sonata K570 i Bb major.mid by Mozart.csv,1789,VofAmin,E-BCD,indigo,19
213,222.0 to 222.75,0,"[0, 0, 2, 0, 1, 0, 1, 0, 0, 0, 0, 1]",2,dMinor,Piano Sonata K570 i Bb major.mid by Mozart.csv,1789,VofG,D-F#A,greenyellow,15
214,223.0 to 223.75,3,"[0, 0, 1, 0, 1, 0, 1, 2, 0, 0, 0, 1]",5,gMajor,Piano Sonata K570 i Bb major.mid by Mozart.csv,1789,Gmaj-root,G-BD,red,9
215,224.0 to 224.8333333,13,"[1, 0, 1, 0, 0, 0, 0, 1, 0, 1, 0, 2]",5,gMajor,Piano Sonata K570 i Bb major.mid by Mozart.csv,1789,Cmaj5-1tet,BC-AG,darkviolet,12
216,225.0 to 225.5,5,"[0, 0, 2, 0, 0, 0, 0, 0, 0, 0, 0, 1]",2,gMajor,Piano Sonata K570 i Bb major.mid by Mozart.csv,1789,Gmaj3rd5th,BD-G,gold,17
217,226.0 to 226.75,18,"[1, 0, 1, 0, 0, 0, 0, 0, 0, 0, 0, 2]",5,gMajor,Piano Sonata K570 i Bb major.mid by Mozart.csv,1789,V-IofC,D-GBC,crimson,11
218,227.0 to 227.625,9,"[1, 0, 1, 0, 0, 0, 0, 0, 0, 1, 0, 0]",2,dMajor,Piano Sonata K570 i Bb major.mid by Mozart.csv,1789,6-1ofC,A-CF,deepskyblue,7
219,228.0 to 228.8333333,3,"[0, 0, 1, 0, 0, 0, 0, 2, 0, 0, 0, 1]",5,gMajor,Piano Sonata K570 i Bb major.mid by Mozart.csv,1789,Gmaj-root,G-BD,red,9
220,229.0 to 229.75,3,"[0, 0, 1, 0, 1, 0, 0, 2, 0, 0, 0, 0]",9,gMajor,Piano Sonata K570 i Bb major.mid by Mozart.csv,1789,Gmaj-root,G-BD,red,9
221,230.0 to 230.75,7,"[1, 0, 2, 0, 0, 0, 1, 0, 0, 1, 0, 1]",2,dMajor,Piano Sonata K570 i Bb major.mid by Mozart.csv,1789,V7ofG,DF#AC,lime,18
222,231.0 to 231.75,3,"[0, 0, 1, 0, 0, 0, 0, 2, 0, 0, 0, 1]",5,gMajor,Piano Sonata K570 i Bb major.mid by Mozart.csv,1789,Gmaj-root,G-BD,red,9
223,232.0 to 232.75,10,"[0, 0, 1, 0, 1, 0, 0, 1, 0, 0, 0, 0]",9,cMajor,Piano Sonata K570 i Bb major.mid by Mozart.csv,1789,Cmaj2-5tet,DEFG,violet,6
224,233.0 to 233.75,7,"[1, 0, 1, 0, 0, 0, 1, 0, 0, 1, 0, 1]",2,dMajor,Piano Sonata K570 i Bb major.mid by Mozart.csv,1789,V7ofG,DF#AC,lime,18
225,234.0 to 234.3333333,3,"[0, 0, 0, 0, 0, 0, 0, 2, 0, 0, 0, 0]",9,cMajor,Piano Sonata K570 i Bb major.mid by Mozart.csv,1789,Gmaj-root,G-BD,red,9
226,235.0 to 235.375,3,"[0, 0, 1, 0, 0, 0, 0, 2, 0, 0, 0, 1]",5,gMajor,Piano Sonata K570 i Bb major.mid by Mozart.csv,1789,Gmaj-root,G-BD,red,9
227,237.0 to 237.5,16,"[0, 0, 0, 0, 0, 1, 0, 0, 1, 0, 0, 0]",4,c#Major,Piano Sonata K570 i Bb major.mid by Mozart.csv,1789,chr,FGAB,mediumpurple,10
228,238.0 to 238.6666667,2,"[0, 0, 1, 0, 0, 1, 0, 0, 1, 0, 1, 0]",4,b-Major,Piano Sonata K570 i Bb major.mid by Mozart.csv,1789,2/4ofCmaj,DF,green,4
229,240.0 to 240.5,11,"[0, 0, 0, 2, 0, 0, 0, 1, 0, 0, 1, 0]",7,e-Major,Piano Sonata K570 i Bb major.mid by Mozart.csv,1789,iv_ofDmin,GBb-C#D,yellow,0
230,241.0 to 241.5,11,"[0, 0, 0, 2, 0, 0, 0, 1, 0, 0, 1, 0]",7,e-Major,Piano Sonata K570 i Bb major.mid by Mozart.csv,1789,iv_ofDmin,GBb-C#D,yellow,0
231,242.0 to 242.8333333,11,"[0, 0, 1, 2, 0, 1, 0, 1, 0, 0, 1, 0]",7,e-Major,Piano Sonata K570 i Bb major.mid by Mozart.csv,1789,iv_ofDmin,GBb-C#D,yellow,0
232,243.0 to 243.5,11,"[1, 0, 1, 0, 0, 0, 0, 0, 1, 0, 2, 0]",2,b-Major,Piano Sonata K570 i Bb major.mid by Mozart.csv,1789,iv_ofDmin,GBb-C#D,yellow,0
233,244.0 to 244.5,11,"[0, 0, 1, 0, 0, 0, 0, 0, 1, 0, 2, 0]",2,b-Major,Piano Sonata K570 i Bb major.mid by Mozart.csv,1789,iv_ofDmin,GBb-C#D,yellow,0
234,245.0 to 245.6666667,11,"[0, 0, 1, 0, 0, 0, 0, 0, 1, 0, 2, 0]",2,b-Major,Piano Sonata K570 i Bb major.mid by Mozart.csv,1789,iv_ofDmin,GBb-C#D,yellow,0
235,246.0 to 246.5,11,"[0, 0, 0, 2, 0, 0, 0, 1, 0, 0, 2, 0]",7,e-Major,Piano Sonata K570 i Bb major.mid by Mozart.csv,1789,iv_ofDmin,GBb-C#D,yellow,0
236,247.0 to 247.5,11,"[0, 1, 1, 1, 0, 0, 0, 1, 0, 0, 1, 0]",7,e-Major,Piano Sonata K570 i Bb major.mid by Mozart.csv,1789,iv_ofDmin,GBb-C#D,yellow,0
237,248.0 to 248.8333333,11,"[1, 0, 0, 1, 0, 0, 0, 1, 0, 0, 1, 1]",7,e-Minor,Piano Sonata K570 i Bb major.mid by Mozart.csv,1789,iv_ofDmin,GBb-C#D,yellow,0
238,249.0 to 249.5,11,"[0, 0, 1, 0, 0, 0, 0, 0, 1, 0, 2, 0]",2,b-Major,Piano Sonata K570 i Bb major.mid by Mozart.csv,1789,iv_ofDmin,GBb-C#D,yellow,0
239,250.0 to 250.5,0,"[0, 0, 1, 0, 0, 0, 0, 0, 1, 0, 1, 0]",2,b-Major,Piano Sonata K570 i Bb major.mid by Mozart.csv,1789,VofG,D-F#A,greenyellow,15
240,251.0 to 251.5,0,"[0, 0, 1, 0, 0, 0, 0, 0, 1, 0, 1, 0]",2,b-Major,Piano Sonata K570 i Bb major.mid by Mozart.csv,1789,VofG,D-F#A,greenyellow,15
241,252.0 to 252.5,11,"[0, 0, 0, 2, 0, 0, 0, 1, 0, 0, 1, 0]",7,e-Major,Piano Sonata K570 i Bb major.mid by Mozart.csv,1789,iv_ofDmin,GBb-C#D,yellow,0
242,253.0 to 253.5,11,"[0, 0, 0, 2, 0, 0, 0, 1, 0, 0, 1, 0]",7,e-Major,Piano Sonata K570 i Bb major.mid by Mozart.csv,1789,iv_ofDmin,GBb-C#D,yellow,0
243,254.0 to 254.8333333,11,"[0, 0, 1, 2, 0, 1, 0, 1, 0, 0, 1, 0]",7,e-Major,Piano Sonata K570 i Bb major.mid by Mozart.csv,1789,iv_ofDmin,GBb-C#D,yellow,0
244,255.0 to 255.875,18,"[1, 0, 1, 0, 0, 1, 0, 0, 1, 0, 0, 1]",4,g#Minor,Piano Sonata K570 i Bb major.mid by Mozart.csv,1789,V-IofC,D-GBC,crimson,11
245,256.0 to 256.75,2,"[0, 0, 1, 0, 0, 1, 0, 0, 1, 0, 0, 1]",4,gMajor,Piano Sonata K570 i Bb major.mid by Mozart.csv,1789,2/4ofCmaj,DF,green,4
246,257.0 to 257.875,2,"[0, 0, 1, 0, 0, 1, 0, 0, 1, 0, 0, 1]",4,gMajor,Piano Sonata K570 i Bb major.mid by Mozart.csv,1789,2/4ofCmaj,DF,green,4
247,258.0 to 258.5,4,"[2, 0, 0, 1, 0, 0, 0, 2, 0, 0, 0, 0]",7,e-Minor,Piano Sonata K570 i Bb major.mid by Mozart.csv,1789,Cmaj3rd5th,EG-C,mediumvioletred,8
248,259.0 to 259.5,3,"[1, 0, 1, 2, 0, 0, 0, 2, 0, 0, 0, 0]",7,e-Minor,Piano Sonata K570 i Bb major.mid by Mozart.csv,1789,Gmaj-root,G-BD,red,9
249,260.0 to 260.625,8,"[2, 0, 0, 1, 0, 0, 0, 1, 0, 0, 1, 0]",7,e-Minor,Piano Sonata K570 i Bb major.mid by Mozart.csv,1789,Cmaj-root,C-EG,slateblue,2
250,261.0 to 261.5,9,"[1, 0, 0, 1, 0, 0, 1, 0, 0, 1, 0, 0]",3,dMajor,Piano Sonata K570 i Bb major.mid by Mozart.csv,1789,6-1ofC,A-CF,deepskyblue,7
251,262.0 to 262.5,1,"[1, 0, 0, 1, 0, 0, 1, 0, 0, 0, 0, 0]",7,g#Major,Piano Sonata K570 i Bb major.mid by Mozart.csv,1789,Gmaj-IV/vii,F#G-ACE,salmon,16
252,263.0 to 263.5,1,"[1, 0, 0, 1, 0, 0, 1, 0, 0, 0, 0, 0]",7,g#Major,Piano Sonata K570 i Bb major.mid by Mozart.csv,1789,Gmaj-IV/vii,F#G-ACE,salmon,16
253,264.0 to 264.5,11,"[0, 0, 1, 0, 0, 0, 0, 1, 0, 0, 3, 0]",7,b-Minor,Piano Sonata K570 i Bb major.mid by Mozart.csv,1789,iv_ofDmin,GBb-C#D,yellow,0
254,265.0 to 265.5,11,"[0, 0, 1, 0, 0, 1, 0, 2, 0, 0, 1, 0]",0,b-Minor,Piano Sonata K570 i Bb major.mid by Mozart.csv,1789,iv_ofDmin,GBb-C#D,yellow,0
255,266.0 to 266.625,0,"[0, 0, 2, 0, 1, 0, 0, 1, 0, 0, 1, 0]",4,b-Minor,Piano Sonata K570 i Bb major.mid by Mozart.csv,1789,VofG,D-F#A,greenyellow,15
256,267.0 to 267.5,16,"[0, 1, 0, 0, 1, 0, 0, 1, 0, 1, 0, 0]",3,aMajor,Piano Sonata K570 i Bb major.mid by Mozart.csv,1789,chr,FGAB,mediumpurple,10
257,268.0 to 268.5,16,"[0, 0, 0, 0, 1, 0, 0, 1, 0, 1, 0, 0]",3,cMajor,Piano Sonata K570 i Bb major.mid by Mozart.csv,1789,chr,FGAB,mediumpurple,10
258,269.0 to 269.5,16,"[0, 0, 0, 0, 1, 0, 0, 1, 0, 1, 0, 0]",3,cMajor,Piano Sonata K570 i Bb major.mid by Mozart.csv,1789,chr,FGAB,mediumpurple,10
259,270.0 to 270.5,2,"[0, 0, 2, 0, 0, 2, 0, 0, 0, 0, 1, 0]",4,b-Major,Piano Sonata K570 i Bb major.mid by Mozart.csv,1789,2/4ofCmaj,DF,green,4
260,271.0 to 271.5,2,"[1, 0, 2, 0, 0, 1, 0, 0, 0, 0, 1, 0]",2,b-Major,Piano Sonata K570 i Bb major.mid by Mozart.csv,1789,2/4ofCmaj,DF,green,4
261,272.0 to 272.75,11,"[0, 0, 1, 0, 0, 1, 0, 0, 0, 1, 2, 0]",2,b-Major,Piano Sonata K570 i Bb major.mid by Mozart.csv,1789,iv_ofDmin,GBb-C#D,yellow,0
262,273.0 to 273.875,14,"[0, 0, 1, 0, 1, 0, 0, 0, 1, 0, 0, 1]",6,eMajor,Piano Sonata K570 i Bb major.mid by Mozart.csv,1789,VofAmin,E-BCD,indigo,19
263,274.0 to 274.5,14,"[0, 0, 1, 0, 1, 0, 0, 0, 0, 0, 0, 1]",6,eMajor,Piano Sonata K570 i Bb major.mid by Mozart.csv,1789,VofAmin,E-BCD,indigo,19
264,275.0 to 275.5,14,"[0, 0, 1, 0, 1, 0, 0, 0, 0, 0, 0, 1]",6,eMajor,Piano Sonata K570 i Bb major.mid by Mozart.csv,1789,VofAmin,E-BCD,indigo,19
265,276.0 to 276.5,12,"[2, 0, 0, 0, 1, 0, 0, 0, 0, 2, 0, 0]",3,cMinor,Piano Sonata K570 i Bb major.mid by Mozart.csv,1789,AminTriad,ACE,steelblue,14
266,277.0 to 277.5,12,"[1, 0, 0, 0, 1, 0, 0, 1, 0, 2, 0, 0]",3,cMinor,Piano Sonata K570 i Bb major.mid by Mozart.csv,1789,AminTriad,ACE,steelblue,14
267,278.0 to 278.75,12,"[1, 0, 0, 0, 2, 1, 0, 0, 0, 1, 0, 0]",6,cMinor,Piano Sonata K570 i Bb major.mid by Mozart.csv,1789,AminTriad,ACE,steelblue,14
268,279.0 to 279.5,16,"[0, 0, 0, 1, 0, 1, 0, 0, 0, 1, 0, 1]",3,bMajor,Piano Sonata K570 i Bb major.mid by Mozart.csv,1789,chr,FGAB,mediumpurple,10
269,280.0 to 280.5,16,"[0, 0, 0, 0, 0, 1, 0, 0, 0, 1, 0, 1]",3,fMajor,Piano Sonata K570 i Bb major.mid by Mozart.csv,1789,chr,FGAB,mediumpurple,10
270,281.0 to 281.5,16,"[0, 0, 0, 0, 0, 1, 0, 0, 0, 1, 0, 1]",3,fMajor,Piano Sonata K570 i Bb major.mid by Mozart.csv,1789,chr,FGAB,mediumpurple,10
271,282.0 to 282.75,14,"[0, 0, 0, 1, 2, 0, 0, 0, 1, 0, 0, 0]",6,eMajor,Piano Sonata K570 i Bb major.mid by Mozart.csv,1789,VofAmin,E-BCD,indigo,19
272,283.0 to 283.75,14,"[0, 0, 0, 1, 1, 0, 1, 0, 0, 0, 0, 0]",6,bMajor,Piano Sonata K570 i Bb major.mid by Mozart.csv,1789,VofAmin,E-BCD,indigo,19
273,284.0 to 284.875,14,"[0, 0, 1, 0, 1, 0, 0, 0, 1, 0, 0, 0]",6,eMajor,Piano Sonata K570 i Bb major.mid by Mozart.csv,1789,VofAmin,E-BCD,indigo,19
274,285.0 to 285.875,12,"[1, 0, 1, 0, 1, 0, 0, 0, 0, 1, 0, 0]",2,cMinor,Piano Sonata K570 i Bb major.mid by Mozart.csv,1789,AminTriad,ACE,steelblue,14
275,286.0 to 286.875,14,"[0, 0, 1, 0, 1, 0, 0, 0, 1, 0, 0, 0]",6,eMajor,Piano Sonata K570 i Bb major.mid by Mozart.csv,1789,VofAmin,E-BCD,indigo,19
276,287.0 to 287.75,12,"[1, 0, 0, 0, 1, 0, 0, 0, 0, 1, 0, 0]",3,cMinor,Piano Sonata K570 i Bb major.mid by Mozart.csv,1789,AminTriad,ACE,steelblue,14
277,288.0 to 288.75,14,"[0, 0, 0, 0, 2, 0, 1, 0, 1, 0, 0, 1]",6,eMajor,Piano Sonata K570 i Bb major.mid by Mozart.csv,1789,VofAmin,E-BCD,indigo,19
278,289.0 to 289.75,14,"[0, 0, 0, 1, 1, 0, 1, 0, 0, 0, 0, 0]",6,bMajor,Piano Sonata K570 i Bb major.mid by Mozart.csv,1789,VofAmin,E-BCD,indigo,19
279,290.0 to 290.875,14,"[0, 0, 1, 0, 1, 0, 0, 0, 1, 0, 0, 0]",6,eMajor,Piano Sonata K570 i Bb major.mid by Mozart.csv,1789,VofAmin,E-BCD,indigo,19
280,291.0 to 291.875,12,"[1, 0, 0, 0, 1, 0, 0, 0, 0, 1, 0, 0]",3,cMinor,Piano Sonata K570 i Bb major.mid by Mozart.csv,1789,AminTriad,ACE,steelblue,14
281,292.0 to 292.875,14,"[0, 0, 1, 0, 1, 0, 0, 0, 1, 0, 0, 0]",6,eMajor,Piano Sonata K570 i Bb major.mid by Mozart.csv,1789,VofAmin,E-BCD,indigo,19
282,293.0 to 293.75,12,"[1, 0, 0, 0, 1, 0, 0, 0, 0, 1, 0, 0]",3,cMinor,Piano Sonata K570 i Bb major.mid by Mozart.csv,1789,AminTriad,ACE,steelblue,14
283,294.0 to 294.75,14,"[0, 0, 0, 0, 2, 0, 0, 0, 1, 0, 0, 1]",6,eMajor,Piano Sonata K570 i Bb major.mid by Mozart.csv,1789,VofAmin,E-BCD,indigo,19
284,295.0 to 295.75,14,"[0, 0, 0, 0, 1, 0, 0, 0, 1, 0, 0, 1]",6,eMajor,Piano Sonata K570 i Bb major.mid by Mozart.csv,1789,VofAmin,E-BCD,indigo,19
285,296.0 to 296.875,14,"[0, 0, 0, 0, 2, 0, 0, 0, 2, 0, 0, 2]",6,eMajor,Piano Sonata K570 i Bb major.mid by Mozart.csv,1789,VofAmin,E-BCD,indigo,19
286,297.0 to 297.5,14,"[0, 0, 0, 0, 2, 0, 0, 0, 0, 0, 0, 0]",6,cMajor,Piano Sonata K570 i Bb major.mid by Mozart.csv,1789,VofAmin,E-BCD,indigo,19
287,298.0 to 298.625,14,"[0, 0, 0, 0, 2, 0, 0, 0, 1, 0, 0, 1]",6,eMajor,Piano Sonata K570 i Bb major.mid by Mozart.csv,1789,VofAmin,E-BCD,indigo,19
288,300.0 to 300.0,16,"[0, 0, 0, 0, 0, 0, 0, 0, 0, 1, 0, 0]",3,dMajor,Piano Sonata K570 i Bb major.mid by Mozart.csv,1789,chr,FGAB,mediumpurple,10
289,302.0 to 302.0,14,"[0, 0, 0, 0, 1, 0, 0, 0, 0, 0, 0, 0]",6,cMajor,Piano Sonata K570 i Bb major.mid by Mozart.csv,1789,VofAmin,E-BCD,indigo,19
290,303.0 to 303.0,16,"[0, 1, 0, 0, 0, 0, 0, 0, 0, 0, 0, 0]",3,c#Major,Piano Sonata K570 i Bb major.mid by Mozart.csv,1789,chr,FGAB,mediumpurple,10
291,305.0 to 305.0,14,"[0, 0, 0, 0, 1, 0, 0, 0, 0, 0, 0, 0]",6,cMajor,Piano Sonata K570 i Bb major.mid by Mozart.csv,1789,VofAmin,E-BCD,indigo,19
292,306.0 to 306.8333333,14,"[0, 0, 0, 0, 1, 0, 0, 0, 0, 1, 0, 0]",3,aMajor,Piano Sonata K570 i Bb major.mid by Mozart.csv,1789,VofAmin,E-BCD,indigo,19
293,307.0 to 307.8333333,14,"[0, 0, 0, 0, 1, 0, 0, 0, 0, 1, 0, 0]",3,aMajor,Piano Sonata K570 i Bb major.mid by Mozart.csv,1789,VofAmin,E-BCD,indigo,19
294,308.0 to 308.5,14,"[0, 1, 0, 0, 1, 0, 0, 0, 0, 0, 0, 0]",6,aMajor,Piano Sonata K570 i Bb major.mid by Mozart.csv,1789,VofAmin,E-BCD,indigo,19
295,309.0 to 309.5,14,"[0, 0, 0, 0, 2, 1, 0, 0, 0, 0, 0, 0]",6,cMajor,Piano Sonata K570 i Bb major.mid by Mozart.csv,1789,VofAmin,E-BCD,indigo,19
296,310.0 to 310.5,14,"[0, 1, 1, 0, 1, 0, 0, 0, 0, 0, 0, 0]",6,aMajor,Piano Sonata K570 i Bb major.mid by Mozart.csv,1789,VofAmin,E-BCD,indigo,19
297,311.0 to 311.5,16,"[0, 0, 0, 0, 0, 0, 0, 0, 0, 1, 1, 0]",3,dMajor,Piano Sonata K570 i Bb major.mid by Mozart.csv,1789,chr,FGAB,mediumpurple,10
298,312.0 to 312.5,9,"[0, 0, 0, 0, 0, 0, 0, 1, 0, 2, 1, 0]",3,dMajor,Piano Sonata K570 i Bb major.mid by Mozart.csv,1789,6-1ofC,A-CF,deepskyblue,7
299,313.0 to 313.0,16,"[0, 0, 0, 0, 0, 0, 0, 1, 0, 1, 0, 0]",3,cMajor,Piano Sonata K570 i Bb major.mid by Mozart.csv,1789,chr,FGAB,mediumpurple,10
300,314.0 to 314.125,14,"[0, 0, 0, 0, 1, 0, 0, 0, 0, 1, 0, 0]",3,aMajor,Piano Sonata K570 i Bb major.mid by Mozart.csv,1789,VofAmin,E-BCD,indigo,19
301,315.0 to 315.0,16,"[0, 1, 0, 0, 0, 0, 0, 0, 0, 0, 0, 0]",3,c#Major,Piano Sonata K570 i Bb major.mid by Mozart.csv,1789,chr,FGAB,mediumpurple,10
302,317.0 to 317.0,14,"[0, 0, 0, 0, 1, 0, 0, 0, 0, 0, 0, 0]",6,cMajor,Piano Sonata K570 i Bb major.mid by Mozart.csv,1789,VofAmin,E-BCD,indigo,19
303,318.0 to 318.875,16,"[0, 0, 0, 0, 1, 0, 0, 1, 0, 1, 0, 0]",3,cMajor,Piano Sonata K570 i Bb major.mid by Mozart.csv,1789,chr,FGAB,mediumpurple,10
304,319.0 to 319.875,16,"[0, 0, 0, 0, 0, 0, 0, 1, 0, 1, 0, 0]",3,cMajor,Piano Sonata K570 i Bb major.mid by Mozart.csv,1789,chr,FGAB,mediumpurple,10
305,320.0 to 320.5,16,"[0, 1, 0, 0, 0, 0, 0, 1, 0, 1, 0, 0]",3,aMajor,Piano Sonata K570 i Bb major.mid by Mozart.csv,1789,chr,FGAB,mediumpurple,10
306,321.0 to 321.5,16,"[0, 0, 0, 0, 1, 0, 0, 1, 0, 1, 0, 0]",3,cMajor,Piano Sonata K570 i Bb major.mid by Mozart.csv,1789,chr,FGAB,mediumpurple,10
307,322.0 to 322.5,14,"[0, 0, 0, 0, 1, 1, 0, 0, 0, 0, 0, 0]",6,cMajor,Piano Sonata K570 i Bb major.mid by Mozart.csv,1789,VofAmin,E-BCD,indigo,19
308,323.0 to 323.5,0,"[0, 1, 1, 0, 0, 0, 0, 0, 0, 0, 0, 0]",2,c#Major,Piano Sonata K570 i Bb major.mid by Mozart.csv,1789,VofG,D-F#A,greenyellow,15
309,324.0 to 324.0,0,"[0, 0, 1, 0, 0, 0, 0, 0, 0, 0, 0, 0]",2,dMajor,Piano Sonata K570 i Bb major.mid by Mozart.csv,1789,VofG,D-F#A,greenyellow,15
310,326.0 to 326.0,16,"[0, 0, 0, 0, 0, 0, 0, 0, 0, 1, 0, 0]",3,dMajor,Piano Sonata K570 i Bb major.mid by Mozart.csv,1789,chr,FGAB,mediumpurple,10
311,327.0 to 327.125,16,"[0, 0, 0, 0, 0, 1, 0, 0, 0, 1, 0, 0]",3,fMinor,Piano Sonata K570 i Bb major.mid by Mozart.csv,1789,chr,FGAB,mediumpurple,10
312,329.0 to 329.0,16,"[0, 0, 0, 0, 0, 0, 0, 0, 0, 1, 0, 0]",3,dMajor,Piano Sonata K570 i Bb major.mid by Mozart.csv,1789,chr,FGAB,mediumpurple,10
313,330.0 to 330.75,0,"[0, 0, 1, 0, 0, 0, 0, 0, 0, 1, 0, 0]",2,dMajor,Piano Sonata K570 i Bb major.mid by Mozart.csv,1789,VofG,D-F#A,greenyellow,15
314,331.0 to 331.75,0,"[0, 0, 1, 0, 0, 0, 0, 0, 0, 1, 0, 0]",2,dMajor,Piano Sonata K570 i Bb major.mid by Mozart.csv,1789,VofG,D-F#A,greenyellow,15
315,332.0 to 332.8333333,16,"[0, 0, 0, 0, 0, 1, 0, 0, 0, 1, 0, 0]",3,fMinor,Piano Sonata K570 i Bb major.mid by Mozart.csv,1789,chr,FGAB,mediumpurple,10
316,333.0 to 333.5,9,"[0, 0, 0, 0, 0, 0, 0, 0, 0, 2, 1, 0]",3,dMajor,Piano Sonata K570 i Bb major.mid by Mozart.csv,1789,6-1ofC,A-CF,deepskyblue,7
317,334.0 to 334.5,16,"[0, 0, 0, 0, 0, 1, 0, 1, 0, 0, 0, 0]",0,cMajor,Piano Sonata K570 i Bb major.mid by Mozart.csv,1789,chr,FGAB,mediumpurple,10
318,335.0 to 335.5,14,"[0, 0, 1, 0, 1, 0, 0, 0, 0, 0, 0, 0]",6,cMajor,Piano Sonata K570 i Bb major.mid by Mozart.csv,1789,VofAmin,E-BCD,indigo,19
319,336.0 to 336.875,0,"[1, 0, 1, 0, 0, 0, 1, 0, 0, 0, 0, 0]",2,dMajor,Piano Sonata K570 i Bb major.mid by Mozart.csv,1789,VofG,D-F#A,greenyellow,15
320,337.0 to 337.0,1,"[1, 0, 0, 0, 0, 0, 1, 0, 0, 0, 0, 0]",1,cMajor,Piano Sonata K570 i Bb major.mid by Mozart.csv,1789,Gmaj-IV/vii,F#G-ACE,salmon,16
321,338.0 to 338.0,0,"[0, 0, 1, 0, 0, 0, 0, 0, 0, 0, 0, 0]",2,dMajor,Piano Sonata K570 i Bb major.mid by Mozart.csv,1789,VofG,D-F#A,greenyellow,15
322,339.0 to 339.125,0,"[0, 0, 1, 0, 0, 0, 0, 0, 0, 1, 0, 0]",2,dMajor,Piano Sonata K570 i Bb major.mid by Mozart.csv,1789,VofG,D-F#A,greenyellow,15
323,341.0 to 341.0,0,"[0, 0, 1, 0, 0, 0, 0, 0, 0, 0, 0, 0]",2,dMajor,Piano Sonata K570 i Bb major.mid by Mozart.csv,1789,VofG,D-F#A,greenyellow,15
324,342.0 to 342.875,1,"[1, 0, 0, 0, 0, 0, 1, 0, 0, 0, 0, 0]",1,cMajor,Piano Sonata K570 i Bb major.mid by Mozart.csv,1789,Gmaj-IV/vii,F#G-ACE,salmon,16
325,343.0 to 343.75,1,"[1, 0, 0, 0, 0, 0, 1, 0, 0, 0, 0, 0]",1,cMajor,Piano Sonata K570 i Bb major.mid by Mozart.csv,1789,Gmaj-IV/vii,F#G-ACE,salmon,16
326,344.0 to 344.75,9,"[1, 0, 0, 0, 0, 0, 0, 0, 0, 1, 0, 0]",3,fMajor,Piano Sonata K570 i Bb major.mid by Mozart.csv,1789,6-1ofC,A-CF,deepskyblue,7
327,345.0 to 345.5,8,"[2, 0, 1, 0, 0, 0, 0, 0, 0, 0, 0, 0]",1,cMajor,Piano Sonata K570 i Bb major.mid by Mozart.csv,1789,Cmaj-root,C-EG,slateblue,2
328,346.0 to 346.5,16,"[0, 0, 0, 0, 0, 0, 0, 0, 0, 1, 1, 0]",3,dMajor,Piano Sonata K570 i Bb major.mid by Mozart.csv,1789,chr,FGAB,mediumpurple,10
329,347.0 to 347.5,1,"[0, 0, 0, 0, 0, 0, 1, 1, 0, 0, 0, 0]",9,cMajor,Piano Sonata K570 i Bb major.mid by Mozart.csv,1789,Gmaj-IV/vii,F#G-ACE,salmon,16
330,348.0 to 348.875,11,"[0, 0, 0, 0, 0, 0, 0, 1, 0, 0, 1, 0]",9,e-Major,Piano Sonata K570 i Bb major.mid by Mozart.csv,1789,iv_ofDmin,GBb-C#D,yellow,0
331,349.0 to 349.5,11,"[0, 0, 0, 0, 0, 0, 0, 1, 0, 0, 1, 0]",9,e-Major,Piano Sonata K570 i Bb major.mid by Mozart.csv,1789,iv_ofDmin,GBb-C#D,yellow,0
332,350.0 to 350.5,16,"[0, 0, 0, 0, 0, 0, 0, 0, 0, 0, 1, 0]",3,e-Major,Piano Sonata K570 i Bb major.mid by Mozart.csv,1789,chr,FGAB,mediumpurple,10
333,351.0 to 351.625,8,"[2, 0, 0, 0, 1, 0, 0, 1, 0, 0, 1, 0]",1,cMajor,Piano Sonata K570 i Bb major.mid by Mozart.csv,1789,Cmaj-root,C-EG,slateblue,2
334,352.0 to 352.5,9,"[1, 0, 0, 0, 0, 1, 0, 1, 0, 2, 0, 0]",8,fMajor,Piano Sonata K570 i Bb major.mid by Mozart.csv,1789,6-1ofC,A-CF,deepskyblue,7
335,353.0 to 353.75,4,"[1, 0, 0, 0, 1, 1, 0, 1, 0, 0, 1, 0]",1,cMajor,Piano Sonata K570 i Bb major.mid by Mozart.csv,1789,Cmaj3rd5th,EG-C,mediumvioletred,8
336,354.0 to 354.875,9,"[0, 0, 0, 0, 0, 1, 0, 0, 0, 2, 0, 0]",3,fMajor,Piano Sonata K570 i Bb major.mid by Mozart.csv,1789,6-1ofC,A-CF,deepskyblue,7
337,355.0 to 355.5,16,"[0, 0, 0, 0, 0, 0, 0, 0, 0, 1, 0, 0]",3,dMajor,Piano Sonata K570 i Bb major.mid by Mozart.csv,1789,chr,FGAB,mediumpurple,10
338,356.0 to 356.5,16,"[0, 0, 0, 0, 0, 0, 0, 0, 0, 1, 0, 0]",3,dMajor,Piano Sonata K570 i Bb major.mid by Mozart.csv,1789,chr,FGAB,mediumpurple,10
339,357.0 to 357.5,11,"[0, 0, 1, 0, 0, 1, 0, 0, 0, 1, 2, 0]",2,b-Major,Piano Sonata K570 i Bb major.mid by Mozart.csv,1789,iv_ofDmin,GBb-C#D,yellow,0
340,358.0 to 358.5,11,"[0, 0, 0, 0, 1, 1, 0, 2, 0, 0, 1, 0]",9,cMajor,Piano Sonata K570 i Bb major.mid by Mozart.csv,1789,iv_ofDmin,GBb-C#D,yellow,0
341,359.0 to 359.875,2,"[0, 0, 1, 0, 1, 1, 0, 0, 0, 1, 1, 0]",4,b-Major,Piano Sonata K570 i Bb major.mid by Mozart.csv,1789,2/4ofCmaj,DF,green,4
342,360.0 to 360.5,4,"[0, 0, 0, 0, 1, 0, 0, 2, 0, 0, 0, 0]",9,cMajor,Piano Sonata K570 i Bb major.mid by Mozart.csv,1789,Cmaj3rd5th,EG-C,mediumvioletred,8
343,361.0 to 361.5,16,"[0, 0, 0, 0, 0, 0, 0, 1, 0, 0, 0, 0]",9,cMajor,Piano Sonata K570 i Bb major.mid by Mozart.csv,1789,chr,FGAB,mediumpurple,10
344,362.0 to 362.5,16,"[0, 0, 0, 0, 0, 0, 0, 1, 0, 0, 0, 0]",9,cMajor,Piano Sonata K570 i Bb major.mid by Mozart.csv,1789,chr,FGAB,mediumpurple,10
345,363.0 to 363.5,9,"[0, 1, 0, 0, 1, 0, 0, 1, 0, 2, 0, 0]",3,aMajor,Piano Sonata K570 i Bb major.mid by Mozart.csv,1789,6-1ofC,A-CF,deepskyblue,7
346,364.0 to 364.5,19,"[0, 0, 1, 0, 1, 2, 0, 0, 0, 1, 0, 0]",8,fMinor,Piano Sonata K570 i Bb major.mid by Mozart.csv,1789,4ofC,F-AC,cyan,1
347,365.0 to 365.5,10,"[0, 1, 1, 0, 1, 0, 0, 1, 0, 1, 0, 0]",3,aMajor,Piano Sonata K570 i Bb major.mid by Mozart.csv,1789,Cmaj2-5tet,DEFG,violet,6
348,366.0 to 366.5,2,"[0, 0, 1, 0, 0, 2, 0, 1, 0, 0, 0, 0]",0,b-Major,Piano Sonata K570 i Bb major.mid by Mozart.csv,1789,2/4ofCmaj,DF,green,4
349,367.0 to 367.5,14,"[0, 0, 1, 0, 1, 0, 0, 0, 0, 0, 0, 0]",6,cMajor,Piano Sonata K570 i Bb major.mid by Mozart.csv,1789,VofAmin,E-BCD,indigo,19
350,368.0 to 368.5,13,"[1, 0, 0, 0, 0, 1, 0, 1, 0, 0, 0, 1]",0,gMajor,Piano Sonata K570 i Bb major.mid by Mozart.csv,1789,Cmaj5-1tet,BC-AG,darkviolet,12
351,369.0 to 369.5,12,"[1, 0, 1, 0, 1, 0, 0, 0, 0, 1, 0, 0]",2,cMinor,Piano Sonata K570 i Bb major.mid by Mozart.csv,1789,AminTriad,ACE,steelblue,14
352,370.0 to 370.5,16,"[0, 0, 0, 0, 0, 0, 0, 0, 0, 1, 0, 1]",3,dMajor,Piano Sonata K570 i Bb major.mid by Mozart.csv,1789,chr,FGAB,mediumpurple,10
353,371.0 to 371.75,1,"[1, 0, 0, 0, 0, 0, 1, 1, 0, 1, 0, 0]",3,cMajor,Piano Sonata K570 i Bb major.mid by Mozart.csv,1789,Gmaj-IV/vii,F#G-ACE,salmon,16
354,372.0 to 372.875,3,"[0, 0, 0, 0, 0, 0, 0, 2, 0, 0, 0, 0]",9,cMajor,Piano Sonata K570 i Bb major.mid by Mozart.csv,1789,Gmaj-root,G-BD,red,9
355,373.0 to 373.5,16,"[0, 0, 0, 0, 0, 0, 0, 1, 0, 0, 0, 0]",9,cMajor,Piano Sonata K570 i Bb major.mid by Mozart.csv,1789,chr,FGAB,mediumpurple,10
356,374.0 to 374.5,16,"[0, 0, 0, 0, 0, 1, 0, 1, 0, 0, 0, 1]",0,gMajor,Piano Sonata K570 i Bb major.mid by Mozart.csv,1789,chr,FGAB,mediumpurple,10
357,375.0 to 375.5,16,"[1, 0, 0, 1, 0, 0, 0, 1, 1, 0, 0, 0]",7,g#Major,Piano Sonata K570 i Bb major.mid by Mozart.csv,1789,chr,FGAB,mediumpurple,10
358,376.0 to 376.5,16,"[0, 0, 0, 1, 0, 1, 0, 0, 0, 0, 0, 0]",7,c#Major,Piano Sonata K570 i Bb major.mid by Mozart.csv,1789,chr,FGAB,mediumpurple,10
359,377.0 to 377.5,8,"[2, 0, 1, 0, 1, 0, 0, 0, 0, 0, 0, 0]",1,cMinor,Piano Sonata K570 i Bb major.mid by Mozart.csv,1789,Cmaj-root,C-EG,slateblue,2
360,378.0 to 378.5,5,"[0, 0, 1, 0, 0, 0, 0, 1, 0, 0, 0, 1]",5,gMajor,Piano Sonata K570 i Bb major.mid by Mozart.csv,1789,Gmaj3rd5th,BD-G,gold,17
361,379.0 to 379.5,16,"[0, 0, 0, 0, 0, 0, 0, 1, 0, 0, 0, 0]",9,cMajor,Piano Sonata K570 i Bb major.mid by Mozart.csv,1789,chr,FGAB,mediumpurple,10
362,380.0 to 380.5,16,"[0, 0, 0, 0, 0, 1, 0, 1, 0, 0, 0, 1]",0,gMajor,Piano Sonata K570 i Bb major.mid by Mozart.csv,1789,chr,FGAB,mediumpurple,10
363,381.0 to 381.5,16,"[1, 0, 0, 1, 0, 0, 0, 1, 1, 0, 0, 0]",7,g#Major,Piano Sonata K570 i Bb major.mid by Mozart.csv,1789,chr,FGAB,mediumpurple,10
364,382.0 to 382.5,16,"[0, 0, 0, 1, 0, 1, 0, 0, 0, 0, 0, 0]",7,c#Major,Piano Sonata K570 i Bb major.mid by Mozart.csv,1789,chr,FGAB,mediumpurple,10
365,383.0 to 383.625,8,"[2, 0, 1, 1, 0, 0, 0, 0, 0, 0, 0, 0]",1,g#Major,Piano Sonata K570 i Bb major.mid by Mozart.csv,1789,Cmaj-root,C-EG,slateblue,2
366,384.0 to 384.875,3,"[0, 0, 1, 0, 0, 0, 0, 2, 0, 0, 0, 1]",5,gMajor,Piano Sonata K570 i Bb major.mid by Mozart.csv,1789,Gmaj-root,G-BD,red,9
367,385.0 to 385.5,3,"[0, 0, 0, 0, 0, 0, 0, 2, 0, 0, 0, 0]",9,cMajor,Piano Sonata K570 i Bb major.mid by Mozart.csv,1789,Gmaj-root,G-BD,red,9
368,386.0 to 386.5,16,"[0, 0, 0, 0, 0, 0, 0, 1, 0, 0, 0, 0]",9,cMajor,Piano Sonata K570 i Bb major.mid by Mozart.csv,1789,chr,FGAB,mediumpurple,10
369,387.0 to 387.5,3,"[0, 0, 0, 0, 0, 1, 1, 2, 0, 0, 0, 1]",0,gMajor,Piano Sonata K570 i Bb major.mid by Mozart.csv,1789,Gmaj-root,G-BD,red,9
370,388.0 to 388.5,3,"[0, 0, 0, 0, 0, 1, 0, 2, 0, 1, 0, 1]",0,gMajor,Piano Sonata K570 i Bb major.mid by Mozart.csv,1789,Gmaj-root,G-BD,red,9
371,389.0 to 389.5,3,"[1, 0, 0, 0, 0, 1, 0, 2, 0, 0, 0, 2]",0,gMajor,Piano Sonata K570 i Bb major.mid by Mozart.csv,1789,Gmaj-root,G-BD,red,9
372,390.0 to 390.5,10,"[0, 0, 1, 0, 1, 1, 0, 1, 0, 0, 0, 1]",4,gMinor,Piano Sonata K570 i Bb major.mid by Mozart.csv,1789,Cmaj2-5tet,DEFG,violet,6
373,391.0 to 391.5,10,"[0, 0, 0, 0, 1, 2, 0, 1, 0, 0, 0, 1]",0,gMinor,Piano Sonata K570 i Bb major.mid by Mozart.csv,1789,Cmaj2-5tet,DEFG,violet,6
374,392.0 to 392.875,3,"[0, 0, 0, 0, 0, 1, 0, 2, 0, 1, 0, 1]",0,gMajor,Piano Sonata K570 i Bb major.mid by Mozart.csv,1789,Gmaj-root,G-BD,red,9
375,393.0 to 393.0,3,"[0, 0, 0, 0, 0, 1, 0, 2, 0, 0, 0, 1]",0,gMajor,Piano Sonata K570 i Bb major.mid by Mozart.csv,1789,Gmaj-root,G-BD,red,9
376,394.125 to 394.625,1,"[0, 0, 0, 0, 0, 0, 1, 1, 0, 0, 0, 0]",9,cMajor,Piano Sonata K570 i Bb major.mid by Mozart.csv,1789,Gmaj-IV/vii,F#G-ACE,salmon,16
377,395.0 to 395.5,2,"[0, 0, 1, 0, 0, 1, 0, 0, 0, 0, 0, 0]",4,b-Major,Piano Sonata K570 i Bb major.mid by Mozart.csv,1789,2/4ofCmaj,DF,green,4
378,396.0 to 396.0,8,"[2, 0, 0, 0, 0, 0, 0, 0, 0, 0, 0, 0]",1,cMajor,Piano Sonata K570 i Bb major.mid by Mozart.csv,1789,Cmaj-root,C-EG,slateblue,2
379,397.5 to 397.5,16,"[1, 0, 0, 0, 0, 0, 0, 0, 0, 0, 0, 0]",1,cMajor,Piano Sonata K570 i Bb major.mid by Mozart.csv,1789,chr,FGAB,mediumpurple,10
380,398.0 to 398.6666667,3,"[0, 0, 0, 0, 0, 0, 0, 2, 0, 0, 0, 0]",9,cMajor,Piano Sonata K570 i Bb major.mid by Mozart.csv,1789,Gmaj-root,G-BD,red,9
381,399.0 to 399.0,14,"[0, 0, 0, 0, 2, 0, 0, 0, 0, 0, 0, 0]",6,cMajor,Piano Sonata K570 i Bb major.mid by Mozart.csv,1789,VofAmin,E-BCD,indigo,19
382,400.75 to 400.75,14,"[0, 0, 0, 0, 1, 0, 0, 0, 0, 0, 0, 0]",6,cMajor,Piano Sonata K570 i Bb major.mid by Mozart.csv,1789,VofAmin,E-BCD,indigo,19
383,401.0 to 401.875,3,"[0, 0, 0, 0, 0, 0, 0, 2, 0, 0, 0, 0]",9,cMajor,Piano Sonata K570 i Bb major.mid by Mozart.csv,1789,Gmaj-root,G-BD,red,9
384,402.0 to 402.0,8,"[2, 0, 0, 0, 0, 0, 0, 0, 0, 0, 0, 0]",1,cMajor,Piano Sonata K570 i Bb major.mid by Mozart.csv,1789,Cmaj-root,C-EG,slateblue,2
385,403.375 to 403.375,16,"[1, 0, 0, 0, 0, 0, 0, 0, 0, 0, 0, 0]",1,cMajor,Piano Sonata K570 i Bb major.mid by Mozart.csv,1789,chr,FGAB,mediumpurple,10
386,404.0 to 404.5,14,"[0, 0, 0, 0, 2, 0, 0, 0, 0, 0, 0, 0]",6,cMajor,Piano Sonata K570 i Bb major.mid by Mozart.csv,1789,VofAmin,E-BCD,indigo,19
387,405.0 to 405.0,3,"[0, 0, 0, 0, 0, 0, 0, 2, 0, 0, 0, 0]",9,cMajor,Piano Sonata K570 i Bb major.mid by Mozart.csv,1789,Gmaj-root,G-BD,red,9
388,407.0 to 407.5,14,"[1, 0, 0, 0, 1, 0, 0, 0, 0, 0, 0, 0]",1,cMajor,Piano Sonata K570 i Bb major.mid by Mozart.csv,1789,VofAmin,E-BCD,indigo,19
389,408.0 to 408.5,10,"[0, 0, 1, 0, 0, 2, 0, 2, 0, 0, 0, 0]",0,gMajor,Piano Sonata K570 i Bb major.mid by Mozart.csv,1789,Cmaj2-5tet,DEFG,violet,6
390,409.0 to 409.5,10,"[0, 0, 2, 0, 1, 1, 0, 1, 0, 0, 0, 0]",4,gMajor,Piano Sonata K570 i Bb major.mid by Mozart.csv,1789,Cmaj2-5tet,DEFG,violet,6
391,410.0 to 410.5,18,"[1, 0, 2, 0, 0, 1, 0, 1, 0, 0, 0, 1]",4,gMajor,Piano Sonata K570 i Bb major.mid by Mozart.csv,1789,V-IofC,D-GBC,crimson,11
392,411.0 to 411.5,3,"[0, 0, 1, 0, 0, 1, 0, 2, 0, 1, 0, 0]",0,fMinor,Piano Sonata K570 i Bb major.mid by Mozart.csv,1789,Gmaj-root,G-BD,red,9
393,412.0 to 412.5,3,"[0, 0, 1, 0, 0, 1, 1, 2, 0, 0, 0, 0]",0,b-Minor,Piano Sonata K570 i Bb major.mid by Mozart.csv,1789,Gmaj-root,G-BD,red,9
394,413.0 to 413.5,5,"[0, 0, 1, 0, 0, 1, 0, 1, 0, 1, 0, 1]",0,fMinor,Piano Sonata K570 i Bb major.mid by Mozart.csv,1789,Gmaj3rd5th,BD-G,gold,17
395,414.0 to 414.875,18,"[2, 0, 1, 0, 1, 0, 0, 0, 0, 0, 0, 1]",1,cMajor,Piano Sonata K570 i Bb major.mid by Mozart.csv,1789,V-IofC,D-GBC,crimson,11
396,415.0 to 415.5,8,"[2, 0, 1, 0, 1, 0, 0, 0, 0, 0, 0, 0]",1,cMinor,Piano Sonata K570 i Bb major.mid by Mozart.csv,1789,Cmaj-root,C-EG,slateblue,2
397,416.0 to 416.5,14,"[0, 0, 0, 0, 1, 1, 0, 0, 0, 0, 0, 0]",6,cMajor,Piano Sonata K570 i Bb major.mid by Mozart.csv,1789,VofAmin,E-BCD,indigo,19
398,417.0 to 417.5,1,"[0, 0, 0, 0, 0, 0, 1, 1, 0, 0, 0, 0]",9,cMajor,Piano Sonata K570 i Bb major.mid by Mozart.csv,1789,Gmaj-IV/vii,F#G-ACE,salmon,16
399,418.0 to 418.5,16,"[0, 0, 0, 0, 0, 0, 0, 1, 0, 1, 0, 0]",3,cMajor,Piano Sonata K570 i Bb major.mid by Mozart.csv,1789,chr,FGAB,mediumpurple,10
400,419.0 to 419.5,14,"[1, 0, 0, 0, 1, 0, 0, 0, 0, 0, 0, 0]",1,cMajor,Piano Sonata K570 i Bb major.mid by Mozart.csv,1789,VofAmin,E-BCD,indigo,19
401,420.0 to 420.5,10,"[0, 0, 1, 0, 0, 2, 0, 2, 0, 0, 0, 0]",0,gMajor,Piano Sonata K570 i Bb major.mid by Mozart.csv,1789,Cmaj2-5tet,DEFG,violet,6
402,421.0 to 421.5,10,"[0, 0, 2, 0, 1, 1, 0, 1, 0, 0, 0, 0]",4,gMajor,Piano Sonata K570 i Bb major.mid by Mozart.csv,1789,Cmaj2-5tet,DEFG,violet,6
403,422.0 to 422.5,18,"[1, 0, 1, 0, 0, 1, 0, 1, 0, 0, 0, 1]",4,gMajor,Piano Sonata K570 i Bb major.mid by Mozart.csv,1789,V-IofC,D-GBC,crimson,11
404,423.0 to 423.625,3,"[0, 0, 1, 0, 0, 1, 0, 2, 0, 1, 0, 0]",0,fMinor,Piano Sonata K570 i Bb major.mid by Mozart.csv,1789,Gmaj-root,G-BD,red,9
405,424.0 to 424.5,3,"[0, 0, 1, 0, 0, 1, 1, 2, 0, 0, 0, 0]",0,b-Minor,Piano Sonata K570 i Bb major.mid by Mozart.csv,1789,Gmaj-root,G-BD,red,9
406,425.0 to 425.5,5,"[0, 0, 1, 0, 0, 1, 0, 1, 0, 1, 0, 1]",0,fMinor,Piano Sonata K570 i Bb major.mid by Mozart.csv,1789,Gmaj3rd5th,BD-G,gold,17
407,426.0 to 426.375,8,"[2, 0, 0, 0, 1, 0, 0, 0, 0, 0, 0, 0]",1,cMajor,Piano Sonata K570 i Bb major.mid by Mozart.csv,1789,Cmaj-root,C-EG,slateblue,2
408,427.0 to 427.375,8,"[2, 0, 0, 0, 1, 0, 0, 0, 0, 0, 0, 0]",1,cMajor,Piano Sonata K570 i Bb major.mid by Mozart.csv,1789,Cmaj-root,C-EG,slateblue,2
409,428.0 to 428.0,4,"[1, 0, 0, 0, 1, 0, 0, 1, 0, 0, 0, 0]",1,cMajor,Piano Sonata K570 i Bb major.mid by Mozart.csv,1789,Cmaj3rd5th,EG-C,mediumvioletred,8
410,429.0 to 429.6666667,8,"[2, 0, 0, 0, 1, 0, 0, 0, 0, 0, 0, 0]",1,cMajor,Piano Sonata K570 i Bb major.mid by Mozart.csv,1789,Cmaj-root,C-EG,slateblue,2
411,430.75 to 430.75,16,"[1, 0, 0, 0, 0, 0, 0, 0, 0, 0, 0, 0]",1,cMajor,Piano Sonata K570 i Bb major.mid by Mozart.csv,1789,chr,FGAB,mediumpurple,10
412,431.0 to 431.75,18,"[1, 0, 1, 0, 0, 0, 0, 0, 0, 0, 0, 1]",2,gMajor,Piano Sonata K570 i Bb major.mid by Mozart.csv,1789,V-IofC,D-GBC,crimson,11
413,432.0 to 432.0,16,"[0, 0, 0, 0, 0, 0, 0, 0, 0, 1, 0, 0]",3,dMajor,Piano Sonata K570 i Bb major.mid by Mozart.csv,1789,chr,FGAB,mediumpurple,10
414,433.0 to 433.875,9,"[2, 0, 0, 0, 0, 1, 0, 0, 0, 2, 0, 0]",8,fMajor,Piano Sonata K570 i Bb major.mid by Mozart.csv,1789,6-1ofC,A-CF,deepskyblue,7
415,434.0 to 434.75,13,"[2, 0, 1, 0, 0, 1, 0, 0, 0, 1, 0, 1]",8,fMajor,Piano Sonata K570 i Bb major.mid by Mozart.csv,1789,Cmaj5-1tet,BC-AG,darkviolet,12
416,435.0 to 435.0,16,"[0, 0, 0, 0, 0, 0, 0, 1, 0, 0, 0, 0]",9,cMajor,Piano Sonata K570 i Bb major.mid by Mozart.csv,1789,chr,FGAB,mediumpurple,10
417,436.0 to 436.875,17,"[2, 0, 0, 0, 1, 0, 0, 2, 0, 0, 0, 0]",1,cMajor,Piano Sonata K570 i Bb major.mid by Mozart.csv,1789,CmajTriad,CEG,blueviolet,5
418,437.0 to 437.75,18,"[2, 0, 1, 0, 1, 0, 0, 1, 0, 0, 0, 1]",1,cMajor,Piano Sonata K570 i Bb major.mid by Mozart.csv,1789,V-IofC,D-GBC,crimson,11
419,438.0 to 438.0,5,"[0, 0, 1, 0, 0, 0, 0, 1, 0, 0, 0, 1]",5,gMajor,Piano Sonata K570 i Bb major.mid by Mozart.csv,1789,Gmaj3rd5th,BD-G,gold,17
420,439.0 to 439.0,3,"[0, 0, 0, 0, 0, 0, 0, 2, 0, 0, 0, 1]",9,gMajor,Piano Sonata K570 i Bb major.mid by Mozart.csv,1789,Gmaj-root,G-BD,red,9
421,440.0 to 440.125,3,"[0, 0, 0, 0, 0, 1, 0, 2, 0, 0, 0, 1]",0,gMajor,Piano Sonata K570 i Bb major.mid by Mozart.csv,1789,Gmaj-root,G-BD,red,9
422,441.0 to 441.0,16,"[1, 0, 0, 1, 0, 0, 0, 1, 0, 0, 0, 0]",7,e-Minor,Piano Sonata K570 i Bb major.mid by Mozart.csv,1789,chr,FGAB,mediumpurple,10
423,442.0 to 442.75,8,"[2, 0, 0, 0, 1, 0, 0, 1, 0, 0, 0, 0]",1,cMajor,Piano Sonata K570 i Bb major.mid by Mozart.csv,1789,Cmaj-root,C-EG,slateblue,2
424,443.0 to 443.83333330000005,18,"[1, 0, 1, 0, 0, 0, 0, 0, 0, 0, 0, 1]",2,gMajor,Piano Sonata K570 i Bb major.mid by Mozart.csv,1789,V-IofC,D-GBC,crimson,11
425,444.0 to 444.0,16,"[0, 0, 0, 0, 0, 0, 0, 0, 0, 1, 0, 0]",3,dMajor,Piano Sonata K570 i Bb major.mid by Mozart.csv,1789,chr,FGAB,mediumpurple,10
426,445.0 to 445.875,9,"[2, 0, 0, 0, 0, 1, 0, 0, 0, 1, 0, 0]",8,fMajor,Piano Sonata K570 i Bb major.mid by Mozart.csv,1789,6-1ofC,A-CF,deepskyblue,7
427,446.0 to 446.75,13,"[2, 0, 1, 0, 0, 1, 0, 0, 0, 1, 0, 1]",8,fMajor,Piano Sonata K570 i Bb major.mid by Mozart.csv,1789,Cmaj5-1tet,BC-AG,darkviolet,12
428,447.0 to 447.0,16,"[0, 0, 0, 0, 0, 0, 0, 1, 0, 0, 0, 0]",9,cMajor,Piano Sonata K570 i Bb major.mid by Mozart.csv,1789,chr,FGAB,mediumpurple,10
429,448.0 to 448.875,8,"[2, 0, 0, 0, 1, 0, 0, 1, 0, 0, 0, 0]",1,cMajor,Piano Sonata K570 i Bb major.mid by Mozart.csv,1789,Cmaj-root,C-EG,slateblue,2
430,449.0 to 449.75,18,"[2, 0, 1, 0, 1, 0, 0, 1, 0, 0, 0, 1]",1,cMajor,Piano Sonata K570 i Bb major.mid by Mozart.csv,1789,V-IofC,D-GBC,crimson,11
431,450.0 to 450.875,5,"[0, 0, 1, 0, 0, 0, 0, 1, 0, 0, 0, 1]",5,gMajor,Piano Sonata K570 i Bb major.mid by Mozart.csv,1789,Gmaj3rd5th,BD-G,gold,17
432,451.0 to 451.0,2,"[0, 0, 1, 0, 0, 1, 0, 1, 0, 0, 0, 0]",0,gMajor,Piano Sonata K570 i Bb major.mid by Mozart.csv,1789,2/4ofCmaj,DF,green,4
433,452.0 to 452.5,16,"[0, 0, 0, 0, 0, 1, 0, 1, 0, 0, 0, 1]",0,gMajor,Piano Sonata K570 i Bb major.mid by Mozart.csv,1789,chr,FGAB,mediumpurple,10
434,453.0 to 453.125,8,"[2, 0, 0, 0, 1, 0, 0, 0, 0, 0, 0, 1]",1,cMinor,Piano Sonata K570 i Bb major.mid by Mozart.csv,1789,Cmaj-root,C-EG,slateblue,2
435,454.0 to 454.0,14,"[1, 0, 0, 0, 1, 0, 0, 0, 0, 0, 0, 0]",1,cMajor,Piano Sonata K570 i Bb major.mid by Mozart.csv,1789,VofAmin,E-BCD,indigo,19
436,456.0 to 456.25,12,"[1, 0, 0, 0, 1, 0, 0, 0, 0, 2, 0, 0]",3,cMinor,Piano Sonata K570 i Bb major.mid by Mozart.csv,1789,AminTriad,ACE,steelblue,14
437,457.0 to 457.375,9,"[0, 0, 0, 0, 0, 0, 0, 0, 0, 2, 0, 0]",3,dMajor,Piano Sonata K570 i Bb major.mid by Mozart.csv,1789,6-1ofC,A-CF,deepskyblue,7
438,459.0 to 459.33333330000005,14,"[0, 0, 0, 0, 2, 0, 0, 0, 1, 0, 0, 1]",6,eMajor,Piano Sonata K570 i Bb major.mid by Mozart.csv,1789,VofAmin,E-BCD,indigo,19
439,460.0 to 460.875,14,"[0, 0, 0, 0, 3, 0, 0, 0, 0, 0, 0, 0]",6,cMajor,Piano Sonata K570 i Bb major.mid by Mozart.csv,1789,VofAmin,E-BCD,indigo,19
440,462.0 to 462.625,19,"[1, 0, 0, 0, 0, 2, 0, 0, 0, 1, 0, 0]",8,fMajor,Piano Sonata K570 i Bb major.mid by Mozart.csv,1789,4ofC,F-AC,cyan,1
441,463.0 to 463.5,19,"[1, 0, 0, 0, 0, 2, 0, 0, 0, 1, 0, 0]",8,fMajor,Piano Sonata K570 i Bb major.mid by Mozart.csv,1789,4ofC,F-AC,cyan,1
442,464.0 to 464.83333330000005,19,"[1, 0, 0, 0, 1, 2, 0, 1, 0, 1, 0, 0]",8,fMajor,Piano Sonata K570 i Bb major.mid by Mozart.csv,1789,4ofC,F-AC,cyan,1
443,465.0 to 465.5,8,"[2, 0, 1, 0, 1, 0, 0, 0, 0, 0, 1, 0]",1,cMajor,Piano Sonata K570 i Bb major.mid by Mozart.csv,1789,Cmaj-root,C-EG,slateblue,2
444,466.0 to 466.625,8,"[2, 0, 0, 0, 1, 0, 0, 0, 0, 0, 1, 0]",1,cMajor,Piano Sonata K570 i Bb major.mid by Mozart.csv,1789,Cmaj-root,C-EG,slateblue,2
445,467.0 to 467.625,8,"[2, 0, 0, 0, 1, 0, 0, 0, 0, 0, 1, 0]",1,cMajor,Piano Sonata K570 i Bb major.mid by Mozart.csv,1789,Cmaj-root,C-EG,slateblue,2
446,468.0 to 468.625,19,"[2, 0, 0, 0, 0, 2, 0, 0, 0, 1, 0, 0]",8,fMajor,Piano Sonata K570 i Bb major.mid by Mozart.csv,1789,4ofC,F-AC,cyan,1
447,469.0 to 469.5,12,"[1, 0, 0, 1, 1, 1, 0, 0, 0, 1, 0, 0]",8,fMajor,Piano Sonata K570 i Bb major.mid by Mozart.csv,1789,AminTriad,ACE,steelblue,14
448,470.0 to 470.75,9,"[1, 1, 1, 0, 0, 1, 0, 0, 0, 1, 0, 0]",8,fMajor,Piano Sonata K570 i Bb major.mid by Mozart.csv,1789,6-1ofC,A-CF,deepskyblue,7
449,471.0 to 471.5,8,"[2, 0, 0, 0, 1, 0, 0, 0, 0, 0, 1, 0]",1,cMajor,Piano Sonata K570 i Bb major.mid by Mozart.csv,1789,Cmaj-root,C-EG,slateblue,2
450,472.0 to 472.5,14,"[1, 0, 0, 0, 1, 0, 0, 0, 0, 0, 1, 0]",1,cMajor,Piano Sonata K570 i Bb major.mid by Mozart.csv,1789,VofAmin,E-BCD,indigo,19
451,473.0 to 473.5,14,"[1, 0, 0, 0, 1, 0, 0, 0, 0, 0, 1, 0]",1,cMajor,Piano Sonata K570 i Bb major.mid by Mozart.csv,1789,VofAmin,E-BCD,indigo,19
452,474.0 to 474.5,19,"[1, 0, 0, 0, 0, 2, 0, 0, 0, 1, 0, 0]",8,fMajor,Piano Sonata K570 i Bb major.mid by Mozart.csv,1789,4ofC,F-AC,cyan,1
453,475.0 to 475.875,19,"[1, 0, 0, 0, 0, 2, 0, 0, 0, 1, 0, 0]",8,fMajor,Piano Sonata K570 i Bb major.mid by Mozart.csv,1789,4ofC,F-AC,cyan,1
454,476.0 to 476.83333330000005,19,"[1, 0, 0, 0, 1, 2, 0, 1, 0, 1, 0, 0]",8,fMajor,Piano Sonata K570 i Bb major.mid by Mozart.csv,1789,4ofC,F-AC,cyan,1
455,477.0 to 477.5,11,"[0, 1, 1, 0, 1, 0, 0, 1, 0, 0, 1, 0]",9,b-Minor,Piano Sonata K570 i Bb major.mid by Mozart.csv,1789,iv_ofDmin,GBb-C#D,yellow,0
456,478.0 to 478.875,11,"[0, 1, 0, 0, 1, 0, 0, 1, 0, 0, 1, 0]",9,f#Major,Piano Sonata K570 i Bb major.mid by Mozart.csv,1789,iv_ofDmin,GBb-C#D,yellow,0
457,479.0 to 479.625,11,"[0, 1, 0, 0, 1, 0, 0, 1, 0, 0, 1, 0]",9,f#Major,Piano Sonata K570 i Bb major.mid by Mozart.csv,1789,iv_ofDmin,GBb-C#D,yellow,0
458,480.0 to 480.5,2,"[0, 0, 2, 0, 0, 1, 0, 0, 0, 2, 0, 0]",2,fMinor,Piano Sonata K570 i Bb major.mid by Mozart.csv,1789,2/4ofCmaj,DF,green,4
459,481.0 to 481.5,19,"[0, 0, 1, 0, 1, 2, 0, 0, 0, 1, 0, 0]",8,fMinor,Piano Sonata K570 i Bb major.mid by Mozart.csv,1789,4ofC,F-AC,cyan,1
460,482.0 to 482.75,2,"[1, 0, 2, 0, 0, 1, 0, 0, 0, 1, 0, 0]",2,fMinor,Piano Sonata K570 i Bb major.mid by Mozart.csv,1789,2/4ofCmaj,DF,green,4
461,483.0 to 483.5,2,"[0, 0, 1, 0, 0, 1, 0, 0, 1, 0, 0, 1]",4,gMajor,Piano Sonata K570 i Bb major.mid by Mozart.csv,1789,2/4ofCmaj,DF,green,4
462,484.0 to 484.5,2,"[0, 0, 1, 0, 0, 1, 0, 0, 1, 0, 0, 0]",4,c#Major,Piano Sonata K570 i Bb major.mid by Mozart.csv,1789,2/4ofCmaj,DF,green,4
463,485.0 to 485.5,2,"[0, 0, 1, 0, 0, 1, 0, 0, 1, 0, 0, 0]",4,c#Major,Piano Sonata K570 i Bb major.mid by Mozart.csv,1789,2/4ofCmaj,DF,green,4
464,486.0 to 486.5,12,"[2, 0, 0, 0, 2, 0, 0, 0, 0, 1, 0, 0]",1,cMinor,Piano Sonata K570 i Bb major.mid by Mozart.csv,1789,AminTriad,ACE,steelblue,14
465,487.0 to 487.5,12,"[2, 0, 0, 0, 1, 0, 0, 0, 0, 1, 0, 1]",1,cMinor,Piano Sonata K570 i Bb major.mid by Mozart.csv,1789,AminTriad,ACE,steelblue,14
466,488.0 to 488.83333330000005,12,"[1, 0, 0, 0, 1, 0, 0, 1, 0, 2, 0, 0]",3,cMinor,Piano Sonata K570 i Bb major.mid by Mozart.csv,1789,AminTriad,ACE,steelblue,14
467,489.0 to 489.83333330000005,7,"[1, 0, 1, 0, 0, 0, 1, 0, 0, 1, 0, 0]",2,dMajor,Piano Sonata K570 i Bb major.mid by Mozart.csv,1789,V7ofG,DF#AC,lime,18
468,490.0 to 490.5,9,"[1, 0, 0, 0, 0, 0, 0, 0, 0, 1, 0, 0]",3,fMajor,Piano Sonata K570 i Bb major.mid by Mozart.csv,1789,6-1ofC,A-CF,deepskyblue,7
469,491.0 to 491.5,9,"[1, 0, 0, 0, 0, 0, 0, 0, 0, 1, 0, 0]",3,fMajor,Piano Sonata K570 i Bb major.mid by Mozart.csv,1789,6-1ofC,A-CF,deepskyblue,7
470,492.0 to 492.75,3,"[0, 0, 0, 0, 0, 0, 1, 2, 0, 0, 0, 1]",9,gMajor,Piano Sonata K570 i Bb major.mid by Mozart.csv,1789,Gmaj-root,G-BD,red,9
471,493.0 to 493.75,3,"[0, 0, 0, 0, 0, 0, 1, 2, 0, 1, 0, 1]",9,gMajor,Piano Sonata K570 i Bb major.mid by Mozart.csv,1789,Gmaj-root,G-BD,red,9
472,494.0 to 494.75,16,"[0, 0, 0, 0, 0, 1, 0, 1, 0, 0, 0, 1]",0,gMajor,Piano Sonata K570 i Bb major.mid by Mozart.csv,1789,chr,FGAB,mediumpurple,10
473,495.0 to 495.75,4,"[1, 0, 0, 0, 1, 0, 0, 1, 0, 0, 0, 0]",1,cMajor,Piano Sonata K570 i Bb major.mid by Mozart.csv,1789,Cmaj3rd5th,EG-C,mediumvioletred,8
474,496.0 to 496.875,16,"[0, 0, 0, 0, 0, 1, 0, 1, 0, 0, 0, 1]",0,gMajor,Piano Sonata K570 i Bb major.mid by Mozart.csv,1789,chr,FGAB,mediumpurple,10
475,497.0 to 497.875,4,"[1, 0, 0, 0, 1, 0, 0, 1, 0, 0, 0, 0]",1,cMajor,Piano Sonata K570 i Bb major.mid by Mozart.csv,1789,Cmaj3rd5th,EG-C,mediumvioletred,8
476,498.0 to 498.75,3,"[0, 0, 1, 0, 0, 0, 0, 2, 0, 1, 0, 1]",5,gMajor,Piano Sonata K570 i Bb major.mid by Mozart.csv,1789,Gmaj-root,G-BD,red,9
477,499.0 to 499.75,1,"[0, 0, 0, 0, 0, 0, 1, 2, 0, 1, 0, 0]",9,dMajor,Piano Sonata K570 i Bb major.mid by Mozart.csv,1789,Gmaj-IV/vii,F#G-ACE,salmon,16
478,500.0 to 500.875,16,"[0, 0, 0, 0, 0, 1, 0, 1, 0, 0, 0, 1]",0,gMajor,Piano Sonata K570 i Bb major.mid by Mozart.csv,1789,chr,FGAB,mediumpurple,10
479,501.0 to 501.875,4,"[1, 0, 0, 0, 1, 0, 0, 1, 0, 0, 0, 0]",1,cMajor,Piano Sonata K570 i Bb major.mid by Mozart.csv,1789,Cmaj3rd5th,EG-C,mediumvioletred,8
480,502.0 to 502.875,16,"[0, 0, 0, 0, 0, 1, 0, 1, 0, 0, 0, 1]",0,gMajor,Piano Sonata K570 i Bb major.mid by Mozart.csv,1789,chr,FGAB,mediumpurple,10
481,503.0 to 503.75,4,"[1, 0, 0, 0, 1, 0, 0, 1, 0, 0, 0, 0]",1,cMajor,Piano Sonata K570 i Bb major.mid by Mozart.csv,1789,Cmaj3rd5th,EG-C,mediumvioletred,8
482,504.0 to 504.75,3,"[0, 0, 1, 0, 0, 0, 0, 2, 0, 0, 0, 1]",5,gMajor,Piano Sonata K570 i Bb major.mid by Mozart.csv,1789,Gmaj-root,G-BD,red,9
483,505.0 to 505.75,5,"[0, 0, 1, 0, 0, 0, 0, 1, 0, 0, 0, 1]",5,gMajor,Piano Sonata K570 i Bb major.mid by Mozart.csv,1789,Gmaj3rd5th,BD-G,gold,17
484,506.0 to 506.75,6,"[0, 0, 2, 0, 0, 0, 0, 2, 0, 0, 0, 2]",5,gMajor,Piano Sonata K570 i Bb major.mid by Mozart.csv,1789,GmajTriad,GBD,orange,13
485,507.0 to 507.375,3,"[0, 0, 0, 0, 0, 0, 0, 2, 0, 0, 0, 1]",9,gMajor,Piano Sonata K570 i Bb major.mid by Mozart.csv,1789,Gmaj-root,G-BD,red,9
486,508.0 to 508.6666667,3,"[0, 0, 1, 0, 0, 0, 0, 2, 0, 0, 0, 1]",5,gMajor,Piano Sonata K570 i Bb major.mid by Mozart.csv,1789,Gmaj-root,G-BD,red,9
487,510.0 to 510.0,16,"[1, 0, 0, 0, 0, 0, 0, 0, 0, 0, 0, 0]",1,cMajor,Piano Sonata K570 i Bb major.mid by Mozart.csv,1789,chr,FGAB,mediumpurple,10
488,512.0 to 512.0,16,"[0, 0, 0, 0, 0, 0, 0, 1, 0, 0, 0, 0]",9,cMajor,Piano Sonata K570 i Bb major.mid by Mozart.csv,1789,chr,FGAB,mediumpurple,10
489,513.0 to 513.0,14,"[0, 0, 0, 0, 1, 0, 0, 0, 0, 0, 0, 0]",6,cMajor,Piano Sonata K570 i Bb major.mid by Mozart.csv,1789,VofAmin,E-BCD,indigo,19
490,515.0 to 515.0,16,"[0, 0, 0, 0, 0, 0, 0, 1, 0, 0, 0, 0]",9,cMajor,Piano Sonata K570 i Bb major.mid by Mozart.csv,1789,chr,FGAB,mediumpurple,10
491,516.0 to 516.875,4,"[1, 0, 0, 0, 0, 0, 0, 1, 0, 0, 0, 0]",9,cMajor,Piano Sonata K570 i Bb major.mid by Mozart.csv,1789,Cmaj3rd5th,EG-C,mediumvioletred,8
492,517.0 to 517.5,4,"[1, 0, 0, 0, 0, 0, 0, 1, 0, 0, 0, 0]",9,cMajor,Piano Sonata K570 i Bb major.mid by Mozart.csv,1789,Cmaj3rd5th,EG-C,mediumvioletred,8
493,518.0 to 518.5,4,"[0, 0, 0, 0, 1, 0, 0, 1, 0, 0, 0, 0]",9,cMajor,Piano Sonata K570 i Bb major.mid by Mozart.csv,1789,Cmaj3rd5th,EG-C,mediumvioletred,8
494,519.0 to 519.5,3,"[0, 0, 0, 0, 0, 0, 0, 2, 0, 1, 0, 0]",9,cMajor,Piano Sonata K570 i Bb major.mid by Mozart.csv,1789,Gmaj-root,G-BD,red,9
495,520.0 to 520.5,10,"[0, 0, 0, 0, 1, 1, 0, 1, 0, 0, 0, 0]",9,cMajor,Piano Sonata K570 i Bb major.mid by Mozart.csv,1789,Cmaj2-5tet,DEFG,violet,6
496,521.0 to 521.5,0,"[1, 0, 1, 0, 0, 0, 0, 0, 0, 0, 0, 0]",2,cMajor,Piano Sonata K570 i Bb major.mid by Mozart.csv,1789,VofG,D-F#A,greenyellow,15
497,522.0 to 522.8333333,18,"[1, 0, 1, 0, 0, 1, 0, 0, 0, 0, 0, 1]",4,gMajor,Piano Sonata K570 i Bb major.mid by Mozart.csv,1789,V-IofC,D-GBC,crimson,11
498,523.0 to 523.0,16,"[0, 0, 0, 0, 0, 1, 0, 0, 0, 0, 0, 1]",4,eMajor,Piano Sonata K570 i Bb major.mid by Mozart.csv,1789,chr,FGAB,mediumpurple,10
499,524.0 to 524.0,0,"[0, 0, 1, 0, 0, 0, 0, 0, 0, 0, 0, 0]",2,dMajor,Piano Sonata K570 i Bb major.mid by Mozart.csv,1789,VofG,D-F#A,greenyellow,15
500,525.0 to 525.0,16,"[0, 0, 0, 0, 0, 0, 0, 0, 0, 0, 0, 1]",3,eMajor,Piano Sonata K570 i Bb major.mid by Mozart.csv,1789,chr,FGAB,mediumpurple,10
501,527.0 to 527.0,0,"[0, 0, 1, 0, 0, 0, 0, 0, 0, 0, 0, 0]",2,dMajor,Piano Sonata K570 i Bb major.mid by Mozart.csv,1789,VofG,D-F#A,greenyellow,15
502,528.0 to 528.875,19,"[0, 0, 0, 0, 0, 2, 0, 0, 0, 0, 0, 0]",8,c#Major,Piano Sonata K570 i Bb major.mid by Mozart.csv,1789,4ofC,F-AC,cyan,1
503,529.0 to 529.875,19,"[0, 0, 0, 0, 0, 2, 0, 0, 0, 0, 0, 0]",8,c#Major,Piano Sonata K570 i Bb major.mid by Mozart.csv,1789,4ofC,F-AC,cyan,1
504,530.0 to 530.5,16,"[0, 0, 0, 0, 0, 1, 0, 0, 0, 0, 0, 1]",4,eMajor,Piano Sonata K570 i Bb major.mid by Mozart.csv,1789,chr,FGAB,mediumpurple,10
505,531.0 to 531.5,2,"[0, 0, 1, 0, 0, 1, 0, 1, 0, 0, 0, 0]",0,gMajor,Piano Sonata K570 i Bb major.mid by Mozart.csv,1789,2/4ofCmaj,DF,green,4
506,532.0 to 532.5,0,"[0, 0, 2, 0, 1, 0, 0, 0, 0, 0, 0, 0]",2,dMajor,Piano Sonata K570 i Bb major.mid by Mozart.csv,1789,VofG,D-F#A,greenyellow,15
507,533.0 to 533.5,13,"[1, 0, 0, 0, 0, 0, 0, 0, 0, 0, 0, 1]",1,gMajor,Piano Sonata K570 i Bb major.mid by Mozart.csv,1789,Cmaj5-1tet,BC-AG,darkviolet,12
508,534.0 to 534.5,4,"[1, 0, 0, 0, 1, 0, 0, 1, 0, 0, 0, 0]",1,cMajor,Piano Sonata K570 i Bb major.mid by Mozart.csv,1789,Cmaj3rd5th,EG-C,mediumvioletred,8
509,535.0 to 535.5,4,"[1, 0, 0, 0, 2, 0, 0, 1, 0, 0, 0, 0]",1,cMajor,Piano Sonata K570 i Bb major.mid by Mozart.csv,1789,Cmaj3rd5th,EG-C,mediumvioletred,8
510,536.0 to 536.5,4,"[1, 0, 1, 0, 1, 0, 0, 1, 0, 0, 0, 0]",1,cMajor,Piano Sonata K570 i Bb major.mid by Mozart.csv,1789,Cmaj3rd5th,EG-C,mediumvioletred,8
511,537.0 to 537.5,16,"[0, 0, 0, 0, 0, 1, 0, 1, 0, 0, 0, 1]",0,gMajor,Piano Sonata K570 i Bb major.mid by Mozart.csv,1789,chr,FGAB,mediumpurple,10
512,538.0 to 538.5,16,"[0, 0, 0, 0, 0, 1, 0, 1, 0, 1, 0, 1]",0,fMajor,Piano Sonata K570 i Bb major.mid by Mozart.csv,1789,chr,FGAB,mediumpurple,10
513,539.0 to 539.5,3,"[0, 0, 0, 0, 0, 1, 0, 2, 0, 0, 0, 1]",0,gMajor,Piano Sonata K570 i Bb major.mid by Mozart.csv,1789,Gmaj-root,G-BD,red,9
514,540.0 to 540.5,4,"[1, 0, 0, 0, 1, 0, 0, 1, 0, 0, 0, 0]",1,cMajor,Piano Sonata K570 i Bb major.mid by Mozart.csv,1789,Cmaj3rd5th,EG-C,mediumvioletred,8
515,541.0 to 541.5,4,"[1, 0, 0, 0, 2, 0, 0, 1, 0, 0, 0, 0]",1,cMajor,Piano Sonata K570 i Bb major.mid by Mozart.csv,1789,Cmaj3rd5th,EG-C,mediumvioletred,8
516,542.0 to 542.5,4,"[1, 0, 1, 0, 1, 0, 0, 1, 0, 0, 0, 0]",1,cMajor,Piano Sonata K570 i Bb major.mid by Mozart.csv,1789,Cmaj3rd5th,EG-C,mediumvioletred,8
517,543.0 to 543.5,16,"[0, 0, 0, 0, 0, 1, 0, 1, 0, 0, 0, 1]",0,gMajor,Piano Sonata K570 i Bb major.mid by Mozart.csv,1789,chr,FGAB,mediumpurple,10
518,544.0 to 544.5,16,"[0, 0, 0, 0, 0, 1, 0, 1, 1, 0, 0, 1]",0,eMajor,Piano Sonata K570 i Bb major.mid by Mozart.csv,1789,chr,FGAB,mediumpurple,10
519,545.0 to 545.5,3,"[0, 0, 0, 0, 0, 1, 0, 2, 0, 0, 0, 1]",0,gMajor,Piano Sonata K570 i Bb major.mid by Mozart.csv,1789,Gmaj-root,G-BD,red,9
520,546.0 to 546.5,16,"[1, 0, 0, 1, 0, 0, 0, 1, 0, 0, 0, 0]",7,e-Minor,Piano Sonata K570 i Bb major.mid by Mozart.csv,1789,chr,FGAB,mediumpurple,10
521,547.0 to 547.5,3,"[0, 0, 0, 1, 0, 0, 0, 2, 0, 0, 0, 0]",9,e-Major,Piano Sonata K570 i Bb major.mid by Mozart.csv,1789,Gmaj-root,G-BD,red,9
522,548.0 to 548.875,16,"[0, 0, 1, 2, 0, 0, 0, 1, 0, 0, 0, 0]",7,e-Major,Piano Sonata K570 i Bb major.mid by Mozart.csv,1789,chr,FGAB,mediumpurple,10
523,549.0 to 549.75,16,"[0, 1, 0, 0, 1, 0, 0, 1, 0, 1, 0, 0]",3,aMajor,Piano Sonata K570 i Bb major.mid by Mozart.csv,1789,chr,FGAB,mediumpurple,10
524,550.0 to 550.5,11,"[0, 0, 0, 0, 1, 0, 0, 1, 0, 1, 1, 0]",3,e-Major,Piano Sonata K570 i Bb major.mid by Mozart.csv,1789,iv_ofDmin,GBb-C#D,yellow,0
525,551.0 to 551.75,12,"[1, 0, 0, 0, 1, 0, 0, 1, 0, 2, 0, 0]",3,cMinor,Piano Sonata K570 i Bb major.mid by Mozart.csv,1789,AminTriad,ACE,steelblue,14
526,552.0 to 552.75,2,"[0, 0, 2, 0, 1, 1, 0, 0, 0, 0, 0, 0]",4,b-Major,Piano Sonata K570 i Bb major.mid by Mozart.csv,1789,2/4ofCmaj,DF,green,4
527,553.0 to 553.75,3,"[0, 0, 0, 0, 0, 0, 1, 2, 0, 0, 0, 1]",9,gMajor,Piano Sonata K570 i Bb major.mid by Mozart.csv,1789,Gmaj-root,G-BD,red,9
528,554.0 to 554.5,4,"[1, 0, 0, 0, 1, 1, 0, 1, 0, 0, 0, 0]",1,cMajor,Piano Sonata K570 i Bb major.mid by Mozart.csv,1789,Cmaj3rd5th,EG-C,mediumvioletred,8
529,555.0 to 555.75,2,"[0, 0, 1, 0, 1, 2, 0, 0, 0, 0, 0, 0]",4,b-Major,Piano Sonata K570 i Bb major.mid by Mozart.csv,1789,2/4ofCmaj,DF,green,4
530,556.0 to 556.875,4,"[1, 0, 0, 0, 1, 0, 0, 1, 0, 0, 0, 0]",1,cMajor,Piano Sonata K570 i Bb major.mid by Mozart.csv,1789,Cmaj3rd5th,EG-C,mediumvioletred,8
531,557.0 to 557.875,13,"[1, 0, 1, 0, 0, 0, 0, 1, 0, 1, 0, 1]",5,gMajor,Piano Sonata K570 i Bb major.mid by Mozart.csv,1789,Cmaj5-1tet,BC-AG,darkviolet,12
532,558.0 to 558.75,8,"[2, 0, 0, 0, 0, 0, 1, 1, 0, 0, 0, 0]",1,cMajor,Piano Sonata K570 i Bb major.mid by Mozart.csv,1789,Cmaj-root,C-EG,slateblue,2
533,559.0 to 559.75,1,"[1, 0, 0, 0, 1, 0, 1, 1, 0, 1, 0, 0]",3,cMajor,Piano Sonata K570 i Bb major.mid by Mozart.csv,1789,Gmaj-IV/vii,F#G-ACE,salmon,16
534,560.0 to 560.75,10,"[1, 0, 1, 0, 1, 1, 0, 1, 0, 0, 0, 0]",4,cMajor,Piano Sonata K570 i Bb major.mid by Mozart.csv,1789,Cmaj2-5tet,DEFG,violet,6
535,561.0 to 561.75,5,"[0, 0, 1, 0, 0, 0, 1, 1, 0, 0, 0, 1]",5,gMajor,Piano Sonata K570 i Bb major.mid by Mozart.csv,1789,Gmaj3rd5th,BD-G,gold,17
536,562.0 to 562.875,9,"[0, 0, 0, 0, 0, 0, 1, 1, 0, 2, 0, 0]",3,dMajor,Piano Sonata K570 i Bb major.mid by Mozart.csv,1789,6-1ofC,A-CF,deepskyblue,7
537,563.0 to 563.875,3,"[0, 0, 0, 0, 0, 1, 0, 2, 0, 0, 0, 1]",0,gMajor,Piano Sonata K570 i Bb major.mid by Mozart.csv,1789,Gmaj-root,G-BD,red,9
538,564.0 to 564.75,1,"[1, 0, 0, 1, 1, 0, 1, 1, 0, 0, 0, 0]",7,e-Minor,Piano Sonata K570 i Bb major.mid by Mozart.csv,1789,Gmaj-IV/vii,F#G-ACE,salmon,16
539,565.0 to 565.75,1,"[1, 0, 0, 0, 1, 0, 1, 1, 0, 1, 0, 0]",3,cMajor,Piano Sonata K570 i Bb major.mid by Mozart.csv,1789,Gmaj-IV/vii,F#G-ACE,salmon,16
540,566.0 to 566.75,10,"[1, 0, 1, 0, 1, 1, 0, 1, 0, 0, 0, 0]",4,cMajor,Piano Sonata K570 i Bb major.mid by Mozart.csv,1789,Cmaj2-5tet,DEFG,violet,6
541,567.0 to 567.75,5,"[0, 0, 1, 0, 0, 0, 1, 1, 0, 0, 0, 1]",5,gMajor,Piano Sonata K570 i Bb major.mid by Mozart.csv,1789,Gmaj3rd5th,BD-G,gold,17
542,568.0 to 568.875,9,"[0, 0, 0, 0, 0, 0, 1, 1, 0, 2, 0, 0]",3,dMajor,Piano Sonata K570 i Bb major.mid by Mozart.csv,1789,6-1ofC,A-CF,deepskyblue,7
543,569.0 to 569.75,3,"[0, 0, 0, 0, 0, 1, 0, 2, 0, 0, 0, 1]",0,gMajor,Piano Sonata K570 i Bb major.mid by Mozart.csv,1789,Gmaj-root,G-BD,red,9
544,570.0 to 570.875,1,"[1, 0, 0, 0, 1, 0, 1, 1, 0, 0, 0, 0]",1,cMajor,Piano Sonata K570 i Bb major.mid by Mozart.csv,1789,Gmaj-IV/vii,F#G-ACE,salmon,16
545,571.0 to 571.75,1,"[0, 0, 0, 0, 0, 0, 1, 2, 0, 1, 0, 0]",9,dMajor,Piano Sonata K570 i Bb major.mid by Mozart.csv,1789,Gmaj-IV/vii,F#G-ACE,salmon,16
546,572.0 to 572.75,10,"[0, 0, 1, 0, 1, 1, 0, 1, 0, 0, 1, 0]",4,b-Major,Piano Sonata K570 i Bb major.mid by Mozart.csv,1789,Cmaj2-5tet,DEFG,violet,6
547,573.0 to 573.8333332999998,14,"[0, 1, 0, 0, 1, 0, 0, 0, 1, 1, 0, 0]",6,aMajor,Piano Sonata K570 i Bb major.mid by Mozart.csv,1789,VofAmin,E-BCD,indigo,19
548,574.0 to 574.75,16,"[0, 1, 0, 0, 0, 0, 0, 0, 1, 1, 1, 1]",3,c#Major,Piano Sonata K570 i Bb major.mid by Mozart.csv,1789,chr,FGAB,mediumpurple,10
549,575.0 to 575.875,9,"[0, 1, 0, 0, 0, 0, 0, 1, 0, 2, 0, 0]",3,aMajor,Piano Sonata K570 i Bb major.mid by Mozart.csv,1789,6-1ofC,A-CF,deepskyblue,7
550,576.0 to 576.75,7,"[0, 0, 1, 0, 0, 0, 2, 0, 0, 1, 0, 0]",2,dMajor,Piano Sonata K570 i Bb major.mid by Mozart.csv,1789,V7ofG,DF#AC,lime,18
551,577.0 to 577.75,2,"[0, 0, 1, 0, 0, 1, 0, 0, 1, 0, 0, 1]",4,gMajor,Piano Sonata K570 i Bb major.mid by Mozart.csv,1789,2/4ofCmaj,DF,green,4
552,578.0 to 578.75,4,"[1, 0, 0, 0, 2, 0, 0, 1, 0, 0, 0, 0]",1,cMajor,Piano Sonata K570 i Bb major.mid by Mozart.csv,1789,Cmaj3rd5th,EG-C,mediumvioletred,8
553,579.0 to 579.75,19,"[0, 0, 1, 0, 1, 3, 0, 0, 0, 0, 0, 0]",4,b-Major,Piano Sonata K570 i Bb major.mid by Mozart.csv,1789,4ofC,F-AC,cyan,1
554,580.0 to 580.8333332999998,4,"[1, 0, 1, 0, 2, 0, 0, 1, 0, 0, 0, 0]",1,cMajor,Piano Sonata K570 i Bb major.mid by Mozart.csv,1789,Cmaj3rd5th,EG-C,mediumvioletred,8
555,581.0 to 581.75,18,"[1, 0, 2, 0, 0, 1, 0, 0, 0, 0, 0, 1]",4,gMajor,Piano Sonata K570 i Bb major.mid by Mozart.csv,1789,V-IofC,D-GBC,crimson,11
556,582.0 to 582.8333332999998,17,"[2, 0, 0, 0, 2, 1, 0, 1, 0, 0, 0, 0]",1,cMajor,Piano Sonata K570 i Bb major.mid by Mozart.csv,1789,CmajTriad,CEG,blueviolet,5
557,583.0 to 583.75,18,"[1, 0, 1, 0, 1, 0, 0, 0, 0, 0, 0, 1]",1,eMajor,Piano Sonata K570 i Bb major.mid by Mozart.csv,1789,V-IofC,D-GBC,crimson,11
558,584.0 to 584.75,10,"[0, 0, 0, 0, 2, 1, 0, 2, 0, 1, 0, 0]",9,cMajor,Piano Sonata K570 i Bb major.mid by Mozart.csv,1789,Cmaj2-5tet,DEFG,violet,6
559,585.0 to 585.8333332999998,19,"[0, 0, 1, 0, 0, 2, 0, 1, 0, 2, 0, 0]",8,fMinor,Piano Sonata K570 i Bb major.mid by Mozart.csv,1789,4ofC,F-AC,cyan,1
560,586.0 to 586.8333332999998,10,"[1, 0, 1, 0, 1, 1, 0, 1, 0, 0, 0, 0]",4,cMajor,Piano Sonata K570 i Bb major.mid by Mozart.csv,1789,Cmaj2-5tet,DEFG,violet,6
561,587.0 to 587.75,7,"[2, 0, 1, 0, 0, 0, 1, 1, 0, 2, 0, 1]",3,fMajor,Piano Sonata K570 i Bb major.mid by Mozart.csv,1789,V7ofG,DF#AC,lime,18
562,588.0 to 588.75,17,"[2, 0, 0, 0, 1, 0, 0, 2, 0, 0, 0, 0]",1,cMajor,Piano Sonata K570 i Bb major.mid by Mozart.csv,1789,CmajTriad,CEG,blueviolet,5
563,589.0 to 589.75,17,"[1, 0, 0, 0, 2, 0, 0, 2, 0, 0, 0, 0]",9,cMajor,Piano Sonata K570 i Bb major.mid by Mozart.csv,1789,CmajTriad,CEG,blueviolet,5
564,590.0 to 590.75,17,"[2, 0, 0, 0, 2, 0, 0, 1, 0, 0, 0, 0]",1,cMajor,Piano Sonata K570 i Bb major.mid by Mozart.csv,1789,CmajTriad,CEG,blueviolet,5
565,591.0 to 591.875,10,"[0, 0, 1, 0, 1, 1, 0, 1, 0, 0, 0, 1]",4,gMinor,Piano Sonata K570 i Bb major.mid by Mozart.csv,1789,Cmaj2-5tet,DEFG,violet,6
566,592.0 to 592.875,10,"[0, 0, 1, 0, 1, 1, 0, 1, 0, 0, 0, 1]",4,gMinor,Piano Sonata K570 i Bb major.mid by Mozart.csv,1789,Cmaj2-5tet,DEFG,violet,6
567,593.0 to 593.75,10,"[1, 0, 1, 0, 1, 1, 0, 1, 0, 0, 0, 1]",4,cMajor,Piano Sonata K570 i Bb major.mid by Mozart.csv,1789,Cmaj2-5tet,DEFG,violet,6
568,594.0 to 594.6666667000002,8,"[2, 0, 0, 0, 1, 0, 0, 0, 0, 0, 0, 0]",1,cMajor,Piano Sonata K570 i Bb major.mid by Mozart.csv,1789,Cmaj-root,C-EG,slateblue,2
569,595.0 to 595.5,4,"[1, 0, 0, 0, 0, 0, 0, 1, 0, 0, 0, 0]",9,cMajor,Piano Sonata K570 i Bb major.mid by Mozart.csv,1789,Cmaj3rd5th,EG-C,mediumvioletred,8
570,596.0 to 596.5,16,"[0, 0, 0, 0, 0, 0, 0, 0, 0, 0, 1, 1]",3,e-Major,Piano Sonata K570 i Bb major.mid by Mozart.csv,1789,chr,FGAB,mediumpurple,10
571,597.0 to 597.5,9,"[1, 0, 0, 0, 0, 0, 1, 0, 0, 1, 0, 0]",3,dMajor,Piano Sonata K570 i Bb major.mid by Mozart.csv,1789,6-1ofC,A-CF,deepskyblue,7
572,598.0 to 598.5,1,"[1, 0, 0, 0, 0, 0, 1, 2, 0, 0, 0, 0]",9,cMajor,Piano Sonata K570 i Bb major.mid by Mozart.csv,1789,Gmaj-IV/vii,F#G-ACE,salmon,16
573,599.0 to 599.5,9,"[1, 0, 0, 0, 0, 1, 0, 0, 0, 1, 0, 0]",8,fMajor,Piano Sonata K570 i Bb major.mid by Mozart.csv,1789,6-1ofC,A-CF,deepskyblue,7
574,600.0 to 600.5,4,"[1, 0, 0, 0, 1, 0, 0, 1, 0, 0, 0, 0]",1,cMajor,Piano Sonata K570 i Bb major.mid by Mozart.csv,1789,Cmaj3rd5th,EG-C,mediumvioletred,8
575,601.0 to 601.8333332999998,13,"[1, 0, 0, 0, 0, 0, 0, 1, 0, 1, 0, 1]",3,fMajor,Piano Sonata K570 i Bb major.mid by Mozart.csv,1789,Cmaj5-1tet,BC-AG,darkviolet,12
576,602.0 to 602.75,19,"[1, 0, 1, 0, 1, 2, 0, 1, 0, 1, 0, 0]",8,fMajor,Piano Sonata K570 i Bb major.mid by Mozart.csv,1789,4ofC,F-AC,cyan,1
577,603.0 to 603.5,14,"[0, 0, 0, 0, 2, 0, 0, 1, 0, 0, 0, 0]",6,cMajor,Piano Sonata K570 i Bb major.mid by Mozart.csv,1789,VofAmin,E-BCD,indigo,19
578,604.0 to 604.625,14,"[1, 0, 0, 0, 2, 1, 0, 0, 0, 0, 0, 0]",6,cMajor,Piano Sonata K570 i Bb major.mid by Mozart.csv,1789,VofAmin,E-BCD,indigo,19
579,605.0 to 605.75,2,"[0, 0, 1, 0, 0, 1, 0, 1, 0, 0, 0, 0]",0,gMajor,Piano Sonata K570 i Bb major.mid by Mozart.csv,1789,2/4ofCmaj,DF,green,4
580,606.0 to 606.5,8,"[2, 0, 0, 0, 1, 0, 0, 0, 0, 0, 0, 0]",1,cMajor,Piano Sonata K570 i Bb major.mid by Mozart.csv,1789,Cmaj-root,C-EG,slateblue,2
581,607.0 to 607.5,16,"[0, 0, 0, 0, 0, 0, 0, 0, 0, 0, 1, 1]",3,e-Major,Piano Sonata K570 i Bb major.mid by Mozart.csv,1789,chr,FGAB,mediumpurple,10
582,608.0 to 608.5,16,"[0, 0, 0, 0, 0, 0, 0, 0, 1, 1, 0, 0]",3,c#Major,Piano Sonata K570 i Bb major.mid by Mozart.csv,1789,chr,FGAB,mediumpurple,10
583,609.0 to 609.625,19,"[1, 0, 0, 0, 0, 2, 0, 0, 0, 1, 0, 0]",8,fMajor,Piano Sonata K570 i Bb major.mid by Mozart.csv,1789,4ofC,F-AC,cyan,1
584,610.0 to 610.625,3,"[0, 0, 0, 0, 0, 0, 0, 3, 0, 0, 0, 1]",9,gMajor,Piano Sonata K570 i Bb major.mid by Mozart.csv,1789,Gmaj-root,G-BD,red,9
585,611.0 to 611.625,9,"[0, 0, 0, 1, 0, 0, 1, 0, 0, 2, 0, 0]",3,dMajor,Piano Sonata K570 i Bb major.mid by Mozart.csv,1789,6-1ofC,A-CF,deepskyblue,7
586,612.0 to 612.8333332999998,3,"[0, 0, 0, 0, 1, 0, 0, 2, 0, 1, 0, 1]",9,gMinor,Piano Sonata K570 i Bb major.mid by Mozart.csv,1789,Gmaj-root,G-BD,red,9
587,613.0 to 613.75,13,"[2, 0, 0, 0, 1, 0, 0, 1, 0, 1, 0, 1]",1,cMajor,Piano Sonata K570 i Bb major.mid by Mozart.csv,1789,Cmaj5-1tet,BC-AG,darkviolet,12
588,614.0 to 614.875,10,"[1, 0, 1, 0, 2, 1, 0, 1, 0, 0, 0, 0]",4,cMajor,Piano Sonata K570 i Bb major.mid by Mozart.csv,1789,Cmaj2-5tet,DEFG,violet,6
589,615.0 to 615.5,4,"[0, 0, 0, 0, 1, 0, 0, 2, 0, 0, 0, 0]",9,cMajor,Piano Sonata K570 i Bb major.mid by Mozart.csv,1789,Cmaj3rd5th,EG-C,mediumvioletred,8
590,616.0 to 616.625,10,"[0, 0, 0, 0, 2, 1, 0, 1, 0, 0, 0, 0]",6,gMinor,Piano Sonata K570 i Bb major.mid by Mozart.csv,1789,Cmaj2-5tet,DEFG,violet,6
591,617.0 to 617.625,2,"[0, 0, 1, 0, 0, 1, 0, 1, 0, 0, 0, 0]",0,gMajor,Piano Sonata K570 i Bb major.mid by Mozart.csv,1789,2/4ofCmaj,DF,green,4
592,618.0 to 618.75,8,"[2, 0, 0, 0, 1, 0, 0, 1, 0, 0, 0, 0]",1,cMajor,Piano Sonata K570 i Bb major.mid by Mozart.csv,1789,Cmaj-root,C-EG,slateblue,2
593,619.0 to 619.75,9,"[1, 0, 0, 0, 0, 0, 0, 1, 0, 1, 0, 0]",3,cMajor,Piano Sonata K570 i Bb major.mid by Mozart.csv,1789,6-1ofC,A-CF,deepskyblue,7
594,620.0 to 620.75,10,"[0, 0, 1, 0, 1, 1, 0, 1, 0, 0, 0, 1]",4,gMinor,Piano Sonata K570 i Bb major.mid by Mozart.csv,1789,Cmaj2-5tet,DEFG,violet,6
595,621.0 to 621.75,8,"[2, 0, 0, 0, 1, 0, 0, 1, 0, 0, 0, 0]",1,cMajor,Piano Sonata K570 i Bb major.mid by Mozart.csv,1789,Cmaj-root,C-EG,slateblue,2
596,622.0 to 622.75,9,"[1, 0, 0, 0, 0, 0, 0, 1, 0, 1, 0, 0]",3,cMajor,Piano Sonata K570 i Bb major.mid by Mozart.csv,1789,6-1ofC,A-CF,deepskyblue,7
597,623.0 to 623.75,10,"[0, 0, 1, 0, 1, 1, 0, 2, 0, 0, 0, 1]",0,gMajor,Piano Sonata K570 i Bb major.mid by Mozart.csv,1789,Cmaj2-5tet,DEFG,violet,6
598,624.0 to 624.3333332999998,8,"[2, 0, 0, 0, 0, 0, 0, 0, 0, 0, 0, 0]",1,cMajor,Piano Sonata K570 i Bb major.mid by Mozart.csv,1789,Cmaj-root,C-EG,slateblue,2
599,625.0 to 625.375,8,"[2, 0, 0, 0, 1, 0, 0, 1, 0, 0, 0, 0]",1,cMajor,Piano Sonata K570 i Bb major.mid by Mozart.csv,1789,Cmaj-root,C-EG,slateblue,2
