index,offsetRange,CentroidLabelIndex_entireUnits,"[C,C#,D,E-,E,F,F#,G,G#,A,B-,B]",CentroidLabelIndex_individualUnit,triadLabel,filename,year,chordName,pc-labels,color,newCentroidIndex
0,3.0 to 3.5,8,"[2, 0, 0, 0, 1, 0, 0, 0, 0, 0, 0, 0]",3,cMajor,Piano Sonata K332 i F major.mid by Mozart.csv,1783,Cmaj-root,C-EG,slateblue,2
1,4.0 to 4.5,4,"[1, 0, 0, 0, 1, 0, 0, 1, 0, 0, 0, 0]",3,cMajor,Piano Sonata K332 i F major.mid by Mozart.csv,1783,Cmaj3rd5th,EG-C,mediumvioletred,8
2,5.0 to 5.5,14,"[0, 0, 0, 0, 2, 0, 0, 1, 0, 0, 0, 0]",8,cMajor,Piano Sonata K332 i F major.mid by Mozart.csv,1783,VofAmin,E-BCD,indigo,19
3,6.0 to 6.5,3,"[1, 0, 0, 0, 0, 0, 0, 2, 0, 0, 0, 0]",4,cMajor,Piano Sonata K332 i F major.mid by Mozart.csv,1783,Gmaj-root,G-BD,red,9
4,7.0 to 7.5,11,"[0, 0, 0, 0, 0, 0, 0, 2, 0, 0, 1, 0]",9,e-Major,Piano Sonata K332 i F major.mid by Mozart.csv,1783,iv_ofDmin,GBb-C#D,yellow,0
5,8.0 to 8.5,11,"[0, 0, 0, 0, 1, 0, 0, 1, 0, 0, 1, 0]",9,cMajor,Piano Sonata K332 i F major.mid by Mozart.csv,1783,iv_ofDmin,GBb-C#D,yellow,0
6,9.0 to 9.5,19,"[1, 0, 0, 0, 0, 2, 0, 0, 0, 0, 0, 0]",1,fMajor,Piano Sonata K332 i F major.mid by Mozart.csv,1783,4ofC,F-AC,cyan,1
7,10.0 to 10.5,19,"[0, 0, 0, 0, 0, 2, 0, 0, 0, 1, 0, 0]",1,fMajor,Piano Sonata K332 i F major.mid by Mozart.csv,1783,4ofC,F-AC,cyan,1
8,11.0 to 11.5,2,"[0, 0, 1, 0, 0, 1, 0, 0, 0, 1, 0, 0]",1,fMinor,Piano Sonata K332 i F major.mid by Mozart.csv,1783,2/4ofCmaj,DF,green,4
9,12.0 to 12.5,18,"[2, 0, 1, 0, 0, 0, 0, 0, 0, 0, 0, 1]",0,gMajor,Piano Sonata K332 i F major.mid by Mozart.csv,1783,V-IofC,D-GBC,crimson,11
10,13.0 to 13.875,2,"[0, 0, 1, 0, 0, 1, 0, 0, 0, 0, 0, 1]",5,gMajor,Piano Sonata K332 i F major.mid by Mozart.csv,1783,2/4ofCmaj,DF,green,4
11,14.0 to 14.5,2,"[0, 0, 1, 0, 0, 1, 0, 0, 0, 0, 0, 0]",1,b-Major,Piano Sonata K332 i F major.mid by Mozart.csv,1783,2/4ofCmaj,DF,green,4
12,15.0 to 15.875,8,"[2, 0, 0, 0, 1, 0, 0, 0, 0, 0, 0, 0]",3,cMajor,Piano Sonata K332 i F major.mid by Mozart.csv,1783,Cmaj-root,C-EG,slateblue,2
13,16.0 to 16.0,14,"[0, 0, 0, 0, 1, 0, 0, 0, 0, 0, 0, 0]",8,cMajor,Piano Sonata K332 i F major.mid by Mozart.csv,1783,VofAmin,E-BCD,indigo,19
14,17.0 to 17.0,16,"[0, 0, 0, 0, 0, 0, 0, 0, 0, 1, 0, 0]",7,dMajor,Piano Sonata K332 i F major.mid by Mozart.csv,1783,chr,FGAB,mediumpurple,10
15,18.0 to 18.0,0,"[0, 0, 1, 0, 0, 0, 0, 0, 0, 0, 0, 0]",6,dMajor,Piano Sonata K332 i F major.mid by Mozart.csv,1783,VofG,D-F#A,greenyellow,15
16,19.0 to 19.0,16,"[0, 0, 0, 0, 0, 0, 0, 1, 0, 0, 0, 0]",9,cMajor,Piano Sonata K332 i F major.mid by Mozart.csv,1783,chr,FGAB,mediumpurple,10
17,20.5 to 20.5,14,"[0, 0, 0, 0, 1, 0, 0, 0, 0, 0, 0, 0]",8,cMajor,Piano Sonata K332 i F major.mid by Mozart.csv,1783,VofAmin,E-BCD,indigo,19
18,21.0 to 21.875,8,"[2, 0, 0, 0, 0, 0, 0, 0, 0, 0, 0, 0]",3,cMajor,Piano Sonata K332 i F major.mid by Mozart.csv,1783,Cmaj-root,C-EG,slateblue,2
19,22.0 to 22.875,14,"[1, 0, 0, 0, 1, 0, 0, 0, 0, 0, 0, 0]",3,cMajor,Piano Sonata K332 i F major.mid by Mozart.csv,1783,VofAmin,E-BCD,indigo,19
20,23.0 to 23.66666667,9,"[1, 0, 0, 0, 0, 0, 0, 0, 0, 1, 0, 0]",7,fMajor,Piano Sonata K332 i F major.mid by Mozart.csv,1783,6-1ofC,A-CF,deepskyblue,7
21,24.0 to 24.875,0,"[1, 0, 2, 0, 0, 0, 0, 0, 0, 0, 0, 0]",6,dMajor,Piano Sonata K332 i F major.mid by Mozart.csv,1783,VofG,D-F#A,greenyellow,15
22,25.0 to 25.5,13,"[1, 0, 1, 0, 0, 0, 0, 1, 0, 1, 0, 1]",0,gMajor,Piano Sonata K332 i F major.mid by Mozart.csv,1783,Cmaj5-1tet,BC-AG,darkviolet,12
23,26.0 to 26.875,5,"[0, 0, 1, 0, 1, 0, 0, 1, 0, 0, 0, 1]",5,gMajor,Piano Sonata K332 i F major.mid by Mozart.csv,1783,Gmaj3rd5th,BD-G,gold,17
24,27.0 to 27.875,8,"[2, 0, 0, 0, 1, 0, 0, 0, 0, 0, 0, 0]",3,cMajor,Piano Sonata K332 i F major.mid by Mozart.csv,1783,Cmaj-root,C-EG,slateblue,2
25,28.0 to 28.875,9,"[1, 0, 0, 0, 0, 1, 0, 0, 0, 1, 0, 0]",7,fMajor,Piano Sonata K332 i F major.mid by Mozart.csv,1783,6-1ofC,A-CF,deepskyblue,7
26,29.0 to 29.66666667,9,"[1, 0, 0, 0, 0, 1, 0, 0, 0, 1, 0, 0]",7,fMajor,Piano Sonata K332 i F major.mid by Mozart.csv,1783,6-1ofC,A-CF,deepskyblue,7
27,30.0 to 30.875,4,"[1, 0, 0, 0, 1, 0, 0, 1, 0, 1, 0, 0]",7,cMajor,Piano Sonata K332 i F major.mid by Mozart.csv,1783,Cmaj3rd5th,EG-C,mediumvioletred,8
28,31.0 to 31.5,14,"[0, 0, 0, 0, 1, 1, 0, 0, 0, 0, 0, 0]",1,cMajor,Piano Sonata K332 i F major.mid by Mozart.csv,1783,VofAmin,E-BCD,indigo,19
29,32.0 to 32.875,9,"[1, 0, 1, 0, 0, 0, 0, 0, 0, 1, 0, 0]",0,dMajor,Piano Sonata K332 i F major.mid by Mozart.csv,1783,6-1ofC,A-CF,deepskyblue,7
30,33.0 to 33.0,2,"[0, 0, 1, 0, 0, 1, 0, 0, 0, 0, 0, 0]",1,b-Major,Piano Sonata K332 i F major.mid by Mozart.csv,1783,2/4ofCmaj,DF,green,4
31,34.0 to 34.0,16,"[0, 0, 0, 0, 0, 1, 0, 0, 0, 0, 0, 0]",1,c#Major,Piano Sonata K332 i F major.mid by Mozart.csv,1783,chr,FGAB,mediumpurple,10
32,35.0 to 35.0,16,"[0, 0, 0, 0, 0, 1, 0, 1, 0, 0, 0, 1]",5,gMajor,Piano Sonata K332 i F major.mid by Mozart.csv,1783,chr,FGAB,mediumpurple,10
33,36.0 to 36.0,8,"[2, 0, 0, 0, 1, 0, 0, 0, 0, 0, 0, 0]",3,cMajor,Piano Sonata K332 i F major.mid by Mozart.csv,1783,Cmaj-root,C-EG,slateblue,2
34,38.0 to 38.75,10,"[0, 0, 1, 0, 1, 2, 0, 2, 0, 0, 0, 0]",1,cMajor,Piano Sonata K332 i F major.mid by Mozart.csv,1783,Cmaj2-5tet,DEFG,violet,6
35,39.0 to 39.0,14,"[1, 0, 0, 0, 2, 0, 0, 0, 0, 0, 0, 0]",8,cMajor,Piano Sonata K332 i F major.mid by Mozart.csv,1783,VofAmin,E-BCD,indigo,19
36,40.0 to 40.0,14,"[1, 0, 0, 0, 2, 0, 0, 0, 0, 0, 0, 0]",8,cMajor,Piano Sonata K332 i F major.mid by Mozart.csv,1783,VofAmin,E-BCD,indigo,19
37,41.0 to 41.75,10,"[1, 0, 2, 0, 2, 0, 0, 1, 0, 0, 0, 0]",8,cMajor,Piano Sonata K332 i F major.mid by Mozart.csv,1783,Cmaj2-5tet,DEFG,violet,6
38,42.0 to 42.0,8,"[2, 0, 0, 0, 1, 0, 0, 0, 0, 0, 0, 0]",3,cMajor,Piano Sonata K332 i F major.mid by Mozart.csv,1783,Cmaj-root,C-EG,slateblue,2
39,43.0 to 43.0,8,"[2, 0, 0, 0, 1, 0, 0, 0, 0, 0, 0, 0]",3,cMajor,Piano Sonata K332 i F major.mid by Mozart.csv,1783,Cmaj-root,C-EG,slateblue,2
40,44.0 to 44.0,8,"[2, 0, 0, 0, 1, 0, 0, 0, 0, 0, 0, 0]",3,cMajor,Piano Sonata K332 i F major.mid by Mozart.csv,1783,Cmaj-root,C-EG,slateblue,2
41,45.0 to 45.0,5,"[0, 0, 2, 0, 0, 0, 0, 1, 0, 0, 0, 1]",5,gMajor,Piano Sonata K332 i F major.mid by Mozart.csv,1783,Gmaj3rd5th,BD-G,gold,17
42,46.0 to 46.0,5,"[0, 0, 2, 0, 0, 0, 0, 1, 0, 0, 0, 1]",5,gMajor,Piano Sonata K332 i F major.mid by Mozart.csv,1783,Gmaj3rd5th,BD-G,gold,17
43,47.0 to 47.0,5,"[0, 0, 2, 0, 0, 0, 0, 1, 0, 0, 0, 1]",5,gMajor,Piano Sonata K332 i F major.mid by Mozart.csv,1783,Gmaj3rd5th,BD-G,gold,17
44,48.0 to 48.0,5,"[0, 0, 2, 0, 0, 0, 0, 1, 0, 0, 0, 1]",5,gMajor,Piano Sonata K332 i F major.mid by Mozart.csv,1783,Gmaj3rd5th,BD-G,gold,17
45,49.0 to 49.0,8,"[2, 0, 0, 0, 2, 0, 0, 0, 0, 0, 0, 0]",3,cMajor,Piano Sonata K332 i F major.mid by Mozart.csv,1783,Cmaj-root,C-EG,slateblue,2
46,50.0 to 50.75,10,"[0, 0, 1, 0, 1, 2, 0, 2, 0, 1, 0, 0]",1,fMinor,Piano Sonata K332 i F major.mid by Mozart.csv,1783,Cmaj2-5tet,DEFG,violet,6
47,51.0 to 51.0,14,"[1, 0, 0, 0, 2, 0, 0, 0, 0, 0, 0, 0]",8,cMajor,Piano Sonata K332 i F major.mid by Mozart.csv,1783,VofAmin,E-BCD,indigo,19
48,52.0 to 52.0,14,"[1, 0, 0, 0, 2, 0, 0, 0, 0, 0, 0, 0]",8,cMajor,Piano Sonata K332 i F major.mid by Mozart.csv,1783,VofAmin,E-BCD,indigo,19
49,53.0 to 53.75,10,"[1, 0, 2, 0, 2, 1, 0, 1, 0, 0, 0, 0]",8,cMajor,Piano Sonata K332 i F major.mid by Mozart.csv,1783,Cmaj2-5tet,DEFG,violet,6
50,54.0 to 54.0,8,"[2, 0, 0, 0, 1, 0, 0, 0, 0, 0, 0, 0]",3,cMajor,Piano Sonata K332 i F major.mid by Mozart.csv,1783,Cmaj-root,C-EG,slateblue,2
51,55.0 to 55.0,8,"[2, 0, 0, 0, 1, 0, 0, 0, 0, 0, 0, 0]",3,cMajor,Piano Sonata K332 i F major.mid by Mozart.csv,1783,Cmaj-root,C-EG,slateblue,2
52,56.0 to 56.0,8,"[2, 0, 0, 0, 1, 0, 0, 0, 0, 0, 0, 0]",3,cMajor,Piano Sonata K332 i F major.mid by Mozart.csv,1783,Cmaj-root,C-EG,slateblue,2
53,57.0 to 57.0,0,"[0, 0, 2, 0, 0, 0, 0, 1, 0, 0, 0, 0]",6,gMajor,Piano Sonata K332 i F major.mid by Mozart.csv,1783,VofG,D-F#A,greenyellow,15
54,58.0 to 58.0,16,"[0, 0, 0, 0, 0, 1, 0, 0, 0, 0, 0, 0]",1,c#Major,Piano Sonata K332 i F major.mid by Mozart.csv,1783,chr,FGAB,mediumpurple,10
55,59.0 to 59.0,5,"[0, 0, 1, 0, 0, 1, 0, 1, 0, 0, 0, 1]",5,gMajor,Piano Sonata K332 i F major.mid by Mozart.csv,1783,Gmaj3rd5th,BD-G,gold,17
56,60.0 to 60.0,8,"[2, 0, 0, 0, 1, 0, 0, 0, 0, 0, 0, 0]",3,cMajor,Piano Sonata K332 i F major.mid by Mozart.csv,1783,Cmaj-root,C-EG,slateblue,2
57,62.0 to 62.0,3,"[0, 0, 0, 0, 0, 1, 0, 2, 0, 0, 0, 1]",4,gMajor,Piano Sonata K332 i F major.mid by Mozart.csv,1783,Gmaj-root,G-BD,red,9
58,63.0 to 63.0,8,"[2, 0, 0, 0, 1, 0, 0, 0, 0, 0, 0, 0]",3,cMajor,Piano Sonata K332 i F major.mid by Mozart.csv,1783,Cmaj-root,C-EG,slateblue,2
59,65.0 to 65.0,3,"[0, 0, 0, 0, 0, 1, 0, 2, 0, 0, 0, 1]",4,gMajor,Piano Sonata K332 i F major.mid by Mozart.csv,1783,Gmaj-root,G-BD,red,9
60,66.0 to 66.0,8,"[2, 0, 0, 0, 1, 0, 0, 0, 0, 0, 0, 0]",3,cMajor,Piano Sonata K332 i F major.mid by Mozart.csv,1783,Cmaj-root,C-EG,slateblue,2
61,68.0 to 68.0,16,"[0, 0, 0, 0, 0, 0, 0, 0, 3, 0, 0, 0]",2,c#Major,Piano Sonata K332 i F major.mid by Mozart.csv,1783,chr,FGAB,mediumpurple,10
62,69.0 to 69.5,9,"[1, 0, 0, 0, 0, 0, 0, 0, 0, 3, 0, 0]",7,fMajor,Piano Sonata K332 i F major.mid by Mozart.csv,1783,6-1ofC,A-CF,deepskyblue,7
63,70.0 to 70.75,12,"[2, 0, 1, 0, 1, 0, 0, 0, 0, 1, 0, 0]",0,cMinor,Piano Sonata K332 i F major.mid by Mozart.csv,1783,AminTriad,ACE,steelblue,14
64,71.0 to 71.75,12,"[1, 0, 0, 0, 2, 0, 0, 0, 0, 1, 0, 0]",8,cMinor,Piano Sonata K332 i F major.mid by Mozart.csv,1783,AminTriad,ACE,steelblue,14
65,72.0 to 72.75,9,"[2, 0, 0, 0, 0, 0, 0, 0, 0, 2, 0, 0]",7,fMajor,Piano Sonata K332 i F major.mid by Mozart.csv,1783,6-1ofC,A-CF,deepskyblue,7
66,73.0 to 73.5,14,"[1, 0, 0, 0, 2, 0, 0, 0, 0, 0, 0, 0]",8,cMajor,Piano Sonata K332 i F major.mid by Mozart.csv,1783,VofAmin,E-BCD,indigo,19
67,74.0 to 74.875,12,"[2, 0, 1, 0, 1, 0, 0, 0, 1, 1, 0, 1]",0,cMinor,Piano Sonata K332 i F major.mid by Mozart.csv,1783,AminTriad,ACE,steelblue,14
68,75.0 to 75.625,5,"[0, 0, 0, 0, 0, 1, 0, 0, 0, 0, 0, 2]",5,eMajor,Piano Sonata K332 i F major.mid by Mozart.csv,1783,Gmaj3rd5th,BD-G,gold,17
69,76.0 to 76.75,7,"[1, 0, 1, 1, 1, 1, 1, 0, 0, 1, 0, 0]",0,cMinor,Piano Sonata K332 i F major.mid by Mozart.csv,1783,V7ofG,DF#AC,lime,18
70,77.0 to 77.75,13,"[1, 0, 0, 0, 0, 0, 0, 0, 1, 1, 0, 1]",7,eMajor,Piano Sonata K332 i F major.mid by Mozart.csv,1783,Cmaj5-1tet,BC-AG,darkviolet,12
71,78.0 to 78.625,5,"[0, 0, 0, 0, 0, 1, 0, 0, 0, 0, 0, 2]",5,eMajor,Piano Sonata K332 i F major.mid by Mozart.csv,1783,Gmaj3rd5th,BD-G,gold,17
72,79.0 to 79.75,7,"[1, 0, 1, 1, 1, 1, 1, 0, 0, 1, 0, 0]",0,cMinor,Piano Sonata K332 i F major.mid by Mozart.csv,1783,V7ofG,DF#AC,lime,18
73,80.0 to 80.75,13,"[1, 0, 0, 0, 0, 0, 0, 0, 1, 1, 0, 1]",7,eMajor,Piano Sonata K332 i F major.mid by Mozart.csv,1783,Cmaj5-1tet,BC-AG,darkviolet,12
74,81.0 to 81.5,12,"[1, 0, 0, 0, 1, 0, 0, 0, 0, 1, 0, 0]",7,cMinor,Piano Sonata K332 i F major.mid by Mozart.csv,1783,AminTriad,ACE,steelblue,14
75,82.0 to 82.75,12,"[1, 0, 0, 0, 2, 0, 0, 0, 0, 2, 0, 0]",8,cMinor,Piano Sonata K332 i F major.mid by Mozart.csv,1783,AminTriad,ACE,steelblue,14
76,83.0 to 83.75,12,"[0, 0, 0, 0, 2, 0, 0, 0, 0, 2, 0, 0]",8,aMajor,Piano Sonata K332 i F major.mid by Mozart.csv,1783,AminTriad,ACE,steelblue,14
77,84.0 to 84.75,12,"[2, 0, 0, 0, 1, 0, 0, 0, 0, 1, 0, 0]",3,cMinor,Piano Sonata K332 i F major.mid by Mozart.csv,1783,AminTriad,ACE,steelblue,14
78,85.0 to 85.5,14,"[0, 0, 0, 0, 2, 0, 0, 0, 0, 1, 0, 0]",8,aMajor,Piano Sonata K332 i F major.mid by Mozart.csv,1783,VofAmin,E-BCD,indigo,19
79,86.0 to 86.5,12,"[1, 0, 0, 0, 1, 0, 0, 0, 0, 2, 0, 0]",7,cMinor,Piano Sonata K332 i F major.mid by Mozart.csv,1783,AminTriad,ACE,steelblue,14
80,87.0 to 87.625,9,"[1, 0, 0, 1, 0, 0, 1, 0, 0, 3, 0, 0]",7,dMajor,Piano Sonata K332 i F major.mid by Mozart.csv,1783,6-1ofC,A-CF,deepskyblue,7
81,88.0 to 88.75,7,"[2, 0, 1, 2, 0, 0, 2, 0, 0, 2, 0, 0]",0,dMajor,Piano Sonata K332 i F major.mid by Mozart.csv,1783,V7ofG,DF#AC,lime,18
82,89.0 to 89.75,1,"[0, 0, 0, 0, 0, 0, 1, 1, 0, 1, 1, 0]",9,dMajor,Piano Sonata K332 i F major.mid by Mozart.csv,1783,Gmaj-IV/vii,F#G-ACE,salmon,16
83,90.0 to 90.625,9,"[0, 0, 0, 1, 0, 0, 0, 0, 0, 2, 0, 0]",7,dMajor,Piano Sonata K332 i F major.mid by Mozart.csv,1783,6-1ofC,A-CF,deepskyblue,7
84,91.0 to 91.75,7,"[2, 0, 1, 2, 0, 0, 1, 0, 0, 1, 0, 0]",0,g#Major,Piano Sonata K332 i F major.mid by Mozart.csv,1783,V7ofG,DF#AC,lime,18
85,92.0 to 92.75,1,"[0, 0, 0, 0, 0, 0, 1, 1, 0, 1, 1, 0]",9,dMajor,Piano Sonata K332 i F major.mid by Mozart.csv,1783,Gmaj-IV/vii,F#G-ACE,salmon,16
86,93.0 to 93.875,11,"[0, 0, 1, 0, 0, 0, 0, 1, 0, 0, 1, 0]",9,b-Minor,Piano Sonata K332 i F major.mid by Mozart.csv,1783,iv_ofDmin,GBb-C#D,yellow,0
87,94.0 to 94.75,3,"[0, 0, 2, 0, 0, 0, 0, 2, 0, 0, 0, 0]",4,gMajor,Piano Sonata K332 i F major.mid by Mozart.csv,1783,Gmaj-root,G-BD,red,9
88,95.0 to 95.75,11,"[0, 0, 1, 0, 0, 0, 0, 2, 0, 0, 1, 0]",9,b-Minor,Piano Sonata K332 i F major.mid by Mozart.csv,1783,iv_ofDmin,GBb-C#D,yellow,0
89,96.0 to 96.75,0,"[0, 0, 2, 0, 0, 0, 0, 0, 0, 0, 2, 0]",6,b-Major,Piano Sonata K332 i F major.mid by Mozart.csv,1783,VofG,D-F#A,greenyellow,15
90,97.0 to 97.625,3,"[0, 0, 1, 0, 0, 0, 0, 2, 0, 0, 0, 0]",4,gMajor,Piano Sonata K332 i F major.mid by Mozart.csv,1783,Gmaj-root,G-BD,red,9
91,98.0 to 98.5,5,"[0, 0, 1, 0, 0, 0, 0, 1, 0, 0, 0, 0]",5,gMajor,Piano Sonata K332 i F major.mid by Mozart.csv,1783,Gmaj3rd5th,BD-G,gold,17
92,99.0 to 99.875,11,"[0, 0, 0, 0, 0, 0, 0, 2, 0, 0, 1, 0]",9,e-Major,Piano Sonata K332 i F major.mid by Mozart.csv,1783,iv_ofDmin,GBb-C#D,yellow,0
93,100.0 to 100.75,11,"[0, 0, 1, 1, 0, 0, 0, 1, 0, 0, 1, 0]",9,e-Major,Piano Sonata K332 i F major.mid by Mozart.csv,1783,iv_ofDmin,GBb-C#D,yellow,0
94,101.0 to 101.75,11,"[0, 0, 0, 1, 0, 0, 0, 1, 0, 0, 2, 0]",9,e-Major,Piano Sonata K332 i F major.mid by Mozart.csv,1783,iv_ofDmin,GBb-C#D,yellow,0
95,102.0 to 102.75,11,"[0, 0, 0, 1, 0, 0, 0, 1, 0, 0, 2, 0]",9,e-Major,Piano Sonata K332 i F major.mid by Mozart.csv,1783,iv_ofDmin,GBb-C#D,yellow,0
96,103.0 to 103.625,11,"[0, 0, 0, 1, 0, 0, 0, 1, 0, 0, 1, 0]",9,e-Major,Piano Sonata K332 i F major.mid by Mozart.csv,1783,iv_ofDmin,GBb-C#D,yellow,0
97,104.0 to 104.5,16,"[0, 0, 0, 1, 0, 0, 0, 0, 0, 0, 1, 0]",2,e-Major,Piano Sonata K332 i F major.mid by Mozart.csv,1783,chr,FGAB,mediumpurple,10
98,105.0 to 105.875,3,"[0, 0, 0, 1, 0, 0, 0, 2, 0, 0, 0, 0]",4,e-Major,Piano Sonata K332 i F major.mid by Mozart.csv,1783,Gmaj-root,G-BD,red,9
99,106.0 to 106.75,11,"[0, 1, 0, 0, 0, 0, 0, 2, 0, 0, 1, 0]",9,e-Major,Piano Sonata K332 i F major.mid by Mozart.csv,1783,iv_ofDmin,GBb-C#D,yellow,0
100,107.0 to 107.75,11,"[0, 0, 0, 0, 0, 0, 0, 2, 0, 0, 2, 0]",9,e-Major,Piano Sonata K332 i F major.mid by Mozart.csv,1783,iv_ofDmin,GBb-C#D,yellow,0
101,108.0 to 108.75,11,"[0, 1, 0, 1, 0, 0, 0, 1, 0, 0, 1, 0]",9,e-Major,Piano Sonata K332 i F major.mid by Mozart.csv,1783,iv_ofDmin,GBb-C#D,yellow,0
102,109.0 to 109.875,11,"[0, 0, 0, 0, 0, 0, 0, 2, 0, 0, 1, 0]",9,e-Major,Piano Sonata K332 i F major.mid by Mozart.csv,1783,iv_ofDmin,GBb-C#D,yellow,0
103,110.0 to 110.875,11,"[0, 1, 1, 0, 0, 0, 1, 1, 0, 1, 1, 0]",9,dMajor,Piano Sonata K332 i F major.mid by Mozart.csv,1783,iv_ofDmin,GBb-C#D,yellow,0
104,111.0 to 111.5,0,"[0, 0, 2, 0, 0, 0, 1, 0, 0, 0, 0, 0]",6,dMajor,Piano Sonata K332 i F major.mid by Mozart.csv,1783,VofG,D-F#A,greenyellow,15
105,112.0 to 112.75,0,"[0, 0, 2, 0, 0, 0, 0, 0, 0, 1, 0, 0]",6,dMajor,Piano Sonata K332 i F major.mid by Mozart.csv,1783,VofG,D-F#A,greenyellow,15
106,113.0 to 113.75,11,"[1, 0, 0, 0, 0, 0, 0, 2, 0, 1, 2, 0]",9,e-Major,Piano Sonata K332 i F major.mid by Mozart.csv,1783,iv_ofDmin,GBb-C#D,yellow,0
107,114.0 to 114.5,0,"[0, 0, 2, 0, 0, 0, 1, 0, 0, 0, 0, 0]",6,dMajor,Piano Sonata K332 i F major.mid by Mozart.csv,1783,VofG,D-F#A,greenyellow,15
108,115.0 to 115.75,0,"[0, 0, 2, 0, 0, 0, 0, 0, 0, 1, 0, 0]",6,dMajor,Piano Sonata K332 i F major.mid by Mozart.csv,1783,VofG,D-F#A,greenyellow,15
109,116.0 to 116.75,11,"[1, 0, 0, 0, 0, 0, 0, 2, 0, 1, 2, 0]",9,e-Major,Piano Sonata K332 i F major.mid by Mozart.csv,1783,iv_ofDmin,GBb-C#D,yellow,0
110,117.0 to 117.0,0,"[0, 0, 3, 0, 0, 0, 0, 0, 0, 0, 0, 0]",6,dMajor,Piano Sonata K332 i F major.mid by Mozart.csv,1783,VofG,D-F#A,greenyellow,15
111,118.5 to 118.75,0,"[0, 0, 2, 2, 0, 0, 0, 0, 0, 0, 0, 0]",6,g#Major,Piano Sonata K332 i F major.mid by Mozart.csv,1783,VofG,D-F#A,greenyellow,15
112,119.0 to 119.75,11,"[2, 0, 0, 0, 0, 0, 0, 2, 0, 2, 2, 0]",9,fMajor,Piano Sonata K332 i F major.mid by Mozart.csv,1783,iv_ofDmin,GBb-C#D,yellow,0
113,120.0 to 120.0,0,"[0, 0, 2, 0, 0, 0, 0, 0, 0, 0, 0, 0]",6,dMajor,Piano Sonata K332 i F major.mid by Mozart.csv,1783,VofG,D-F#A,greenyellow,15
114,121.0 to 121.0,0,"[0, 0, 2, 0, 0, 0, 0, 0, 0, 0, 0, 0]",6,dMajor,Piano Sonata K332 i F major.mid by Mozart.csv,1783,VofG,D-F#A,greenyellow,15
115,122.6666667 to 122.875,0,"[0, 0, 2, 0, 0, 0, 0, 1, 0, 0, 0, 0]",6,gMajor,Piano Sonata K332 i F major.mid by Mozart.csv,1783,VofG,D-F#A,greenyellow,15
116,123.0 to 123.25,16,"[0, 0, 0, 0, 0, 0, 0, 1, 0, 0, 0, 1]",5,gMajor,Piano Sonata K332 i F major.mid by Mozart.csv,1783,chr,FGAB,mediumpurple,10
117,124.0 to 124.0,16,"[0, 0, 0, 0, 0, 0, 0, 0, 0, 0, 0, 1]",5,eMajor,Piano Sonata K332 i F major.mid by Mozart.csv,1783,chr,FGAB,mediumpurple,10
118,125.0 to 125.875,7,"[0, 0, 1, 0, 0, 0, 1, 0, 0, 1, 0, 1]",6,dMajor,Piano Sonata K332 i F major.mid by Mozart.csv,1783,V7ofG,DF#AC,lime,18
119,126.0 to 126.875,0,"[1, 0, 1, 0, 0, 0, 0, 0, 0, 0, 0, 0]",0,cMajor,Piano Sonata K332 i F major.mid by Mozart.csv,1783,VofG,D-F#A,greenyellow,15
120,127.5 to 127.5,16,"[1, 0, 0, 0, 0, 0, 0, 0, 0, 0, 0, 0]",2,cMajor,Piano Sonata K332 i F major.mid by Mozart.csv,1783,chr,FGAB,mediumpurple,10
121,128.0 to 128.0,16,"[0, 0, 0, 0, 0, 0, 0, 0, 0, 1, 0, 0]",7,dMajor,Piano Sonata K332 i F major.mid by Mozart.csv,1783,chr,FGAB,mediumpurple,10
122,129.0 to 129.875,3,"[0, 0, 0, 0, 0, 0, 0, 2, 0, 1, 0, 1]",4,gMajor,Piano Sonata K332 i F major.mid by Mozart.csv,1783,Gmaj-root,G-BD,red,9
123,130.0 to 130.875,5,"[0, 0, 1, 0, 0, 0, 0, 1, 0, 0, 0, 1]",5,gMajor,Piano Sonata K332 i F major.mid by Mozart.csv,1783,Gmaj3rd5th,BD-G,gold,17
124,131.0 to 131.875,0,"[0, 0, 2, 0, 0, 0, 1, 1, 0, 1, 0, 0]",6,dMajor,Piano Sonata K332 i F major.mid by Mozart.csv,1783,VofG,D-F#A,greenyellow,15
125,132.0 to 132.875,1,"[0, 0, 0, 0, 0, 0, 1, 1, 0, 1, 0, 0]",9,dMajor,Piano Sonata K332 i F major.mid by Mozart.csv,1783,Gmaj-IV/vii,F#G-ACE,salmon,16
126,133.0 to 133.75,1,"[0, 0, 0, 0, 0, 0, 1, 1, 0, 1, 0, 0]",9,dMajor,Piano Sonata K332 i F major.mid by Mozart.csv,1783,Gmaj-IV/vii,F#G-ACE,salmon,16
127,134.0 to 134.0,16,"[0, 0, 0, 0, 0, 0, 0, 1, 0, 0, 0, 1]",5,gMajor,Piano Sonata K332 i F major.mid by Mozart.csv,1783,chr,FGAB,mediumpurple,10
128,135.0 to 135.0,14,"[1, 0, 0, 0, 1, 0, 0, 0, 0, 0, 0, 0]",3,cMajor,Piano Sonata K332 i F major.mid by Mozart.csv,1783,VofAmin,E-BCD,indigo,19
129,136.0 to 136.875,18,"[2, 0, 1, 0, 1, 0, 0, 1, 0, 0, 0, 1]",3,cMajor,Piano Sonata K332 i F major.mid by Mozart.csv,1783,V-IofC,D-GBC,crimson,11
130,137.0 to 137.5,14,"[0, 0, 1, 0, 1, 0, 0, 0, 0, 0, 0, 0]",6,cMajor,Piano Sonata K332 i F major.mid by Mozart.csv,1783,VofAmin,E-BCD,indigo,19
131,138.0 to 138.5,0,"[0, 0, 1, 0, 1, 0, 1, 0, 0, 0, 0, 0]",6,dMajor,Piano Sonata K332 i F major.mid by Mozart.csv,1783,VofG,D-F#A,greenyellow,15
132,139.0 to 139.875,0,"[0, 1, 2, 0, 0, 0, 1, 0, 0, 1, 0, 0]",6,dMajor,Piano Sonata K332 i F major.mid by Mozart.csv,1783,VofG,D-F#A,greenyellow,15
133,140.0 to 140.5,9,"[1, 0, 0, 0, 0, 0, 0, 0, 0, 1, 0, 0]",7,fMajor,Piano Sonata K332 i F major.mid by Mozart.csv,1783,6-1ofC,A-CF,deepskyblue,7
134,141.0 to 141.875,11,"[0, 0, 0, 0, 0, 0, 0, 1, 0, 0, 1, 1]",9,e-Major,Piano Sonata K332 i F major.mid by Mozart.csv,1783,iv_ofDmin,GBb-C#D,yellow,0
135,142.0 to 142.875,4,"[1, 0, 0, 0, 1, 0, 0, 1, 0, 0, 0, 1]",3,cMajor,Piano Sonata K332 i F major.mid by Mozart.csv,1783,Cmaj3rd5th,EG-C,mediumvioletred,8
136,143.0 to 143.875,9,"[2, 0, 1, 0, 0, 0, 0, 0, 0, 1, 0, 0]",0,fMajor,Piano Sonata K332 i F major.mid by Mozart.csv,1783,6-1ofC,A-CF,deepskyblue,7
137,144.0 to 144.875,7,"[0, 0, 1, 0, 0, 0, 1, 0, 0, 1, 0, 1]",6,dMajor,Piano Sonata K332 i F major.mid by Mozart.csv,1783,V7ofG,DF#AC,lime,18
138,145.0 to 145.5,1,"[0, 0, 0, 0, 0, 0, 1, 1, 0, 0, 0, 0]",9,cMajor,Piano Sonata K332 i F major.mid by Mozart.csv,1783,Gmaj-IV/vii,F#G-ACE,salmon,16
139,146.0 to 146.5,14,"[0, 0, 1, 0, 1, 0, 0, 0, 0, 0, 0, 0]",6,cMajor,Piano Sonata K332 i F major.mid by Mozart.csv,1783,VofAmin,E-BCD,indigo,19
140,147.0 to 147.66666669999995,5,"[0, 0, 1, 0, 0, 0, 0, 1, 0, 0, 1, 2]",5,gMajor,Piano Sonata K332 i F major.mid by Mozart.csv,1783,Gmaj3rd5th,BD-G,gold,17
141,148.0 to 148.66666669999995,5,"[0, 0, 1, 0, 0, 0, 0, 1, 0, 0, 1, 2]",5,gMajor,Piano Sonata K332 i F major.mid by Mozart.csv,1783,Gmaj3rd5th,BD-G,gold,17
142,149.0 to 149.66666669999995,5,"[0, 0, 1, 0, 0, 0, 0, 1, 0, 0, 1, 2]",5,gMajor,Piano Sonata K332 i F major.mid by Mozart.csv,1783,Gmaj3rd5th,BD-G,gold,17
143,150.0 to 150.66666669999995,0,"[0, 1, 2, 0, 0, 0, 1, 0, 0, 1, 0, 0]",6,dMajor,Piano Sonata K332 i F major.mid by Mozart.csv,1783,VofG,D-F#A,greenyellow,15
144,151.0 to 151.66666669999995,0,"[0, 1, 2, 0, 0, 0, 1, 0, 0, 1, 0, 0]",6,dMajor,Piano Sonata K332 i F major.mid by Mozart.csv,1783,VofG,D-F#A,greenyellow,15
145,152.0 to 152.66666669999995,7,"[2, 0, 1, 0, 0, 0, 1, 0, 0, 1, 0, 0]",0,fMajor,Piano Sonata K332 i F major.mid by Mozart.csv,1783,V7ofG,DF#AC,lime,18
146,153.0 to 153.875,3,"[0, 0, 0, 0, 0, 0, 0, 2, 0, 1, 0, 1]",4,gMajor,Piano Sonata K332 i F major.mid by Mozart.csv,1783,Gmaj-root,G-BD,red,9
147,154.0 to 154.875,5,"[0, 0, 1, 0, 0, 0, 0, 1, 0, 1, 0, 1]",5,gMajor,Piano Sonata K332 i F major.mid by Mozart.csv,1783,Gmaj3rd5th,BD-G,gold,17
148,155.0 to 155.875,7,"[0, 0, 1, 0, 0, 0, 1, 0, 0, 1, 0, 1]",6,dMajor,Piano Sonata K332 i F major.mid by Mozart.csv,1783,V7ofG,DF#AC,lime,18
149,156.0 to 156.875,1,"[0, 0, 0, 0, 0, 0, 1, 1, 0, 1, 0, 0]",9,dMajor,Piano Sonata K332 i F major.mid by Mozart.csv,1783,Gmaj-IV/vii,F#G-ACE,salmon,16
150,157.0 to 157.875,0,"[0, 0, 1, 0, 0, 0, 1, 0, 0, 1, 1, 0]",6,dMajor,Piano Sonata K332 i F major.mid by Mozart.csv,1783,VofG,D-F#A,greenyellow,15
151,158.0 to 158.0,3,"[0, 0, 0, 0, 0, 0, 0, 2, 0, 0, 0, 1]",4,gMajor,Piano Sonata K332 i F major.mid by Mozart.csv,1783,Gmaj-root,G-BD,red,9
152,159.0 to 159.5,4,"[1, 0, 0, 0, 1, 0, 0, 1, 0, 0, 0, 0]",3,cMajor,Piano Sonata K332 i F major.mid by Mozart.csv,1783,Cmaj3rd5th,EG-C,mediumvioletred,8
153,160.0 to 160.875,18,"[2, 0, 1, 0, 0, 0, 0, 1, 0, 0, 0, 1]",0,cMajor,Piano Sonata K332 i F major.mid by Mozart.csv,1783,V-IofC,D-GBC,crimson,11
154,161.0 to 161.5,14,"[0, 0, 1, 0, 2, 0, 0, 1, 0, 0, 0, 0]",8,cMajor,Piano Sonata K332 i F major.mid by Mozart.csv,1783,VofAmin,E-BCD,indigo,19
155,162.0 to 162.5,0,"[0, 0, 1, 0, 1, 0, 1, 0, 0, 1, 0, 0]",6,dMajor,Piano Sonata K332 i F major.mid by Mozart.csv,1783,VofG,D-F#A,greenyellow,15
156,163.0 to 163.5,0,"[0, 1, 2, 0, 0, 0, 0, 0, 0, 1, 0, 0]",6,dMajor,Piano Sonata K332 i F major.mid by Mozart.csv,1783,VofG,D-F#A,greenyellow,15
157,164.0 to 164.5,9,"[1, 0, 0, 0, 0, 1, 0, 0, 0, 2, 0, 0]",7,fMajor,Piano Sonata K332 i F major.mid by Mozart.csv,1783,6-1ofC,A-CF,deepskyblue,7
158,165.0 to 165.875,11,"[0, 0, 0, 0, 0, 0, 0, 1, 0, 0, 1, 1]",9,e-Major,Piano Sonata K332 i F major.mid by Mozart.csv,1783,iv_ofDmin,GBb-C#D,yellow,0
159,166.0 to 166.875,9,"[2, 0, 1, 0, 0, 0, 0, 0, 0, 1, 0, 0]",0,fMajor,Piano Sonata K332 i F major.mid by Mozart.csv,1783,6-1ofC,A-CF,deepskyblue,7
160,167.0 to 167.875,7,"[1, 0, 1, 0, 0, 0, 1, 0, 0, 1, 0, 0]",0,dMajor,Piano Sonata K332 i F major.mid by Mozart.csv,1783,V7ofG,DF#AC,lime,18
161,168.0 to 168.875,3,"[0, 0, 1, 0, 0, 0, 0, 2, 0, 0, 0, 1]",4,gMajor,Piano Sonata K332 i F major.mid by Mozart.csv,1783,Gmaj-root,G-BD,red,9
162,169.0 to 169.875,5,"[0, 0, 1, 0, 0, 0, 0, 0, 0, 0, 0, 1]",5,gMajor,Piano Sonata K332 i F major.mid by Mozart.csv,1783,Gmaj3rd5th,BD-G,gold,17
163,170.0 to 170.875,5,"[0, 0, 1, 0, 0, 0, 0, 1, 0, 0, 0, 0]",5,gMajor,Piano Sonata K332 i F major.mid by Mozart.csv,1783,Gmaj3rd5th,BD-G,gold,17
164,171.0 to 171.875,9,"[1, 0, 1, 0, 0, 0, 0, 0, 0, 1, 0, 0]",0,dMajor,Piano Sonata K332 i F major.mid by Mozart.csv,1783,6-1ofC,A-CF,deepskyblue,7
165,172.0 to 172.875,0,"[1, 0, 1, 0, 0, 0, 1, 0, 0, 0, 0, 0]",0,dMajor,Piano Sonata K332 i F major.mid by Mozart.csv,1783,VofG,D-F#A,greenyellow,15
166,173.0 to 173.875,0,"[1, 0, 2, 0, 0, 0, 0, 0, 0, 0, 0, 0]",6,dMajor,Piano Sonata K332 i F major.mid by Mozart.csv,1783,VofG,D-F#A,greenyellow,15
167,174.0 to 174.875,11,"[0, 0, 1, 0, 0, 0, 0, 1, 0, 0, 1, 0]",9,b-Minor,Piano Sonata K332 i F major.mid by Mozart.csv,1783,iv_ofDmin,GBb-C#D,yellow,0
168,175.0 to 175.875,11,"[0, 0, 1, 0, 0, 0, 0, 0, 0, 0, 2, 0]",9,b-Major,Piano Sonata K332 i F major.mid by Mozart.csv,1783,iv_ofDmin,GBb-C#D,yellow,0
169,176.0 to 176.875,11,"[0, 0, 1, 0, 0, 0, 0, 1, 0, 0, 1, 0]",9,b-Minor,Piano Sonata K332 i F major.mid by Mozart.csv,1783,iv_ofDmin,GBb-C#D,yellow,0
170,177.0 to 177.875,9,"[1, 0, 1, 0, 0, 0, 0, 0, 0, 1, 0, 0]",0,dMajor,Piano Sonata K332 i F major.mid by Mozart.csv,1783,6-1ofC,A-CF,deepskyblue,7
171,178.0 to 178.875,0,"[1, 0, 1, 0, 0, 0, 1, 0, 0, 0, 0, 0]",0,dMajor,Piano Sonata K332 i F major.mid by Mozart.csv,1783,VofG,D-F#A,greenyellow,15
172,179.0 to 179.875,0,"[1, 0, 2, 0, 0, 0, 0, 0, 0, 0, 0, 0]",6,dMajor,Piano Sonata K332 i F major.mid by Mozart.csv,1783,VofG,D-F#A,greenyellow,15
173,180.0 to 180.875,11,"[0, 0, 1, 0, 0, 0, 0, 2, 0, 0, 1, 0]",9,b-Minor,Piano Sonata K332 i F major.mid by Mozart.csv,1783,iv_ofDmin,GBb-C#D,yellow,0
174,181.0 to 181.875,11,"[0, 0, 1, 0, 0, 0, 0, 0, 0, 0, 2, 0]",9,b-Major,Piano Sonata K332 i F major.mid by Mozart.csv,1783,iv_ofDmin,GBb-C#D,yellow,0
175,182.0 to 182.875,0,"[0, 0, 2, 0, 0, 0, 0, 0, 0, 0, 1, 0]",6,b-Major,Piano Sonata K332 i F major.mid by Mozart.csv,1783,VofG,D-F#A,greenyellow,15
176,183.0 to 183.875,8,"[2, 0, 0, 1, 0, 0, 0, 0, 0, 0, 1, 0]",2,g#Major,Piano Sonata K332 i F major.mid by Mozart.csv,1783,Cmaj-root,C-EG,slateblue,2
177,184.0 to 184.875,16,"[0, 0, 0, 2, 0, 0, 0, 0, 0, 0, 1, 0]",2,e-Major,Piano Sonata K332 i F major.mid by Mozart.csv,1783,chr,FGAB,mediumpurple,10
178,185.0 to 185.875,11,"[0, 0, 0, 1, 0, 0, 0, 1, 0, 0, 1, 0]",9,e-Major,Piano Sonata K332 i F major.mid by Mozart.csv,1783,iv_ofDmin,GBb-C#D,yellow,0
179,186.0 to 186.875,19,"[0, 0, 0, 1, 0, 2, 0, 0, 0, 1, 0, 0]",1,fMajor,Piano Sonata K332 i F major.mid by Mozart.csv,1783,4ofC,F-AC,cyan,1
180,187.0 to 187.875,9,"[0, 0, 0, 1, 0, 0, 0, 0, 0, 2, 0, 0]",7,dMajor,Piano Sonata K332 i F major.mid by Mozart.csv,1783,6-1ofC,A-CF,deepskyblue,7
181,188.0 to 188.875,9,"[1, 0, 0, 1, 0, 0, 0, 0, 0, 1, 0, 0]",2,fMajor,Piano Sonata K332 i F major.mid by Mozart.csv,1783,6-1ofC,A-CF,deepskyblue,7
182,189.0 to 189.875,11,"[0, 0, 1, 0, 0, 0, 0, 0, 0, 1, 2, 0]",9,b-Major,Piano Sonata K332 i F major.mid by Mozart.csv,1783,iv_ofDmin,GBb-C#D,yellow,0
183,190.0 to 190.875,0,"[0, 0, 2, 0, 0, 0, 0, 0, 0, 1, 0, 0]",6,dMajor,Piano Sonata K332 i F major.mid by Mozart.csv,1783,VofG,D-F#A,greenyellow,15
184,191.0 to 191.875,2,"[0, 0, 1, 0, 0, 1, 0, 0, 0, 1, 0, 0]",1,fMinor,Piano Sonata K332 i F major.mid by Mozart.csv,1783,2/4ofCmaj,DF,green,4
185,192.0 to 192.875,16,"[0, 0, 1, 2, 0, 0, 0, 1, 0, 0, 0, 0]",2,e-Major,Piano Sonata K332 i F major.mid by Mozart.csv,1783,chr,FGAB,mediumpurple,10
186,193.0 to 193.875,16,"[0, 0, 1, 1, 0, 0, 0, 1, 0, 0, 0, 0]",5,e-Major,Piano Sonata K332 i F major.mid by Mozart.csv,1783,chr,FGAB,mediumpurple,10
187,194.0 to 194.875,9,"[1, 0, 0, 0, 0, 0, 0, 1, 0, 2, 0, 0]",7,fMajor,Piano Sonata K332 i F major.mid by Mozart.csv,1783,6-1ofC,A-CF,deepskyblue,7
188,195.0 to 195.875,9,"[1, 0, 0, 0, 0, 0, 0, 1, 0, 1, 0, 0]",7,cMajor,Piano Sonata K332 i F major.mid by Mozart.csv,1783,6-1ofC,A-CF,deepskyblue,7
189,196.0 to 196.875,0,"[1, 0, 2, 0, 0, 0, 1, 0, 0, 0, 0, 0]",6,dMajor,Piano Sonata K332 i F major.mid by Mozart.csv,1783,VofG,D-F#A,greenyellow,15
190,197.0 to 197.875,0,"[1, 0, 1, 0, 0, 0, 1, 0, 0, 0, 0, 0]",0,dMajor,Piano Sonata K332 i F major.mid by Mozart.csv,1783,VofG,D-F#A,greenyellow,15
191,198.0 to 198.875,11,"[0, 0, 0, 1, 0, 0, 0, 1, 0, 0, 1, 0]",9,e-Major,Piano Sonata K332 i F major.mid by Mozart.csv,1783,iv_ofDmin,GBb-C#D,yellow,0
192,199.0 to 199.875,11,"[0, 0, 1, 0, 0, 0, 0, 1, 0, 0, 1, 0]",9,b-Minor,Piano Sonata K332 i F major.mid by Mozart.csv,1783,iv_ofDmin,GBb-C#D,yellow,0
193,200.0 to 200.875,11,"[0, 1, 0, 0, 0, 0, 0, 1, 0, 0, 1, 0]",9,e-Major,Piano Sonata K332 i F major.mid by Mozart.csv,1783,iv_ofDmin,GBb-C#D,yellow,0
194,201.0 to 201.875,0,"[0, 0, 2, 0, 0, 0, 1, 0, 0, 1, 1, 0]",6,dMajor,Piano Sonata K332 i F major.mid by Mozart.csv,1783,VofG,D-F#A,greenyellow,15
195,202.0 to 202.5,11,"[1, 0, 0, 0, 0, 0, 0, 1, 0, 1, 1, 0]",9,fMajor,Piano Sonata K332 i F major.mid by Mozart.csv,1783,iv_ofDmin,GBb-C#D,yellow,0
196,203.0 to 203.5,11,"[0, 1, 0, 0, 0, 0, 1, 1, 0, 1, 1, 0]",9,f#Major,Piano Sonata K332 i F major.mid by Mozart.csv,1783,iv_ofDmin,GBb-C#D,yellow,0
197,204.0 to 204.875,0,"[0, 0, 2, 0, 0, 0, 1, 0, 0, 1, 1, 0]",6,dMajor,Piano Sonata K332 i F major.mid by Mozart.csv,1783,VofG,D-F#A,greenyellow,15
198,205.0 to 205.5,11,"[1, 0, 0, 0, 0, 0, 0, 1, 0, 1, 1, 0]",9,fMajor,Piano Sonata K332 i F major.mid by Mozart.csv,1783,iv_ofDmin,GBb-C#D,yellow,0
199,206.0 to 206.5,11,"[0, 1, 0, 0, 0, 0, 1, 1, 0, 1, 1, 0]",9,f#Major,Piano Sonata K332 i F major.mid by Mozart.csv,1783,iv_ofDmin,GBb-C#D,yellow,0
200,207.0 to 207.5,11,"[0, 1, 1, 0, 0, 0, 1, 1, 0, 1, 1, 0]",9,dMajor,Piano Sonata K332 i F major.mid by Mozart.csv,1783,iv_ofDmin,GBb-C#D,yellow,0
201,208.0 to 208.5,11,"[0, 1, 1, 0, 0, 0, 1, 1, 0, 1, 1, 0]",9,dMajor,Piano Sonata K332 i F major.mid by Mozart.csv,1783,iv_ofDmin,GBb-C#D,yellow,0
202,209.0 to 209.5,11,"[0, 1, 1, 0, 0, 0, 1, 1, 0, 1, 1, 0]",9,dMajor,Piano Sonata K332 i F major.mid by Mozart.csv,1783,iv_ofDmin,GBb-C#D,yellow,0
203,210.0 to 210.875,2,"[0, 0, 1, 0, 0, 1, 1, 0, 1, 1, 0, 0]",1,dMajor,Piano Sonata K332 i F major.mid by Mozart.csv,1783,2/4ofCmaj,DF,green,4
204,211.0 to 211.5,16,"[0, 0, 0, 0, 0, 0, 1, 0, 1, 1, 0, 1]",7,bMajor,Piano Sonata K332 i F major.mid by Mozart.csv,1783,chr,FGAB,mediumpurple,10
205,212.0 to 212.5,13,"[1, 0, 1, 0, 0, 0, 0, 0, 0, 1, 0, 1]",0,gMajor,Piano Sonata K332 i F major.mid by Mozart.csv,1783,Cmaj5-1tet,BC-AG,darkviolet,12
206,213.0 to 213.0,8,"[2, 0, 0, 0, 1, 0, 0, 0, 0, 0, 0, 0]",3,cMajor,Piano Sonata K332 i F major.mid by Mozart.csv,1783,Cmaj-root,C-EG,slateblue,2
207,214.0 to 214.0,8,"[2, 0, 0, 0, 1, 0, 0, 1, 0, 0, 0, 0]",3,cMajor,Piano Sonata K332 i F major.mid by Mozart.csv,1783,Cmaj-root,C-EG,slateblue,2
208,215.0 to 215.0,8,"[2, 0, 0, 0, 1, 0, 0, 1, 0, 0, 0, 0]",3,cMajor,Piano Sonata K332 i F major.mid by Mozart.csv,1783,Cmaj-root,C-EG,slateblue,2
209,216.0 to 216.0,8,"[2, 0, 0, 0, 1, 0, 0, 1, 0, 0, 0, 0]",3,cMajor,Piano Sonata K332 i F major.mid by Mozart.csv,1783,Cmaj-root,C-EG,slateblue,2
210,217.75 to 217.75,16,"[0, 0, 0, 0, 0, 0, 0, 1, 0, 0, 0, 0]",9,cMajor,Piano Sonata K332 i F major.mid by Mozart.csv,1783,chr,FGAB,mediumpurple,10
211,218.0 to 218.875,3,"[0, 0, 1, 0, 0, 0, 0, 2, 0, 0, 0, 1]",4,gMajor,Piano Sonata K332 i F major.mid by Mozart.csv,1783,Gmaj-root,G-BD,red,9
212,219.0 to 219.0,7,"[1, 0, 1, 0, 0, 0, 1, 0, 0, 1, 0, 0]",0,dMajor,Piano Sonata K332 i F major.mid by Mozart.csv,1783,V7ofG,DF#AC,lime,18
213,220.0 to 220.0,7,"[1, 0, 1, 0, 0, 0, 1, 0, 0, 1, 0, 0]",0,dMajor,Piano Sonata K332 i F major.mid by Mozart.csv,1783,V7ofG,DF#AC,lime,18
214,221.0 to 221.0,7,"[1, 0, 1, 0, 0, 0, 1, 0, 0, 1, 0, 0]",0,dMajor,Piano Sonata K332 i F major.mid by Mozart.csv,1783,V7ofG,DF#AC,lime,18
215,222.0 to 222.0,7,"[1, 0, 1, 0, 0, 0, 1, 0, 0, 1, 0, 0]",0,dMajor,Piano Sonata K332 i F major.mid by Mozart.csv,1783,V7ofG,DF#AC,lime,18
216,224.0 to 224.0,4,"[0, 0, 0, 0, 1, 0, 0, 1, 0, 0, 0, 1]",5,gMinor,Piano Sonata K332 i F major.mid by Mozart.csv,1783,Cmaj3rd5th,EG-C,mediumvioletred,8
217,225.0 to 225.875,13,"[2, 0, 1, 0, 0, 0, 0, 0, 0, 1, 0, 1]",0,fMajor,Piano Sonata K332 i F major.mid by Mozart.csv,1783,Cmaj5-1tet,BC-AG,darkviolet,12
218,226.0 to 226.0,5,"[0, 0, 1, 0, 0, 0, 0, 1, 0, 0, 0, 1]",5,gMajor,Piano Sonata K332 i F major.mid by Mozart.csv,1783,Gmaj3rd5th,BD-G,gold,17
219,227.0 to 227.0,0,"[0, 0, 1, 0, 0, 0, 1, 0, 0, 1, 0, 0]",6,dMajor,Piano Sonata K332 i F major.mid by Mozart.csv,1783,VofG,D-F#A,greenyellow,15
220,228.0 to 228.5,3,"[0, 0, 0, 0, 0, 0, 0, 3, 0, 0, 0, 1]",4,gMajor,Piano Sonata K332 i F major.mid by Mozart.csv,1783,Gmaj-root,G-BD,red,9
221,229.0 to 229.5,16,"[0, 0, 0, 0, 0, 0, 0, 0, 0, 1, 0, 1]",7,dMajor,Piano Sonata K332 i F major.mid by Mozart.csv,1783,chr,FGAB,mediumpurple,10
222,230.0 to 230.5,0,"[1, 0, 1, 0, 0, 0, 0, 0, 0, 0, 0, 0]",0,cMajor,Piano Sonata K332 i F major.mid by Mozart.csv,1783,VofG,D-F#A,greenyellow,15
223,231.0 to 231.0,4,"[1, 0, 0, 0, 1, 0, 0, 1, 0, 0, 0, 0]",3,cMajor,Piano Sonata K332 i F major.mid by Mozart.csv,1783,Cmaj3rd5th,EG-C,mediumvioletred,8
224,232.0 to 232.0,4,"[1, 0, 0, 0, 1, 0, 0, 1, 0, 0, 0, 0]",3,cMajor,Piano Sonata K332 i F major.mid by Mozart.csv,1783,Cmaj3rd5th,EG-C,mediumvioletred,8
225,233.0 to 233.0,4,"[1, 0, 0, 0, 1, 0, 0, 1, 0, 0, 0, 0]",3,cMajor,Piano Sonata K332 i F major.mid by Mozart.csv,1783,Cmaj3rd5th,EG-C,mediumvioletred,8
226,234.0 to 234.0,4,"[1, 0, 0, 0, 1, 0, 0, 1, 0, 0, 0, 0]",3,cMajor,Piano Sonata K332 i F major.mid by Mozart.csv,1783,Cmaj3rd5th,EG-C,mediumvioletred,8
227,235.3333333 to 235.75,1,"[1, 0, 0, 0, 1, 0, 1, 1, 0, 0, 0, 0]",3,cMajor,Piano Sonata K332 i F major.mid by Mozart.csv,1783,Gmaj-IV/vii,F#G-ACE,salmon,16
228,236.0 to 236.875,5,"[0, 0, 1, 0, 0, 0, 0, 1, 0, 0, 0, 1]",5,gMajor,Piano Sonata K332 i F major.mid by Mozart.csv,1783,Gmaj3rd5th,BD-G,gold,17
229,237.0 to 237.0,7,"[1, 0, 1, 0, 0, 0, 1, 0, 0, 1, 0, 0]",0,dMajor,Piano Sonata K332 i F major.mid by Mozart.csv,1783,V7ofG,DF#AC,lime,18
230,238.0 to 238.0,7,"[1, 0, 1, 0, 0, 0, 1, 0, 0, 1, 0, 0]",0,dMajor,Piano Sonata K332 i F major.mid by Mozart.csv,1783,V7ofG,DF#AC,lime,18
231,239.0 to 239.0,7,"[1, 0, 1, 0, 0, 0, 1, 0, 0, 1, 0, 0]",0,dMajor,Piano Sonata K332 i F major.mid by Mozart.csv,1783,V7ofG,DF#AC,lime,18
232,240.0 to 240.0,7,"[1, 0, 1, 0, 0, 0, 1, 0, 0, 1, 0, 0]",0,dMajor,Piano Sonata K332 i F major.mid by Mozart.csv,1783,V7ofG,DF#AC,lime,18
233,242.0 to 242.0,3,"[0, 0, 0, 0, 1, 0, 0, 2, 0, 0, 0, 1]",4,gMinor,Piano Sonata K332 i F major.mid by Mozart.csv,1783,Gmaj-root,G-BD,red,9
234,243.0 to 243.875,13,"[2, 0, 1, 0, 0, 0, 0, 0, 0, 1, 0, 1]",0,fMajor,Piano Sonata K332 i F major.mid by Mozart.csv,1783,Cmaj5-1tet,BC-AG,darkviolet,12
235,244.0 to 244.0,5,"[0, 0, 1, 0, 0, 0, 0, 1, 0, 0, 0, 1]",5,gMajor,Piano Sonata K332 i F major.mid by Mozart.csv,1783,Gmaj3rd5th,BD-G,gold,17
236,245.0 to 245.0,9,"[1, 0, 0, 0, 0, 0, 1, 0, 0, 1, 0, 0]",7,dMajor,Piano Sonata K332 i F major.mid by Mozart.csv,1783,6-1ofC,A-CF,deepskyblue,7
237,246.0 to 246.5,5,"[0, 0, 1, 0, 0, 0, 0, 0, 0, 0, 0, 3]",5,gMajor,Piano Sonata K332 i F major.mid by Mozart.csv,1783,Gmaj3rd5th,BD-G,gold,17
238,247.0 to 247.5,9,"[1, 0, 0, 1, 0, 0, 0, 0, 0, 1, 0, 0]",2,fMajor,Piano Sonata K332 i F major.mid by Mozart.csv,1783,6-1ofC,A-CF,deepskyblue,7
239,248.0 to 248.5,4,"[0, 0, 0, 0, 1, 0, 0, 1, 0, 0, 0, 1]",5,gMinor,Piano Sonata K332 i F major.mid by Mozart.csv,1783,Cmaj3rd5th,EG-C,mediumvioletred,8
240,249.0 to 249.5,8,"[2, 0, 0, 0, 0, 0, 0, 0, 0, 1, 0, 0]",7,fMajor,Piano Sonata K332 i F major.mid by Mozart.csv,1783,Cmaj-root,C-EG,slateblue,2
241,250.0 to 250.5,5,"[0, 0, 1, 0, 0, 0, 0, 1, 0, 0, 0, 1]",5,gMajor,Piano Sonata K332 i F major.mid by Mozart.csv,1783,Gmaj3rd5th,BD-G,gold,17
242,251.0 to 251.5,9,"[1, 0, 0, 0, 0, 0, 1, 0, 0, 1, 0, 0]",7,dMajor,Piano Sonata K332 i F major.mid by Mozart.csv,1783,6-1ofC,A-CF,deepskyblue,7
243,252.0 to 252.875,5,"[0, 0, 1, 0, 0, 0, 0, 0, 0, 0, 0, 3]",5,gMajor,Piano Sonata K332 i F major.mid by Mozart.csv,1783,Gmaj3rd5th,BD-G,gold,17
244,253.0 to 253.875,9,"[1, 0, 0, 2, 0, 0, 0, 0, 0, 1, 0, 0]",2,g#Major,Piano Sonata K332 i F major.mid by Mozart.csv,1783,6-1ofC,A-CF,deepskyblue,7
245,254.0 to 254.875,14,"[0, 0, 0, 0, 2, 0, 0, 1, 0, 0, 0, 1]",8,gMinor,Piano Sonata K332 i F major.mid by Mozart.csv,1783,VofAmin,E-BCD,indigo,19
246,255.0 to 255.875,8,"[3, 0, 0, 0, 0, 0, 0, 0, 0, 1, 0, 0]",3,fMajor,Piano Sonata K332 i F major.mid by Mozart.csv,1783,Cmaj-root,C-EG,slateblue,2
247,256.0 to 256.875,5,"[0, 0, 2, 0, 0, 0, 0, 1, 0, 0, 0, 1]",5,gMajor,Piano Sonata K332 i F major.mid by Mozart.csv,1783,Gmaj3rd5th,BD-G,gold,17
248,257.0 to 257.875,0,"[0, 0, 2, 0, 0, 0, 1, 0, 0, 1, 0, 0]",6,dMajor,Piano Sonata K332 i F major.mid by Mozart.csv,1783,VofG,D-F#A,greenyellow,15
249,258.0 to 258.875,6,"[0, 0, 2, 0, 0, 0, 0, 3, 0, 0, 0, 2]",4,gMajor,Piano Sonata K332 i F major.mid by Mozart.csv,1783,GmajTriad,GBD,orange,13
250,259.0 to 259.75,3,"[0, 0, 1, 0, 0, 0, 0, 2, 0, 0, 0, 1]",4,gMajor,Piano Sonata K332 i F major.mid by Mozart.csv,1783,Gmaj-root,G-BD,red,9
251,260.0 to 260.875,6,"[1, 0, 1, 0, 0, 0, 0, 3, 0, 1, 0, 2]",4,gMajor,Piano Sonata K332 i F major.mid by Mozart.csv,1783,GmajTriad,GBD,orange,13
252,261.0 to 261.75,6,"[0, 0, 2, 0, 0, 0, 0, 2, 0, 0, 0, 1]",4,gMajor,Piano Sonata K332 i F major.mid by Mozart.csv,1783,GmajTriad,GBD,orange,13
253,262.0 to 262.75,6,"[0, 0, 2, 0, 0, 0, 0, 2, 0, 0, 0, 1]",4,gMajor,Piano Sonata K332 i F major.mid by Mozart.csv,1783,GmajTriad,GBD,orange,13
254,263.0 to 263.875,7,"[1, 0, 2, 0, 1, 0, 1, 2, 0, 1, 0, 0]",4,cMajor,Piano Sonata K332 i F major.mid by Mozart.csv,1783,V7ofG,DF#AC,lime,18
255,264.0 to 264.75,3,"[0, 0, 1, 0, 0, 0, 0, 3, 0, 0, 0, 1]",4,gMajor,Piano Sonata K332 i F major.mid by Mozart.csv,1783,Gmaj-root,G-BD,red,9
256,265.0 to 265.75,3,"[0, 0, 1, 0, 0, 0, 0, 3, 0, 0, 0, 1]",4,gMajor,Piano Sonata K332 i F major.mid by Mozart.csv,1783,Gmaj-root,G-BD,red,9
257,266.0 to 266.875,6,"[1, 0, 1, 0, 0, 0, 0, 3, 0, 1, 0, 2]",4,gMajor,Piano Sonata K332 i F major.mid by Mozart.csv,1783,GmajTriad,GBD,orange,13
258,267.0 to 267.875,6,"[0, 0, 2, 0, 0, 0, 0, 2, 0, 0, 0, 1]",4,gMajor,Piano Sonata K332 i F major.mid by Mozart.csv,1783,GmajTriad,GBD,orange,13
259,268.0 to 268.875,6,"[0, 0, 2, 0, 0, 0, 0, 2, 0, 0, 0, 1]",4,gMajor,Piano Sonata K332 i F major.mid by Mozart.csv,1783,GmajTriad,GBD,orange,13
260,269.0 to 269.875,7,"[1, 0, 2, 0, 1, 0, 1, 2, 0, 1, 0, 0]",4,cMajor,Piano Sonata K332 i F major.mid by Mozart.csv,1783,V7ofG,DF#AC,lime,18
261,270.0 to 270.0,3,"[0, 0, 1, 0, 0, 0, 0, 3, 0, 0, 0, 1]",4,gMajor,Piano Sonata K332 i F major.mid by Mozart.csv,1783,Gmaj-root,G-BD,red,9
262,271.0 to 271.0,5,"[0, 0, 0, 0, 0, 0, 0, 0, 0, 0, 0, 3]",5,eMajor,Piano Sonata K332 i F major.mid by Mozart.csv,1783,Gmaj3rd5th,BD-G,gold,17
263,272.5 to 272.5,16,"[0, 0, 0, 3, 0, 0, 0, 0, 0, 0, 0, 0]",2,e-Major,Piano Sonata K332 i F major.mid by Mozart.csv,1783,chr,FGAB,mediumpurple,10
264,273.0 to 273.0,14,"[0, 0, 0, 0, 3, 0, 0, 0, 0, 0, 0, 0]",8,cMajor,Piano Sonata K332 i F major.mid by Mozart.csv,1783,VofAmin,E-BCD,indigo,19
265,274.0 to 274.0,3,"[0, 0, 0, 0, 0, 0, 0, 3, 0, 0, 0, 0]",4,cMajor,Piano Sonata K332 i F major.mid by Mozart.csv,1783,Gmaj-root,G-BD,red,9
266,275.5 to 275.5,5,"[0, 0, 0, 0, 0, 0, 0, 0, 0, 0, 0, 2]",5,eMajor,Piano Sonata K332 i F major.mid by Mozart.csv,1783,Gmaj3rd5th,BD-G,gold,17
267,276.0 to 276.875,13,"[2, 0, 2, 0, 0, 0, 0, 0, 0, 2, 0, 2]",0,gMajor,Piano Sonata K332 i F major.mid by Mozart.csv,1783,Cmaj5-1tet,BC-AG,darkviolet,12
268,277.0 to 277.0,0,"[0, 0, 2, 0, 0, 0, 0, 0, 0, 0, 0, 0]",6,dMajor,Piano Sonata K332 i F major.mid by Mozart.csv,1783,VofG,D-F#A,greenyellow,15
269,278.0 to 278.0,0,"[0, 0, 3, 0, 0, 0, 1, 0, 0, 1, 0, 0]",6,dMajor,Piano Sonata K332 i F major.mid by Mozart.csv,1783,VofG,D-F#A,greenyellow,15
270,279.0 to 279.0,3,"[0, 0, 1, 0, 0, 0, 0, 3, 0, 0, 0, 1]",4,gMajor,Piano Sonata K332 i F major.mid by Mozart.csv,1783,Gmaj-root,G-BD,red,9
271,280.0 to 280.0,3,"[0, 0, 0, 0, 0, 0, 0, 3, 0, 0, 0, 0]",4,cMajor,Piano Sonata K332 i F major.mid by Mozart.csv,1783,Gmaj-root,G-BD,red,9
272,285.0 to 285.0,0,"[0, 0, 1, 0, 0, 0, 0, 0, 0, 0, 0, 0]",6,dMajor,Piano Sonata K332 i F major.mid by Mozart.csv,1783,VofG,D-F#A,greenyellow,15
273,286.0 to 286.875,5,"[0, 0, 1, 0, 0, 0, 0, 1, 0, 0, 0, 1]",5,gMajor,Piano Sonata K332 i F major.mid by Mozart.csv,1783,Gmaj3rd5th,BD-G,gold,17
274,287.0 to 287.6666667,5,"[0, 0, 1, 0, 0, 0, 0, 1, 0, 0, 0, 1]",5,gMajor,Piano Sonata K332 i F major.mid by Mozart.csv,1783,Gmaj3rd5th,BD-G,gold,17
275,288.0 to 288.0,5,"[0, 0, 2, 0, 0, 0, 0, 1, 0, 0, 0, 1]",5,gMajor,Piano Sonata K332 i F major.mid by Mozart.csv,1783,Gmaj3rd5th,BD-G,gold,17
276,289.75 to 289.75,0,"[0, 0, 2, 0, 0, 0, 0, 0, 0, 0, 0, 0]",6,dMajor,Piano Sonata K332 i F major.mid by Mozart.csv,1783,VofG,D-F#A,greenyellow,15
277,290.0 to 290.6666667,0,"[0, 0, 2, 0, 0, 0, 1, 0, 0, 1, 0, 0]",6,dMajor,Piano Sonata K332 i F major.mid by Mozart.csv,1783,VofG,D-F#A,greenyellow,15
278,291.0 to 291.0,0,"[0, 0, 1, 0, 0, 0, 0, 0, 0, 0, 0, 0]",6,dMajor,Piano Sonata K332 i F major.mid by Mozart.csv,1783,VofG,D-F#A,greenyellow,15
279,292.0 to 292.875,5,"[0, 0, 1, 0, 0, 0, 0, 1, 0, 0, 0, 1]",5,gMajor,Piano Sonata K332 i F major.mid by Mozart.csv,1783,Gmaj3rd5th,BD-G,gold,17
280,293.0 to 293.75,5,"[0, 0, 1, 0, 0, 0, 0, 1, 0, 0, 0, 1]",5,gMajor,Piano Sonata K332 i F major.mid by Mozart.csv,1783,Gmaj3rd5th,BD-G,gold,17
281,294.0 to 294.0,5,"[0, 0, 2, 0, 0, 0, 0, 1, 0, 0, 0, 1]",5,gMajor,Piano Sonata K332 i F major.mid by Mozart.csv,1783,Gmaj3rd5th,BD-G,gold,17
282,295.75 to 295.75,0,"[0, 0, 2, 0, 0, 0, 0, 0, 0, 0, 0, 0]",6,dMajor,Piano Sonata K332 i F major.mid by Mozart.csv,1783,VofG,D-F#A,greenyellow,15
283,296.0 to 296.6666667,0,"[0, 0, 2, 0, 0, 0, 1, 0, 0, 1, 0, 0]",6,dMajor,Piano Sonata K332 i F major.mid by Mozart.csv,1783,VofG,D-F#A,greenyellow,15
284,297.0 to 297.0,12,"[1, 0, 0, 0, 2, 0, 0, 0, 0, 1, 0, 0]",8,cMinor,Piano Sonata K332 i F major.mid by Mozart.csv,1783,AminTriad,ACE,steelblue,14
285,298.0 to 298.0,16,"[0, 0, 0, 0, 0, 0, 0, 0, 0, 1, 0, 0]",7,dMajor,Piano Sonata K332 i F major.mid by Mozart.csv,1783,chr,FGAB,mediumpurple,10
286,299.0 to 299.0,16,"[1, 0, 0, 0, 0, 0, 0, 0, 0, 0, 0, 0]",2,cMajor,Piano Sonata K332 i F major.mid by Mozart.csv,1783,chr,FGAB,mediumpurple,10
287,300.0 to 300.0,12,"[1, 0, 0, 0, 1, 0, 0, 0, 0, 1, 0, 1]",7,cMinor,Piano Sonata K332 i F major.mid by Mozart.csv,1783,AminTriad,ACE,steelblue,14
288,301.0 to 301.0,16,"[0, 0, 0, 0, 0, 0, 0, 0, 0, 1, 0, 0]",7,dMajor,Piano Sonata K332 i F major.mid by Mozart.csv,1783,chr,FGAB,mediumpurple,10
289,302.0 to 302.0,14,"[0, 0, 0, 0, 1, 0, 0, 0, 0, 0, 0, 0]",8,cMajor,Piano Sonata K332 i F major.mid by Mozart.csv,1783,VofAmin,E-BCD,indigo,19
290,303.0 to 303.875,12,"[1, 0, 1, 0, 1, 0, 0, 0, 0, 1, 0, 0]",0,cMinor,Piano Sonata K332 i F major.mid by Mozart.csv,1783,AminTriad,ACE,steelblue,14
291,304.0 to 304.875,0,"[1, 0, 2, 0, 0, 0, 0, 0, 0, 1, 0, 0]",6,dMajor,Piano Sonata K332 i F major.mid by Mozart.csv,1783,VofG,D-F#A,greenyellow,15
292,305.0 to 305.6666667,7,"[1, 0, 1, 0, 0, 0, 1, 0, 0, 1, 0, 0]",0,dMajor,Piano Sonata K332 i F major.mid by Mozart.csv,1783,V7ofG,DF#AC,lime,18
293,306.0 to 306.875,3,"[0, 0, 1, 0, 0, 0, 0, 2, 0, 0, 0, 1]",4,gMajor,Piano Sonata K332 i F major.mid by Mozart.csv,1783,Gmaj-root,G-BD,red,9
294,307.0 to 307.5,5,"[0, 0, 1, 0, 0, 0, 0, 0, 0, 0, 0, 1]",5,gMajor,Piano Sonata K332 i F major.mid by Mozart.csv,1783,Gmaj3rd5th,BD-G,gold,17
295,308.0 to 308.5,9,"[1, 0, 0, 0, 0, 0, 0, 0, 0, 1, 0, 0]",7,fMajor,Piano Sonata K332 i F major.mid by Mozart.csv,1783,6-1ofC,A-CF,deepskyblue,7
296,309.0 to 309.75,5,"[0, 0, 1, 0, 0, 0, 0, 1, 0, 0, 0, 0]",5,gMajor,Piano Sonata K332 i F major.mid by Mozart.csv,1783,Gmaj3rd5th,BD-G,gold,17
297,310.0 to 310.0,16,"[0, 0, 0, 0, 0, 0, 0, 1, 0, 0, 0, 1]",5,gMajor,Piano Sonata K332 i F major.mid by Mozart.csv,1783,chr,FGAB,mediumpurple,10
298,311.0 to 311.0,16,"[0, 0, 0, 0, 0, 0, 0, 1, 0, 0, 0, 1]",5,gMajor,Piano Sonata K332 i F major.mid by Mozart.csv,1783,chr,FGAB,mediumpurple,10
299,312.0 to 312.0,5,"[0, 0, 2, 0, 0, 0, 0, 1, 0, 0, 0, 1]",5,gMajor,Piano Sonata K332 i F major.mid by Mozart.csv,1783,Gmaj3rd5th,BD-G,gold,17
300,313.75 to 313.75,0,"[0, 0, 2, 0, 0, 0, 0, 0, 0, 0, 0, 0]",6,dMajor,Piano Sonata K332 i F major.mid by Mozart.csv,1783,VofG,D-F#A,greenyellow,15
301,314.0 to 314.6666667,0,"[0, 0, 2, 0, 0, 0, 1, 0, 0, 1, 0, 0]",6,dMajor,Piano Sonata K332 i F major.mid by Mozart.csv,1783,VofG,D-F#A,greenyellow,15
302,315.0 to 315.0,0,"[0, 0, 1, 0, 0, 0, 0, 0, 0, 0, 0, 0]",6,dMajor,Piano Sonata K332 i F major.mid by Mozart.csv,1783,VofG,D-F#A,greenyellow,15
303,316.0 to 316.875,5,"[0, 0, 1, 0, 0, 0, 0, 1, 0, 0, 0, 1]",5,gMajor,Piano Sonata K332 i F major.mid by Mozart.csv,1783,Gmaj3rd5th,BD-G,gold,17
304,317.0 to 317.75,5,"[0, 0, 1, 0, 0, 0, 0, 1, 0, 0, 0, 1]",5,gMajor,Piano Sonata K332 i F major.mid by Mozart.csv,1783,Gmaj3rd5th,BD-G,gold,17
305,318.0 to 318.0,5,"[0, 0, 2, 0, 0, 0, 0, 1, 0, 0, 0, 1]",5,gMajor,Piano Sonata K332 i F major.mid by Mozart.csv,1783,Gmaj3rd5th,BD-G,gold,17
306,319.75 to 319.75,0,"[0, 0, 2, 0, 0, 0, 0, 0, 0, 0, 0, 0]",6,dMajor,Piano Sonata K332 i F major.mid by Mozart.csv,1783,VofG,D-F#A,greenyellow,15
307,320.0 to 320.6666667,0,"[0, 0, 2, 0, 0, 0, 1, 0, 0, 1, 0, 0]",6,dMajor,Piano Sonata K332 i F major.mid by Mozart.csv,1783,VofG,D-F#A,greenyellow,15
308,321.0 to 321.0,12,"[1, 0, 0, 0, 2, 0, 0, 0, 0, 1, 0, 0]",8,cMinor,Piano Sonata K332 i F major.mid by Mozart.csv,1783,AminTriad,ACE,steelblue,14
309,322.0 to 322.0,16,"[0, 0, 0, 0, 0, 0, 0, 0, 0, 1, 0, 0]",7,dMajor,Piano Sonata K332 i F major.mid by Mozart.csv,1783,chr,FGAB,mediumpurple,10
310,323.0 to 323.0,16,"[1, 0, 0, 0, 0, 0, 0, 0, 0, 0, 0, 0]",2,cMajor,Piano Sonata K332 i F major.mid by Mozart.csv,1783,chr,FGAB,mediumpurple,10
311,324.0 to 324.0,12,"[1, 0, 0, 0, 1, 0, 0, 0, 0, 1, 0, 1]",7,cMinor,Piano Sonata K332 i F major.mid by Mozart.csv,1783,AminTriad,ACE,steelblue,14
312,325.0 to 325.0,16,"[0, 0, 0, 0, 0, 0, 0, 0, 0, 1, 0, 0]",7,dMajor,Piano Sonata K332 i F major.mid by Mozart.csv,1783,chr,FGAB,mediumpurple,10
313,326.0 to 326.0,14,"[0, 0, 0, 0, 1, 0, 0, 0, 0, 0, 0, 0]",8,cMajor,Piano Sonata K332 i F major.mid by Mozart.csv,1783,VofAmin,E-BCD,indigo,19
314,327.0 to 327.0,12,"[1, 0, 1, 0, 1, 0, 0, 0, 0, 1, 0, 0]",0,cMinor,Piano Sonata K332 i F major.mid by Mozart.csv,1783,AminTriad,ACE,steelblue,14
315,328.0 to 328.0,0,"[0, 0, 1, 0, 0, 0, 0, 0, 0, 0, 0, 0]",6,dMajor,Piano Sonata K332 i F major.mid by Mozart.csv,1783,VofG,D-F#A,greenyellow,15
316,329.0 to 329.0,16,"[0, 0, 0, 0, 0, 0, 1, 0, 0, 0, 0, 0]",2,dMajor,Piano Sonata K332 i F major.mid by Mozart.csv,1783,chr,FGAB,mediumpurple,10
317,330.0 to 330.875,3,"[0, 0, 1, 0, 0, 0, 0, 2, 0, 0, 0, 1]",4,gMajor,Piano Sonata K332 i F major.mid by Mozart.csv,1783,Gmaj-root,G-BD,red,9
318,331.0 to 331.875,5,"[0, 0, 1, 0, 0, 0, 0, 0, 0, 0, 0, 1]",5,gMajor,Piano Sonata K332 i F major.mid by Mozart.csv,1783,Gmaj3rd5th,BD-G,gold,17
319,332.0 to 332.875,5,"[0, 0, 1, 0, 0, 0, 0, 1, 0, 0, 0, 0]",5,gMajor,Piano Sonata K332 i F major.mid by Mozart.csv,1783,Gmaj3rd5th,BD-G,gold,17
320,333.0 to 333.875,9,"[1, 0, 1, 0, 0, 0, 0, 0, 0, 1, 0, 0]",0,dMajor,Piano Sonata K332 i F major.mid by Mozart.csv,1783,6-1ofC,A-CF,deepskyblue,7
321,334.0 to 334.875,0,"[1, 0, 1, 0, 0, 0, 1, 0, 0, 0, 0, 0]",0,dMajor,Piano Sonata K332 i F major.mid by Mozart.csv,1783,VofG,D-F#A,greenyellow,15
322,335.0 to 335.875,0,"[1, 0, 2, 0, 0, 0, 0, 0, 0, 0, 0, 0]",6,dMajor,Piano Sonata K332 i F major.mid by Mozart.csv,1783,VofG,D-F#A,greenyellow,15
323,336.0 to 336.875,11,"[0, 0, 1, 0, 0, 0, 0, 1, 0, 0, 1, 0]",9,b-Minor,Piano Sonata K332 i F major.mid by Mozart.csv,1783,iv_ofDmin,GBb-C#D,yellow,0
324,337.0 to 337.875,11,"[0, 0, 1, 0, 0, 0, 0, 0, 0, 0, 2, 0]",9,b-Major,Piano Sonata K332 i F major.mid by Mozart.csv,1783,iv_ofDmin,GBb-C#D,yellow,0
325,338.0 to 338.875,11,"[0, 0, 1, 0, 0, 0, 0, 1, 0, 0, 1, 0]",9,b-Minor,Piano Sonata K332 i F major.mid by Mozart.csv,1783,iv_ofDmin,GBb-C#D,yellow,0
326,339.0 to 339.875,9,"[1, 0, 1, 0, 0, 0, 0, 0, 0, 1, 0, 0]",0,dMajor,Piano Sonata K332 i F major.mid by Mozart.csv,1783,6-1ofC,A-CF,deepskyblue,7
327,340.0 to 340.875,0,"[1, 0, 1, 0, 0, 0, 1, 0, 0, 0, 0, 0]",0,dMajor,Piano Sonata K332 i F major.mid by Mozart.csv,1783,VofG,D-F#A,greenyellow,15
328,341.0 to 341.875,0,"[1, 0, 2, 0, 0, 0, 0, 0, 0, 0, 0, 0]",6,dMajor,Piano Sonata K332 i F major.mid by Mozart.csv,1783,VofG,D-F#A,greenyellow,15
329,342.0 to 342.875,11,"[0, 0, 1, 0, 0, 0, 0, 2, 0, 0, 1, 0]",9,b-Minor,Piano Sonata K332 i F major.mid by Mozart.csv,1783,iv_ofDmin,GBb-C#D,yellow,0
330,343.0 to 343.875,11,"[0, 0, 1, 0, 0, 0, 0, 1, 0, 0, 1, 0]",9,b-Minor,Piano Sonata K332 i F major.mid by Mozart.csv,1783,iv_ofDmin,GBb-C#D,yellow,0
331,344.0 to 344.875,11,"[0, 0, 1, 0, 0, 0, 0, 1, 0, 0, 1, 0]",9,b-Minor,Piano Sonata K332 i F major.mid by Mozart.csv,1783,iv_ofDmin,GBb-C#D,yellow,0
332,345.0 to 345.875,14,"[0, 1, 0, 0, 2, 0, 0, 1, 0, 0, 1, 0]",8,cMajor,Piano Sonata K332 i F major.mid by Mozart.csv,1783,VofAmin,E-BCD,indigo,19
333,346.0 to 346.875,11,"[0, 1, 0, 0, 1, 0, 0, 1, 0, 0, 1, 0]",9,f#Major,Piano Sonata K332 i F major.mid by Mozart.csv,1783,iv_ofDmin,GBb-C#D,yellow,0
334,347.0 to 347.875,11,"[0, 1, 0, 0, 1, 0, 0, 1, 0, 0, 1, 0]",9,f#Major,Piano Sonata K332 i F major.mid by Mozart.csv,1783,iv_ofDmin,GBb-C#D,yellow,0
335,348.0 to 348.875,19,"[0, 0, 1, 0, 0, 2, 0, 0, 0, 1, 0, 0]",1,fMinor,Piano Sonata K332 i F major.mid by Mozart.csv,1783,4ofC,F-AC,cyan,1
336,349.0 to 349.875,2,"[0, 0, 1, 0, 0, 1, 0, 0, 0, 1, 0, 0]",1,fMinor,Piano Sonata K332 i F major.mid by Mozart.csv,1783,2/4ofCmaj,DF,green,4
337,350.0 to 350.875,2,"[0, 0, 1, 0, 0, 1, 0, 0, 0, 1, 0, 0]",1,fMinor,Piano Sonata K332 i F major.mid by Mozart.csv,1783,2/4ofCmaj,DF,green,4
338,351.0 to 351.875,16,"[0, 2, 0, 0, 1, 0, 0, 1, 0, 1, 0, 0]",9,aMajor,Piano Sonata K332 i F major.mid by Mozart.csv,1783,chr,FGAB,mediumpurple,10
339,352.0 to 352.875,16,"[0, 1, 0, 0, 1, 0, 0, 1, 0, 1, 0, 0]",9,aMajor,Piano Sonata K332 i F major.mid by Mozart.csv,1783,chr,FGAB,mediumpurple,10
340,353.0 to 353.875,16,"[0, 1, 0, 0, 1, 0, 0, 1, 0, 1, 0, 0]",9,aMajor,Piano Sonata K332 i F major.mid by Mozart.csv,1783,chr,FGAB,mediumpurple,10
341,354.0 to 354.875,2,"[0, 0, 3, 0, 0, 1, 0, 0, 0, 1, 0, 0]",6,fMinor,Piano Sonata K332 i F major.mid by Mozart.csv,1783,2/4ofCmaj,DF,green,4
342,355.0 to 355.875,2,"[0, 0, 2, 0, 0, 1, 0, 0, 0, 1, 0, 0]",6,fMinor,Piano Sonata K332 i F major.mid by Mozart.csv,1783,2/4ofCmaj,DF,green,4
343,356.0 to 356.875,2,"[0, 0, 2, 0, 0, 1, 0, 0, 0, 1, 0, 0]",6,fMinor,Piano Sonata K332 i F major.mid by Mozart.csv,1783,2/4ofCmaj,DF,green,4
344,357.0 to 357.875,5,"[0, 0, 1, 0, 0, 1, 0, 0, 1, 0, 0, 2]",5,eMajor,Piano Sonata K332 i F major.mid by Mozart.csv,1783,Gmaj3rd5th,BD-G,gold,17
345,358.0 to 358.875,2,"[0, 0, 1, 0, 0, 1, 0, 0, 1, 0, 0, 1]",5,gMajor,Piano Sonata K332 i F major.mid by Mozart.csv,1783,2/4ofCmaj,DF,green,4
346,359.0 to 359.875,2,"[0, 0, 1, 0, 0, 1, 0, 0, 1, 0, 0, 1]",5,gMajor,Piano Sonata K332 i F major.mid by Mozart.csv,1783,2/4ofCmaj,DF,green,4
347,360.0 to 360.875,12,"[2, 0, 0, 0, 1, 0, 0, 0, 0, 1, 0, 0]",3,cMinor,Piano Sonata K332 i F major.mid by Mozart.csv,1783,AminTriad,ACE,steelblue,14
348,361.0 to 361.875,12,"[1, 0, 0, 0, 1, 0, 0, 0, 0, 1, 0, 0]",7,cMinor,Piano Sonata K332 i F major.mid by Mozart.csv,1783,AminTriad,ACE,steelblue,14
349,362.0 to 362.875,12,"[1, 0, 0, 0, 1, 0, 0, 0, 0, 1, 0, 0]",7,cMinor,Piano Sonata K332 i F major.mid by Mozart.csv,1783,AminTriad,ACE,steelblue,14
350,363.0 to 363.875,14,"[0, 0, 1, 0, 1, 0, 0, 0, 2, 0, 0, 1]",5,eMajor,Piano Sonata K332 i F major.mid by Mozart.csv,1783,VofAmin,E-BCD,indigo,19
351,364.0 to 364.875,14,"[0, 0, 1, 0, 1, 0, 0, 0, 1, 0, 0, 1]",5,eMajor,Piano Sonata K332 i F major.mid by Mozart.csv,1783,VofAmin,E-BCD,indigo,19
352,365.0 to 365.875,14,"[0, 0, 1, 0, 1, 0, 0, 0, 1, 0, 0, 1]",5,eMajor,Piano Sonata K332 i F major.mid by Mozart.csv,1783,VofAmin,E-BCD,indigo,19
353,366.0 to 366.875,9,"[1, 0, 0, 0, 1, 0, 0, 0, 0, 3, 0, 0]",7,cMinor,Piano Sonata K332 i F major.mid by Mozart.csv,1783,6-1ofC,A-CF,deepskyblue,7
354,367.0 to 367.875,12,"[1, 0, 0, 0, 1, 0, 0, 0, 0, 2, 0, 0]",7,cMinor,Piano Sonata K332 i F major.mid by Mozart.csv,1783,AminTriad,ACE,steelblue,14
355,368.0 to 368.875,12,"[1, 0, 0, 0, 1, 0, 0, 0, 0, 2, 0, 0]",7,cMinor,Piano Sonata K332 i F major.mid by Mozart.csv,1783,AminTriad,ACE,steelblue,14
356,369.0 to 369.875,19,"[0, 0, 0, 1, 0, 2, 0, 0, 0, 1, 0, 0]",1,fMajor,Piano Sonata K332 i F major.mid by Mozart.csv,1783,4ofC,F-AC,cyan,1
357,370.0 to 370.875,16,"[0, 0, 0, 1, 0, 1, 0, 0, 0, 1, 0, 0]",1,fMajor,Piano Sonata K332 i F major.mid by Mozart.csv,1783,chr,FGAB,mediumpurple,10
358,371.0 to 371.875,16,"[0, 0, 0, 1, 0, 1, 0, 0, 0, 1, 0, 0]",1,fMajor,Piano Sonata K332 i F major.mid by Mozart.csv,1783,chr,FGAB,mediumpurple,10
359,372.0 to 372.875,14,"[1, 0, 0, 0, 2, 0, 0, 0, 1, 0, 0, 0]",8,cMinor,Piano Sonata K332 i F major.mid by Mozart.csv,1783,VofAmin,E-BCD,indigo,19
360,373.0 to 373.5,13,"[1, 0, 1, 0, 0, 0, 0, 0, 0, 1, 0, 1]",0,gMajor,Piano Sonata K332 i F major.mid by Mozart.csv,1783,Cmaj5-1tet,BC-AG,darkviolet,12
361,374.0 to 374.5,13,"[1, 0, 0, 1, 0, 0, 0, 0, 1, 1, 0, 1]",2,g#Major,Piano Sonata K332 i F major.mid by Mozart.csv,1783,Cmaj5-1tet,BC-AG,darkviolet,12
362,375.0 to 375.875,14,"[1, 0, 0, 0, 1, 0, 0, 0, 1, 0, 0, 1]",2,eMajor,Piano Sonata K332 i F major.mid by Mozart.csv,1783,VofAmin,E-BCD,indigo,19
363,376.0 to 376.5,13,"[1, 0, 1, 0, 0, 0, 0, 0, 0, 1, 0, 1]",0,gMajor,Piano Sonata K332 i F major.mid by Mozart.csv,1783,Cmaj5-1tet,BC-AG,darkviolet,12
364,377.0 to 377.5,13,"[1, 0, 0, 1, 0, 0, 0, 0, 1, 1, 0, 1]",2,g#Major,Piano Sonata K332 i F major.mid by Mozart.csv,1783,Cmaj5-1tet,BC-AG,darkviolet,12
365,378.0 to 378.5,12,"[1, 0, 0, 1, 1, 0, 0, 0, 1, 1, 0, 1]",2,eMajor,Piano Sonata K332 i F major.mid by Mozart.csv,1783,AminTriad,ACE,steelblue,14
366,379.0 to 379.5,12,"[1, 0, 0, 1, 1, 0, 0, 0, 1, 1, 0, 1]",2,eMajor,Piano Sonata K332 i F major.mid by Mozart.csv,1783,AminTriad,ACE,steelblue,14
367,380.0 to 380.5,12,"[1, 0, 0, 1, 1, 0, 0, 0, 1, 1, 0, 1]",2,eMajor,Piano Sonata K332 i F major.mid by Mozart.csv,1783,AminTriad,ACE,steelblue,14
368,381.0 to 381.0,14,"[0, 0, 0, 0, 1, 0, 0, 0, 1, 0, 0, 1]",5,eMajor,Piano Sonata K332 i F major.mid by Mozart.csv,1783,VofAmin,E-BCD,indigo,19
369,384.0 to 384.5,13,"[1, 0, 0, 1, 1, 0, 0, 1, 0, 1, 0, 1]",2,cMajor,Piano Sonata K332 i F major.mid by Mozart.csv,1783,Cmaj5-1tet,BC-AG,darkviolet,12
370,385.0 to 385.5,13,"[1, 0, 0, 1, 1, 0, 0, 1, 0, 1, 0, 1]",2,cMajor,Piano Sonata K332 i F major.mid by Mozart.csv,1783,Cmaj5-1tet,BC-AG,darkviolet,12
371,386.0 to 386.5,13,"[1, 0, 0, 1, 1, 0, 0, 1, 0, 1, 0, 1]",2,cMajor,Piano Sonata K332 i F major.mid by Mozart.csv,1783,Cmaj5-1tet,BC-AG,darkviolet,12
372,387.0 to 387.0,4,"[0, 0, 0, 0, 1, 0, 0, 1, 0, 0, 0, 1]",5,gMinor,Piano Sonata K332 i F major.mid by Mozart.csv,1783,Cmaj3rd5th,EG-C,mediumvioletred,8
373,390.0 to 390.5,10,"[1, 0, 1, 0, 1, 1, 0, 1, 0, 0, 0, 1]",5,cMajor,Piano Sonata K332 i F major.mid by Mozart.csv,1783,Cmaj2-5tet,DEFG,violet,6
374,391.0 to 391.5,10,"[1, 0, 1, 0, 1, 1, 0, 1, 0, 0, 0, 1]",5,cMajor,Piano Sonata K332 i F major.mid by Mozart.csv,1783,Cmaj2-5tet,DEFG,violet,6
375,392.0 to 392.6666667,10,"[1, 0, 1, 0, 1, 1, 0, 1, 0, 0, 0, 1]",5,cMajor,Piano Sonata K332 i F major.mid by Mozart.csv,1783,Cmaj2-5tet,DEFG,violet,6
376,393.0 to 393.0,5,"[0, 0, 1, 0, 0, 1, 0, 1, 0, 0, 0, 1]",5,gMajor,Piano Sonata K332 i F major.mid by Mozart.csv,1783,Gmaj3rd5th,BD-G,gold,17
377,396.0 to 396.5,10,"[0, 1, 1, 0, 1, 1, 0, 1, 0, 0, 0, 1]",5,gMajor,Piano Sonata K332 i F major.mid by Mozart.csv,1783,Cmaj2-5tet,DEFG,violet,6
378,397.0 to 397.5,10,"[0, 1, 1, 0, 1, 1, 0, 1, 0, 0, 0, 1]",5,gMajor,Piano Sonata K332 i F major.mid by Mozart.csv,1783,Cmaj2-5tet,DEFG,violet,6
379,398.0 to 398.6666667,10,"[0, 1, 1, 0, 1, 1, 0, 1, 0, 0, 0, 1]",5,gMajor,Piano Sonata K332 i F major.mid by Mozart.csv,1783,Cmaj2-5tet,DEFG,violet,6
380,399.0 to 399.0,5,"[0, 0, 1, 0, 0, 1, 0, 1, 0, 0, 0, 1]",5,gMajor,Piano Sonata K332 i F major.mid by Mozart.csv,1783,Gmaj3rd5th,BD-G,gold,17
381,402.0 to 402.5,8,"[2, 0, 0, 0, 1, 0, 0, 0, 0, 0, 0, 0]",3,cMajor,Piano Sonata K332 i F major.mid by Mozart.csv,1783,Cmaj-root,C-EG,slateblue,2
382,403.0 to 403.75,4,"[1, 0, 0, 0, 1, 0, 0, 1, 0, 0, 0, 0]",3,cMajor,Piano Sonata K332 i F major.mid by Mozart.csv,1783,Cmaj3rd5th,EG-C,mediumvioletred,8
383,404.0 to 404.875,14,"[0, 0, 0, 0, 2, 0, 0, 1, 0, 0, 0, 0]",8,cMajor,Piano Sonata K332 i F major.mid by Mozart.csv,1783,VofAmin,E-BCD,indigo,19
384,405.0 to 405.5,3,"[1, 0, 0, 0, 0, 0, 0, 2, 0, 0, 0, 0]",4,cMajor,Piano Sonata K332 i F major.mid by Mozart.csv,1783,Gmaj-root,G-BD,red,9
385,406.0 to 406.75,11,"[0, 0, 0, 0, 0, 0, 0, 2, 0, 0, 1, 0]",9,e-Major,Piano Sonata K332 i F major.mid by Mozart.csv,1783,iv_ofDmin,GBb-C#D,yellow,0
386,407.0 to 407.875,11,"[0, 0, 0, 0, 1, 0, 0, 1, 0, 0, 1, 0]",9,cMajor,Piano Sonata K332 i F major.mid by Mozart.csv,1783,iv_ofDmin,GBb-C#D,yellow,0
387,408.0 to 408.5,19,"[1, 0, 0, 0, 0, 2, 0, 0, 0, 0, 0, 0]",1,fMajor,Piano Sonata K332 i F major.mid by Mozart.csv,1783,4ofC,F-AC,cyan,1
388,409.0 to 409.75,19,"[0, 0, 0, 0, 0, 2, 0, 0, 0, 1, 0, 0]",1,fMajor,Piano Sonata K332 i F major.mid by Mozart.csv,1783,4ofC,F-AC,cyan,1
389,410.0 to 410.875,2,"[0, 0, 1, 0, 0, 1, 0, 0, 0, 1, 0, 0]",1,fMinor,Piano Sonata K332 i F major.mid by Mozart.csv,1783,2/4ofCmaj,DF,green,4
390,411.0 to 411.5,18,"[2, 0, 1, 0, 0, 0, 0, 0, 0, 0, 0, 1]",0,gMajor,Piano Sonata K332 i F major.mid by Mozart.csv,1783,V-IofC,D-GBC,crimson,11
391,412.0 to 412.875,2,"[0, 0, 1, 0, 0, 1, 0, 0, 0, 0, 0, 1]",5,gMajor,Piano Sonata K332 i F major.mid by Mozart.csv,1783,2/4ofCmaj,DF,green,4
392,413.0 to 413.5,2,"[0, 0, 1, 0, 0, 1, 0, 0, 0, 0, 0, 0]",1,b-Major,Piano Sonata K332 i F major.mid by Mozart.csv,1783,2/4ofCmaj,DF,green,4
393,414.0 to 414.0,8,"[2, 0, 0, 0, 1, 0, 0, 0, 0, 0, 0, 0]",3,cMajor,Piano Sonata K332 i F major.mid by Mozart.csv,1783,Cmaj-root,C-EG,slateblue,2
394,415.0 to 415.0,14,"[0, 0, 0, 0, 1, 0, 0, 0, 0, 0, 0, 0]",8,cMajor,Piano Sonata K332 i F major.mid by Mozart.csv,1783,VofAmin,E-BCD,indigo,19
395,416.0 to 416.0,16,"[0, 0, 0, 0, 0, 0, 0, 0, 0, 1, 0, 0]",7,dMajor,Piano Sonata K332 i F major.mid by Mozart.csv,1783,chr,FGAB,mediumpurple,10
396,417.0 to 417.0,0,"[0, 0, 1, 0, 0, 0, 0, 0, 0, 0, 0, 0]",6,dMajor,Piano Sonata K332 i F major.mid by Mozart.csv,1783,VofG,D-F#A,greenyellow,15
397,418.0 to 418.0,16,"[0, 0, 0, 0, 0, 0, 0, 1, 0, 0, 0, 0]",9,cMajor,Piano Sonata K332 i F major.mid by Mozart.csv,1783,chr,FGAB,mediumpurple,10
398,419.5 to 419.5,14,"[0, 0, 0, 0, 1, 0, 0, 0, 0, 0, 0, 0]",8,cMajor,Piano Sonata K332 i F major.mid by Mozart.csv,1783,VofAmin,E-BCD,indigo,19
399,420.0 to 420.875,8,"[2, 0, 0, 0, 0, 0, 0, 0, 0, 0, 0, 0]",3,cMajor,Piano Sonata K332 i F major.mid by Mozart.csv,1783,Cmaj-root,C-EG,slateblue,2
400,421.0 to 421.875,14,"[1, 0, 0, 0, 1, 0, 0, 0, 0, 0, 0, 0]",3,cMajor,Piano Sonata K332 i F major.mid by Mozart.csv,1783,VofAmin,E-BCD,indigo,19
401,422.0 to 422.6666667,9,"[1, 0, 0, 0, 0, 0, 0, 0, 0, 1, 0, 0]",7,fMajor,Piano Sonata K332 i F major.mid by Mozart.csv,1783,6-1ofC,A-CF,deepskyblue,7
402,423.0 to 423.875,0,"[1, 0, 2, 0, 0, 0, 0, 0, 0, 0, 0, 0]",6,dMajor,Piano Sonata K332 i F major.mid by Mozart.csv,1783,VofG,D-F#A,greenyellow,15
403,424.0 to 424.875,13,"[1, 0, 1, 0, 0, 0, 0, 1, 0, 1, 0, 1]",0,gMajor,Piano Sonata K332 i F major.mid by Mozart.csv,1783,Cmaj5-1tet,BC-AG,darkviolet,12
404,425.0 to 425.875,5,"[0, 0, 1, 0, 1, 0, 0, 1, 0, 0, 0, 1]",5,gMajor,Piano Sonata K332 i F major.mid by Mozart.csv,1783,Gmaj3rd5th,BD-G,gold,17
405,426.0 to 426.875,8,"[2, 0, 0, 0, 1, 0, 0, 0, 0, 0, 0, 0]",3,cMajor,Piano Sonata K332 i F major.mid by Mozart.csv,1783,Cmaj-root,C-EG,slateblue,2
406,427.0 to 427.875,9,"[1, 0, 0, 0, 0, 1, 0, 0, 0, 1, 0, 0]",7,fMajor,Piano Sonata K332 i F major.mid by Mozart.csv,1783,6-1ofC,A-CF,deepskyblue,7
407,428.0 to 428.6666667,9,"[1, 0, 0, 0, 0, 1, 0, 0, 0, 1, 0, 0]",7,fMajor,Piano Sonata K332 i F major.mid by Mozart.csv,1783,6-1ofC,A-CF,deepskyblue,7
408,429.0 to 429.875,4,"[1, 0, 0, 0, 1, 0, 0, 1, 0, 1, 0, 0]",7,cMajor,Piano Sonata K332 i F major.mid by Mozart.csv,1783,Cmaj3rd5th,EG-C,mediumvioletred,8
409,430.0 to 430.5,14,"[0, 0, 0, 0, 1, 1, 0, 0, 0, 0, 0, 0]",1,cMajor,Piano Sonata K332 i F major.mid by Mozart.csv,1783,VofAmin,E-BCD,indigo,19
410,431.0 to 431.875,9,"[1, 0, 1, 0, 0, 0, 0, 0, 0, 1, 0, 0]",0,dMajor,Piano Sonata K332 i F major.mid by Mozart.csv,1783,6-1ofC,A-CF,deepskyblue,7
411,432.0 to 432.0,2,"[0, 0, 1, 0, 0, 1, 0, 0, 0, 0, 0, 0]",1,b-Major,Piano Sonata K332 i F major.mid by Mozart.csv,1783,2/4ofCmaj,DF,green,4
412,433.0 to 433.0,16,"[0, 0, 0, 0, 0, 1, 0, 0, 0, 0, 0, 0]",1,c#Major,Piano Sonata K332 i F major.mid by Mozart.csv,1783,chr,FGAB,mediumpurple,10
413,434.0 to 434.0,16,"[0, 0, 0, 0, 0, 1, 0, 1, 0, 0, 0, 1]",5,gMajor,Piano Sonata K332 i F major.mid by Mozart.csv,1783,chr,FGAB,mediumpurple,10
414,435.0 to 435.0,8,"[2, 0, 0, 0, 1, 0, 0, 0, 0, 0, 0, 0]",3,cMajor,Piano Sonata K332 i F major.mid by Mozart.csv,1783,Cmaj-root,C-EG,slateblue,2
415,437.0 to 437.75,10,"[0, 0, 1, 0, 1, 2, 0, 2, 0, 0, 0, 0]",1,cMajor,Piano Sonata K332 i F major.mid by Mozart.csv,1783,Cmaj2-5tet,DEFG,violet,6
416,438.0 to 438.0,14,"[1, 0, 0, 0, 2, 0, 0, 0, 0, 0, 0, 0]",8,cMajor,Piano Sonata K332 i F major.mid by Mozart.csv,1783,VofAmin,E-BCD,indigo,19
417,439.0 to 439.0,14,"[1, 0, 0, 0, 2, 0, 0, 0, 0, 0, 0, 0]",8,cMajor,Piano Sonata K332 i F major.mid by Mozart.csv,1783,VofAmin,E-BCD,indigo,19
418,440.0 to 440.75,10,"[1, 0, 2, 0, 2, 0, 0, 1, 0, 0, 0, 0]",8,cMajor,Piano Sonata K332 i F major.mid by Mozart.csv,1783,Cmaj2-5tet,DEFG,violet,6
419,441.0 to 441.0,8,"[2, 0, 0, 0, 1, 0, 0, 0, 0, 0, 0, 0]",3,cMajor,Piano Sonata K332 i F major.mid by Mozart.csv,1783,Cmaj-root,C-EG,slateblue,2
420,442.0 to 442.0,8,"[2, 0, 0, 0, 1, 0, 0, 0, 0, 0, 0, 0]",3,cMajor,Piano Sonata K332 i F major.mid by Mozart.csv,1783,Cmaj-root,C-EG,slateblue,2
421,443.0 to 443.0,8,"[2, 0, 0, 0, 1, 0, 0, 0, 0, 0, 0, 0]",3,cMajor,Piano Sonata K332 i F major.mid by Mozart.csv,1783,Cmaj-root,C-EG,slateblue,2
422,444.0 to 444.0,5,"[0, 0, 2, 0, 0, 0, 0, 1, 0, 0, 0, 1]",5,gMajor,Piano Sonata K332 i F major.mid by Mozart.csv,1783,Gmaj3rd5th,BD-G,gold,17
423,445.0 to 445.0,5,"[0, 0, 2, 0, 0, 0, 0, 1, 0, 0, 0, 1]",5,gMajor,Piano Sonata K332 i F major.mid by Mozart.csv,1783,Gmaj3rd5th,BD-G,gold,17
424,446.0 to 446.0,5,"[0, 0, 2, 0, 0, 0, 0, 1, 0, 0, 0, 1]",5,gMajor,Piano Sonata K332 i F major.mid by Mozart.csv,1783,Gmaj3rd5th,BD-G,gold,17
425,447.0 to 447.0,5,"[0, 0, 2, 0, 0, 0, 0, 1, 0, 0, 0, 1]",5,gMajor,Piano Sonata K332 i F major.mid by Mozart.csv,1783,Gmaj3rd5th,BD-G,gold,17
426,448.0 to 448.0,8,"[2, 0, 0, 0, 2, 0, 0, 0, 0, 0, 0, 0]",3,cMajor,Piano Sonata K332 i F major.mid by Mozart.csv,1783,Cmaj-root,C-EG,slateblue,2
427,449.0 to 449.75,10,"[0, 0, 1, 0, 1, 2, 0, 2, 0, 1, 0, 0]",1,fMinor,Piano Sonata K332 i F major.mid by Mozart.csv,1783,Cmaj2-5tet,DEFG,violet,6
428,450.0 to 450.0,14,"[1, 0, 0, 0, 2, 0, 0, 0, 0, 0, 0, 0]",8,cMajor,Piano Sonata K332 i F major.mid by Mozart.csv,1783,VofAmin,E-BCD,indigo,19
429,451.0 to 451.0,14,"[1, 0, 0, 0, 2, 0, 0, 0, 0, 0, 0, 0]",8,cMajor,Piano Sonata K332 i F major.mid by Mozart.csv,1783,VofAmin,E-BCD,indigo,19
430,452.0 to 452.75,10,"[1, 0, 2, 0, 2, 1, 0, 1, 0, 0, 0, 0]",8,cMajor,Piano Sonata K332 i F major.mid by Mozart.csv,1783,Cmaj2-5tet,DEFG,violet,6
431,453.0 to 453.0,8,"[2, 0, 0, 0, 1, 0, 0, 0, 0, 0, 0, 0]",3,cMajor,Piano Sonata K332 i F major.mid by Mozart.csv,1783,Cmaj-root,C-EG,slateblue,2
432,454.0 to 454.0,8,"[2, 0, 0, 0, 1, 0, 0, 0, 0, 0, 0, 0]",3,cMajor,Piano Sonata K332 i F major.mid by Mozart.csv,1783,Cmaj-root,C-EG,slateblue,2
433,455.0 to 455.0,8,"[2, 0, 0, 0, 1, 0, 0, 0, 0, 0, 0, 0]",3,cMajor,Piano Sonata K332 i F major.mid by Mozart.csv,1783,Cmaj-root,C-EG,slateblue,2
434,456.0 to 456.0,0,"[0, 0, 2, 0, 0, 0, 0, 1, 0, 0, 0, 0]",6,gMajor,Piano Sonata K332 i F major.mid by Mozart.csv,1783,VofG,D-F#A,greenyellow,15
435,457.0 to 457.0,16,"[0, 0, 0, 0, 0, 1, 0, 0, 0, 0, 0, 0]",1,c#Major,Piano Sonata K332 i F major.mid by Mozart.csv,1783,chr,FGAB,mediumpurple,10
436,458.0 to 458.0,5,"[0, 0, 1, 0, 0, 1, 0, 1, 0, 0, 0, 1]",5,gMajor,Piano Sonata K332 i F major.mid by Mozart.csv,1783,Gmaj3rd5th,BD-G,gold,17
437,459.0 to 459.0,8,"[2, 0, 0, 0, 1, 0, 0, 0, 0, 0, 0, 0]",3,cMajor,Piano Sonata K332 i F major.mid by Mozart.csv,1783,Cmaj-root,C-EG,slateblue,2
438,461.0 to 461.0,3,"[0, 0, 0, 0, 0, 1, 0, 2, 0, 0, 0, 1]",4,gMajor,Piano Sonata K332 i F major.mid by Mozart.csv,1783,Gmaj-root,G-BD,red,9
439,462.0 to 462.0,8,"[2, 0, 0, 0, 1, 0, 0, 0, 0, 0, 0, 0]",3,cMajor,Piano Sonata K332 i F major.mid by Mozart.csv,1783,Cmaj-root,C-EG,slateblue,2
440,464.0 to 464.0,3,"[0, 0, 0, 0, 0, 1, 0, 2, 0, 0, 0, 1]",4,gMajor,Piano Sonata K332 i F major.mid by Mozart.csv,1783,Gmaj-root,G-BD,red,9
441,465.0 to 465.0,8,"[2, 0, 0, 0, 1, 0, 0, 0, 0, 0, 0, 0]",3,cMajor,Piano Sonata K332 i F major.mid by Mozart.csv,1783,Cmaj-root,C-EG,slateblue,2
442,467.0 to 467.0,16,"[0, 0, 0, 0, 0, 0, 0, 0, 3, 0, 0, 0]",2,c#Major,Piano Sonata K332 i F major.mid by Mozart.csv,1783,chr,FGAB,mediumpurple,10
443,468.0 to 468.5,9,"[1, 0, 0, 0, 0, 0, 0, 0, 0, 3, 0, 0]",7,fMajor,Piano Sonata K332 i F major.mid by Mozart.csv,1783,6-1ofC,A-CF,deepskyblue,7
444,469.0 to 469.75,12,"[2, 0, 0, 0, 2, 0, 0, 0, 0, 1, 0, 0]",3,cMinor,Piano Sonata K332 i F major.mid by Mozart.csv,1783,AminTriad,ACE,steelblue,14
445,470.0 to 470.75,12,"[1, 0, 0, 0, 2, 0, 0, 0, 0, 1, 0, 0]",8,cMinor,Piano Sonata K332 i F major.mid by Mozart.csv,1783,AminTriad,ACE,steelblue,14
446,471.0 to 471.75,9,"[2, 0, 0, 0, 0, 0, 0, 0, 0, 2, 0, 0]",7,fMajor,Piano Sonata K332 i F major.mid by Mozart.csv,1783,6-1ofC,A-CF,deepskyblue,7
447,472.0 to 472.5,14,"[1, 0, 0, 0, 2, 0, 0, 0, 0, 0, 0, 0]",8,cMajor,Piano Sonata K332 i F major.mid by Mozart.csv,1783,VofAmin,E-BCD,indigo,19
448,473.0 to 473.875,12,"[2, 0, 1, 0, 1, 0, 0, 0, 1, 1, 0, 1]",0,cMinor,Piano Sonata K332 i F major.mid by Mozart.csv,1783,AminTriad,ACE,steelblue,14
449,474.125 to 474.125,5,"[0, 0, 0, 0, 0, 1, 0, 0, 0, 0, 0, 2]",5,eMajor,Piano Sonata K332 i F major.mid by Mozart.csv,1783,Gmaj3rd5th,BD-G,gold,17
450,475.0 to 475.75,2,"[0, 0, 2, 0, 1, 2, 0, 0, 1, 0, 0, 1]",1,b-Major,Piano Sonata K332 i F major.mid by Mozart.csv,1783,2/4ofCmaj,DF,green,4
451,476.0 to 476.75,13,"[1, 0, 0, 0, 0, 0, 0, 0, 1, 1, 0, 1]",7,eMajor,Piano Sonata K332 i F major.mid by Mozart.csv,1783,Cmaj5-1tet,BC-AG,darkviolet,12
452,477.0 to 477.875,5,"[0, 0, 0, 0, 0, 1, 0, 0, 0, 0, 0, 2]",5,eMajor,Piano Sonata K332 i F major.mid by Mozart.csv,1783,Gmaj3rd5th,BD-G,gold,17
453,478.0 to 478.875,2,"[0, 0, 2, 0, 1, 2, 0, 0, 1, 0, 0, 1]",1,b-Major,Piano Sonata K332 i F major.mid by Mozart.csv,1783,2/4ofCmaj,DF,green,4
454,479.0 to 479.75,13,"[1, 0, 0, 0, 0, 0, 0, 0, 1, 1, 0, 1]",7,eMajor,Piano Sonata K332 i F major.mid by Mozart.csv,1783,Cmaj5-1tet,BC-AG,darkviolet,12
455,480.0 to 480.5,12,"[1, 0, 0, 0, 1, 0, 0, 0, 0, 1, 0, 0]",7,cMinor,Piano Sonata K332 i F major.mid by Mozart.csv,1783,AminTriad,ACE,steelblue,14
456,481.0 to 481.75,12,"[1, 0, 0, 0, 2, 0, 0, 0, 0, 2, 0, 0]",8,cMinor,Piano Sonata K332 i F major.mid by Mozart.csv,1783,AminTriad,ACE,steelblue,14
457,482.0 to 482.75,12,"[0, 0, 0, 0, 2, 0, 0, 0, 0, 2, 0, 0]",8,aMajor,Piano Sonata K332 i F major.mid by Mozart.csv,1783,AminTriad,ACE,steelblue,14
458,483.0 to 483.75,12,"[2, 0, 0, 0, 1, 0, 0, 0, 0, 1, 0, 0]",3,cMinor,Piano Sonata K332 i F major.mid by Mozart.csv,1783,AminTriad,ACE,steelblue,14
459,484.0 to 484.5,14,"[0, 0, 0, 0, 2, 0, 0, 0, 0, 1, 0, 0]",8,aMajor,Piano Sonata K332 i F major.mid by Mozart.csv,1783,VofAmin,E-BCD,indigo,19
460,485.0 to 485.5,12,"[1, 0, 0, 0, 1, 0, 0, 0, 0, 2, 0, 0]",7,cMinor,Piano Sonata K332 i F major.mid by Mozart.csv,1783,AminTriad,ACE,steelblue,14
461,486.0 to 486.875,9,"[1, 0, 0, 1, 0, 0, 1, 0, 0, 3, 0, 0]",7,dMajor,Piano Sonata K332 i F major.mid by Mozart.csv,1783,6-1ofC,A-CF,deepskyblue,7
462,487.0 to 487.875,7,"[2, 0, 1, 2, 0, 0, 2, 0, 0, 2, 0, 0]",0,dMajor,Piano Sonata K332 i F major.mid by Mozart.csv,1783,V7ofG,DF#AC,lime,18
463,488.0 to 488.75,1,"[0, 0, 0, 0, 0, 0, 1, 1, 0, 1, 1, 0]",9,dMajor,Piano Sonata K332 i F major.mid by Mozart.csv,1783,Gmaj-IV/vii,F#G-ACE,salmon,16
464,489.0 to 489.875,9,"[0, 0, 0, 1, 0, 0, 0, 0, 0, 2, 0, 0]",7,dMajor,Piano Sonata K332 i F major.mid by Mozart.csv,1783,6-1ofC,A-CF,deepskyblue,7
465,490.0 to 490.875,7,"[2, 0, 1, 2, 0, 0, 1, 0, 0, 1, 0, 0]",0,g#Major,Piano Sonata K332 i F major.mid by Mozart.csv,1783,V7ofG,DF#AC,lime,18
466,491.0 to 491.75,1,"[0, 0, 0, 0, 0, 0, 1, 1, 0, 1, 1, 0]",9,dMajor,Piano Sonata K332 i F major.mid by Mozart.csv,1783,Gmaj-IV/vii,F#G-ACE,salmon,16
467,492.0 to 492.5,11,"[0, 0, 1, 0, 0, 0, 0, 1, 0, 0, 1, 0]",9,b-Minor,Piano Sonata K332 i F major.mid by Mozart.csv,1783,iv_ofDmin,GBb-C#D,yellow,0
468,493.0 to 493.75,0,"[0, 0, 2, 0, 0, 0, 0, 1, 0, 0, 1, 0]",6,b-Minor,Piano Sonata K332 i F major.mid by Mozart.csv,1783,VofG,D-F#A,greenyellow,15
469,494.0 to 494.75,3,"[0, 0, 2, 0, 0, 0, 0, 2, 0, 0, 0, 0]",4,gMajor,Piano Sonata K332 i F major.mid by Mozart.csv,1783,Gmaj-root,G-BD,red,9
470,495.0 to 495.75,11,"[0, 0, 1, 0, 0, 0, 0, 1, 0, 0, 2, 0]",9,b-Minor,Piano Sonata K332 i F major.mid by Mozart.csv,1783,iv_ofDmin,GBb-C#D,yellow,0
471,496.0 to 496.5,0,"[0, 0, 2, 0, 0, 0, 0, 1, 0, 0, 0, 0]",6,gMajor,Piano Sonata K332 i F major.mid by Mozart.csv,1783,VofG,D-F#A,greenyellow,15
472,497.0 to 497.5,11,"[0, 0, 1, 0, 0, 0, 0, 2, 0, 0, 1, 0]",9,b-Minor,Piano Sonata K332 i F major.mid by Mozart.csv,1783,iv_ofDmin,GBb-C#D,yellow,0
473,498.0 to 498.875,11,"[0, 1, 0, 0, 1, 0, 0, 1, 0, 0, 2, 0]",9,b-Minor,Piano Sonata K332 i F major.mid by Mozart.csv,1783,iv_ofDmin,GBb-C#D,yellow,0
474,499.0 to 499.875,11,"[1, 2, 0, 0, 2, 0, 0, 2, 0, 0, 2, 0]",9,cMajor,Piano Sonata K332 i F major.mid by Mozart.csv,1783,iv_ofDmin,GBb-C#D,yellow,0
475,500.0 to 500.75,10,"[0, 0, 0, 0, 1, 1, 0, 1, 1, 0, 0, 0]",1,cMajor,Piano Sonata K332 i F major.mid by Mozart.csv,1783,Cmaj2-5tet,DEFG,violet,6
476,501.0 to 501.875,11,"[0, 1, 0, 0, 0, 0, 0, 0, 0, 0, 1, 0]",9,f#Major,Piano Sonata K332 i F major.mid by Mozart.csv,1783,iv_ofDmin,GBb-C#D,yellow,0
477,502.0 to 502.875,11,"[1, 2, 0, 0, 1, 0, 0, 1, 0, 0, 2, 0]",9,c#Minor,Piano Sonata K332 i F major.mid by Mozart.csv,1783,iv_ofDmin,GBb-C#D,yellow,0
478,503.0 to 503.75,10,"[0, 0, 0, 0, 1, 1, 0, 1, 1, 0, 0, 0]",1,cMajor,Piano Sonata K332 i F major.mid by Mozart.csv,1783,Cmaj2-5tet,DEFG,violet,6
479,504.0 to 504.5,16,"[1, 0, 0, 0, 0, 1, 0, 0, 1, 0, 0, 0]",1,g#Minor,Piano Sonata K332 i F major.mid by Mozart.csv,1783,chr,FGAB,mediumpurple,10
480,505.0 to 505.75,15,"[2, 0, 0, 0, 0, 2, 0, 0, 0, 0, 0, 0]",1,fMajor,Piano Sonata K332 i F major.mid by Mozart.csv,1783,Cmaj1-4tet,C-DEF,blue,3
481,506.0 to 506.75,19,"[1, 0, 0, 0, 0, 2, 0, 0, 1, 0, 0, 0]",1,g#Minor,Piano Sonata K332 i F major.mid by Mozart.csv,1783,4ofC,F-AC,cyan,1
482,507.0 to 507.75,8,"[2, 0, 0, 0, 0, 0, 0, 0, 2, 0, 0, 0]",2,g#Major,Piano Sonata K332 i F major.mid by Mozart.csv,1783,Cmaj-root,C-EG,slateblue,2
483,508.0 to 508.875,19,"[1, 0, 0, 0, 0, 2, 0, 0, 0, 0, 0, 0]",1,fMajor,Piano Sonata K332 i F major.mid by Mozart.csv,1783,4ofC,F-AC,cyan,1
484,509.0 to 509.5,16,"[1, 0, 0, 0, 0, 1, 0, 0, 0, 0, 0, 0]",1,fMajor,Piano Sonata K332 i F major.mid by Mozart.csv,1783,chr,FGAB,mediumpurple,10
485,510.0 to 510.875,4,"[1, 0, 0, 0, 1, 0, 0, 1, 0, 0, 0, 0]",3,cMajor,Piano Sonata K332 i F major.mid by Mozart.csv,1783,Cmaj3rd5th,EG-C,mediumvioletred,8
486,511.0 to 511.75,8,"[2, 0, 0, 0, 2, 0, 0, 0, 0, 0, 0, 0]",3,cMajor,Piano Sonata K332 i F major.mid by Mozart.csv,1783,Cmaj-root,C-EG,slateblue,2
487,512.0 to 512.75,4,"[1, 0, 0, 0, 2, 0, 0, 1, 0, 0, 0, 0]",8,cMajor,Piano Sonata K332 i F major.mid by Mozart.csv,1783,Cmaj3rd5th,EG-C,mediumvioletred,8
488,513.0 to 513.75,4,"[2, 0, 0, 0, 0, 0, 0, 2, 0, 0, 0, 0]",3,cMajor,Piano Sonata K332 i F major.mid by Mozart.csv,1783,Cmaj3rd5th,EG-C,mediumvioletred,8
489,514.0 to 514.875,14,"[1, 0, 0, 0, 2, 0, 0, 0, 0, 0, 0, 0]",8,cMajor,Piano Sonata K332 i F major.mid by Mozart.csv,1783,VofAmin,E-BCD,indigo,19
490,515.0 to 515.5,14,"[1, 0, 0, 0, 1, 0, 0, 0, 0, 0, 0, 0]",3,cMajor,Piano Sonata K332 i F major.mid by Mozart.csv,1783,VofAmin,E-BCD,indigo,19
491,516.0 to 516.875,1,"[1, 0, 0, 1, 0, 0, 1, 0, 0, 0, 0, 0]",2,g#Major,Piano Sonata K332 i F major.mid by Mozart.csv,1783,Gmaj-IV/vii,F#G-ACE,salmon,16
492,517.0 to 517.75,8,"[2, 0, 0, 2, 0, 0, 0, 0, 0, 0, 0, 0]",2,g#Major,Piano Sonata K332 i F major.mid by Mozart.csv,1783,Cmaj-root,C-EG,slateblue,2
493,518.0 to 518.75,9,"[1, 0, 0, 2, 0, 0, 0, 0, 0, 1, 0, 0]",2,g#Major,Piano Sonata K332 i F major.mid by Mozart.csv,1783,6-1ofC,A-CF,deepskyblue,7
494,519.0 to 519.75,9,"[2, 0, 0, 0, 0, 0, 1, 0, 0, 1, 0, 0]",0,fMajor,Piano Sonata K332 i F major.mid by Mozart.csv,1783,6-1ofC,A-CF,deepskyblue,7
495,520.0 to 520.875,16,"[1, 0, 0, 2, 0, 0, 0, 0, 0, 0, 0, 0]",2,g#Major,Piano Sonata K332 i F major.mid by Mozart.csv,1783,chr,FGAB,mediumpurple,10
496,521.0 to 521.875,18,"[2, 0, 1, 1, 0, 0, 0, 1, 0, 0, 0, 1]",0,e-Minor,Piano Sonata K332 i F major.mid by Mozart.csv,1783,V-IofC,D-GBC,crimson,11
497,522.0 to 522.5,3,"[0, 0, 0, 0, 0, 0, 0, 2, 0, 0, 0, 1]",4,gMajor,Piano Sonata K332 i F major.mid by Mozart.csv,1783,Gmaj-root,G-BD,red,9
498,523.0 to 523.75,3,"[0, 0, 1, 0, 0, 0, 0, 2, 0, 0, 0, 0]",4,gMajor,Piano Sonata K332 i F major.mid by Mozart.csv,1783,Gmaj-root,G-BD,red,9
499,524.0 to 524.75,15,"[2, 0, 1, 2, 0, 1, 0, 0, 0, 0, 0, 0]",2,g#Major,Piano Sonata K332 i F major.mid by Mozart.csv,1783,Cmaj1-4tet,C-DEF,blue,3
500,525.0 to 525.5,3,"[0, 0, 0, 0, 0, 0, 0, 2, 0, 0, 0, 1]",4,gMajor,Piano Sonata K332 i F major.mid by Mozart.csv,1783,Gmaj-root,G-BD,red,9
501,526.0 to 526.75,3,"[0, 0, 1, 0, 0, 0, 0, 2, 0, 0, 0, 0]",4,gMajor,Piano Sonata K332 i F major.mid by Mozart.csv,1783,Gmaj-root,G-BD,red,9
502,527.0 to 527.75,15,"[2, 0, 1, 2, 0, 1, 0, 0, 0, 0, 0, 0]",2,g#Major,Piano Sonata K332 i F major.mid by Mozart.csv,1783,Cmaj1-4tet,C-DEF,blue,3
503,528.0 to 528.0,3,"[0, 0, 0, 0, 0, 0, 0, 2, 0, 0, 0, 0]",4,cMajor,Piano Sonata K332 i F major.mid by Mozart.csv,1783,Gmaj-root,G-BD,red,9
504,529.5 to 529.75,3,"[0, 0, 0, 0, 0, 0, 0, 2, 2, 0, 0, 0]",4,cMajor,Piano Sonata K332 i F major.mid by Mozart.csv,1783,Gmaj-root,G-BD,red,9
505,530.0 to 530.75,15,"[2, 0, 2, 2, 0, 2, 0, 0, 0, 0, 0, 0]",0,fMajor,Piano Sonata K332 i F major.mid by Mozart.csv,1783,Cmaj1-4tet,C-DEF,blue,3
506,531.0 to 531.0,3,"[0, 0, 0, 0, 0, 0, 0, 2, 0, 0, 0, 0]",4,cMajor,Piano Sonata K332 i F major.mid by Mozart.csv,1783,Gmaj-root,G-BD,red,9
507,532.0 to 532.0,3,"[0, 0, 0, 0, 0, 0, 0, 3, 0, 0, 0, 0]",4,cMajor,Piano Sonata K332 i F major.mid by Mozart.csv,1783,Gmaj-root,G-BD,red,9
508,533.75 to 533.875,3,"[1, 0, 0, 0, 0, 0, 0, 2, 0, 0, 0, 0]",4,cMajor,Piano Sonata K332 i F major.mid by Mozart.csv,1783,Gmaj-root,G-BD,red,9
509,534.0 to 534.5,14,"[1, 0, 0, 0, 1, 0, 0, 0, 0, 0, 0, 0]",3,cMajor,Piano Sonata K332 i F major.mid by Mozart.csv,1783,VofAmin,E-BCD,indigo,19
510,535.0 to 535.0,14,"[0, 0, 0, 0, 1, 0, 0, 0, 0, 0, 0, 0]",8,cMajor,Piano Sonata K332 i F major.mid by Mozart.csv,1783,VofAmin,E-BCD,indigo,19
511,536.0 to 536.875,3,"[0, 0, 1, 0, 1, 0, 0, 2, 0, 0, 0, 0]",4,gMajor,Piano Sonata K332 i F major.mid by Mozart.csv,1783,Gmaj-root,G-BD,red,9
512,537.0 to 537.875,16,"[0, 0, 0, 0, 0, 1, 0, 1, 0, 0, 0, 0]",1,cMajor,Piano Sonata K332 i F major.mid by Mozart.csv,1783,chr,FGAB,mediumpurple,10
513,538.5 to 538.5,16,"[0, 0, 0, 0, 0, 1, 0, 0, 0, 0, 0, 0]",1,c#Major,Piano Sonata K332 i F major.mid by Mozart.csv,1783,chr,FGAB,mediumpurple,10
514,539.0 to 539.0,0,"[0, 0, 1, 0, 0, 0, 0, 0, 0, 0, 0, 0]",6,dMajor,Piano Sonata K332 i F major.mid by Mozart.csv,1783,VofG,D-F#A,greenyellow,15
515,540.0 to 540.875,8,"[2, 0, 1, 0, 1, 0, 0, 0, 0, 0, 0, 0]",3,cMinor,Piano Sonata K332 i F major.mid by Mozart.csv,1783,Cmaj-root,C-EG,slateblue,2
516,541.0 to 541.875,4,"[1, 0, 0, 0, 1, 0, 0, 1, 0, 0, 0, 0]",3,cMajor,Piano Sonata K332 i F major.mid by Mozart.csv,1783,Cmaj3rd5th,EG-C,mediumvioletred,8
517,542.0 to 542.875,3,"[1, 0, 1, 0, 0, 0, 0, 2, 0, 0, 0, 1]",4,gMajor,Piano Sonata K332 i F major.mid by Mozart.csv,1783,Gmaj-root,G-BD,red,9
518,543.0 to 543.875,18,"[1, 0, 1, 0, 0, 0, 0, 0, 0, 0, 0, 1]",0,gMajor,Piano Sonata K332 i F major.mid by Mozart.csv,1783,V-IofC,D-GBC,crimson,11
519,544.0 to 544.75,18,"[1, 0, 1, 0, 0, 0, 0, 0, 0, 0, 0, 1]",0,gMajor,Piano Sonata K332 i F major.mid by Mozart.csv,1783,V-IofC,D-GBC,crimson,11
520,545.0 to 545.0,14,"[1, 0, 0, 0, 1, 0, 0, 0, 0, 0, 0, 0]",3,cMajor,Piano Sonata K332 i F major.mid by Mozart.csv,1783,VofAmin,E-BCD,indigo,19
521,546.0 to 546.0,16,"[0, 0, 0, 0, 0, 1, 0, 0, 0, 1, 0, 0]",1,fMinor,Piano Sonata K332 i F major.mid by Mozart.csv,1783,chr,FGAB,mediumpurple,10
522,547.0 to 547.875,19,"[1, 0, 0, 0, 1, 2, 0, 1, 0, 1, 0, 0]",1,fMajor,Piano Sonata K332 i F major.mid by Mozart.csv,1783,4ofC,F-AC,cyan,1
523,548.0 to 548.5,16,"[0, 0, 0, 0, 0, 0, 0, 1, 0, 1, 0, 0]",9,cMajor,Piano Sonata K332 i F major.mid by Mozart.csv,1783,chr,FGAB,mediumpurple,10
524,549.0 to 549.5,16,"[0, 0, 0, 0, 0, 0, 0, 1, 0, 1, 0, 1]",5,gMajor,Piano Sonata K332 i F major.mid by Mozart.csv,1783,chr,FGAB,mediumpurple,10
525,550.0 to 550.875,3,"[0, 0, 1, 0, 0, 0, 1, 2, 0, 0, 0, 1]",4,gMajor,Piano Sonata K332 i F major.mid by Mozart.csv,1783,Gmaj-root,G-BD,red,9
526,551.0 to 551.5,2,"[0, 0, 1, 0, 0, 1, 0, 0, 0, 0, 0, 0]",1,b-Major,Piano Sonata K332 i F major.mid by Mozart.csv,1783,2/4ofCmaj,DF,green,4
527,552.0 to 552.875,14,"[1, 0, 0, 1, 1, 0, 0, 0, 0, 0, 0, 0]",2,cMajor,Piano Sonata K332 i F major.mid by Mozart.csv,1783,VofAmin,E-BCD,indigo,19
528,553.0 to 553.875,12,"[1, 0, 0, 0, 1, 1, 0, 0, 0, 1, 0, 0]",7,fMajor,Piano Sonata K332 i F major.mid by Mozart.csv,1783,AminTriad,ACE,steelblue,14
529,554.0 to 554.875,2,"[0, 0, 1, 0, 0, 2, 0, 1, 0, 0, 0, 0]",1,b-Major,Piano Sonata K332 i F major.mid by Mozart.csv,1783,2/4ofCmaj,DF,green,4
530,555.0 to 555.875,5,"[0, 0, 1, 0, 1, 0, 0, 1, 0, 0, 0, 1]",5,gMajor,Piano Sonata K332 i F major.mid by Mozart.csv,1783,Gmaj3rd5th,BD-G,gold,17
531,556.0 to 556.5,13,"[1, 0, 0, 0, 0, 0, 0, 0, 0, 0, 0, 1]",2,gMajor,Piano Sonata K332 i F major.mid by Mozart.csv,1783,Cmaj5-1tet,BC-AG,darkviolet,12
532,557.0 to 557.5,16,"[0, 0, 0, 0, 0, 0, 0, 1, 0, 1, 0, 0]",9,cMajor,Piano Sonata K332 i F major.mid by Mozart.csv,1783,chr,FGAB,mediumpurple,10
533,558.0 to 558.6666667000002,17,"[1, 0, 0, 2, 3, 0, 0, 1, 0, 0, 0, 0]",8,cMajor,Piano Sonata K332 i F major.mid by Mozart.csv,1783,CmajTriad,CEG,blueviolet,5
534,559.0 to 559.6666667000002,17,"[1, 0, 0, 2, 3, 0, 0, 1, 0, 0, 0, 0]",8,cMajor,Piano Sonata K332 i F major.mid by Mozart.csv,1783,CmajTriad,CEG,blueviolet,5
535,560.0 to 560.6666667000002,17,"[1, 0, 0, 2, 3, 0, 0, 1, 0, 0, 0, 0]",8,cMajor,Piano Sonata K332 i F major.mid by Mozart.csv,1783,CmajTriad,CEG,blueviolet,5
536,561.0 to 561.6666667000002,3,"[0, 0, 1, 0, 0, 0, 2, 3, 0, 0, 0, 1]",4,gMajor,Piano Sonata K332 i F major.mid by Mozart.csv,1783,Gmaj-root,G-BD,red,9
537,562.0 to 562.6666667000002,3,"[0, 0, 1, 0, 0, 0, 2, 3, 0, 0, 0, 1]",4,gMajor,Piano Sonata K332 i F major.mid by Mozart.csv,1783,Gmaj-root,G-BD,red,9
538,563.0 to 563.6666667000002,5,"[0, 0, 2, 0, 0, 1, 0, 1, 0, 0, 0, 1]",5,gMajor,Piano Sonata K332 i F major.mid by Mozart.csv,1783,Gmaj3rd5th,BD-G,gold,17
539,564.0 to 564.875,8,"[2, 0, 1, 0, 1, 0, 0, 0, 0, 0, 0, 0]",3,cMinor,Piano Sonata K332 i F major.mid by Mozart.csv,1783,Cmaj-root,C-EG,slateblue,2
540,565.0 to 565.875,4,"[1, 0, 1, 0, 1, 0, 0, 1, 0, 0, 0, 0]",3,cMajor,Piano Sonata K332 i F major.mid by Mozart.csv,1783,Cmaj3rd5th,EG-C,mediumvioletred,8
541,566.0 to 566.875,5,"[0, 0, 1, 0, 1, 0, 0, 1, 0, 0, 0, 1]",5,gMajor,Piano Sonata K332 i F major.mid by Mozart.csv,1783,Gmaj3rd5th,BD-G,gold,17
542,567.0 to 567.875,18,"[1, 0, 1, 0, 0, 0, 0, 0, 0, 0, 0, 1]",0,gMajor,Piano Sonata K332 i F major.mid by Mozart.csv,1783,V-IofC,D-GBC,crimson,11
543,568.0 to 568.875,5,"[0, 0, 1, 1, 0, 0, 0, 1, 0, 0, 0, 1]",5,gMajor,Piano Sonata K332 i F major.mid by Mozart.csv,1783,Gmaj3rd5th,BD-G,gold,17
544,569.0 to 569.0,8,"[2, 0, 0, 0, 1, 0, 0, 0, 0, 0, 0, 0]",3,cMajor,Piano Sonata K332 i F major.mid by Mozart.csv,1783,Cmaj-root,C-EG,slateblue,2
545,570.0 to 570.5,9,"[1, 0, 0, 0, 0, 1, 0, 0, 0, 1, 0, 0]",7,fMajor,Piano Sonata K332 i F major.mid by Mozart.csv,1783,6-1ofC,A-CF,deepskyblue,7
546,571.0 to 571.5,19,"[1, 0, 0, 0, 1, 2, 0, 1, 0, 0, 0, 0]",1,fMajor,Piano Sonata K332 i F major.mid by Mozart.csv,1783,4ofC,F-AC,cyan,1
547,572.0 to 572.5,9,"[1, 0, 0, 0, 0, 0, 0, 1, 0, 2, 0, 0]",7,fMajor,Piano Sonata K332 i F major.mid by Mozart.csv,1783,6-1ofC,A-CF,deepskyblue,7
548,573.0 to 573.5,5,"[0, 0, 1, 0, 0, 0, 0, 1, 0, 1, 0, 1]",5,gMajor,Piano Sonata K332 i F major.mid by Mozart.csv,1783,Gmaj3rd5th,BD-G,gold,17
549,574.0 to 574.5,3,"[0, 0, 1, 0, 0, 0, 1, 2, 0, 0, 0, 0]",4,gMajor,Piano Sonata K332 i F major.mid by Mozart.csv,1783,Gmaj-root,G-BD,red,9
550,575.0 to 575.5,2,"[0, 0, 2, 0, 0, 1, 0, 0, 0, 0, 0, 1]",6,b-Major,Piano Sonata K332 i F major.mid by Mozart.csv,1783,2/4ofCmaj,DF,green,4
551,576.0 to 576.875,14,"[1, 0, 0, 1, 1, 0, 0, 0, 0, 0, 0, 0]",2,cMajor,Piano Sonata K332 i F major.mid by Mozart.csv,1783,VofAmin,E-BCD,indigo,19
552,577.0 to 577.875,2,"[0, 0, 1, 0, 0, 2, 0, 1, 0, 0, 0, 0]",1,b-Major,Piano Sonata K332 i F major.mid by Mozart.csv,1783,2/4ofCmaj,DF,green,4
553,578.0 to 578.875,5,"[0, 0, 1, 0, 0, 1, 0, 1, 0, 0, 0, 1]",5,gMajor,Piano Sonata K332 i F major.mid by Mozart.csv,1783,Gmaj3rd5th,BD-G,gold,17
554,579.0 to 579.875,8,"[2, 0, 0, 0, 1, 0, 0, 1, 0, 0, 0, 0]",3,cMajor,Piano Sonata K332 i F major.mid by Mozart.csv,1783,Cmaj-root,C-EG,slateblue,2
555,580.0 to 580.875,4,"[0, 0, 0, 0, 1, 0, 0, 1, 0, 0, 0, 0]",8,cMajor,Piano Sonata K332 i F major.mid by Mozart.csv,1783,Cmaj3rd5th,EG-C,mediumvioletred,8
556,581.0 to 581.875,4,"[1, 0, 0, 0, 0, 0, 0, 1, 0, 0, 0, 0]",2,cMajor,Piano Sonata K332 i F major.mid by Mozart.csv,1783,Cmaj3rd5th,EG-C,mediumvioletred,8
557,582.0 to 582.875,2,"[0, 0, 1, 0, 0, 1, 0, 1, 0, 0, 0, 0]",1,gMajor,Piano Sonata K332 i F major.mid by Mozart.csv,1783,2/4ofCmaj,DF,green,4
558,583.0 to 583.875,16,"[0, 0, 0, 0, 0, 1, 0, 1, 0, 0, 0, 1]",5,gMajor,Piano Sonata K332 i F major.mid by Mozart.csv,1783,chr,FGAB,mediumpurple,10
559,584.0 to 584.875,3,"[0, 0, 0, 0, 0, 1, 0, 2, 0, 0, 0, 0]",4,cMajor,Piano Sonata K332 i F major.mid by Mozart.csv,1783,Gmaj-root,G-BD,red,9
560,585.0 to 585.875,16,"[1, 0, 0, 1, 0, 0, 0, 1, 0, 0, 0, 0]",2,e-Minor,Piano Sonata K332 i F major.mid by Mozart.csv,1783,chr,FGAB,mediumpurple,10
561,586.0 to 586.875,16,"[0, 0, 0, 2, 0, 0, 0, 1, 0, 0, 0, 0]",2,e-Major,Piano Sonata K332 i F major.mid by Mozart.csv,1783,chr,FGAB,mediumpurple,10
562,587.0 to 587.875,16,"[1, 0, 0, 1, 0, 0, 0, 1, 0, 0, 0, 0]",2,e-Minor,Piano Sonata K332 i F major.mid by Mozart.csv,1783,chr,FGAB,mediumpurple,10
563,588.0 to 588.875,2,"[0, 0, 1, 0, 0, 1, 0, 1, 0, 0, 0, 0]",1,gMajor,Piano Sonata K332 i F major.mid by Mozart.csv,1783,2/4ofCmaj,DF,green,4
564,589.0 to 589.875,16,"[0, 0, 0, 0, 0, 1, 0, 1, 0, 0, 0, 1]",5,gMajor,Piano Sonata K332 i F major.mid by Mozart.csv,1783,chr,FGAB,mediumpurple,10
565,590.0 to 590.875,3,"[0, 0, 0, 0, 0, 1, 0, 2, 0, 0, 0, 0]",4,cMajor,Piano Sonata K332 i F major.mid by Mozart.csv,1783,Gmaj-root,G-BD,red,9
566,591.0 to 591.875,8,"[2, 0, 0, 1, 0, 0, 0, 1, 0, 0, 0, 0]",2,e-Minor,Piano Sonata K332 i F major.mid by Mozart.csv,1783,Cmaj-root,C-EG,slateblue,2
567,592.0 to 592.875,16,"[0, 0, 0, 2, 0, 0, 0, 1, 0, 0, 0, 0]",2,e-Major,Piano Sonata K332 i F major.mid by Mozart.csv,1783,chr,FGAB,mediumpurple,10
568,593.0 to 593.875,3,"[0, 0, 0, 1, 0, 0, 0, 2, 0, 0, 0, 0]",4,e-Major,Piano Sonata K332 i F major.mid by Mozart.csv,1783,Gmaj-root,G-BD,red,9
569,594.0 to 594.875,19,"[0, 0, 0, 1, 0, 2, 0, 0, 1, 0, 0, 0]",1,c#Major,Piano Sonata K332 i F major.mid by Mozart.csv,1783,4ofC,F-AC,cyan,1
570,595.0 to 595.875,16,"[0, 0, 0, 1, 0, 0, 0, 0, 2, 0, 0, 0]",2,g#Major,Piano Sonata K332 i F major.mid by Mozart.csv,1783,chr,FGAB,mediumpurple,10
571,596.0 to 596.875,16,"[1, 0, 0, 1, 0, 0, 0, 0, 1, 0, 0, 0]",2,g#Major,Piano Sonata K332 i F major.mid by Mozart.csv,1783,chr,FGAB,mediumpurple,10
572,597.0 to 597.875,11,"[0, 0, 1, 0, 0, 0, 0, 0, 1, 0, 2, 0]",9,b-Major,Piano Sonata K332 i F major.mid by Mozart.csv,1783,iv_ofDmin,GBb-C#D,yellow,0
573,598.0 to 598.875,0,"[0, 0, 2, 0, 0, 0, 0, 0, 1, 0, 0, 0]",6,dMajor,Piano Sonata K332 i F major.mid by Mozart.csv,1783,VofG,D-F#A,greenyellow,15
574,599.0 to 599.875,2,"[0, 0, 1, 0, 0, 1, 0, 0, 1, 0, 0, 0]",1,c#Major,Piano Sonata K332 i F major.mid by Mozart.csv,1783,2/4ofCmaj,DF,green,4
575,600.0 to 600.875,16,"[0, 0, 1, 2, 0, 0, 0, 1, 0, 0, 0, 0]",2,e-Major,Piano Sonata K332 i F major.mid by Mozart.csv,1783,chr,FGAB,mediumpurple,10
576,601.0 to 601.875,3,"[0, 0, 1, 0, 0, 0, 0, 2, 0, 0, 0, 0]",4,gMajor,Piano Sonata K332 i F major.mid by Mozart.csv,1783,Gmaj-root,G-BD,red,9
577,602.0 to 602.875,11,"[0, 0, 1, 0, 0, 0, 0, 1, 0, 0, 1, 0]",9,b-Minor,Piano Sonata K332 i F major.mid by Mozart.csv,1783,iv_ofDmin,GBb-C#D,yellow,0
578,603.0 to 603.875,16,"[1, 0, 0, 0, 0, 0, 0, 1, 2, 0, 0, 0]",2,g#Major,Piano Sonata K332 i F major.mid by Mozart.csv,1783,chr,FGAB,mediumpurple,10
579,604.0 to 604.875,16,"[1, 0, 0, 0, 0, 0, 0, 1, 1, 0, 0, 0]",2,cMajor,Piano Sonata K332 i F major.mid by Mozart.csv,1783,chr,FGAB,mediumpurple,10
580,605.0 to 605.875,2,"[1, 0, 2, 0, 0, 1, 0, 0, 0, 0, 0, 0]",6,b-Major,Piano Sonata K332 i F major.mid by Mozart.csv,1783,2/4ofCmaj,DF,green,4
581,606.0 to 606.875,2,"[1, 0, 1, 0, 0, 1, 0, 0, 0, 0, 0, 0]",1,fMajor,Piano Sonata K332 i F major.mid by Mozart.csv,1783,2/4ofCmaj,DF,green,4
582,607.0 to 607.875,3,"[0, 0, 0, 0, 0, 1, 0, 2, 0, 0, 0, 1]",4,gMajor,Piano Sonata K332 i F major.mid by Mozart.csv,1783,Gmaj-root,G-BD,red,9
583,608.0 to 608.875,16,"[0, 0, 0, 0, 0, 1, 0, 1, 0, 0, 0, 1]",5,gMajor,Piano Sonata K332 i F major.mid by Mozart.csv,1783,chr,FGAB,mediumpurple,10
584,609.0 to 609.875,16,"[1, 0, 0, 1, 0, 0, 0, 0, 1, 0, 0, 0]",2,g#Major,Piano Sonata K332 i F major.mid by Mozart.csv,1783,chr,FGAB,mediumpurple,10
585,610.0 to 610.875,16,"[1, 0, 0, 1, 0, 0, 0, 1, 0, 0, 0, 0]",2,e-Minor,Piano Sonata K332 i F major.mid by Mozart.csv,1783,chr,FGAB,mediumpurple,10
586,611.0 to 611.875,1,"[1, 0, 0, 1, 0, 0, 1, 0, 0, 0, 0, 0]",2,g#Major,Piano Sonata K332 i F major.mid by Mozart.csv,1783,Gmaj-IV/vii,F#G-ACE,salmon,16
587,612.0 to 612.875,3,"[0, 0, 1, 1, 0, 0, 0, 2, 0, 0, 0, 1]",4,gMajor,Piano Sonata K332 i F major.mid by Mozart.csv,1783,Gmaj-root,G-BD,red,9
588,613.0 to 613.5,2,"[1, 0, 1, 1, 0, 1, 0, 0, 0, 0, 0, 0]",2,fMajor,Piano Sonata K332 i F major.mid by Mozart.csv,1783,2/4ofCmaj,DF,green,4
589,614.0 to 614.5,18,"[1, 0, 1, 1, 0, 0, 1, 0, 0, 0, 0, 1]",0,bMajor,Piano Sonata K332 i F major.mid by Mozart.csv,1783,V-IofC,D-GBC,crimson,11
590,615.0 to 615.875,3,"[0, 0, 1, 1, 0, 0, 0, 2, 0, 0, 0, 1]",4,gMajor,Piano Sonata K332 i F major.mid by Mozart.csv,1783,Gmaj-root,G-BD,red,9
591,616.0 to 616.5,2,"[1, 0, 1, 1, 0, 1, 0, 0, 0, 0, 0, 0]",2,fMajor,Piano Sonata K332 i F major.mid by Mozart.csv,1783,2/4ofCmaj,DF,green,4
592,617.0 to 617.5,18,"[1, 0, 1, 1, 0, 0, 1, 0, 0, 0, 0, 1]",0,bMajor,Piano Sonata K332 i F major.mid by Mozart.csv,1783,V-IofC,D-GBC,crimson,11
593,618.0 to 618.5,18,"[1, 0, 1, 1, 0, 0, 1, 1, 0, 0, 0, 1]",0,gMajor,Piano Sonata K332 i F major.mid by Mozart.csv,1783,V-IofC,D-GBC,crimson,11
594,619.0 to 619.5,18,"[1, 0, 1, 1, 0, 0, 1, 1, 0, 0, 0, 1]",0,gMajor,Piano Sonata K332 i F major.mid by Mozart.csv,1783,V-IofC,D-GBC,crimson,11
595,620.0 to 620.5,18,"[1, 0, 1, 1, 0, 0, 1, 1, 0, 0, 0, 1]",0,gMajor,Piano Sonata K332 i F major.mid by Mozart.csv,1783,V-IofC,D-GBC,crimson,11
596,621.0 to 621.875,5,"[0, 1, 1, 0, 0, 0, 0, 1, 0, 0, 1, 1]",5,gMajor,Piano Sonata K332 i F major.mid by Mozart.csv,1783,Gmaj3rd5th,BD-G,gold,17
597,622.0 to 622.5,14,"[0, 1, 1, 0, 1, 0, 0, 0, 0, 0, 0, 1]",5,eMajor,Piano Sonata K332 i F major.mid by Mozart.csv,1783,VofAmin,E-BCD,indigo,19
598,623.0 to 623.5,10,"[0, 0, 1, 0, 1, 1, 0, 1, 0, 0, 0, 0]",1,cMajor,Piano Sonata K332 i F major.mid by Mozart.csv,1783,Cmaj2-5tet,DEFG,violet,6
599,624.0 to 624.75,19,"[0, 0, 0, 0, 0, 2, 0, 0, 0, 1, 0, 0]",1,fMajor,Piano Sonata K332 i F major.mid by Mozart.csv,1783,4ofC,F-AC,cyan,1
600,625.0 to 625.875,19,"[1, 0, 0, 0, 0, 2, 0, 0, 0, 1, 0, 0]",1,fMajor,Piano Sonata K332 i F major.mid by Mozart.csv,1783,4ofC,F-AC,cyan,1
601,626.0 to 626.875,19,"[1, 0, 0, 0, 0, 2, 0, 0, 0, 1, 0, 0]",1,fMajor,Piano Sonata K332 i F major.mid by Mozart.csv,1783,4ofC,F-AC,cyan,1
602,627.0 to 627.0,19,"[1, 0, 0, 0, 0, 2, 0, 0, 0, 1, 0, 0]",1,fMajor,Piano Sonata K332 i F major.mid by Mozart.csv,1783,4ofC,F-AC,cyan,1
603,628.75 to 628.75,16,"[1, 0, 0, 0, 0, 0, 0, 0, 0, 0, 0, 0]",2,cMajor,Piano Sonata K332 i F major.mid by Mozart.csv,1783,chr,FGAB,mediumpurple,10
604,629.0 to 629.875,8,"[2, 0, 0, 0, 1, 0, 0, 1, 0, 0, 0, 0]",3,cMajor,Piano Sonata K332 i F major.mid by Mozart.csv,1783,Cmaj-root,C-EG,slateblue,2
605,630.0 to 630.0,5,"[0, 0, 1, 0, 0, 1, 0, 1, 0, 0, 0, 1]",5,gMajor,Piano Sonata K332 i F major.mid by Mozart.csv,1783,Gmaj3rd5th,BD-G,gold,17
606,631.0 to 631.0,5,"[0, 0, 1, 0, 0, 1, 0, 1, 0, 0, 0, 1]",5,gMajor,Piano Sonata K332 i F major.mid by Mozart.csv,1783,Gmaj3rd5th,BD-G,gold,17
607,632.0 to 632.0,5,"[0, 0, 1, 0, 0, 1, 0, 1, 0, 0, 0, 1]",5,gMajor,Piano Sonata K332 i F major.mid by Mozart.csv,1783,Gmaj3rd5th,BD-G,gold,17
608,633.0 to 633.0,5,"[0, 0, 1, 0, 0, 1, 0, 1, 0, 0, 0, 1]",5,gMajor,Piano Sonata K332 i F major.mid by Mozart.csv,1783,Gmaj3rd5th,BD-G,gold,17
609,635.0 to 635.0,12,"[1, 0, 0, 0, 1, 0, 0, 0, 0, 1, 0, 0]",7,cMinor,Piano Sonata K332 i F major.mid by Mozart.csv,1783,AminTriad,ACE,steelblue,14
610,636.0 to 636.875,10,"[0, 0, 1, 0, 1, 2, 0, 1, 0, 0, 0, 0]",1,b-Major,Piano Sonata K332 i F major.mid by Mozart.csv,1783,Cmaj2-5tet,DEFG,violet,6
611,637.0 to 637.0,4,"[1, 0, 0, 0, 1, 0, 0, 1, 0, 0, 0, 0]",3,cMajor,Piano Sonata K332 i F major.mid by Mozart.csv,1783,Cmaj3rd5th,EG-C,mediumvioletred,8
612,638.0 to 638.0,5,"[0, 0, 1, 0, 0, 0, 0, 1, 0, 0, 0, 1]",5,gMajor,Piano Sonata K332 i F major.mid by Mozart.csv,1783,Gmaj3rd5th,BD-G,gold,17
613,639.0 to 639.875,8,"[3, 0, 0, 0, 1, 0, 0, 0, 0, 0, 0, 0]",3,cMajor,Piano Sonata K332 i F major.mid by Mozart.csv,1783,Cmaj-root,C-EG,slateblue,2
614,640.0 to 640.5,14,"[0, 0, 1, 0, 1, 0, 0, 0, 0, 0, 0, 0]",6,cMajor,Piano Sonata K332 i F major.mid by Mozart.csv,1783,VofAmin,E-BCD,indigo,19
615,641.0 to 641.5,16,"[0, 0, 0, 0, 0, 1, 0, 1, 0, 0, 0, 0]",1,cMajor,Piano Sonata K332 i F major.mid by Mozart.csv,1783,chr,FGAB,mediumpurple,10
616,642.0 to 642.0,9,"[1, 0, 0, 0, 0, 1, 0, 0, 0, 1, 0, 0]",7,fMajor,Piano Sonata K332 i F major.mid by Mozart.csv,1783,6-1ofC,A-CF,deepskyblue,7
617,643.0 to 643.0,9,"[1, 0, 0, 0, 0, 1, 0, 0, 0, 1, 0, 0]",7,fMajor,Piano Sonata K332 i F major.mid by Mozart.csv,1783,6-1ofC,A-CF,deepskyblue,7
618,644.0 to 644.0,9,"[1, 0, 0, 0, 0, 1, 0, 0, 0, 1, 0, 0]",7,fMajor,Piano Sonata K332 i F major.mid by Mozart.csv,1783,6-1ofC,A-CF,deepskyblue,7
619,645.0 to 645.0,9,"[1, 0, 0, 0, 0, 1, 0, 0, 0, 1, 0, 0]",7,fMajor,Piano Sonata K332 i F major.mid by Mozart.csv,1783,6-1ofC,A-CF,deepskyblue,7
620,646.3333332999998 to 646.75,13,"[1, 0, 0, 0, 0, 1, 0, 0, 0, 1, 0, 1]",7,fMajor,Piano Sonata K332 i F major.mid by Mozart.csv,1783,Cmaj5-1tet,BC-AG,darkviolet,12
621,647.0 to 647.875,4,"[1, 0, 0, 0, 1, 0, 0, 1, 0, 0, 0, 0]",3,cMajor,Piano Sonata K332 i F major.mid by Mozart.csv,1783,Cmaj3rd5th,EG-C,mediumvioletred,8
622,648.0 to 648.0,5,"[0, 0, 1, 0, 0, 1, 0, 1, 0, 0, 0, 1]",5,gMajor,Piano Sonata K332 i F major.mid by Mozart.csv,1783,Gmaj3rd5th,BD-G,gold,17
623,649.0 to 649.0,5,"[0, 0, 1, 0, 0, 1, 0, 1, 0, 0, 0, 1]",5,gMajor,Piano Sonata K332 i F major.mid by Mozart.csv,1783,Gmaj3rd5th,BD-G,gold,17
624,650.0 to 650.0,5,"[0, 0, 1, 0, 0, 1, 0, 1, 0, 0, 0, 1]",5,gMajor,Piano Sonata K332 i F major.mid by Mozart.csv,1783,Gmaj3rd5th,BD-G,gold,17
625,651.0 to 651.0,5,"[0, 0, 1, 0, 0, 1, 0, 1, 0, 0, 0, 1]",5,gMajor,Piano Sonata K332 i F major.mid by Mozart.csv,1783,Gmaj3rd5th,BD-G,gold,17
626,653.0 to 653.0,12,"[2, 0, 0, 0, 1, 0, 0, 0, 0, 1, 0, 0]",3,cMinor,Piano Sonata K332 i F major.mid by Mozart.csv,1783,AminTriad,ACE,steelblue,14
627,654.0 to 654.875,10,"[0, 0, 1, 0, 1, 2, 0, 1, 0, 0, 0, 0]",1,b-Major,Piano Sonata K332 i F major.mid by Mozart.csv,1783,Cmaj2-5tet,DEFG,violet,6
628,655.0 to 655.0,4,"[1, 0, 0, 0, 1, 0, 0, 1, 0, 0, 0, 0]",3,cMajor,Piano Sonata K332 i F major.mid by Mozart.csv,1783,Cmaj3rd5th,EG-C,mediumvioletred,8
629,656.0 to 656.0,2,"[0, 0, 1, 0, 0, 1, 0, 0, 0, 0, 0, 1]",5,gMajor,Piano Sonata K332 i F major.mid by Mozart.csv,1783,2/4ofCmaj,DF,green,4
630,657.0 to 657.5,14,"[0, 0, 0, 0, 3, 0, 0, 1, 0, 0, 0, 0]",8,cMajor,Piano Sonata K332 i F major.mid by Mozart.csv,1783,VofAmin,E-BCD,indigo,19
631,658.0 to 658.5,2,"[0, 0, 1, 0, 0, 1, 0, 0, 1, 0, 0, 0]",1,c#Major,Piano Sonata K332 i F major.mid by Mozart.csv,1783,2/4ofCmaj,DF,green,4
632,659.0 to 659.5,12,"[1, 0, 0, 0, 1, 0, 0, 0, 0, 1, 0, 0]",7,cMinor,Piano Sonata K332 i F major.mid by Mozart.csv,1783,AminTriad,ACE,steelblue,14
633,660.0 to 660.5,2,"[0, 0, 1, 0, 0, 2, 0, 0, 0, 0, 0, 0]",1,b-Major,Piano Sonata K332 i F major.mid by Mozart.csv,1783,2/4ofCmaj,DF,green,4
634,661.0 to 661.5,4,"[1, 0, 0, 0, 1, 0, 0, 1, 0, 0, 0, 0]",3,cMajor,Piano Sonata K332 i F major.mid by Mozart.csv,1783,Cmaj3rd5th,EG-C,mediumvioletred,8
635,662.0 to 662.5,2,"[0, 0, 1, 0, 0, 1, 0, 0, 0, 0, 0, 1]",5,gMajor,Piano Sonata K332 i F major.mid by Mozart.csv,1783,2/4ofCmaj,DF,green,4
636,663.0 to 663.75,14,"[0, 0, 0, 0, 3, 0, 0, 1, 0, 0, 0, 0]",8,cMajor,Piano Sonata K332 i F major.mid by Mozart.csv,1783,VofAmin,E-BCD,indigo,19
637,664.0 to 664.75,2,"[0, 0, 1, 0, 0, 1, 0, 0, 2, 0, 0, 0]",1,c#Major,Piano Sonata K332 i F major.mid by Mozart.csv,1783,2/4ofCmaj,DF,green,4
638,665.0 to 665.75,12,"[1, 0, 0, 0, 1, 0, 0, 0, 0, 2, 0, 0]",7,cMinor,Piano Sonata K332 i F major.mid by Mozart.csv,1783,AminTriad,ACE,steelblue,14
639,666.0 to 666.75,19,"[0, 0, 1, 0, 0, 3, 0, 0, 0, 0, 0, 0]",1,b-Major,Piano Sonata K332 i F major.mid by Mozart.csv,1783,4ofC,F-AC,cyan,1
640,667.0 to 667.75,4,"[1, 0, 0, 0, 1, 0, 0, 2, 0, 0, 0, 0]",4,cMajor,Piano Sonata K332 i F major.mid by Mozart.csv,1783,Cmaj3rd5th,EG-C,mediumvioletred,8
641,668.0 to 668.75,3,"[0, 0, 1, 0, 0, 0, 0, 2, 0, 0, 0, 1]",4,gMajor,Piano Sonata K332 i F major.mid by Mozart.csv,1783,Gmaj-root,G-BD,red,9
642,669.0 to 669.875,17,"[3, 0, 0, 0, 2, 0, 0, 2, 0, 0, 0, 0]",3,cMajor,Piano Sonata K332 i F major.mid by Mozart.csv,1783,CmajTriad,CEG,blueviolet,5
643,670.0 to 670.75,8,"[2, 0, 0, 0, 1, 0, 0, 1, 0, 0, 0, 0]",3,cMajor,Piano Sonata K332 i F major.mid by Mozart.csv,1783,Cmaj-root,C-EG,slateblue,2
644,671.0 to 671.875,15,"[3, 0, 1, 0, 2, 1, 0, 1, 0, 0, 0, 0]",3,cMajor,Piano Sonata K332 i F major.mid by Mozart.csv,1783,Cmaj1-4tet,C-DEF,blue,3
645,672.0 to 672.75,17,"[2, 0, 0, 0, 1, 0, 0, 2, 0, 0, 0, 0]",3,cMajor,Piano Sonata K332 i F major.mid by Mozart.csv,1783,CmajTriad,CEG,blueviolet,5
646,673.0 to 673.75,17,"[2, 0, 0, 0, 1, 0, 0, 2, 0, 0, 0, 0]",3,cMajor,Piano Sonata K332 i F major.mid by Mozart.csv,1783,CmajTriad,CEG,blueviolet,5
647,674.0 to 674.875,17,"[3, 0, 0, 0, 1, 0, 0, 2, 0, 1, 0, 1]",3,cMajor,Piano Sonata K332 i F major.mid by Mozart.csv,1783,CmajTriad,CEG,blueviolet,5
648,675.0 to 675.75,8,"[3, 0, 0, 0, 1, 0, 0, 1, 0, 0, 0, 0]",3,cMajor,Piano Sonata K332 i F major.mid by Mozart.csv,1783,Cmaj-root,C-EG,slateblue,2
649,676.0 to 676.75,8,"[3, 0, 0, 0, 1, 0, 0, 1, 0, 0, 0, 0]",3,cMajor,Piano Sonata K332 i F major.mid by Mozart.csv,1783,Cmaj-root,C-EG,slateblue,2
650,677.0 to 677.875,15,"[3, 0, 1, 0, 2, 1, 0, 1, 0, 0, 0, 0]",3,cMajor,Piano Sonata K332 i F major.mid by Mozart.csv,1783,Cmaj1-4tet,C-DEF,blue,3
651,678.0 to 678.875,17,"[2, 0, 0, 0, 1, 0, 0, 2, 0, 0, 0, 0]",3,cMajor,Piano Sonata K332 i F major.mid by Mozart.csv,1783,CmajTriad,CEG,blueviolet,5
652,679.0 to 679.875,17,"[2, 0, 0, 0, 1, 0, 0, 2, 0, 0, 0, 0]",3,cMajor,Piano Sonata K332 i F major.mid by Mozart.csv,1783,CmajTriad,CEG,blueviolet,5
653,680.0 to 680.875,13,"[2, 0, 1, 0, 0, 1, 0, 2, 0, 1, 0, 1]",4,cMajor,Piano Sonata K332 i F major.mid by Mozart.csv,1783,Cmaj5-1tet,BC-AG,darkviolet,12
654,681.0 to 681.0,8,"[3, 0, 0, 0, 1, 0, 0, 1, 0, 0, 0, 0]",3,cMajor,Piano Sonata K332 i F major.mid by Mozart.csv,1783,Cmaj-root,C-EG,slateblue,2
655,682.0 to 682.0,14,"[0, 0, 0, 0, 3, 0, 0, 0, 0, 0, 0, 0]",8,cMajor,Piano Sonata K332 i F major.mid by Mozart.csv,1783,VofAmin,E-BCD,indigo,19
656,683.5 to 683.5,16,"[0, 0, 0, 0, 0, 0, 0, 0, 3, 0, 0, 0]",2,c#Major,Piano Sonata K332 i F major.mid by Mozart.csv,1783,chr,FGAB,mediumpurple,10
657,684.0 to 684.0,9,"[0, 0, 0, 0, 0, 0, 0, 0, 0, 3, 0, 0]",7,dMajor,Piano Sonata K332 i F major.mid by Mozart.csv,1783,6-1ofC,A-CF,deepskyblue,7
658,685.0 to 685.0,8,"[3, 0, 0, 0, 0, 0, 0, 0, 0, 0, 0, 0]",3,cMajor,Piano Sonata K332 i F major.mid by Mozart.csv,1783,Cmaj-root,C-EG,slateblue,2
659,686.5 to 686.5,14,"[0, 0, 0, 0, 2, 0, 0, 0, 0, 0, 0, 0]",8,cMajor,Piano Sonata K332 i F major.mid by Mozart.csv,1783,VofAmin,E-BCD,indigo,19
660,687.0 to 687.875,10,"[0, 0, 2, 0, 2, 2, 0, 2, 0, 0, 0, 0]",1,cMajor,Piano Sonata K332 i F major.mid by Mozart.csv,1783,Cmaj2-5tet,DEFG,violet,6
661,688.0 to 688.0,3,"[0, 0, 0, 0, 0, 0, 0, 2, 0, 0, 0, 0]",4,cMajor,Piano Sonata K332 i F major.mid by Mozart.csv,1783,Gmaj-root,G-BD,red,9
662,689.0 to 689.0,3,"[0, 0, 1, 0, 0, 0, 0, 3, 0, 0, 0, 1]",4,gMajor,Piano Sonata K332 i F major.mid by Mozart.csv,1783,Gmaj-root,G-BD,red,9
663,690.0 to 690.0,8,"[3, 0, 0, 0, 1, 0, 0, 1, 0, 0, 0, 0]",3,cMajor,Piano Sonata K332 i F major.mid by Mozart.csv,1783,Cmaj-root,C-EG,slateblue,2
664,691.0 to 691.0,8,"[3, 0, 0, 0, 0, 0, 0, 0, 0, 0, 0, 0]",3,cMajor,Piano Sonata K332 i F major.mid by Mozart.csv,1783,Cmaj-root,C-EG,slateblue,2
