index,offsetRange,CentroidLabelIndex_entireUnits,"[C,C#,D,E-,E,F,F#,G,G#,A,B-,B]",CentroidLabelIndex_individualUnit,triadLabel,filename,year,chordName,pc-labels,color,newCentroidIndex
0,0.0 to 0.0,17,"[3, 0, 0, 0, 1, 0, 0, 2, 0, 0, 0, 0]",7,cMajor,Piano Sonata K280 i F major.mid by Mozart.csv,1774,CmajTriad,CEG,blueviolet,5
1,1.0 to 1.0,4,"[0, 0, 0, 0, 1, 0, 0, 2, 0, 0, 0, 0]",1,cMajor,Piano Sonata K280 i F major.mid by Mozart.csv,1774,Cmaj3rd5th,EG-C,mediumvioletred,8
2,2.0 to 2.0,14,"[0, 0, 0, 0, 2, 0, 0, 1, 0, 0, 0, 0]",1,cMajor,Piano Sonata K280 i F major.mid by Mozart.csv,1774,VofAmin,E-BCD,indigo,19
3,3.0 to 3.75,4,"[1, 0, 0, 0, 1, 0, 0, 1, 0, 0, 0, 0]",1,cMajor,Piano Sonata K280 i F major.mid by Mozart.csv,1774,Cmaj3rd5th,EG-C,mediumvioletred,8
4,4.0 to 4.75,4,"[1, 0, 0, 0, 1, 0, 0, 1, 0, 1, 0, 0]",1,cMajor,Piano Sonata K280 i F major.mid by Mozart.csv,1774,Cmaj3rd5th,EG-C,mediumvioletred,8
5,5.0 to 5.75,1,"[1, 0, 1, 0, 1, 0, 1, 1, 0, 0, 0, 0]",1,cMajor,Piano Sonata K280 i F major.mid by Mozart.csv,1774,Gmaj-IV/vii,F#G-ACE,salmon,16
6,6.0 to 6.75,8,"[2, 0, 0, 0, 1, 0, 0, 0, 0, 0, 0, 0]",6,cMajor,Piano Sonata K280 i F major.mid by Mozart.csv,1774,Cmaj-root,C-EG,slateblue,2
7,7.0 to 7.75,18,"[1, 0, 1, 0, 0, 1, 0, 0, 0, 0, 0, 1]",5,gMajor,Piano Sonata K280 i F major.mid by Mozart.csv,1774,V-IofC,D-GBC,crimson,11
8,8.0 to 8.75,4,"[1, 0, 0, 0, 1, 0, 0, 1, 0, 0, 1, 0]",1,cMajor,Piano Sonata K280 i F major.mid by Mozart.csv,1774,Cmaj3rd5th,EG-C,mediumvioletred,8
9,9.0 to 9.75,9,"[1, 0, 0, 0, 0, 1, 0, 0, 0, 2, 0, 0]",3,fMajor,Piano Sonata K280 i F major.mid by Mozart.csv,1774,6-1ofC,A-CF,deepskyblue,7
10,10.0 to 10.5,9,"[1, 0, 0, 0, 0, 1, 0, 0, 0, 1, 0, 0]",3,fMajor,Piano Sonata K280 i F major.mid by Mozart.csv,1774,6-1ofC,A-CF,deepskyblue,7
11,11.0 to 11.5,9,"[1, 0, 0, 0, 0, 1, 0, 0, 0, 1, 0, 0]",3,fMajor,Piano Sonata K280 i F major.mid by Mozart.csv,1774,6-1ofC,A-CF,deepskyblue,7
12,12.0 to 12.5,18,"[1, 0, 1, 0, 0, 1, 0, 1, 0, 0, 0, 1]",5,gMajor,Piano Sonata K280 i F major.mid by Mozart.csv,1774,V-IofC,D-GBC,crimson,11
13,13.0 to 13.75,18,"[1, 0, 1, 0, 0, 1, 0, 0, 0, 0, 0, 1]",5,gMajor,Piano Sonata K280 i F major.mid by Mozart.csv,1774,V-IofC,D-GBC,crimson,11
14,14.0 to 14.5,18,"[1, 0, 1, 0, 0, 0, 0, 0, 0, 0, 0, 1]",5,gMajor,Piano Sonata K280 i F major.mid by Mozart.csv,1774,V-IofC,D-GBC,crimson,11
15,15.0 to 15.5,8,"[2, 0, 0, 0, 1, 0, 0, 1, 0, 1, 0, 0]",7,cMajor,Piano Sonata K280 i F major.mid by Mozart.csv,1774,Cmaj-root,C-EG,slateblue,2
16,16.0 to 16.75,8,"[2, 0, 0, 0, 1, 0, 0, 1, 0, 0, 0, 0]",7,cMajor,Piano Sonata K280 i F major.mid by Mozart.csv,1774,Cmaj-root,C-EG,slateblue,2
17,17.0 to 17.5,8,"[2, 0, 0, 0, 1, 0, 0, 0, 0, 0, 0, 0]",6,cMajor,Piano Sonata K280 i F major.mid by Mozart.csv,1774,Cmaj-root,C-EG,slateblue,2
18,18.0 to 18.75,10,"[0, 0, 2, 0, 1, 1, 0, 1, 0, 0, 0, 1]",0,gMajor,Piano Sonata K280 i F major.mid by Mozart.csv,1774,Cmaj2-5tet,DEFG,violet,6
19,19.0 to 19.75,18,"[1, 0, 1, 0, 0, 0, 0, 0, 0, 0, 0, 1]",5,gMajor,Piano Sonata K280 i F major.mid by Mozart.csv,1774,V-IofC,D-GBC,crimson,11
20,20.0 to 20.75,16,"[0, 0, 0, 0, 0, 1, 0, 1, 0, 1, 0, 1]",3,fMajor,Piano Sonata K280 i F major.mid by Mozart.csv,1774,chr,FGAB,mediumpurple,10
21,21.0 to 21.75,17,"[2, 0, 0, 0, 2, 0, 0, 1, 0, 0, 0, 0]",7,cMajor,Piano Sonata K280 i F major.mid by Mozart.csv,1774,CmajTriad,CEG,blueviolet,5
22,22.0 to 22.75,18,"[1, 0, 1, 0, 0, 1, 0, 1, 0, 0, 0, 1]",5,gMajor,Piano Sonata K280 i F major.mid by Mozart.csv,1774,V-IofC,D-GBC,crimson,11
23,23.0 to 23.875,4,"[1, 0, 0, 0, 1, 0, 0, 1, 0, 0, 0, 1]",1,cMajor,Piano Sonata K280 i F major.mid by Mozart.csv,1774,Cmaj3rd5th,EG-C,mediumvioletred,8
24,24.0 to 24.5,9,"[1, 0, 0, 0, 0, 1, 0, 0, 0, 1, 0, 0]",3,fMajor,Piano Sonata K280 i F major.mid by Mozart.csv,1774,6-1ofC,A-CF,deepskyblue,7
25,25.0 to 25.5,2,"[0, 0, 1, 0, 0, 2, 0, 0, 0, 0, 0, 0]",0,b-Major,Piano Sonata K280 i F major.mid by Mozart.csv,1774,2/4ofCmaj,DF,green,4
26,26.0 to 26.5,5,"[0, 0, 1, 0, 0, 0, 0, 1, 0, 0, 0, 1]",5,gMajor,Piano Sonata K280 i F major.mid by Mozart.csv,1774,Gmaj3rd5th,BD-G,gold,17
27,27.0 to 27.75,10,"[0, 0, 2, 0, 1, 1, 0, 1, 0, 0, 0, 1]",0,gMajor,Piano Sonata K280 i F major.mid by Mozart.csv,1774,Cmaj2-5tet,DEFG,violet,6
28,28.0 to 28.75,18,"[1, 0, 1, 0, 0, 0, 0, 0, 0, 0, 0, 1]",5,gMajor,Piano Sonata K280 i F major.mid by Mozart.csv,1774,V-IofC,D-GBC,crimson,11
29,29.0 to 29.75,16,"[0, 0, 0, 0, 0, 1, 0, 1, 0, 1, 0, 1]",3,fMajor,Piano Sonata K280 i F major.mid by Mozart.csv,1774,chr,FGAB,mediumpurple,10
30,30.0 to 30.75,17,"[1, 0, 0, 0, 3, 0, 0, 1, 0, 0, 0, 0]",1,cMajor,Piano Sonata K280 i F major.mid by Mozart.csv,1774,CmajTriad,CEG,blueviolet,5
31,31.0 to 31.75,2,"[0, 0, 2, 0, 1, 1, 0, 0, 0, 0, 0, 1]",0,gMajor,Piano Sonata K280 i F major.mid by Mozart.csv,1774,2/4ofCmaj,DF,green,4
32,32.0 to 32.875,8,"[2, 0, 1, 0, 1, 0, 0, 1, 0, 0, 0, 0]",7,cMajor,Piano Sonata K280 i F major.mid by Mozart.csv,1774,Cmaj-root,C-EG,slateblue,2
33,33.0 to 33.5,9,"[1, 0, 0, 0, 0, 1, 0, 0, 0, 1, 0, 0]",3,fMajor,Piano Sonata K280 i F major.mid by Mozart.csv,1774,6-1ofC,A-CF,deepskyblue,7
34,34.0 to 34.5,2,"[0, 0, 1, 0, 0, 2, 0, 0, 0, 0, 0, 0]",0,b-Major,Piano Sonata K280 i F major.mid by Mozart.csv,1774,2/4ofCmaj,DF,green,4
35,35.0 to 35.5,5,"[0, 0, 1, 0, 0, 0, 0, 1, 0, 0, 0, 1]",5,gMajor,Piano Sonata K280 i F major.mid by Mozart.csv,1774,Gmaj3rd5th,BD-G,gold,17
36,36.0 to 36.75,8,"[3, 0, 0, 0, 1, 0, 0, 1, 0, 0, 0, 0]",7,cMajor,Piano Sonata K280 i F major.mid by Mozart.csv,1774,Cmaj-root,C-EG,slateblue,2
37,37.0 to 37.66666667,4,"[1, 0, 0, 0, 1, 0, 0, 1, 0, 0, 0, 0]",1,cMajor,Piano Sonata K280 i F major.mid by Mozart.csv,1774,Cmaj3rd5th,EG-C,mediumvioletred,8
38,38.0 to 38.75,3,"[0, 0, 1, 0, 0, 1, 0, 2, 0, 0, 0, 1]",4,gMajor,Piano Sonata K280 i F major.mid by Mozart.csv,1774,Gmaj-root,G-BD,red,9
39,39.0 to 39.75,8,"[3, 0, 0, 0, 1, 0, 0, 1, 0, 0, 0, 0]",7,cMajor,Piano Sonata K280 i F major.mid by Mozart.csv,1774,Cmaj-root,C-EG,slateblue,2
40,40.0 to 40.66666667,5,"[0, 0, 1, 0, 0, 0, 0, 1, 0, 0, 0, 1]",5,gMajor,Piano Sonata K280 i F major.mid by Mozart.csv,1774,Gmaj3rd5th,BD-G,gold,17
41,41.0 to 41.66666667,4,"[1, 0, 0, 0, 1, 0, 0, 1, 0, 0, 0, 0]",1,cMajor,Piano Sonata K280 i F major.mid by Mozart.csv,1774,Cmaj3rd5th,EG-C,mediumvioletred,8
42,42.0 to 42.75,3,"[0, 0, 1, 0, 0, 0, 0, 3, 0, 0, 0, 1]",4,gMajor,Piano Sonata K280 i F major.mid by Mozart.csv,1774,Gmaj-root,G-BD,red,9
43,43.0 to 43.66666667,2,"[0, 0, 1, 0, 0, 1, 0, 0, 0, 0, 0, 1]",5,gMajor,Piano Sonata K280 i F major.mid by Mozart.csv,1774,2/4ofCmaj,DF,green,4
44,44.0 to 44.75,8,"[3, 0, 0, 0, 1, 0, 0, 1, 0, 0, 0, 0]",7,cMajor,Piano Sonata K280 i F major.mid by Mozart.csv,1774,Cmaj-root,C-EG,slateblue,2
45,45.0 to 45.75,3,"[0, 0, 1, 0, 0, 0, 0, 2, 0, 0, 0, 1]",4,gMajor,Piano Sonata K280 i F major.mid by Mozart.csv,1774,Gmaj-root,G-BD,red,9
46,46.0 to 46.66666667,4,"[1, 0, 0, 0, 1, 0, 0, 1, 0, 0, 0, 0]",1,cMajor,Piano Sonata K280 i F major.mid by Mozart.csv,1774,Cmaj3rd5th,EG-C,mediumvioletred,8
47,47.0 to 47.66666667,2,"[0, 0, 1, 0, 0, 1, 0, 1, 0, 0, 0, 0]",0,gMajor,Piano Sonata K280 i F major.mid by Mozart.csv,1774,2/4ofCmaj,DF,green,4
48,48.0 to 48.75,8,"[3, 0, 0, 0, 1, 0, 0, 1, 0, 0, 0, 0]",7,cMajor,Piano Sonata K280 i F major.mid by Mozart.csv,1774,Cmaj-root,C-EG,slateblue,2
49,49.0 to 49.66666667,12,"[1, 0, 0, 0, 1, 0, 0, 0, 0, 1, 0, 0]",6,cMinor,Piano Sonata K280 i F major.mid by Mozart.csv,1774,AminTriad,ACE,steelblue,14
50,50.0 to 50.66666667,4,"[1, 0, 0, 0, 1, 0, 0, 1, 0, 0, 0, 0]",1,cMajor,Piano Sonata K280 i F major.mid by Mozart.csv,1774,Cmaj3rd5th,EG-C,mediumvioletred,8
51,51.0 to 51.75,9,"[2, 0, 0, 1, 0, 0, 1, 0, 0, 1, 0, 0]",9,fMajor,Piano Sonata K280 i F major.mid by Mozart.csv,1774,6-1ofC,A-CF,deepskyblue,7
52,52.0 to 52.75,6,"[0, 0, 1, 0, 0, 0, 0, 1, 0, 0, 0, 3]",4,gMajor,Piano Sonata K280 i F major.mid by Mozart.csv,1774,GmajTriad,GBD,orange,13
53,53.0 to 53.66666667,11,"[0, 0, 0, 0, 0, 1, 0, 1, 0, 0, 1, 0]",0,e-Major,Piano Sonata K280 i F major.mid by Mozart.csv,1774,iv_ofDmin,GBb-C#D,yellow,0
54,54.0 to 54.75,11,"[0, 1, 0, 0, 1, 0, 0, 1, 0, 0, 2, 0]",1,b-Minor,Piano Sonata K280 i F major.mid by Mozart.csv,1774,iv_ofDmin,GBb-C#D,yellow,0
55,55.0 to 55.75,9,"[1, 0, 0, 0, 0, 1, 0, 0, 0, 3, 0, 0]",3,fMajor,Piano Sonata K280 i F major.mid by Mozart.csv,1774,6-1ofC,A-CF,deepskyblue,7
56,56.0 to 56.66666667,12,"[1, 0, 0, 0, 1, 0, 0, 0, 0, 1, 0, 0]",6,cMinor,Piano Sonata K280 i F major.mid by Mozart.csv,1774,AminTriad,ACE,steelblue,14
57,57.0 to 57.75,9,"[1, 0, 0, 1, 0, 0, 1, 0, 0, 2, 0, 0]",9,dMajor,Piano Sonata K280 i F major.mid by Mozart.csv,1774,6-1ofC,A-CF,deepskyblue,7
58,58.0 to 58.75,14,"[0, 0, 0, 0, 1, 0, 0, 0, 3, 0, 0, 1]",2,eMajor,Piano Sonata K280 i F major.mid by Mozart.csv,1774,VofAmin,E-BCD,indigo,19
59,59.0 to 59.66666667,10,"[0, 0, 1, 0, 1, 0, 0, 1, 0, 0, 0, 0]",1,cMajor,Piano Sonata K280 i F major.mid by Mozart.csv,1774,Cmaj2-5tet,DEFG,violet,6
60,60.0 to 60.75,11,"[0, 1, 0, 0, 1, 0, 0, 2, 0, 0, 1, 0]",1,cMajor,Piano Sonata K280 i F major.mid by Mozart.csv,1774,iv_ofDmin,GBb-C#D,yellow,0
61,61.0 to 61.75,7,"[0, 0, 1, 0, 0, 0, 3, 0, 0, 1, 0, 0]",8,dMajor,Piano Sonata K280 i F major.mid by Mozart.csv,1774,V7ofG,DF#AC,lime,18
62,62.0 to 62.66666667,9,"[1, 0, 0, 0, 0, 1, 0, 0, 0, 1, 0, 0]",3,fMajor,Piano Sonata K280 i F major.mid by Mozart.csv,1774,6-1ofC,A-CF,deepskyblue,7
63,63.0 to 63.75,2,"[0, 0, 1, 0, 0, 2, 0, 0, 1, 0, 0, 1]",0,c#Major,Piano Sonata K280 i F major.mid by Mozart.csv,1774,2/4ofCmaj,DF,green,4
64,64.0 to 64.75,17,"[1, 0, 0, 0, 3, 0, 0, 1, 0, 0, 0, 0]",1,cMajor,Piano Sonata K280 i F major.mid by Mozart.csv,1774,CmajTriad,CEG,blueviolet,5
65,65.0 to 65.66666667,4,"[1, 0, 0, 0, 1, 0, 0, 1, 0, 0, 0, 0]",1,cMajor,Piano Sonata K280 i F major.mid by Mozart.csv,1774,Cmaj3rd5th,EG-C,mediumvioletred,8
66,66.0 to 66.75,19,"[0, 0, 1, 0, 1, 3, 0, 0, 0, 0, 0, 0]",0,b-Major,Piano Sonata K280 i F major.mid by Mozart.csv,1774,4ofC,F-AC,cyan,1
67,67.0 to 67.66666667,16,"[0, 0, 0, 0, 0, 1, 0, 0, 1, 1, 0, 0]",3,c#Major,Piano Sonata K280 i F major.mid by Mozart.csv,1774,chr,FGAB,mediumpurple,10
68,68.0 to 68.66666667,0,"[0, 1, 1, 0, 0, 0, 0, 0, 0, 1, 0, 0]",3,dMajor,Piano Sonata K280 i F major.mid by Mozart.csv,1774,VofG,D-F#A,greenyellow,15
69,69.0 to 69.66666667,2,"[0, 0, 1, 0, 1, 1, 0, 0, 0, 0, 0, 0]",0,b-Major,Piano Sonata K280 i F major.mid by Mozart.csv,1774,2/4ofCmaj,DF,green,4
70,70.0 to 70.66666667,16,"[0, 0, 0, 0, 0, 1, 0, 0, 1, 1, 0, 0]",3,c#Major,Piano Sonata K280 i F major.mid by Mozart.csv,1774,chr,FGAB,mediumpurple,10
71,71.0 to 71.66666667,16,"[0, 0, 0, 0, 1, 1, 0, 0, 0, 1, 0, 0]",3,fMajor,Piano Sonata K280 i F major.mid by Mozart.csv,1774,chr,FGAB,mediumpurple,10
72,72.0 to 72.66666667,2,"[0, 1, 1, 0, 0, 1, 0, 0, 0, 0, 0, 0]",0,c#Major,Piano Sonata K280 i F major.mid by Mozart.csv,1774,2/4ofCmaj,DF,green,4
73,73.0 to 73.66666667,0,"[0, 0, 1, 0, 0, 0, 0, 0, 1, 1, 0, 0]",3,dMajor,Piano Sonata K280 i F major.mid by Mozart.csv,1774,VofG,D-F#A,greenyellow,15
74,74.0 to 74.75,19,"[0, 0, 1, 0, 0, 3, 0, 0, 0, 1, 0, 0]",0,fMinor,Piano Sonata K280 i F major.mid by Mozart.csv,1774,4ofC,F-AC,cyan,1
75,75.0 to 75.0,4,"[1, 0, 0, 0, 1, 0, 0, 1, 0, 0, 0, 0]",1,cMajor,Piano Sonata K280 i F major.mid by Mozart.csv,1774,Cmaj3rd5th,EG-C,mediumvioletred,8
76,76.0 to 76.0,5,"[0, 0, 1, 0, 0, 0, 0, 0, 0, 0, 0, 1]",5,gMajor,Piano Sonata K280 i F major.mid by Mozart.csv,1774,Gmaj3rd5th,BD-G,gold,17
77,78.0 to 78.0,3,"[0, 0, 0, 0, 0, 0, 0, 2, 0, 0, 0, 0]",4,cMajor,Piano Sonata K280 i F major.mid by Mozart.csv,1774,Gmaj-root,G-BD,red,9
78,79.0 to 79.0,5,"[0, 0, 0, 0, 0, 0, 0, 0, 0, 0, 0, 2]",5,eMajor,Piano Sonata K280 i F major.mid by Mozart.csv,1774,Gmaj3rd5th,BD-G,gold,17
79,80.0 to 80.0,0,"[0, 0, 2, 0, 0, 0, 0, 0, 0, 0, 0, 0]",5,dMajor,Piano Sonata K280 i F major.mid by Mozart.csv,1774,VofG,D-F#A,greenyellow,15
80,81.0 to 81.75,14,"[0, 0, 1, 0, 1, 0, 0, 0, 0, 0, 0, 1]",5,eMajor,Piano Sonata K280 i F major.mid by Mozart.csv,1774,VofAmin,E-BCD,indigo,19
81,82.0 to 82.75,14,"[0, 0, 1, 0, 1, 0, 0, 0, 0, 0, 0, 1]",5,eMajor,Piano Sonata K280 i F major.mid by Mozart.csv,1774,VofAmin,E-BCD,indigo,19
82,83.0 to 83.75,9,"[1, 0, 1, 0, 0, 0, 0, 0, 0, 1, 0, 0]",3,dMajor,Piano Sonata K280 i F major.mid by Mozart.csv,1774,6-1ofC,A-CF,deepskyblue,7
83,84.0 to 84.75,18,"[1, 0, 1, 0, 1, 0, 0, 1, 0, 0, 0, 2]",5,gMajor,Piano Sonata K280 i F major.mid by Mozart.csv,1774,V-IofC,D-GBC,crimson,11
84,85.0 to 85.75,18,"[1, 0, 1, 0, 1, 0, 0, 1, 0, 0, 0, 2]",5,gMajor,Piano Sonata K280 i F major.mid by Mozart.csv,1774,V-IofC,D-GBC,crimson,11
85,86.0 to 86.75,7,"[1, 0, 1, 0, 0, 0, 1, 0, 0, 2, 0, 1]",9,dMajor,Piano Sonata K280 i F major.mid by Mozart.csv,1774,V7ofG,DF#AC,lime,18
86,87.0 to 87.875,5,"[0, 0, 1, 0, 0, 0, 0, 1, 0, 0, 0, 1]",5,gMajor,Piano Sonata K280 i F major.mid by Mozart.csv,1774,Gmaj3rd5th,BD-G,gold,17
87,88.0 to 88.875,3,"[0, 0, 1, 0, 0, 0, 0, 2, 0, 1, 0, 1]",4,gMajor,Piano Sonata K280 i F major.mid by Mozart.csv,1774,Gmaj-root,G-BD,red,9
88,89.0 to 89.0,16,"[0, 0, 0, 0, 0, 0, 1, 0, 0, 1, 0, 0]",8,dMajor,Piano Sonata K280 i F major.mid by Mozart.csv,1774,chr,FGAB,mediumpurple,10
89,90.0 to 90.0,0,"[0, 0, 2, 0, 0, 0, 0, 0, 0, 0, 0, 0]",5,dMajor,Piano Sonata K280 i F major.mid by Mozart.csv,1774,VofG,D-F#A,greenyellow,15
90,91.0 to 91.0,1,"[0, 0, 0, 0, 0, 0, 2, 0, 0, 0, 0, 0]",8,dMajor,Piano Sonata K280 i F major.mid by Mozart.csv,1774,Gmaj-IV/vii,F#G-ACE,salmon,16
91,92.0 to 92.0,9,"[0, 0, 0, 0, 0, 0, 0, 0, 0, 2, 0, 0]",3,dMajor,Piano Sonata K280 i F major.mid by Mozart.csv,1774,6-1ofC,A-CF,deepskyblue,7
92,93.0 to 93.75,9,"[1, 0, 1, 0, 0, 0, 0, 0, 0, 1, 0, 0]",3,dMajor,Piano Sonata K280 i F major.mid by Mozart.csv,1774,6-1ofC,A-CF,deepskyblue,7
93,94.0 to 94.75,9,"[1, 0, 1, 0, 0, 0, 0, 0, 0, 1, 0, 0]",3,dMajor,Piano Sonata K280 i F major.mid by Mozart.csv,1774,6-1ofC,A-CF,deepskyblue,7
94,95.0 to 95.75,13,"[1, 0, 0, 0, 0, 0, 0, 1, 0, 0, 0, 1]",5,cMajor,Piano Sonata K280 i F major.mid by Mozart.csv,1774,Cmaj5-1tet,BC-AG,darkviolet,12
95,96.0 to 96.75,7,"[1, 0, 1, 0, 0, 0, 1, 0, 0, 2, 0, 1]",9,dMajor,Piano Sonata K280 i F major.mid by Mozart.csv,1774,V7ofG,DF#AC,lime,18
96,97.0 to 97.75,7,"[1, 0, 1, 0, 0, 0, 1, 0, 0, 2, 0, 1]",9,dMajor,Piano Sonata K280 i F major.mid by Mozart.csv,1774,V7ofG,DF#AC,lime,18
97,98.0 to 98.75,3,"[1, 0, 0, 0, 0, 0, 1, 2, 0, 0, 0, 2]",4,gMajor,Piano Sonata K280 i F major.mid by Mozart.csv,1774,Gmaj-root,G-BD,red,9
98,99.0 to 99.875,9,"[1, 0, 0, 0, 0, 0, 0, 0, 0, 2, 0, 0]",3,fMajor,Piano Sonata K280 i F major.mid by Mozart.csv,1774,6-1ofC,A-CF,deepskyblue,7
99,100.0 to 100.875,7,"[1, 0, 1, 0, 0, 0, 1, 0, 0, 1, 0, 1]",9,dMajor,Piano Sonata K280 i F major.mid by Mozart.csv,1774,V7ofG,DF#AC,lime,18
100,101.0 to 101.0,16,"[0, 0, 0, 0, 0, 0, 0, 1, 0, 0, 0, 1]",5,gMajor,Piano Sonata K280 i F major.mid by Mozart.csv,1774,chr,FGAB,mediumpurple,10
101,102.0 to 102.75,18,"[1, 0, 1, 0, 0, 0, 0, 0, 0, 0, 0, 2]",5,gMajor,Piano Sonata K280 i F major.mid by Mozart.csv,1774,V-IofC,D-GBC,crimson,11
102,103.0 to 103.6666667,5,"[0, 0, 1, 0, 0, 0, 0, 0, 0, 1, 0, 1]",5,dMajor,Piano Sonata K280 i F major.mid by Mozart.csv,1774,Gmaj3rd5th,BD-G,gold,17
103,104.0 to 104.6666667,2,"[0, 0, 1, 0, 0, 1, 0, 1, 0, 0, 0, 0]",0,gMajor,Piano Sonata K280 i F major.mid by Mozart.csv,1774,2/4ofCmaj,DF,green,4
104,105.0 to 105.75,8,"[2, 0, 0, 1, 0, 1, 0, 0, 0, 0, 0, 0]",6,fMajor,Piano Sonata K280 i F major.mid by Mozart.csv,1774,Cmaj-root,C-EG,slateblue,2
105,106.0 to 106.6666667,14,"[0, 0, 0, 0, 1, 0, 0, 0, 1, 1, 0, 0]",2,eMajor,Piano Sonata K280 i F major.mid by Mozart.csv,1774,VofAmin,E-BCD,indigo,19
106,107.0 to 107.6666667,13,"[1, 0, 0, 0, 0, 0, 0, 0, 0, 1, 0, 1]",3,fMajor,Piano Sonata K280 i F major.mid by Mozart.csv,1774,Cmaj5-1tet,BC-AG,darkviolet,12
107,108.0 to 108.75,14,"[0, 2, 1, 0, 1, 0, 0, 0, 0, 0, 0, 0]",1,aMajor,Piano Sonata K280 i F major.mid by Mozart.csv,1774,VofAmin,E-BCD,indigo,19
108,109.0 to 109.6666667,14,"[0, 1, 0, 0, 1, 0, 0, 0, 0, 0, 0, 1]",2,eMajor,Piano Sonata K280 i F major.mid by Mozart.csv,1774,VofAmin,E-BCD,indigo,19
109,110.0 to 110.6666667,16,"[0, 0, 0, 0, 1, 0, 0, 1, 0, 1, 0, 0]",1,cMajor,Piano Sonata K280 i F major.mid by Mozart.csv,1774,chr,FGAB,mediumpurple,10
110,111.0 to 111.75,2,"[0, 0, 2, 0, 0, 1, 0, 1, 0, 0, 0, 0]",0,b-Major,Piano Sonata K280 i F major.mid by Mozart.csv,1774,2/4ofCmaj,DF,green,4
111,112.0 to 112.6666667,16,"[0, 0, 0, 0, 0, 0, 1, 0, 0, 0, 1, 1]",8,f#Major,Piano Sonata K280 i F major.mid by Mozart.csv,1774,chr,FGAB,mediumpurple,10
112,113.0 to 113.6666667,5,"[0, 1, 1, 0, 0, 0, 0, 0, 0, 0, 0, 1]",5,gMajor,Piano Sonata K280 i F major.mid by Mozart.csv,1774,Gmaj3rd5th,BD-G,gold,17
113,114.0 to 114.75,14,"[0, 0, 0, 2, 1, 0, 1, 0, 0, 0, 0, 0]",8,bMajor,Piano Sonata K280 i F major.mid by Mozart.csv,1774,VofAmin,E-BCD,indigo,19
114,115.0 to 115.6666667,1,"[1, 0, 0, 1, 0, 0, 1, 0, 0, 0, 0, 0]",8,g#Major,Piano Sonata K280 i F major.mid by Mozart.csv,1774,Gmaj-IV/vii,F#G-ACE,salmon,16
115,116.0 to 116.6666667,16,"[0, 0, 0, 0, 0, 0, 1, 0, 0, 1, 0, 1]",8,dMajor,Piano Sonata K280 i F major.mid by Mozart.csv,1774,chr,FGAB,mediumpurple,10
116,117.0 to 117.9166667,14,"[0, 0, 0, 0, 2, 0, 1, 1, 0, 0, 0, 0]",1,gMinor,Piano Sonata K280 i F major.mid by Mozart.csv,1774,VofAmin,E-BCD,indigo,19
117,118.0 to 118.75,14,"[1, 0, 0, 1, 1, 0, 0, 0, 0, 0, 0, 0]",6,cMajor,Piano Sonata K280 i F major.mid by Mozart.csv,1774,VofAmin,E-BCD,indigo,19
118,119.0 to 119.75,5,"[0, 1, 1, 0, 0, 0, 0, 0, 0, 0, 0, 1]",5,gMajor,Piano Sonata K280 i F major.mid by Mozart.csv,1774,Gmaj3rd5th,BD-G,gold,17
119,120.0 to 120.9166667,9,"[1, 0, 0, 0, 0, 0, 0, 0, 1, 1, 0, 0]",3,fMajor,Piano Sonata K280 i F major.mid by Mozart.csv,1774,6-1ofC,A-CF,deepskyblue,7
120,121.0 to 121.75,14,"[1, 0, 0, 0, 1, 0, 0, 0, 0, 0, 0, 1]",6,cMajor,Piano Sonata K280 i F major.mid by Mozart.csv,1774,VofAmin,E-BCD,indigo,19
121,122.0 to 122.75,5,"[0, 0, 1, 0, 0, 0, 0, 0, 0, 0, 1, 1]",5,gMajor,Piano Sonata K280 i F major.mid by Mozart.csv,1774,Gmaj3rd5th,BD-G,gold,17
122,123.0 to 123.75,9,"[1, 0, 1, 0, 0, 0, 0, 0, 0, 2, 0, 1]",9,dMajor,Piano Sonata K280 i F major.mid by Mozart.csv,1774,6-1ofC,A-CF,deepskyblue,7
123,124.0 to 124.0,5,"[0, 0, 1, 0, 0, 0, 0, 1, 0, 0, 0, 1]",5,gMajor,Piano Sonata K280 i F major.mid by Mozart.csv,1774,Gmaj3rd5th,BD-G,gold,17
124,125.0 to 125.875,1,"[1, 0, 0, 0, 1, 0, 1, 1, 0, 0, 0, 0]",1,cMajor,Piano Sonata K280 i F major.mid by Mozart.csv,1774,Gmaj-IV/vii,F#G-ACE,salmon,16
125,126.0 to 126.75,3,"[0, 0, 1, 0, 0, 0, 0, 3, 0, 0, 0, 1]",4,gMajor,Piano Sonata K280 i F major.mid by Mozart.csv,1774,Gmaj-root,G-BD,red,9
126,127.0 to 127.75,1,"[0, 0, 0, 0, 0, 0, 1, 1, 0, 1, 0, 1]",8,dMajor,Piano Sonata K280 i F major.mid by Mozart.csv,1774,Gmaj-IV/vii,F#G-ACE,salmon,16
127,128.0 to 128.75,13,"[1, 0, 0, 0, 0, 0, 0, 1, 0, 1, 0, 1]",3,fMajor,Piano Sonata K280 i F major.mid by Mozart.csv,1774,Cmaj5-1tet,BC-AG,darkviolet,12
128,129.0 to 129.75,7,"[1, 0, 0, 0, 0, 0, 2, 0, 0, 2, 0, 0]",9,dMajor,Piano Sonata K280 i F major.mid by Mozart.csv,1774,V7ofG,DF#AC,lime,18
129,130.0 to 130.75,13,"[1, 0, 0, 0, 0, 0, 0, 0, 1, 1, 0, 1]",3,eMajor,Piano Sonata K280 i F major.mid by Mozart.csv,1774,Cmaj5-1tet,BC-AG,darkviolet,12
130,131.0 to 131.75,13,"[1, 0, 1, 0, 0, 0, 0, 0, 0, 1, 0, 1]",5,gMajor,Piano Sonata K280 i F major.mid by Mozart.csv,1774,Cmaj5-1tet,BC-AG,darkviolet,12
131,132.0 to 132.75,6,"[0, 0, 1, 0, 0, 0, 0, 2, 0, 0, 0, 2]",4,gMajor,Piano Sonata K280 i F major.mid by Mozart.csv,1774,GmajTriad,GBD,orange,13
132,133.0 to 133.75,18,"[1, 0, 1, 0, 0, 0, 0, 0, 0, 0, 1, 1]",5,gMajor,Piano Sonata K280 i F major.mid by Mozart.csv,1774,V-IofC,D-GBC,crimson,11
133,134.0 to 134.75,18,"[1, 0, 1, 0, 1, 0, 0, 0, 0, 0, 0, 1]",5,eMajor,Piano Sonata K280 i F major.mid by Mozart.csv,1774,V-IofC,D-GBC,crimson,11
134,135.0 to 135.75,12,"[2, 0, 0, 0, 1, 0, 0, 0, 1, 1, 0, 1]",6,cMinor,Piano Sonata K280 i F major.mid by Mozart.csv,1774,AminTriad,ACE,steelblue,14
135,136.0 to 136.75,12,"[2, 0, 0, 0, 1, 0, 0, 0, 1, 1, 0, 1]",6,cMinor,Piano Sonata K280 i F major.mid by Mozart.csv,1774,AminTriad,ACE,steelblue,14
136,137.0 to 137.75,12,"[2, 0, 1, 0, 1, 0, 0, 0, 0, 1, 0, 1]",6,cMinor,Piano Sonata K280 i F major.mid by Mozart.csv,1774,AminTriad,ACE,steelblue,14
137,138.0 to 138.875,17,"[2, 0, 0, 0, 2, 0, 0, 1, 0, 1, 0, 1]",6,cMajor,Piano Sonata K280 i F major.mid by Mozart.csv,1774,CmajTriad,CEG,blueviolet,5
138,139.0 to 139.875,5,"[0, 0, 1, 0, 0, 0, 0, 1, 0, 1, 0, 1]",5,gMajor,Piano Sonata K280 i F major.mid by Mozart.csv,1774,Gmaj3rd5th,BD-G,gold,17
139,140.0 to 140.875,16,"[0, 0, 0, 0, 0, 0, 1, 0, 0, 1, 0, 1]",8,dMajor,Piano Sonata K280 i F major.mid by Mozart.csv,1774,chr,FGAB,mediumpurple,10
140,141.0 to 141.75,6,"[0, 0, 2, 0, 0, 0, 0, 3, 0, 0, 0, 3]",4,gMajor,Piano Sonata K280 i F major.mid by Mozart.csv,1774,GmajTriad,GBD,orange,13
141,142.0 to 142.75,1,"[0, 0, 0, 0, 0, 0, 1, 1, 0, 1, 0, 1]",8,dMajor,Piano Sonata K280 i F major.mid by Mozart.csv,1774,Gmaj-IV/vii,F#G-ACE,salmon,16
142,143.0 to 143.75,13,"[1, 0, 0, 0, 0, 0, 0, 1, 0, 1, 0, 1]",3,fMajor,Piano Sonata K280 i F major.mid by Mozart.csv,1774,Cmaj5-1tet,BC-AG,darkviolet,12
143,144.0 to 144.75,7,"[1, 0, 0, 0, 0, 0, 2, 0, 0, 2, 0, 0]",9,dMajor,Piano Sonata K280 i F major.mid by Mozart.csv,1774,V7ofG,DF#AC,lime,18
144,145.0 to 145.75,13,"[1, 0, 0, 0, 0, 0, 0, 0, 1, 1, 0, 1]",3,eMajor,Piano Sonata K280 i F major.mid by Mozart.csv,1774,Cmaj5-1tet,BC-AG,darkviolet,12
145,146.0 to 146.75,13,"[1, 0, 1, 0, 0, 0, 0, 0, 0, 1, 0, 1]",5,gMajor,Piano Sonata K280 i F major.mid by Mozart.csv,1774,Cmaj5-1tet,BC-AG,darkviolet,12
146,147.0 to 147.75,6,"[0, 0, 1, 0, 0, 0, 0, 2, 0, 0, 0, 2]",4,gMajor,Piano Sonata K280 i F major.mid by Mozart.csv,1774,GmajTriad,GBD,orange,13
147,148.0 to 148.75,18,"[1, 0, 1, 0, 0, 0, 0, 0, 0, 0, 1, 1]",5,gMajor,Piano Sonata K280 i F major.mid by Mozart.csv,1774,V-IofC,D-GBC,crimson,11
148,149.0 to 149.75,18,"[1, 0, 1, 0, 1, 0, 0, 0, 0, 0, 0, 1]",5,eMajor,Piano Sonata K280 i F major.mid by Mozart.csv,1774,V-IofC,D-GBC,crimson,11
149,150.0 to 150.75,12,"[2, 0, 0, 0, 1, 0, 0, 0, 0, 2, 0, 0]",6,cMinor,Piano Sonata K280 i F major.mid by Mozart.csv,1774,AminTriad,ACE,steelblue,14
150,151.0 to 151.75,12,"[1, 0, 0, 0, 2, 0, 0, 0, 0, 1, 0, 0]",6,cMinor,Piano Sonata K280 i F major.mid by Mozart.csv,1774,AminTriad,ACE,steelblue,14
151,152.0 to 152.75,12,"[1, 0, 0, 0, 1, 0, 0, 0, 0, 2, 0, 0]",3,cMinor,Piano Sonata K280 i F major.mid by Mozart.csv,1774,AminTriad,ACE,steelblue,14
152,153.0 to 153.75,12,"[2, 0, 0, 0, 1, 0, 0, 0, 0, 1, 0, 0]",6,cMinor,Piano Sonata K280 i F major.mid by Mozart.csv,1774,AminTriad,ACE,steelblue,14
153,154.0 to 154.75,12,"[1, 0, 0, 0, 2, 0, 0, 0, 0, 1, 0, 0]",6,cMinor,Piano Sonata K280 i F major.mid by Mozart.csv,1774,AminTriad,ACE,steelblue,14
154,155.0 to 155.75,1,"[1, 0, 0, 1, 0, 0, 1, 1, 0, 0, 0, 0]",8,e-Minor,Piano Sonata K280 i F major.mid by Mozart.csv,1774,Gmaj-IV/vii,F#G-ACE,salmon,16
155,156.0 to 156.875,13,"[1, 0, 0, 0, 1, 0, 0, 1, 0, 1, 0, 1]",6,cMajor,Piano Sonata K280 i F major.mid by Mozart.csv,1774,Cmaj5-1tet,BC-AG,darkviolet,12
156,157.0 to 157.875,5,"[0, 0, 1, 0, 0, 0, 0, 1, 0, 1, 0, 1]",5,gMajor,Piano Sonata K280 i F major.mid by Mozart.csv,1774,Gmaj3rd5th,BD-G,gold,17
157,158.0 to 158.875,16,"[0, 0, 0, 0, 0, 0, 1, 0, 0, 1, 0, 1]",8,dMajor,Piano Sonata K280 i F major.mid by Mozart.csv,1774,chr,FGAB,mediumpurple,10
158,159.0 to 159.875,6,"[0, 0, 1, 0, 0, 0, 0, 2, 0, 0, 0, 2]",4,gMajor,Piano Sonata K280 i F major.mid by Mozart.csv,1774,GmajTriad,GBD,orange,13
159,160.0 to 160.75,5,"[0, 0, 2, 0, 0, 0, 0, 1, 0, 0, 0, 1]",5,gMajor,Piano Sonata K280 i F major.mid by Mozart.csv,1774,Gmaj3rd5th,BD-G,gold,17
160,161.0 to 161.875,1,"[1, 0, 1, 0, 1, 0, 1, 1, 0, 1, 0, 0]",1,cMajor,Piano Sonata K280 i F major.mid by Mozart.csv,1774,Gmaj-IV/vii,F#G-ACE,salmon,16
161,162.0 to 162.875,6,"[0, 0, 1, 0, 0, 0, 0, 2, 0, 0, 0, 2]",4,gMajor,Piano Sonata K280 i F major.mid by Mozart.csv,1774,GmajTriad,GBD,orange,13
162,163.0 to 163.75,5,"[0, 0, 2, 0, 0, 0, 0, 1, 0, 0, 0, 1]",5,gMajor,Piano Sonata K280 i F major.mid by Mozart.csv,1774,Gmaj3rd5th,BD-G,gold,17
163,164.0 to 164.875,1,"[1, 0, 1, 0, 1, 0, 1, 1, 0, 1, 0, 0]",1,cMajor,Piano Sonata K280 i F major.mid by Mozart.csv,1774,Gmaj-IV/vii,F#G-ACE,salmon,16
164,165.0 to 165.0,3,"[0, 0, 0, 0, 0, 0, 0, 2, 0, 0, 0, 1]",4,gMajor,Piano Sonata K280 i F major.mid by Mozart.csv,1774,Gmaj-root,G-BD,red,9
165,166.0 to 166.0,6,"[0, 0, 2, 0, 0, 0, 0, 2, 0, 0, 0, 2]",4,gMajor,Piano Sonata K280 i F major.mid by Mozart.csv,1774,GmajTriad,GBD,orange,13
166,168.0 to 168.0,17,"[3, 0, 0, 0, 1, 0, 0, 2, 0, 0, 0, 0]",7,cMajor,Piano Sonata K280 i F major.mid by Mozart.csv,1774,CmajTriad,CEG,blueviolet,5
167,169.0 to 169.0,4,"[0, 0, 0, 0, 1, 0, 0, 2, 0, 0, 0, 0]",1,cMajor,Piano Sonata K280 i F major.mid by Mozart.csv,1774,Cmaj3rd5th,EG-C,mediumvioletred,8
168,170.0 to 170.0,14,"[0, 0, 0, 0, 2, 0, 0, 1, 0, 0, 0, 0]",1,cMajor,Piano Sonata K280 i F major.mid by Mozart.csv,1774,VofAmin,E-BCD,indigo,19
169,171.0 to 171.75,4,"[1, 0, 0, 0, 1, 0, 0, 1, 0, 0, 0, 0]",1,cMajor,Piano Sonata K280 i F major.mid by Mozart.csv,1774,Cmaj3rd5th,EG-C,mediumvioletred,8
170,172.0 to 172.75,4,"[1, 0, 0, 0, 1, 0, 0, 1, 0, 1, 0, 0]",1,cMajor,Piano Sonata K280 i F major.mid by Mozart.csv,1774,Cmaj3rd5th,EG-C,mediumvioletred,8
171,173.0 to 173.75,1,"[1, 0, 1, 0, 1, 0, 1, 1, 0, 0, 0, 0]",1,cMajor,Piano Sonata K280 i F major.mid by Mozart.csv,1774,Gmaj-IV/vii,F#G-ACE,salmon,16
172,174.0 to 174.75,8,"[2, 0, 0, 0, 1, 0, 0, 0, 0, 0, 0, 0]",6,cMajor,Piano Sonata K280 i F major.mid by Mozart.csv,1774,Cmaj-root,C-EG,slateblue,2
173,175.0 to 175.75,18,"[1, 0, 1, 0, 0, 1, 0, 0, 0, 0, 0, 1]",5,gMajor,Piano Sonata K280 i F major.mid by Mozart.csv,1774,V-IofC,D-GBC,crimson,11
174,176.0 to 176.75,4,"[1, 0, 0, 0, 1, 0, 0, 1, 0, 0, 1, 0]",1,cMajor,Piano Sonata K280 i F major.mid by Mozart.csv,1774,Cmaj3rd5th,EG-C,mediumvioletred,8
175,177.0 to 177.75,9,"[1, 0, 0, 0, 0, 1, 0, 0, 0, 2, 0, 0]",3,fMajor,Piano Sonata K280 i F major.mid by Mozart.csv,1774,6-1ofC,A-CF,deepskyblue,7
176,178.0 to 178.5,9,"[1, 0, 0, 0, 0, 1, 0, 0, 0, 1, 0, 0]",3,fMajor,Piano Sonata K280 i F major.mid by Mozart.csv,1774,6-1ofC,A-CF,deepskyblue,7
177,179.0 to 179.5,9,"[1, 0, 0, 0, 0, 1, 0, 0, 0, 1, 0, 0]",3,fMajor,Piano Sonata K280 i F major.mid by Mozart.csv,1774,6-1ofC,A-CF,deepskyblue,7
178,180.0 to 180.5,18,"[1, 0, 1, 0, 0, 1, 0, 1, 0, 0, 0, 1]",5,gMajor,Piano Sonata K280 i F major.mid by Mozart.csv,1774,V-IofC,D-GBC,crimson,11
179,181.0 to 181.75,18,"[1, 0, 1, 0, 0, 1, 0, 0, 0, 0, 0, 1]",5,gMajor,Piano Sonata K280 i F major.mid by Mozart.csv,1774,V-IofC,D-GBC,crimson,11
180,182.0 to 182.5,18,"[1, 0, 1, 0, 0, 0, 0, 0, 0, 0, 0, 1]",5,gMajor,Piano Sonata K280 i F major.mid by Mozart.csv,1774,V-IofC,D-GBC,crimson,11
181,183.0 to 183.5,8,"[2, 0, 0, 0, 1, 0, 0, 1, 0, 1, 0, 0]",7,cMajor,Piano Sonata K280 i F major.mid by Mozart.csv,1774,Cmaj-root,C-EG,slateblue,2
182,184.0 to 184.75,8,"[2, 0, 0, 0, 1, 0, 0, 1, 0, 0, 0, 0]",7,cMajor,Piano Sonata K280 i F major.mid by Mozart.csv,1774,Cmaj-root,C-EG,slateblue,2
183,185.0 to 185.5,8,"[2, 0, 0, 0, 1, 0, 0, 0, 0, 0, 0, 0]",6,cMajor,Piano Sonata K280 i F major.mid by Mozart.csv,1774,Cmaj-root,C-EG,slateblue,2
184,186.0 to 186.75,10,"[0, 0, 2, 0, 1, 1, 0, 1, 0, 0, 0, 1]",0,gMajor,Piano Sonata K280 i F major.mid by Mozart.csv,1774,Cmaj2-5tet,DEFG,violet,6
185,187.0 to 187.75,18,"[1, 0, 1, 0, 0, 0, 0, 0, 0, 0, 0, 1]",5,gMajor,Piano Sonata K280 i F major.mid by Mozart.csv,1774,V-IofC,D-GBC,crimson,11
186,188.0 to 188.75,16,"[0, 0, 0, 0, 0, 1, 0, 1, 0, 1, 0, 1]",3,fMajor,Piano Sonata K280 i F major.mid by Mozart.csv,1774,chr,FGAB,mediumpurple,10
187,189.0 to 189.75,17,"[2, 0, 0, 0, 2, 0, 0, 1, 0, 0, 0, 0]",7,cMajor,Piano Sonata K280 i F major.mid by Mozart.csv,1774,CmajTriad,CEG,blueviolet,5
188,190.0 to 190.75,18,"[1, 0, 1, 0, 0, 1, 0, 1, 0, 0, 0, 1]",5,gMajor,Piano Sonata K280 i F major.mid by Mozart.csv,1774,V-IofC,D-GBC,crimson,11
189,191.0 to 191.875,4,"[1, 0, 0, 0, 1, 0, 0, 1, 0, 0, 0, 1]",1,cMajor,Piano Sonata K280 i F major.mid by Mozart.csv,1774,Cmaj3rd5th,EG-C,mediumvioletred,8
190,192.0 to 192.5,9,"[1, 0, 0, 0, 0, 1, 0, 0, 0, 1, 0, 0]",3,fMajor,Piano Sonata K280 i F major.mid by Mozart.csv,1774,6-1ofC,A-CF,deepskyblue,7
191,193.0 to 193.5,2,"[0, 0, 1, 0, 0, 2, 0, 0, 0, 0, 0, 0]",0,b-Major,Piano Sonata K280 i F major.mid by Mozart.csv,1774,2/4ofCmaj,DF,green,4
192,194.0 to 194.5,5,"[0, 0, 1, 0, 0, 0, 0, 1, 0, 0, 0, 1]",5,gMajor,Piano Sonata K280 i F major.mid by Mozart.csv,1774,Gmaj3rd5th,BD-G,gold,17
193,195.0 to 195.75,10,"[0, 0, 2, 0, 1, 1, 0, 1, 0, 0, 0, 1]",0,gMajor,Piano Sonata K280 i F major.mid by Mozart.csv,1774,Cmaj2-5tet,DEFG,violet,6
194,196.0 to 196.75,18,"[1, 0, 1, 0, 0, 0, 0, 0, 0, 0, 0, 1]",5,gMajor,Piano Sonata K280 i F major.mid by Mozart.csv,1774,V-IofC,D-GBC,crimson,11
195,197.0 to 197.75,16,"[0, 0, 0, 0, 0, 1, 0, 1, 0, 1, 0, 1]",3,fMajor,Piano Sonata K280 i F major.mid by Mozart.csv,1774,chr,FGAB,mediumpurple,10
196,198.0 to 198.75,17,"[1, 0, 0, 0, 3, 0, 0, 1, 0, 0, 0, 0]",1,cMajor,Piano Sonata K280 i F major.mid by Mozart.csv,1774,CmajTriad,CEG,blueviolet,5
197,199.0 to 199.75,2,"[0, 0, 2, 0, 1, 1, 0, 0, 0, 0, 0, 1]",0,gMajor,Piano Sonata K280 i F major.mid by Mozart.csv,1774,2/4ofCmaj,DF,green,4
198,200.0 to 200.875,8,"[2, 0, 1, 0, 1, 0, 0, 1, 0, 0, 0, 0]",7,cMajor,Piano Sonata K280 i F major.mid by Mozart.csv,1774,Cmaj-root,C-EG,slateblue,2
199,201.0 to 201.5,9,"[1, 0, 0, 0, 0, 1, 0, 0, 0, 1, 0, 0]",3,fMajor,Piano Sonata K280 i F major.mid by Mozart.csv,1774,6-1ofC,A-CF,deepskyblue,7
200,202.0 to 202.5,2,"[0, 0, 1, 0, 0, 2, 0, 0, 0, 0, 0, 0]",0,b-Major,Piano Sonata K280 i F major.mid by Mozart.csv,1774,2/4ofCmaj,DF,green,4
201,203.0 to 203.5,5,"[0, 0, 1, 0, 0, 0, 0, 1, 0, 0, 0, 1]",5,gMajor,Piano Sonata K280 i F major.mid by Mozart.csv,1774,Gmaj3rd5th,BD-G,gold,17
202,204.0 to 204.75,8,"[3, 0, 0, 0, 1, 0, 0, 1, 0, 0, 0, 0]",7,cMajor,Piano Sonata K280 i F major.mid by Mozart.csv,1774,Cmaj-root,C-EG,slateblue,2
203,205.0 to 205.6666667,4,"[1, 0, 0, 0, 1, 0, 0, 1, 0, 0, 0, 0]",1,cMajor,Piano Sonata K280 i F major.mid by Mozart.csv,1774,Cmaj3rd5th,EG-C,mediumvioletred,8
204,206.0 to 206.75,3,"[0, 0, 1, 0, 0, 1, 0, 2, 0, 0, 0, 1]",4,gMajor,Piano Sonata K280 i F major.mid by Mozart.csv,1774,Gmaj-root,G-BD,red,9
205,207.0 to 207.75,8,"[3, 0, 0, 0, 1, 0, 0, 1, 0, 0, 0, 0]",7,cMajor,Piano Sonata K280 i F major.mid by Mozart.csv,1774,Cmaj-root,C-EG,slateblue,2
206,208.0 to 208.6666667,5,"[0, 0, 1, 0, 0, 0, 0, 1, 0, 0, 0, 1]",5,gMajor,Piano Sonata K280 i F major.mid by Mozart.csv,1774,Gmaj3rd5th,BD-G,gold,17
207,209.0 to 209.6666667,4,"[1, 0, 0, 0, 1, 0, 0, 1, 0, 0, 0, 0]",1,cMajor,Piano Sonata K280 i F major.mid by Mozart.csv,1774,Cmaj3rd5th,EG-C,mediumvioletred,8
208,210.0 to 210.75,3,"[0, 0, 1, 0, 0, 0, 0, 3, 0, 0, 0, 1]",4,gMajor,Piano Sonata K280 i F major.mid by Mozart.csv,1774,Gmaj-root,G-BD,red,9
209,211.0 to 211.6666667,2,"[0, 0, 1, 0, 0, 1, 0, 0, 0, 0, 0, 1]",5,gMajor,Piano Sonata K280 i F major.mid by Mozart.csv,1774,2/4ofCmaj,DF,green,4
210,212.0 to 212.75,8,"[3, 0, 0, 0, 1, 0, 0, 1, 0, 0, 0, 0]",7,cMajor,Piano Sonata K280 i F major.mid by Mozart.csv,1774,Cmaj-root,C-EG,slateblue,2
211,213.0 to 213.75,3,"[0, 0, 1, 0, 0, 0, 0, 2, 0, 0, 0, 1]",4,gMajor,Piano Sonata K280 i F major.mid by Mozart.csv,1774,Gmaj-root,G-BD,red,9
212,214.0 to 214.6666667,4,"[1, 0, 0, 0, 1, 0, 0, 1, 0, 0, 0, 0]",1,cMajor,Piano Sonata K280 i F major.mid by Mozart.csv,1774,Cmaj3rd5th,EG-C,mediumvioletred,8
213,215.0 to 215.6666667,2,"[0, 0, 1, 0, 0, 1, 0, 1, 0, 0, 0, 0]",0,gMajor,Piano Sonata K280 i F major.mid by Mozart.csv,1774,2/4ofCmaj,DF,green,4
214,216.0 to 216.75,8,"[3, 0, 0, 0, 1, 0, 0, 1, 0, 0, 0, 0]",7,cMajor,Piano Sonata K280 i F major.mid by Mozart.csv,1774,Cmaj-root,C-EG,slateblue,2
215,217.0 to 217.6666667,12,"[1, 0, 0, 0, 1, 0, 0, 0, 0, 1, 0, 0]",6,cMinor,Piano Sonata K280 i F major.mid by Mozart.csv,1774,AminTriad,ACE,steelblue,14
216,218.0 to 218.6666667,4,"[1, 0, 0, 0, 1, 0, 0, 1, 0, 0, 0, 0]",1,cMajor,Piano Sonata K280 i F major.mid by Mozart.csv,1774,Cmaj3rd5th,EG-C,mediumvioletred,8
217,219.0 to 219.75,9,"[2, 0, 0, 1, 0, 0, 1, 0, 0, 1, 0, 0]",9,fMajor,Piano Sonata K280 i F major.mid by Mozart.csv,1774,6-1ofC,A-CF,deepskyblue,7
218,220.0 to 220.75,6,"[0, 0, 1, 0, 0, 0, 0, 1, 0, 0, 0, 3]",4,gMajor,Piano Sonata K280 i F major.mid by Mozart.csv,1774,GmajTriad,GBD,orange,13
219,221.0 to 221.6666667,11,"[0, 0, 0, 0, 0, 1, 0, 1, 0, 0, 1, 0]",0,e-Major,Piano Sonata K280 i F major.mid by Mozart.csv,1774,iv_ofDmin,GBb-C#D,yellow,0
220,222.0 to 222.75,11,"[0, 1, 0, 0, 1, 0, 0, 1, 0, 0, 2, 0]",1,b-Minor,Piano Sonata K280 i F major.mid by Mozart.csv,1774,iv_ofDmin,GBb-C#D,yellow,0
221,223.0 to 223.75,9,"[1, 0, 0, 0, 0, 1, 0, 0, 0, 3, 0, 0]",3,fMajor,Piano Sonata K280 i F major.mid by Mozart.csv,1774,6-1ofC,A-CF,deepskyblue,7
222,224.0 to 224.6666667,12,"[1, 0, 0, 0, 1, 0, 0, 0, 0, 1, 0, 0]",6,cMinor,Piano Sonata K280 i F major.mid by Mozart.csv,1774,AminTriad,ACE,steelblue,14
223,225.0 to 225.75,9,"[1, 0, 0, 1, 0, 0, 1, 0, 0, 2, 0, 0]",9,dMajor,Piano Sonata K280 i F major.mid by Mozart.csv,1774,6-1ofC,A-CF,deepskyblue,7
224,226.0 to 226.75,14,"[0, 0, 0, 0, 1, 0, 0, 0, 3, 0, 0, 1]",2,eMajor,Piano Sonata K280 i F major.mid by Mozart.csv,1774,VofAmin,E-BCD,indigo,19
225,227.0 to 227.6666667,10,"[0, 0, 1, 0, 1, 0, 0, 1, 0, 0, 0, 0]",1,cMajor,Piano Sonata K280 i F major.mid by Mozart.csv,1774,Cmaj2-5tet,DEFG,violet,6
226,228.0 to 228.75,11,"[0, 1, 0, 0, 1, 0, 0, 2, 0, 0, 1, 0]",1,cMajor,Piano Sonata K280 i F major.mid by Mozart.csv,1774,iv_ofDmin,GBb-C#D,yellow,0
227,229.0 to 229.75,7,"[0, 0, 1, 0, 0, 0, 3, 0, 0, 1, 0, 0]",8,dMajor,Piano Sonata K280 i F major.mid by Mozart.csv,1774,V7ofG,DF#AC,lime,18
228,230.0 to 230.6666667,9,"[1, 0, 0, 0, 0, 1, 0, 0, 0, 1, 0, 0]",3,fMajor,Piano Sonata K280 i F major.mid by Mozart.csv,1774,6-1ofC,A-CF,deepskyblue,7
229,231.0 to 231.75,2,"[0, 0, 1, 0, 0, 2, 0, 0, 1, 0, 0, 1]",0,c#Major,Piano Sonata K280 i F major.mid by Mozart.csv,1774,2/4ofCmaj,DF,green,4
230,232.0 to 232.75,17,"[1, 0, 0, 0, 3, 0, 0, 1, 0, 0, 0, 0]",1,cMajor,Piano Sonata K280 i F major.mid by Mozart.csv,1774,CmajTriad,CEG,blueviolet,5
231,233.0 to 233.6666667,4,"[1, 0, 0, 0, 1, 0, 0, 1, 0, 0, 0, 0]",1,cMajor,Piano Sonata K280 i F major.mid by Mozart.csv,1774,Cmaj3rd5th,EG-C,mediumvioletred,8
232,234.0 to 234.75,19,"[0, 0, 1, 0, 1, 3, 0, 0, 0, 0, 0, 0]",0,b-Major,Piano Sonata K280 i F major.mid by Mozart.csv,1774,4ofC,F-AC,cyan,1
233,235.0 to 235.6666667,16,"[0, 0, 0, 0, 0, 1, 0, 0, 1, 1, 0, 0]",3,c#Major,Piano Sonata K280 i F major.mid by Mozart.csv,1774,chr,FGAB,mediumpurple,10
234,236.0 to 236.6666667,0,"[0, 1, 1, 0, 0, 0, 0, 0, 0, 1, 0, 0]",3,dMajor,Piano Sonata K280 i F major.mid by Mozart.csv,1774,VofG,D-F#A,greenyellow,15
235,237.0 to 237.6666667,2,"[0, 0, 1, 0, 1, 1, 0, 0, 0, 0, 0, 0]",0,b-Major,Piano Sonata K280 i F major.mid by Mozart.csv,1774,2/4ofCmaj,DF,green,4
236,238.0 to 238.6666667,16,"[0, 0, 0, 0, 0, 1, 0, 0, 1, 1, 0, 0]",3,c#Major,Piano Sonata K280 i F major.mid by Mozart.csv,1774,chr,FGAB,mediumpurple,10
237,239.0 to 239.6666667,16,"[0, 0, 0, 0, 1, 1, 0, 0, 0, 1, 0, 0]",3,fMajor,Piano Sonata K280 i F major.mid by Mozart.csv,1774,chr,FGAB,mediumpurple,10
238,240.0 to 240.6666667,2,"[0, 1, 1, 0, 0, 1, 0, 0, 0, 0, 0, 0]",0,c#Major,Piano Sonata K280 i F major.mid by Mozart.csv,1774,2/4ofCmaj,DF,green,4
239,241.0 to 241.6666667,0,"[0, 0, 1, 0, 0, 0, 0, 0, 1, 1, 0, 0]",3,dMajor,Piano Sonata K280 i F major.mid by Mozart.csv,1774,VofG,D-F#A,greenyellow,15
240,242.0 to 242.75,19,"[0, 0, 1, 0, 0, 3, 0, 0, 0, 1, 0, 0]",0,fMinor,Piano Sonata K280 i F major.mid by Mozart.csv,1774,4ofC,F-AC,cyan,1
241,243.0 to 243.0,4,"[1, 0, 0, 0, 1, 0, 0, 1, 0, 0, 0, 0]",1,cMajor,Piano Sonata K280 i F major.mid by Mozart.csv,1774,Cmaj3rd5th,EG-C,mediumvioletred,8
242,244.0 to 244.0,5,"[0, 0, 1, 0, 0, 0, 0, 0, 0, 0, 0, 1]",5,gMajor,Piano Sonata K280 i F major.mid by Mozart.csv,1774,Gmaj3rd5th,BD-G,gold,17
243,246.0 to 246.0,3,"[0, 0, 0, 0, 0, 0, 0, 2, 0, 0, 0, 0]",4,cMajor,Piano Sonata K280 i F major.mid by Mozart.csv,1774,Gmaj-root,G-BD,red,9
244,247.0 to 247.0,5,"[0, 0, 0, 0, 0, 0, 0, 0, 0, 0, 0, 2]",5,eMajor,Piano Sonata K280 i F major.mid by Mozart.csv,1774,Gmaj3rd5th,BD-G,gold,17
245,248.0 to 248.0,0,"[0, 0, 2, 0, 0, 0, 0, 0, 0, 0, 0, 0]",5,dMajor,Piano Sonata K280 i F major.mid by Mozart.csv,1774,VofG,D-F#A,greenyellow,15
246,249.0 to 249.75,14,"[0, 0, 1, 0, 1, 0, 0, 0, 0, 0, 0, 1]",5,eMajor,Piano Sonata K280 i F major.mid by Mozart.csv,1774,VofAmin,E-BCD,indigo,19
247,250.0 to 250.75,14,"[0, 0, 1, 0, 1, 0, 0, 0, 0, 0, 0, 1]",5,eMajor,Piano Sonata K280 i F major.mid by Mozart.csv,1774,VofAmin,E-BCD,indigo,19
248,251.0 to 251.75,9,"[1, 0, 1, 0, 0, 0, 0, 0, 0, 1, 0, 0]",3,dMajor,Piano Sonata K280 i F major.mid by Mozart.csv,1774,6-1ofC,A-CF,deepskyblue,7
249,252.0 to 252.75,18,"[1, 0, 1, 0, 1, 0, 0, 1, 0, 0, 0, 2]",5,gMajor,Piano Sonata K280 i F major.mid by Mozart.csv,1774,V-IofC,D-GBC,crimson,11
250,253.0 to 253.75,18,"[1, 0, 1, 0, 1, 0, 0, 1, 0, 0, 0, 2]",5,gMajor,Piano Sonata K280 i F major.mid by Mozart.csv,1774,V-IofC,D-GBC,crimson,11
251,254.0 to 254.75,7,"[1, 0, 1, 0, 0, 0, 1, 0, 0, 2, 0, 1]",9,dMajor,Piano Sonata K280 i F major.mid by Mozart.csv,1774,V7ofG,DF#AC,lime,18
252,255.0 to 255.875,5,"[0, 0, 1, 0, 0, 0, 0, 1, 0, 0, 0, 1]",5,gMajor,Piano Sonata K280 i F major.mid by Mozart.csv,1774,Gmaj3rd5th,BD-G,gold,17
253,256.0 to 256.875,3,"[0, 0, 1, 0, 0, 0, 0, 2, 0, 1, 0, 1]",4,gMajor,Piano Sonata K280 i F major.mid by Mozart.csv,1774,Gmaj-root,G-BD,red,9
254,257.0 to 257.0,16,"[0, 0, 0, 0, 0, 0, 1, 0, 0, 1, 0, 0]",8,dMajor,Piano Sonata K280 i F major.mid by Mozart.csv,1774,chr,FGAB,mediumpurple,10
255,258.0 to 258.0,0,"[0, 0, 2, 0, 0, 0, 0, 0, 0, 0, 0, 0]",5,dMajor,Piano Sonata K280 i F major.mid by Mozart.csv,1774,VofG,D-F#A,greenyellow,15
256,259.0 to 259.0,1,"[0, 0, 0, 0, 0, 0, 2, 0, 0, 0, 0, 0]",8,dMajor,Piano Sonata K280 i F major.mid by Mozart.csv,1774,Gmaj-IV/vii,F#G-ACE,salmon,16
257,260.0 to 260.0,9,"[0, 0, 0, 0, 0, 0, 0, 0, 0, 2, 0, 0]",3,dMajor,Piano Sonata K280 i F major.mid by Mozart.csv,1774,6-1ofC,A-CF,deepskyblue,7
258,261.0 to 261.75,9,"[1, 0, 1, 0, 0, 0, 0, 0, 0, 1, 0, 0]",3,dMajor,Piano Sonata K280 i F major.mid by Mozart.csv,1774,6-1ofC,A-CF,deepskyblue,7
259,262.0 to 262.75,9,"[1, 0, 1, 0, 0, 0, 0, 0, 0, 1, 0, 0]",3,dMajor,Piano Sonata K280 i F major.mid by Mozart.csv,1774,6-1ofC,A-CF,deepskyblue,7
260,263.0 to 263.75,13,"[1, 0, 0, 0, 0, 0, 0, 1, 0, 0, 0, 1]",5,cMajor,Piano Sonata K280 i F major.mid by Mozart.csv,1774,Cmaj5-1tet,BC-AG,darkviolet,12
261,264.0 to 264.75,7,"[1, 0, 1, 0, 0, 0, 1, 0, 0, 2, 0, 1]",9,dMajor,Piano Sonata K280 i F major.mid by Mozart.csv,1774,V7ofG,DF#AC,lime,18
262,265.0 to 265.75,7,"[1, 0, 1, 0, 0, 0, 1, 0, 0, 2, 0, 1]",9,dMajor,Piano Sonata K280 i F major.mid by Mozart.csv,1774,V7ofG,DF#AC,lime,18
263,266.0 to 266.75,3,"[1, 0, 0, 0, 0, 0, 1, 2, 0, 0, 0, 2]",4,gMajor,Piano Sonata K280 i F major.mid by Mozart.csv,1774,Gmaj-root,G-BD,red,9
264,267.0 to 267.875,9,"[1, 0, 0, 0, 0, 0, 0, 0, 0, 2, 0, 0]",3,fMajor,Piano Sonata K280 i F major.mid by Mozart.csv,1774,6-1ofC,A-CF,deepskyblue,7
265,268.0 to 268.875,7,"[1, 0, 1, 0, 0, 0, 1, 0, 0, 1, 0, 1]",9,dMajor,Piano Sonata K280 i F major.mid by Mozart.csv,1774,V7ofG,DF#AC,lime,18
266,269.0 to 269.0,16,"[0, 0, 0, 0, 0, 0, 0, 1, 0, 0, 0, 1]",5,gMajor,Piano Sonata K280 i F major.mid by Mozart.csv,1774,chr,FGAB,mediumpurple,10
267,270.0 to 270.75,18,"[1, 0, 1, 0, 0, 0, 0, 0, 0, 0, 0, 2]",5,gMajor,Piano Sonata K280 i F major.mid by Mozart.csv,1774,V-IofC,D-GBC,crimson,11
268,271.0 to 271.6666667,5,"[0, 0, 1, 0, 0, 0, 0, 0, 0, 1, 0, 1]",5,dMajor,Piano Sonata K280 i F major.mid by Mozart.csv,1774,Gmaj3rd5th,BD-G,gold,17
269,272.0 to 272.6666667,2,"[0, 0, 1, 0, 0, 1, 0, 1, 0, 0, 0, 0]",0,gMajor,Piano Sonata K280 i F major.mid by Mozart.csv,1774,2/4ofCmaj,DF,green,4
270,273.0 to 273.75,8,"[2, 0, 0, 1, 0, 1, 0, 0, 0, 0, 0, 0]",6,fMajor,Piano Sonata K280 i F major.mid by Mozart.csv,1774,Cmaj-root,C-EG,slateblue,2
271,274.0 to 274.6666667,14,"[0, 0, 0, 0, 1, 0, 0, 0, 1, 1, 0, 0]",2,eMajor,Piano Sonata K280 i F major.mid by Mozart.csv,1774,VofAmin,E-BCD,indigo,19
272,275.0 to 275.6666667,13,"[1, 0, 0, 0, 0, 0, 0, 0, 0, 1, 0, 1]",3,fMajor,Piano Sonata K280 i F major.mid by Mozart.csv,1774,Cmaj5-1tet,BC-AG,darkviolet,12
273,276.0 to 276.75,14,"[0, 2, 1, 0, 1, 0, 0, 0, 0, 0, 0, 0]",1,aMajor,Piano Sonata K280 i F major.mid by Mozart.csv,1774,VofAmin,E-BCD,indigo,19
274,277.0 to 277.6666667,14,"[0, 1, 0, 0, 1, 0, 0, 0, 0, 0, 0, 1]",2,eMajor,Piano Sonata K280 i F major.mid by Mozart.csv,1774,VofAmin,E-BCD,indigo,19
275,278.0 to 278.6666667,16,"[0, 0, 0, 0, 1, 0, 0, 1, 0, 1, 0, 0]",1,cMajor,Piano Sonata K280 i F major.mid by Mozart.csv,1774,chr,FGAB,mediumpurple,10
276,279.0 to 279.75,2,"[0, 0, 2, 0, 0, 1, 0, 1, 0, 0, 0, 0]",0,b-Major,Piano Sonata K280 i F major.mid by Mozart.csv,1774,2/4ofCmaj,DF,green,4
277,280.0 to 280.6666667,16,"[0, 0, 0, 0, 0, 0, 1, 0, 0, 0, 1, 1]",8,f#Major,Piano Sonata K280 i F major.mid by Mozart.csv,1774,chr,FGAB,mediumpurple,10
278,281.0 to 281.6666667,5,"[0, 1, 1, 0, 0, 0, 0, 0, 0, 0, 0, 1]",5,gMajor,Piano Sonata K280 i F major.mid by Mozart.csv,1774,Gmaj3rd5th,BD-G,gold,17
279,282.0 to 282.75,14,"[0, 0, 0, 2, 1, 0, 1, 0, 0, 0, 0, 0]",8,bMajor,Piano Sonata K280 i F major.mid by Mozart.csv,1774,VofAmin,E-BCD,indigo,19
280,283.0 to 283.6666667,1,"[1, 0, 0, 1, 0, 0, 1, 0, 0, 0, 0, 0]",8,g#Major,Piano Sonata K280 i F major.mid by Mozart.csv,1774,Gmaj-IV/vii,F#G-ACE,salmon,16
281,284.0 to 284.6666667,16,"[0, 0, 0, 0, 0, 0, 1, 0, 0, 1, 0, 1]",8,dMajor,Piano Sonata K280 i F major.mid by Mozart.csv,1774,chr,FGAB,mediumpurple,10
282,285.0 to 285.9166667,14,"[0, 0, 0, 0, 2, 0, 1, 1, 0, 0, 0, 0]",1,gMinor,Piano Sonata K280 i F major.mid by Mozart.csv,1774,VofAmin,E-BCD,indigo,19
283,286.0 to 286.75,14,"[1, 0, 0, 1, 1, 0, 0, 0, 0, 0, 0, 0]",6,cMajor,Piano Sonata K280 i F major.mid by Mozart.csv,1774,VofAmin,E-BCD,indigo,19
284,287.0 to 287.75,5,"[0, 1, 1, 0, 0, 0, 0, 0, 0, 0, 0, 1]",5,gMajor,Piano Sonata K280 i F major.mid by Mozart.csv,1774,Gmaj3rd5th,BD-G,gold,17
285,288.0 to 288.9166667,9,"[1, 0, 0, 0, 0, 0, 0, 0, 1, 1, 0, 0]",3,fMajor,Piano Sonata K280 i F major.mid by Mozart.csv,1774,6-1ofC,A-CF,deepskyblue,7
286,289.0 to 289.75,14,"[1, 0, 0, 0, 1, 0, 0, 0, 0, 0, 0, 1]",6,cMajor,Piano Sonata K280 i F major.mid by Mozart.csv,1774,VofAmin,E-BCD,indigo,19
287,290.0 to 290.75,5,"[0, 0, 1, 0, 0, 0, 0, 0, 0, 0, 1, 1]",5,gMajor,Piano Sonata K280 i F major.mid by Mozart.csv,1774,Gmaj3rd5th,BD-G,gold,17
288,291.0 to 291.75,9,"[1, 0, 1, 0, 0, 0, 0, 0, 0, 2, 0, 1]",9,dMajor,Piano Sonata K280 i F major.mid by Mozart.csv,1774,6-1ofC,A-CF,deepskyblue,7
289,292.0 to 292.0,5,"[0, 0, 1, 0, 0, 0, 0, 1, 0, 0, 0, 1]",5,gMajor,Piano Sonata K280 i F major.mid by Mozart.csv,1774,Gmaj3rd5th,BD-G,gold,17
290,293.0 to 293.875,1,"[1, 0, 0, 0, 1, 0, 1, 1, 0, 0, 0, 0]",1,cMajor,Piano Sonata K280 i F major.mid by Mozart.csv,1774,Gmaj-IV/vii,F#G-ACE,salmon,16
291,294.0 to 294.75,3,"[0, 0, 1, 0, 0, 0, 0, 3, 0, 0, 0, 1]",4,gMajor,Piano Sonata K280 i F major.mid by Mozart.csv,1774,Gmaj-root,G-BD,red,9
292,295.0 to 295.75,1,"[0, 0, 0, 0, 0, 0, 1, 1, 0, 1, 0, 1]",8,dMajor,Piano Sonata K280 i F major.mid by Mozart.csv,1774,Gmaj-IV/vii,F#G-ACE,salmon,16
293,296.0 to 296.75,13,"[1, 0, 0, 0, 0, 0, 0, 1, 0, 1, 0, 1]",3,fMajor,Piano Sonata K280 i F major.mid by Mozart.csv,1774,Cmaj5-1tet,BC-AG,darkviolet,12
294,297.0 to 297.75,7,"[1, 0, 0, 0, 0, 0, 2, 0, 0, 2, 0, 0]",9,dMajor,Piano Sonata K280 i F major.mid by Mozart.csv,1774,V7ofG,DF#AC,lime,18
295,298.0 to 298.75,13,"[1, 0, 0, 0, 0, 0, 0, 0, 1, 1, 0, 1]",3,eMajor,Piano Sonata K280 i F major.mid by Mozart.csv,1774,Cmaj5-1tet,BC-AG,darkviolet,12
296,299.0 to 299.75,13,"[1, 0, 1, 0, 0, 0, 0, 0, 0, 1, 0, 1]",5,gMajor,Piano Sonata K280 i F major.mid by Mozart.csv,1774,Cmaj5-1tet,BC-AG,darkviolet,12
297,300.0 to 300.75,6,"[0, 0, 1, 0, 0, 0, 0, 2, 0, 0, 0, 2]",4,gMajor,Piano Sonata K280 i F major.mid by Mozart.csv,1774,GmajTriad,GBD,orange,13
298,301.0 to 301.75,18,"[1, 0, 1, 0, 0, 0, 0, 0, 0, 0, 1, 1]",5,gMajor,Piano Sonata K280 i F major.mid by Mozart.csv,1774,V-IofC,D-GBC,crimson,11
299,302.0 to 302.75,18,"[1, 0, 1, 0, 1, 0, 0, 0, 0, 0, 0, 1]",5,eMajor,Piano Sonata K280 i F major.mid by Mozart.csv,1774,V-IofC,D-GBC,crimson,11
300,303.0 to 303.75,12,"[2, 0, 0, 0, 1, 0, 0, 0, 1, 1, 0, 1]",6,cMinor,Piano Sonata K280 i F major.mid by Mozart.csv,1774,AminTriad,ACE,steelblue,14
301,304.0 to 304.75,12,"[2, 0, 0, 0, 1, 0, 0, 0, 1, 1, 0, 1]",6,cMinor,Piano Sonata K280 i F major.mid by Mozart.csv,1774,AminTriad,ACE,steelblue,14
302,305.0 to 305.75,12,"[2, 0, 1, 0, 1, 0, 0, 0, 0, 1, 0, 1]",6,cMinor,Piano Sonata K280 i F major.mid by Mozart.csv,1774,AminTriad,ACE,steelblue,14
303,306.0 to 306.875,17,"[2, 0, 0, 0, 2, 0, 0, 1, 0, 1, 0, 1]",6,cMajor,Piano Sonata K280 i F major.mid by Mozart.csv,1774,CmajTriad,CEG,blueviolet,5
304,307.0 to 307.875,5,"[0, 0, 1, 0, 0, 0, 0, 1, 0, 1, 0, 1]",5,gMajor,Piano Sonata K280 i F major.mid by Mozart.csv,1774,Gmaj3rd5th,BD-G,gold,17
305,308.0 to 308.875,16,"[0, 0, 0, 0, 0, 0, 1, 0, 0, 1, 0, 1]",8,dMajor,Piano Sonata K280 i F major.mid by Mozart.csv,1774,chr,FGAB,mediumpurple,10
306,309.0 to 309.75,6,"[0, 0, 2, 0, 0, 0, 0, 3, 0, 0, 0, 3]",4,gMajor,Piano Sonata K280 i F major.mid by Mozart.csv,1774,GmajTriad,GBD,orange,13
307,310.0 to 310.75,1,"[0, 0, 0, 0, 0, 0, 1, 1, 0, 1, 0, 1]",8,dMajor,Piano Sonata K280 i F major.mid by Mozart.csv,1774,Gmaj-IV/vii,F#G-ACE,salmon,16
308,311.0 to 311.75,13,"[1, 0, 0, 0, 0, 0, 0, 1, 0, 1, 0, 1]",3,fMajor,Piano Sonata K280 i F major.mid by Mozart.csv,1774,Cmaj5-1tet,BC-AG,darkviolet,12
309,312.0 to 312.75,7,"[1, 0, 0, 0, 0, 0, 2, 0, 0, 2, 0, 0]",9,dMajor,Piano Sonata K280 i F major.mid by Mozart.csv,1774,V7ofG,DF#AC,lime,18
310,313.0 to 313.75,13,"[1, 0, 0, 0, 0, 0, 0, 0, 1, 1, 0, 1]",3,eMajor,Piano Sonata K280 i F major.mid by Mozart.csv,1774,Cmaj5-1tet,BC-AG,darkviolet,12
311,314.0 to 314.75,13,"[1, 0, 1, 0, 0, 0, 0, 0, 0, 1, 0, 1]",5,gMajor,Piano Sonata K280 i F major.mid by Mozart.csv,1774,Cmaj5-1tet,BC-AG,darkviolet,12
312,315.0 to 315.75,6,"[0, 0, 1, 0, 0, 0, 0, 2, 0, 0, 0, 2]",4,gMajor,Piano Sonata K280 i F major.mid by Mozart.csv,1774,GmajTriad,GBD,orange,13
313,316.0 to 316.75,18,"[1, 0, 1, 0, 0, 0, 0, 0, 0, 0, 1, 1]",5,gMajor,Piano Sonata K280 i F major.mid by Mozart.csv,1774,V-IofC,D-GBC,crimson,11
314,317.0 to 317.75,18,"[1, 0, 1, 0, 1, 0, 0, 0, 0, 0, 0, 1]",5,eMajor,Piano Sonata K280 i F major.mid by Mozart.csv,1774,V-IofC,D-GBC,crimson,11
315,318.0 to 318.75,12,"[2, 0, 0, 0, 1, 0, 0, 0, 0, 2, 0, 0]",6,cMinor,Piano Sonata K280 i F major.mid by Mozart.csv,1774,AminTriad,ACE,steelblue,14
316,319.0 to 319.75,12,"[1, 0, 0, 0, 2, 0, 0, 0, 0, 1, 0, 0]",6,cMinor,Piano Sonata K280 i F major.mid by Mozart.csv,1774,AminTriad,ACE,steelblue,14
317,320.0 to 320.75,12,"[1, 0, 0, 0, 1, 0, 0, 0, 0, 2, 0, 0]",3,cMinor,Piano Sonata K280 i F major.mid by Mozart.csv,1774,AminTriad,ACE,steelblue,14
318,321.0 to 321.75,12,"[2, 0, 0, 0, 1, 0, 0, 0, 0, 1, 0, 0]",6,cMinor,Piano Sonata K280 i F major.mid by Mozart.csv,1774,AminTriad,ACE,steelblue,14
319,322.0 to 322.75,12,"[1, 0, 0, 0, 2, 0, 0, 0, 0, 1, 0, 0]",6,cMinor,Piano Sonata K280 i F major.mid by Mozart.csv,1774,AminTriad,ACE,steelblue,14
320,323.0 to 323.75,1,"[1, 0, 0, 1, 0, 0, 1, 1, 0, 0, 0, 0]",8,e-Minor,Piano Sonata K280 i F major.mid by Mozart.csv,1774,Gmaj-IV/vii,F#G-ACE,salmon,16
321,324.0 to 324.875,13,"[1, 0, 0, 0, 1, 0, 0, 1, 0, 1, 0, 1]",6,cMajor,Piano Sonata K280 i F major.mid by Mozart.csv,1774,Cmaj5-1tet,BC-AG,darkviolet,12
322,325.0 to 325.875,5,"[0, 0, 1, 0, 0, 0, 0, 1, 0, 1, 0, 1]",5,gMajor,Piano Sonata K280 i F major.mid by Mozart.csv,1774,Gmaj3rd5th,BD-G,gold,17
323,326.0 to 326.875,16,"[0, 0, 0, 0, 0, 0, 1, 0, 0, 1, 0, 1]",8,dMajor,Piano Sonata K280 i F major.mid by Mozart.csv,1774,chr,FGAB,mediumpurple,10
324,327.0 to 327.875,6,"[0, 0, 1, 0, 0, 0, 0, 2, 0, 0, 0, 2]",4,gMajor,Piano Sonata K280 i F major.mid by Mozart.csv,1774,GmajTriad,GBD,orange,13
325,328.0 to 328.75,5,"[0, 0, 2, 0, 0, 0, 0, 1, 0, 0, 0, 1]",5,gMajor,Piano Sonata K280 i F major.mid by Mozart.csv,1774,Gmaj3rd5th,BD-G,gold,17
326,329.0 to 329.875,1,"[1, 0, 1, 0, 1, 0, 1, 1, 0, 1, 0, 0]",1,cMajor,Piano Sonata K280 i F major.mid by Mozart.csv,1774,Gmaj-IV/vii,F#G-ACE,salmon,16
327,330.0 to 330.875,6,"[0, 0, 1, 0, 0, 0, 0, 2, 0, 0, 0, 2]",4,gMajor,Piano Sonata K280 i F major.mid by Mozart.csv,1774,GmajTriad,GBD,orange,13
328,331.0 to 331.75,5,"[0, 0, 2, 0, 0, 0, 0, 1, 0, 0, 0, 1]",5,gMajor,Piano Sonata K280 i F major.mid by Mozart.csv,1774,Gmaj3rd5th,BD-G,gold,17
329,332.0 to 332.875,1,"[1, 0, 1, 0, 1, 0, 1, 1, 0, 1, 0, 0]",1,cMajor,Piano Sonata K280 i F major.mid by Mozart.csv,1774,Gmaj-IV/vii,F#G-ACE,salmon,16
330,333.0 to 333.0,3,"[0, 0, 0, 0, 0, 0, 0, 2, 0, 0, 0, 1]",4,gMajor,Piano Sonata K280 i F major.mid by Mozart.csv,1774,Gmaj-root,G-BD,red,9
331,334.0 to 334.0,6,"[0, 0, 2, 0, 0, 0, 0, 2, 0, 0, 0, 2]",4,gMajor,Piano Sonata K280 i F major.mid by Mozart.csv,1774,GmajTriad,GBD,orange,13
332,336.0 to 336.75,5,"[0, 0, 1, 0, 0, 0, 1, 1, 0, 0, 0, 1]",5,gMajor,Piano Sonata K280 i F major.mid by Mozart.csv,1774,Gmaj3rd5th,BD-G,gold,17
333,337.0 to 337.6666667,11,"[0, 0, 0, 0, 0, 0, 0, 1, 0, 0, 1, 1]",5,e-Major,Piano Sonata K280 i F major.mid by Mozart.csv,1774,iv_ofDmin,GBb-C#D,yellow,0
334,338.0 to 338.6666667,5,"[0, 1, 1, 0, 0, 0, 0, 0, 0, 0, 0, 1]",5,gMajor,Piano Sonata K280 i F major.mid by Mozart.csv,1774,Gmaj3rd5th,BD-G,gold,17
335,339.0 to 339.0,0,"[0, 0, 1, 0, 0, 0, 0, 0, 0, 0, 0, 0]",5,dMajor,Piano Sonata K280 i F major.mid by Mozart.csv,1774,VofG,D-F#A,greenyellow,15
336,340.0 to 340.75,5,"[0, 0, 1, 0, 0, 0, 0, 0, 1, 0, 0, 1]",2,eMajor,Piano Sonata K280 i F major.mid by Mozart.csv,1774,Gmaj3rd5th,BD-G,gold,17
337,341.0 to 341.75,5,"[0, 0, 1, 0, 0, 0, 0, 0, 1, 0, 0, 1]",2,eMajor,Piano Sonata K280 i F major.mid by Mozart.csv,1774,Gmaj3rd5th,BD-G,gold,17
338,342.0 to 342.75,9,"[1, 1, 1, 0, 0, 0, 0, 0, 0, 1, 0, 0]",3,dMajor,Piano Sonata K280 i F major.mid by Mozart.csv,1774,6-1ofC,A-CF,deepskyblue,7
339,343.0 to 343.6666667,2,"[0, 0, 1, 0, 0, 1, 1, 0, 0, 0, 0, 0]",0,dMajor,Piano Sonata K280 i F major.mid by Mozart.csv,1774,2/4ofCmaj,DF,green,4
340,344.0 to 344.6666667,16,"[0, 0, 0, 0, 0, 0, 1, 0, 1, 1, 0, 0]",8,dMajor,Piano Sonata K280 i F major.mid by Mozart.csv,1774,chr,FGAB,mediumpurple,10
341,345.0 to 345.0,16,"[0, 0, 0, 0, 0, 0, 0, 0, 0, 1, 0, 0]",3,dMajor,Piano Sonata K280 i F major.mid by Mozart.csv,1774,chr,FGAB,mediumpurple,10
342,346.0 to 346.75,9,"[1, 0, 0, 0, 0, 0, 1, 0, 0, 2, 0, 0]",9,dMajor,Piano Sonata K280 i F major.mid by Mozart.csv,1774,6-1ofC,A-CF,deepskyblue,7
343,347.0 to 347.75,9,"[1, 0, 0, 0, 0, 0, 1, 0, 0, 2, 0, 0]",9,dMajor,Piano Sonata K280 i F major.mid by Mozart.csv,1774,6-1ofC,A-CF,deepskyblue,7
344,348.0 to 348.0,5,"[0, 0, 1, 0, 0, 0, 0, 1, 0, 0, 0, 1]",5,gMajor,Piano Sonata K280 i F major.mid by Mozart.csv,1774,Gmaj3rd5th,BD-G,gold,17
345,349.0 to 349.75,3,"[0, 0, 1, 0, 0, 0, 0, 2, 0, 0, 0, 0]",4,gMajor,Piano Sonata K280 i F major.mid by Mozart.csv,1774,Gmaj-root,G-BD,red,9
346,350.0 to 350.75,4,"[0, 0, 0, 0, 1, 0, 0, 1, 0, 0, 0, 1]",1,gMinor,Piano Sonata K280 i F major.mid by Mozart.csv,1774,Cmaj3rd5th,EG-C,mediumvioletred,8
347,351.0 to 351.75,4,"[1, 0, 0, 0, 0, 0, 0, 1, 0, 0, 0, 0]",1,cMajor,Piano Sonata K280 i F major.mid by Mozart.csv,1774,Cmaj3rd5th,EG-C,mediumvioletred,8
348,352.0 to 352.75,12,"[1, 0, 0, 0, 1, 0, 0, 0, 0, 1, 0, 0]",6,cMinor,Piano Sonata K280 i F major.mid by Mozart.csv,1774,AminTriad,ACE,steelblue,14
349,353.0 to 353.75,0,"[1, 0, 1, 0, 0, 0, 1, 0, 0, 0, 0, 0]",8,dMajor,Piano Sonata K280 i F major.mid by Mozart.csv,1774,VofG,D-F#A,greenyellow,15
350,354.0 to 354.0,5,"[0, 0, 1, 0, 0, 0, 0, 0, 0, 0, 0, 1]",5,gMajor,Piano Sonata K280 i F major.mid by Mozart.csv,1774,Gmaj3rd5th,BD-G,gold,17
351,355.0 to 355.75,5,"[0, 0, 1, 0, 0, 0, 0, 1, 0, 1, 0, 1]",5,gMajor,Piano Sonata K280 i F major.mid by Mozart.csv,1774,Gmaj3rd5th,BD-G,gold,17
352,356.0 to 356.75,1,"[1, 0, 0, 0, 0, 0, 1, 1, 0, 1, 0, 0]",8,cMajor,Piano Sonata K280 i F major.mid by Mozart.csv,1774,Gmaj-IV/vii,F#G-ACE,salmon,16
353,357.0 to 357.75,2,"[0, 0, 1, 0, 0, 1, 0, 0, 1, 0, 0, 1]",2,gMajor,Piano Sonata K280 i F major.mid by Mozart.csv,1774,2/4ofCmaj,DF,green,4
354,358.0 to 358.75,5,"[0, 0, 1, 0, 1, 0, 0, 0, 1, 0, 0, 2]",2,eMajor,Piano Sonata K280 i F major.mid by Mozart.csv,1774,Gmaj3rd5th,BD-G,gold,17
355,359.0 to 359.75,5,"[0, 0, 1, 0, 0, 0, 0, 0, 0, 0, 0, 1]",5,gMajor,Piano Sonata K280 i F major.mid by Mozart.csv,1774,Gmaj3rd5th,BD-G,gold,17
356,360.0 to 360.0,0,"[0, 0, 1, 0, 0, 0, 0, 0, 0, 0, 0, 0]",5,dMajor,Piano Sonata K280 i F major.mid by Mozart.csv,1774,VofG,D-F#A,greenyellow,15
357,361.0 to 361.75,5,"[0, 0, 1, 0, 0, 0, 0, 1, 0, 1, 0, 1]",5,gMajor,Piano Sonata K280 i F major.mid by Mozart.csv,1774,Gmaj3rd5th,BD-G,gold,17
358,362.0 to 362.75,1,"[1, 0, 0, 0, 0, 0, 1, 1, 0, 1, 0, 0]",8,cMajor,Piano Sonata K280 i F major.mid by Mozart.csv,1774,Gmaj-IV/vii,F#G-ACE,salmon,16
359,363.0 to 363.75,2,"[0, 0, 1, 0, 0, 1, 0, 0, 1, 0, 0, 1]",2,gMajor,Piano Sonata K280 i F major.mid by Mozart.csv,1774,2/4ofCmaj,DF,green,4
360,364.0 to 364.625,14,"[0, 0, 0, 0, 1, 0, 0, 0, 1, 0, 0, 1]",2,eMajor,Piano Sonata K280 i F major.mid by Mozart.csv,1774,VofAmin,E-BCD,indigo,19
361,366.0 to 366.0,9,"[0, 0, 0, 0, 0, 0, 0, 0, 0, 2, 0, 0]",3,dMajor,Piano Sonata K280 i F major.mid by Mozart.csv,1774,6-1ofC,A-CF,deepskyblue,7
362,367.0 to 367.0,8,"[2, 0, 0, 0, 0, 0, 0, 0, 0, 0, 0, 0]",6,cMajor,Piano Sonata K280 i F major.mid by Mozart.csv,1774,Cmaj-root,C-EG,slateblue,2
363,368.0 to 368.0,14,"[0, 0, 0, 0, 2, 0, 0, 0, 0, 0, 0, 0]",1,cMajor,Piano Sonata K280 i F major.mid by Mozart.csv,1774,VofAmin,E-BCD,indigo,19
364,369.0 to 369.75,15,"[1, 0, 0, 0, 1, 1, 0, 0, 0, 0, 0, 0]",6,cMajor,Piano Sonata K280 i F major.mid by Mozart.csv,1774,Cmaj1-4tet,C-DEF,blue,3
365,370.0 to 370.75,14,"[0, 0, 1, 0, 1, 0, 0, 0, 0, 0, 0, 1]",5,eMajor,Piano Sonata K280 i F major.mid by Mozart.csv,1774,VofAmin,E-BCD,indigo,19
366,371.0 to 371.75,9,"[1, 0, 1, 0, 0, 0, 0, 0, 0, 1, 0, 0]",3,dMajor,Piano Sonata K280 i F major.mid by Mozart.csv,1774,6-1ofC,A-CF,deepskyblue,7
367,372.0 to 372.0,2,"[0, 0, 3, 0, 0, 2, 0, 0, 0, 1, 0, 0]",0,fMinor,Piano Sonata K280 i F major.mid by Mozart.csv,1774,2/4ofCmaj,DF,green,4
368,373.0 to 373.0,19,"[0, 0, 0, 0, 0, 2, 0, 0, 0, 0, 0, 0]",0,c#Major,Piano Sonata K280 i F major.mid by Mozart.csv,1774,4ofC,F-AC,cyan,1
369,374.0 to 374.0,9,"[0, 0, 0, 0, 0, 0, 0, 0, 0, 2, 0, 0]",3,dMajor,Piano Sonata K280 i F major.mid by Mozart.csv,1774,6-1ofC,A-CF,deepskyblue,7
370,375.0 to 375.75,16,"[0, 0, 0, 0, 0, 1, 0, 0, 0, 1, 1, 0]",3,fMajor,Piano Sonata K280 i F major.mid by Mozart.csv,1774,chr,FGAB,mediumpurple,10
371,376.0 to 376.75,16,"[0, 0, 0, 0, 1, 0, 0, 1, 0, 1, 0, 0]",1,cMajor,Piano Sonata K280 i F major.mid by Mozart.csv,1774,chr,FGAB,mediumpurple,10
372,377.0 to 377.75,2,"[0, 0, 1, 0, 0, 1, 0, 1, 0, 0, 0, 0]",0,gMajor,Piano Sonata K280 i F major.mid by Mozart.csv,1774,2/4ofCmaj,DF,green,4
373,378.0 to 378.0,6,"[0, 0, 1, 0, 0, 0, 0, 3, 0, 0, 0, 2]",4,gMajor,Piano Sonata K280 i F major.mid by Mozart.csv,1774,GmajTriad,GBD,orange,13
374,379.0 to 379.0,5,"[0, 0, 0, 0, 0, 0, 0, 0, 0, 0, 0, 2]",5,eMajor,Piano Sonata K280 i F major.mid by Mozart.csv,1774,Gmaj3rd5th,BD-G,gold,17
375,380.0 to 380.0,0,"[0, 0, 2, 0, 0, 0, 0, 0, 0, 0, 0, 0]",5,dMajor,Piano Sonata K280 i F major.mid by Mozart.csv,1774,VofG,D-F#A,greenyellow,15
376,381.0 to 381.75,14,"[0, 0, 1, 0, 1, 0, 0, 0, 0, 0, 0, 1]",5,eMajor,Piano Sonata K280 i F major.mid by Mozart.csv,1774,VofAmin,E-BCD,indigo,19
377,382.0 to 382.75,9,"[1, 0, 1, 0, 0, 0, 0, 0, 0, 1, 0, 0]",3,dMajor,Piano Sonata K280 i F major.mid by Mozart.csv,1774,6-1ofC,A-CF,deepskyblue,7
378,383.0 to 383.75,13,"[1, 0, 0, 0, 0, 0, 0, 1, 0, 0, 0, 1]",5,cMajor,Piano Sonata K280 i F major.mid by Mozart.csv,1774,Cmaj5-1tet,BC-AG,darkviolet,12
379,384.0 to 384.0,17,"[3, 0, 0, 0, 2, 0, 0, 1, 0, 0, 0, 0]",7,cMajor,Piano Sonata K280 i F major.mid by Mozart.csv,1774,CmajTriad,CEG,blueviolet,5
380,385.0 to 385.0,14,"[0, 0, 0, 0, 2, 0, 0, 0, 0, 0, 0, 0]",1,cMajor,Piano Sonata K280 i F major.mid by Mozart.csv,1774,VofAmin,E-BCD,indigo,19
381,386.0 to 386.0,3,"[0, 0, 0, 0, 0, 0, 0, 2, 0, 0, 0, 0]",4,cMajor,Piano Sonata K280 i F major.mid by Mozart.csv,1774,Gmaj-root,G-BD,red,9
382,387.0 to 387.75,16,"[0, 0, 0, 0, 1, 0, 0, 1, 0, 1, 0, 0]",1,cMajor,Piano Sonata K280 i F major.mid by Mozart.csv,1774,chr,FGAB,mediumpurple,10
383,388.0 to 388.75,2,"[0, 0, 1, 0, 0, 1, 0, 1, 0, 0, 0, 0]",0,gMajor,Piano Sonata K280 i F major.mid by Mozart.csv,1774,2/4ofCmaj,DF,green,4
384,389.0 to 389.75,15,"[1, 0, 0, 0, 1, 1, 0, 0, 0, 0, 0, 0]",6,cMajor,Piano Sonata K280 i F major.mid by Mozart.csv,1774,Cmaj1-4tet,C-DEF,blue,3
385,390.0 to 390.0,19,"[1, 0, 0, 1, 0, 2, 0, 0, 0, 2, 0, 0]",3,fMajor,Piano Sonata K280 i F major.mid by Mozart.csv,1774,4ofC,F-AC,cyan,1
386,391.0 to 391.0,16,"[0, 0, 0, 0, 0, 0, 0, 0, 1, 0, 0, 1]",2,eMajor,Piano Sonata K280 i F major.mid by Mozart.csv,1774,chr,FGAB,mediumpurple,10
387,392.0 to 392.0,9,"[1, 0, 0, 0, 0, 0, 0, 0, 0, 1, 0, 0]",3,fMajor,Piano Sonata K280 i F major.mid by Mozart.csv,1774,6-1ofC,A-CF,deepskyblue,7
388,393.0 to 393.0,12,"[1, 0, 0, 0, 3, 0, 0, 0, 0, 2, 0, 0]",6,cMinor,Piano Sonata K280 i F major.mid by Mozart.csv,1774,AminTriad,ACE,steelblue,14
389,394.0 to 394.0,16,"[0, 0, 0, 0, 0, 0, 0, 0, 1, 0, 0, 1]",2,eMajor,Piano Sonata K280 i F major.mid by Mozart.csv,1774,chr,FGAB,mediumpurple,10
390,395.0 to 395.0,9,"[1, 0, 0, 0, 0, 0, 0, 0, 0, 1, 0, 0]",3,fMajor,Piano Sonata K280 i F major.mid by Mozart.csv,1774,6-1ofC,A-CF,deepskyblue,7
391,396.0 to 396.0,9,"[1, 0, 0, 2, 0, 0, 1, 0, 0, 2, 0, 0]",9,dMajor,Piano Sonata K280 i F major.mid by Mozart.csv,1774,6-1ofC,A-CF,deepskyblue,7
392,397.0 to 397.0,16,"[0, 0, 0, 0, 0, 0, 0, 0, 1, 0, 0, 1]",2,eMajor,Piano Sonata K280 i F major.mid by Mozart.csv,1774,chr,FGAB,mediumpurple,10
393,398.0 to 398.0,9,"[1, 0, 0, 0, 0, 0, 0, 0, 0, 1, 0, 0]",3,fMajor,Piano Sonata K280 i F major.mid by Mozart.csv,1774,6-1ofC,A-CF,deepskyblue,7
394,399.0 to 399.9166667,14,"[0, 0, 0, 0, 3, 0, 0, 0, 1, 0, 0, 1]",2,eMajor,Piano Sonata K280 i F major.mid by Mozart.csv,1774,VofAmin,E-BCD,indigo,19
395,400.0 to 400.9166667,12,"[1, 0, 0, 0, 2, 1, 0, 0, 0, 1, 0, 0]",6,cMinor,Piano Sonata K280 i F major.mid by Mozart.csv,1774,AminTriad,ACE,steelblue,14
396,401.0 to 401.9166667,12,"[1, 0, 0, 1, 2, 0, 0, 0, 0, 1, 0, 0]",6,cMinor,Piano Sonata K280 i F major.mid by Mozart.csv,1774,AminTriad,ACE,steelblue,14
397,402.0 to 402.9166667,14,"[0, 0, 0, 0, 3, 0, 0, 0, 1, 0, 0, 1]",2,eMajor,Piano Sonata K280 i F major.mid by Mozart.csv,1774,VofAmin,E-BCD,indigo,19
398,403.0 to 403.9166667,12,"[1, 0, 0, 0, 2, 1, 0, 0, 0, 1, 0, 0]",6,cMinor,Piano Sonata K280 i F major.mid by Mozart.csv,1774,AminTriad,ACE,steelblue,14
399,404.0 to 404.6666667,12,"[1, 0, 0, 1, 2, 0, 0, 0, 0, 1, 0, 0]",6,cMinor,Piano Sonata K280 i F major.mid by Mozart.csv,1774,AminTriad,ACE,steelblue,14
400,405.0 to 405.0,14,"[0, 0, 0, 0, 1, 0, 0, 0, 1, 0, 0, 1]",2,eMajor,Piano Sonata K280 i F major.mid by Mozart.csv,1774,VofAmin,E-BCD,indigo,19
401,406.0 to 406.5,14,"[0, 0, 0, 0, 1, 1, 0, 0, 0, 0, 0, 0]",0,cMajor,Piano Sonata K280 i F major.mid by Mozart.csv,1774,VofAmin,E-BCD,indigo,19
402,407.0 to 407.0,14,"[0, 0, 0, 0, 1, 0, 0, 0, 0, 0, 0, 0]",1,cMajor,Piano Sonata K280 i F major.mid by Mozart.csv,1774,VofAmin,E-BCD,indigo,19
403,408.0 to 408.0,9,"[1, 0, 0, 1, 0, 0, 0, 0, 0, 1, 0, 0]",3,fMajor,Piano Sonata K280 i F major.mid by Mozart.csv,1774,6-1ofC,A-CF,deepskyblue,7
404,409.0 to 409.5,1,"[0, 0, 0, 0, 0, 0, 1, 1, 0, 0, 0, 0]",8,cMajor,Piano Sonata K280 i F major.mid by Mozart.csv,1774,Gmaj-IV/vii,F#G-ACE,salmon,16
405,410.0 to 410.0,16,"[0, 0, 0, 0, 0, 0, 1, 0, 0, 0, 0, 0]",8,dMajor,Piano Sonata K280 i F major.mid by Mozart.csv,1774,chr,FGAB,mediumpurple,10
406,411.0 to 411.0,5,"[0, 0, 1, 0, 0, 0, 0, 1, 0, 0, 0, 1]",5,gMajor,Piano Sonata K280 i F major.mid by Mozart.csv,1774,Gmaj3rd5th,BD-G,gold,17
407,412.0 to 412.5,16,"[0, 0, 0, 0, 0, 1, 0, 1, 0, 0, 0, 0]",0,cMajor,Piano Sonata K280 i F major.mid by Mozart.csv,1774,chr,FGAB,mediumpurple,10
408,413.0 to 413.0,16,"[0, 0, 0, 0, 0, 1, 0, 0, 0, 0, 0, 0]",0,c#Major,Piano Sonata K280 i F major.mid by Mozart.csv,1774,chr,FGAB,mediumpurple,10
409,414.0 to 414.0,17,"[3, 0, 0, 0, 1, 0, 0, 2, 0, 0, 0, 0]",7,cMajor,Piano Sonata K280 i F major.mid by Mozart.csv,1774,CmajTriad,CEG,blueviolet,5
410,415.0 to 415.0,4,"[0, 0, 0, 0, 1, 0, 0, 2, 0, 0, 0, 0]",1,cMajor,Piano Sonata K280 i F major.mid by Mozart.csv,1774,Cmaj3rd5th,EG-C,mediumvioletred,8
411,416.0 to 416.0,14,"[0, 0, 0, 0, 2, 0, 0, 1, 0, 0, 0, 0]",1,cMajor,Piano Sonata K280 i F major.mid by Mozart.csv,1774,VofAmin,E-BCD,indigo,19
412,417.0 to 417.75,4,"[1, 0, 0, 0, 1, 0, 0, 1, 0, 0, 0, 0]",1,cMajor,Piano Sonata K280 i F major.mid by Mozart.csv,1774,Cmaj3rd5th,EG-C,mediumvioletred,8
413,418.0 to 418.75,4,"[1, 0, 0, 0, 1, 0, 0, 1, 0, 1, 0, 0]",1,cMajor,Piano Sonata K280 i F major.mid by Mozart.csv,1774,Cmaj3rd5th,EG-C,mediumvioletred,8
414,419.0 to 419.75,1,"[1, 0, 1, 0, 1, 0, 1, 1, 0, 0, 0, 0]",1,cMajor,Piano Sonata K280 i F major.mid by Mozart.csv,1774,Gmaj-IV/vii,F#G-ACE,salmon,16
415,420.0 to 420.75,8,"[2, 0, 0, 0, 1, 0, 0, 0, 0, 0, 0, 0]",6,cMajor,Piano Sonata K280 i F major.mid by Mozart.csv,1774,Cmaj-root,C-EG,slateblue,2
416,421.0 to 421.75,18,"[1, 0, 1, 0, 0, 1, 0, 0, 0, 0, 0, 1]",5,gMajor,Piano Sonata K280 i F major.mid by Mozart.csv,1774,V-IofC,D-GBC,crimson,11
417,422.0 to 422.75,4,"[1, 0, 0, 0, 1, 0, 0, 1, 0, 0, 1, 0]",1,cMajor,Piano Sonata K280 i F major.mid by Mozart.csv,1774,Cmaj3rd5th,EG-C,mediumvioletred,8
418,423.0 to 423.75,9,"[1, 0, 0, 0, 0, 1, 0, 0, 0, 2, 0, 0]",3,fMajor,Piano Sonata K280 i F major.mid by Mozart.csv,1774,6-1ofC,A-CF,deepskyblue,7
419,424.0 to 424.5,9,"[1, 0, 0, 0, 0, 1, 0, 0, 0, 1, 0, 0]",3,fMajor,Piano Sonata K280 i F major.mid by Mozart.csv,1774,6-1ofC,A-CF,deepskyblue,7
420,425.0 to 425.5,9,"[1, 0, 0, 0, 0, 1, 0, 0, 0, 1, 0, 0]",3,fMajor,Piano Sonata K280 i F major.mid by Mozart.csv,1774,6-1ofC,A-CF,deepskyblue,7
421,426.0 to 426.5,18,"[1, 0, 1, 0, 0, 1, 0, 1, 0, 0, 0, 1]",5,gMajor,Piano Sonata K280 i F major.mid by Mozart.csv,1774,V-IofC,D-GBC,crimson,11
422,427.0 to 427.75,18,"[1, 0, 1, 0, 0, 1, 0, 0, 0, 0, 0, 1]",5,gMajor,Piano Sonata K280 i F major.mid by Mozart.csv,1774,V-IofC,D-GBC,crimson,11
423,428.0 to 428.5,18,"[1, 0, 1, 0, 0, 0, 0, 0, 0, 0, 0, 1]",5,gMajor,Piano Sonata K280 i F major.mid by Mozart.csv,1774,V-IofC,D-GBC,crimson,11
424,429.0 to 429.5,8,"[2, 0, 0, 0, 1, 0, 0, 1, 0, 1, 0, 0]",7,cMajor,Piano Sonata K280 i F major.mid by Mozart.csv,1774,Cmaj-root,C-EG,slateblue,2
425,430.0 to 430.75,8,"[2, 0, 0, 0, 1, 0, 0, 1, 0, 0, 0, 0]",7,cMajor,Piano Sonata K280 i F major.mid by Mozart.csv,1774,Cmaj-root,C-EG,slateblue,2
426,431.0 to 431.5,8,"[2, 0, 0, 0, 1, 0, 0, 0, 0, 0, 0, 0]",6,cMajor,Piano Sonata K280 i F major.mid by Mozart.csv,1774,Cmaj-root,C-EG,slateblue,2
427,432.0 to 432.75,10,"[0, 0, 2, 0, 1, 1, 0, 1, 0, 0, 0, 1]",0,gMajor,Piano Sonata K280 i F major.mid by Mozart.csv,1774,Cmaj2-5tet,DEFG,violet,6
428,433.0 to 433.75,18,"[1, 0, 1, 0, 0, 0, 0, 0, 0, 0, 0, 1]",5,gMajor,Piano Sonata K280 i F major.mid by Mozart.csv,1774,V-IofC,D-GBC,crimson,11
429,434.0 to 434.75,16,"[0, 0, 0, 0, 0, 1, 0, 1, 0, 1, 0, 1]",3,fMajor,Piano Sonata K280 i F major.mid by Mozart.csv,1774,chr,FGAB,mediumpurple,10
430,435.0 to 435.75,17,"[2, 0, 0, 0, 2, 0, 0, 1, 0, 0, 0, 0]",7,cMajor,Piano Sonata K280 i F major.mid by Mozart.csv,1774,CmajTriad,CEG,blueviolet,5
431,436.0 to 436.75,18,"[1, 0, 1, 0, 0, 1, 0, 1, 0, 0, 0, 1]",5,gMajor,Piano Sonata K280 i F major.mid by Mozart.csv,1774,V-IofC,D-GBC,crimson,11
432,437.0 to 437.875,4,"[1, 0, 0, 0, 1, 0, 0, 1, 0, 0, 0, 1]",1,cMajor,Piano Sonata K280 i F major.mid by Mozart.csv,1774,Cmaj3rd5th,EG-C,mediumvioletred,8
433,438.0 to 438.5,9,"[1, 0, 0, 0, 0, 1, 0, 0, 0, 1, 0, 0]",3,fMajor,Piano Sonata K280 i F major.mid by Mozart.csv,1774,6-1ofC,A-CF,deepskyblue,7
434,439.0 to 439.5,2,"[0, 0, 1, 0, 0, 2, 0, 0, 0, 0, 0, 0]",0,b-Major,Piano Sonata K280 i F major.mid by Mozart.csv,1774,2/4ofCmaj,DF,green,4
435,440.0 to 440.5,5,"[0, 0, 1, 0, 0, 0, 0, 1, 0, 0, 0, 1]",5,gMajor,Piano Sonata K280 i F major.mid by Mozart.csv,1774,Gmaj3rd5th,BD-G,gold,17
436,441.0 to 441.75,10,"[0, 0, 2, 0, 1, 1, 0, 1, 0, 0, 0, 1]",0,gMajor,Piano Sonata K280 i F major.mid by Mozart.csv,1774,Cmaj2-5tet,DEFG,violet,6
437,442.0 to 442.75,18,"[1, 0, 1, 0, 0, 0, 0, 0, 0, 0, 0, 1]",5,gMajor,Piano Sonata K280 i F major.mid by Mozart.csv,1774,V-IofC,D-GBC,crimson,11
438,443.0 to 443.75,16,"[0, 0, 0, 0, 0, 1, 0, 1, 0, 1, 0, 1]",3,fMajor,Piano Sonata K280 i F major.mid by Mozart.csv,1774,chr,FGAB,mediumpurple,10
439,444.0 to 444.75,17,"[1, 0, 0, 0, 3, 0, 0, 1, 0, 0, 0, 0]",1,cMajor,Piano Sonata K280 i F major.mid by Mozart.csv,1774,CmajTriad,CEG,blueviolet,5
440,445.0 to 445.75,2,"[0, 0, 2, 0, 1, 1, 0, 0, 0, 0, 0, 1]",0,gMajor,Piano Sonata K280 i F major.mid by Mozart.csv,1774,2/4ofCmaj,DF,green,4
441,446.0 to 446.875,8,"[2, 0, 1, 0, 1, 0, 0, 1, 0, 0, 0, 0]",7,cMajor,Piano Sonata K280 i F major.mid by Mozart.csv,1774,Cmaj-root,C-EG,slateblue,2
442,447.0 to 447.5,9,"[1, 0, 0, 0, 0, 1, 0, 0, 0, 1, 0, 0]",3,fMajor,Piano Sonata K280 i F major.mid by Mozart.csv,1774,6-1ofC,A-CF,deepskyblue,7
443,448.0 to 448.5,2,"[0, 0, 1, 0, 0, 2, 0, 0, 0, 0, 0, 0]",0,b-Major,Piano Sonata K280 i F major.mid by Mozart.csv,1774,2/4ofCmaj,DF,green,4
444,449.0 to 449.5,5,"[0, 0, 1, 0, 0, 0, 0, 1, 0, 0, 0, 1]",5,gMajor,Piano Sonata K280 i F major.mid by Mozart.csv,1774,Gmaj3rd5th,BD-G,gold,17
445,450.0 to 450.75,8,"[3, 0, 0, 0, 1, 0, 0, 1, 0, 0, 0, 0]",7,cMajor,Piano Sonata K280 i F major.mid by Mozart.csv,1774,Cmaj-root,C-EG,slateblue,2
446,451.0 to 451.6666667,4,"[1, 0, 0, 0, 1, 0, 0, 1, 0, 0, 0, 0]",1,cMajor,Piano Sonata K280 i F major.mid by Mozart.csv,1774,Cmaj3rd5th,EG-C,mediumvioletred,8
447,452.0 to 452.75,3,"[0, 0, 1, 0, 0, 1, 0, 2, 0, 0, 0, 1]",4,gMajor,Piano Sonata K280 i F major.mid by Mozart.csv,1774,Gmaj-root,G-BD,red,9
448,453.0 to 453.75,8,"[3, 0, 0, 0, 1, 0, 0, 1, 0, 0, 0, 0]",7,cMajor,Piano Sonata K280 i F major.mid by Mozart.csv,1774,Cmaj-root,C-EG,slateblue,2
449,454.0 to 454.6666667,5,"[0, 0, 1, 0, 0, 0, 0, 1, 0, 0, 0, 1]",5,gMajor,Piano Sonata K280 i F major.mid by Mozart.csv,1774,Gmaj3rd5th,BD-G,gold,17
450,455.0 to 455.6666667,4,"[1, 0, 0, 0, 1, 0, 0, 1, 0, 0, 0, 0]",1,cMajor,Piano Sonata K280 i F major.mid by Mozart.csv,1774,Cmaj3rd5th,EG-C,mediumvioletred,8
451,456.0 to 456.75,3,"[0, 0, 1, 0, 0, 0, 0, 3, 0, 0, 0, 1]",4,gMajor,Piano Sonata K280 i F major.mid by Mozart.csv,1774,Gmaj-root,G-BD,red,9
452,457.0 to 457.6666667,2,"[0, 0, 1, 0, 0, 1, 0, 0, 0, 0, 0, 1]",5,gMajor,Piano Sonata K280 i F major.mid by Mozart.csv,1774,2/4ofCmaj,DF,green,4
453,458.0 to 458.75,8,"[3, 0, 0, 0, 1, 0, 0, 1, 0, 0, 0, 0]",7,cMajor,Piano Sonata K280 i F major.mid by Mozart.csv,1774,Cmaj-root,C-EG,slateblue,2
454,459.0 to 459.75,3,"[0, 0, 1, 0, 0, 0, 0, 2, 0, 0, 0, 1]",4,gMajor,Piano Sonata K280 i F major.mid by Mozart.csv,1774,Gmaj-root,G-BD,red,9
455,460.0 to 460.6666667,4,"[1, 0, 0, 0, 1, 0, 0, 1, 0, 0, 0, 0]",1,cMajor,Piano Sonata K280 i F major.mid by Mozart.csv,1774,Cmaj3rd5th,EG-C,mediumvioletred,8
456,461.0 to 461.6666667,2,"[0, 0, 1, 0, 0, 1, 0, 1, 0, 0, 0, 0]",0,gMajor,Piano Sonata K280 i F major.mid by Mozart.csv,1774,2/4ofCmaj,DF,green,4
457,462.0 to 462.75,8,"[3, 0, 0, 0, 1, 0, 0, 1, 0, 0, 0, 0]",7,cMajor,Piano Sonata K280 i F major.mid by Mozart.csv,1774,Cmaj-root,C-EG,slateblue,2
458,463.0 to 463.6666667,12,"[1, 0, 0, 0, 1, 0, 0, 0, 0, 1, 0, 0]",6,cMinor,Piano Sonata K280 i F major.mid by Mozart.csv,1774,AminTriad,ACE,steelblue,14
459,464.0 to 464.6666667,4,"[1, 0, 0, 0, 1, 0, 0, 1, 0, 0, 0, 0]",1,cMajor,Piano Sonata K280 i F major.mid by Mozart.csv,1774,Cmaj3rd5th,EG-C,mediumvioletred,8
460,465.0 to 465.75,9,"[2, 0, 0, 1, 0, 0, 1, 0, 0, 1, 0, 0]",9,fMajor,Piano Sonata K280 i F major.mid by Mozart.csv,1774,6-1ofC,A-CF,deepskyblue,7
461,466.0 to 466.75,6,"[0, 0, 1, 0, 0, 0, 0, 1, 0, 0, 0, 3]",4,gMajor,Piano Sonata K280 i F major.mid by Mozart.csv,1774,GmajTriad,GBD,orange,13
462,467.0 to 467.6666667,11,"[0, 0, 0, 0, 0, 1, 0, 1, 0, 0, 1, 0]",0,e-Major,Piano Sonata K280 i F major.mid by Mozart.csv,1774,iv_ofDmin,GBb-C#D,yellow,0
463,468.0 to 468.75,11,"[0, 1, 0, 0, 1, 0, 0, 1, 0, 0, 2, 0]",1,b-Minor,Piano Sonata K280 i F major.mid by Mozart.csv,1774,iv_ofDmin,GBb-C#D,yellow,0
464,469.0 to 469.75,9,"[1, 0, 0, 0, 0, 1, 0, 0, 0, 3, 0, 0]",3,fMajor,Piano Sonata K280 i F major.mid by Mozart.csv,1774,6-1ofC,A-CF,deepskyblue,7
465,470.0 to 470.6666667,12,"[1, 0, 0, 0, 1, 0, 0, 0, 0, 1, 0, 0]",6,cMinor,Piano Sonata K280 i F major.mid by Mozart.csv,1774,AminTriad,ACE,steelblue,14
466,471.0 to 471.75,9,"[1, 0, 0, 1, 0, 0, 1, 0, 0, 2, 0, 0]",9,dMajor,Piano Sonata K280 i F major.mid by Mozart.csv,1774,6-1ofC,A-CF,deepskyblue,7
467,472.0 to 472.75,14,"[0, 0, 0, 0, 1, 0, 0, 0, 3, 0, 0, 1]",2,eMajor,Piano Sonata K280 i F major.mid by Mozart.csv,1774,VofAmin,E-BCD,indigo,19
468,473.0 to 473.6666667,10,"[0, 0, 1, 0, 1, 0, 0, 1, 0, 0, 0, 0]",1,cMajor,Piano Sonata K280 i F major.mid by Mozart.csv,1774,Cmaj2-5tet,DEFG,violet,6
469,474.0 to 474.75,11,"[0, 1, 0, 0, 1, 0, 0, 2, 0, 0, 1, 0]",1,cMajor,Piano Sonata K280 i F major.mid by Mozart.csv,1774,iv_ofDmin,GBb-C#D,yellow,0
470,475.0 to 475.75,7,"[0, 0, 1, 0, 0, 0, 3, 0, 0, 1, 0, 0]",8,dMajor,Piano Sonata K280 i F major.mid by Mozart.csv,1774,V7ofG,DF#AC,lime,18
471,476.0 to 476.6666667,9,"[1, 0, 0, 0, 0, 1, 0, 0, 0, 1, 0, 0]",3,fMajor,Piano Sonata K280 i F major.mid by Mozart.csv,1774,6-1ofC,A-CF,deepskyblue,7
472,477.0 to 477.75,2,"[0, 0, 1, 0, 0, 2, 0, 0, 1, 0, 0, 1]",0,c#Major,Piano Sonata K280 i F major.mid by Mozart.csv,1774,2/4ofCmaj,DF,green,4
473,478.0 to 478.75,17,"[1, 0, 0, 0, 3, 0, 0, 1, 0, 0, 0, 0]",1,cMajor,Piano Sonata K280 i F major.mid by Mozart.csv,1774,CmajTriad,CEG,blueviolet,5
474,479.0 to 479.6666667,4,"[1, 0, 0, 0, 1, 0, 0, 1, 0, 0, 0, 0]",1,cMajor,Piano Sonata K280 i F major.mid by Mozart.csv,1774,Cmaj3rd5th,EG-C,mediumvioletred,8
475,480.0 to 480.75,19,"[0, 0, 1, 0, 1, 3, 0, 0, 0, 0, 0, 0]",0,b-Major,Piano Sonata K280 i F major.mid by Mozart.csv,1774,4ofC,F-AC,cyan,1
476,481.0 to 481.6666667,16,"[0, 0, 0, 0, 0, 1, 0, 0, 1, 1, 0, 0]",3,c#Major,Piano Sonata K280 i F major.mid by Mozart.csv,1774,chr,FGAB,mediumpurple,10
477,482.0 to 482.6666667,0,"[0, 1, 1, 0, 0, 0, 0, 0, 0, 1, 0, 0]",3,dMajor,Piano Sonata K280 i F major.mid by Mozart.csv,1774,VofG,D-F#A,greenyellow,15
478,483.0 to 483.6666667,2,"[0, 0, 1, 0, 1, 1, 0, 0, 0, 0, 0, 0]",0,b-Major,Piano Sonata K280 i F major.mid by Mozart.csv,1774,2/4ofCmaj,DF,green,4
479,484.0 to 484.6666667,16,"[0, 0, 0, 0, 0, 1, 0, 0, 1, 1, 0, 0]",3,c#Major,Piano Sonata K280 i F major.mid by Mozart.csv,1774,chr,FGAB,mediumpurple,10
480,485.0 to 485.6666667,16,"[0, 0, 0, 0, 1, 1, 0, 0, 0, 1, 0, 0]",3,fMajor,Piano Sonata K280 i F major.mid by Mozart.csv,1774,chr,FGAB,mediumpurple,10
481,486.0 to 486.6666667,2,"[0, 1, 1, 0, 0, 1, 0, 0, 0, 0, 0, 0]",0,c#Major,Piano Sonata K280 i F major.mid by Mozart.csv,1774,2/4ofCmaj,DF,green,4
482,487.0 to 487.6666667,0,"[0, 0, 1, 0, 0, 0, 0, 0, 1, 1, 0, 0]",3,dMajor,Piano Sonata K280 i F major.mid by Mozart.csv,1774,VofG,D-F#A,greenyellow,15
483,488.0 to 488.75,19,"[0, 0, 1, 0, 0, 3, 0, 0, 0, 1, 0, 0]",0,fMinor,Piano Sonata K280 i F major.mid by Mozart.csv,1774,4ofC,F-AC,cyan,1
484,489.0 to 489.0,4,"[1, 0, 0, 0, 1, 0, 0, 1, 0, 0, 0, 0]",1,cMajor,Piano Sonata K280 i F major.mid by Mozart.csv,1774,Cmaj3rd5th,EG-C,mediumvioletred,8
485,490.0 to 490.0,5,"[0, 0, 1, 0, 0, 0, 0, 0, 0, 0, 0, 1]",5,gMajor,Piano Sonata K280 i F major.mid by Mozart.csv,1774,Gmaj3rd5th,BD-G,gold,17
486,492.0 to 492.0,8,"[2, 0, 0, 0, 0, 0, 0, 0, 0, 0, 0, 0]",6,cMajor,Piano Sonata K280 i F major.mid by Mozart.csv,1774,Cmaj-root,C-EG,slateblue,2
487,493.0 to 493.0,14,"[0, 0, 0, 0, 2, 0, 0, 0, 0, 0, 0, 0]",1,cMajor,Piano Sonata K280 i F major.mid by Mozart.csv,1774,VofAmin,E-BCD,indigo,19
488,494.0 to 494.0,3,"[0, 0, 0, 0, 0, 0, 0, 2, 0, 0, 0, 0]",4,cMajor,Piano Sonata K280 i F major.mid by Mozart.csv,1774,Gmaj-root,G-BD,red,9
489,495.0 to 495.75,16,"[0, 0, 0, 0, 1, 0, 0, 1, 0, 1, 0, 0]",1,cMajor,Piano Sonata K280 i F major.mid by Mozart.csv,1774,chr,FGAB,mediumpurple,10
490,496.0 to 496.75,16,"[0, 0, 0, 0, 1, 0, 0, 1, 0, 1, 0, 0]",1,cMajor,Piano Sonata K280 i F major.mid by Mozart.csv,1774,chr,FGAB,mediumpurple,10
491,497.0 to 497.75,2,"[0, 0, 1, 0, 0, 1, 0, 1, 0, 0, 0, 0]",0,gMajor,Piano Sonata K280 i F major.mid by Mozart.csv,1774,2/4ofCmaj,DF,green,4
492,498.0 to 498.75,4,"[1, 0, 0, 0, 2, 1, 0, 1, 0, 1, 0, 0]",1,cMajor,Piano Sonata K280 i F major.mid by Mozart.csv,1774,Cmaj3rd5th,EG-C,mediumvioletred,8
493,499.0 to 499.75,4,"[1, 0, 0, 0, 2, 1, 0, 1, 0, 1, 0, 0]",1,cMajor,Piano Sonata K280 i F major.mid by Mozart.csv,1774,Cmaj3rd5th,EG-C,mediumvioletred,8
494,500.0 to 500.75,10,"[0, 0, 2, 0, 1, 1, 0, 1, 0, 0, 0, 1]",0,gMajor,Piano Sonata K280 i F major.mid by Mozart.csv,1774,Cmaj2-5tet,DEFG,violet,6
495,501.0 to 501.875,4,"[1, 0, 0, 0, 1, 0, 0, 1, 0, 0, 0, 0]",1,cMajor,Piano Sonata K280 i F major.mid by Mozart.csv,1774,Cmaj3rd5th,EG-C,mediumvioletred,8
496,502.0 to 502.875,8,"[2, 0, 1, 0, 1, 0, 0, 1, 0, 0, 0, 0]",7,cMajor,Piano Sonata K280 i F major.mid by Mozart.csv,1774,Cmaj-root,C-EG,slateblue,2
497,503.0 to 503.0,5,"[0, 0, 1, 0, 0, 0, 0, 0, 0, 0, 0, 1]",5,gMajor,Piano Sonata K280 i F major.mid by Mozart.csv,1774,Gmaj3rd5th,BD-G,gold,17
498,504.0 to 504.0,3,"[0, 0, 0, 0, 0, 0, 0, 2, 0, 0, 0, 0]",4,cMajor,Piano Sonata K280 i F major.mid by Mozart.csv,1774,Gmaj-root,G-BD,red,9
499,505.0 to 505.0,5,"[0, 0, 0, 0, 0, 0, 0, 0, 0, 0, 0, 2]",5,eMajor,Piano Sonata K280 i F major.mid by Mozart.csv,1774,Gmaj3rd5th,BD-G,gold,17
500,506.0 to 506.0,0,"[0, 0, 2, 0, 0, 0, 0, 0, 0, 0, 0, 0]",5,dMajor,Piano Sonata K280 i F major.mid by Mozart.csv,1774,VofG,D-F#A,greenyellow,15
501,507.0 to 507.75,2,"[0, 0, 1, 0, 0, 1, 0, 1, 0, 0, 0, 0]",0,gMajor,Piano Sonata K280 i F major.mid by Mozart.csv,1774,2/4ofCmaj,DF,green,4
502,508.0 to 508.75,2,"[0, 0, 1, 0, 0, 1, 0, 1, 0, 0, 0, 0]",0,gMajor,Piano Sonata K280 i F major.mid by Mozart.csv,1774,2/4ofCmaj,DF,green,4
503,509.0 to 509.75,15,"[1, 0, 0, 0, 1, 1, 0, 0, 0, 0, 0, 0]",6,cMajor,Piano Sonata K280 i F major.mid by Mozart.csv,1774,Cmaj1-4tet,C-DEF,blue,3
504,510.0 to 510.75,10,"[0, 0, 2, 0, 1, 1, 0, 1, 0, 0, 0, 1]",0,gMajor,Piano Sonata K280 i F major.mid by Mozart.csv,1774,Cmaj2-5tet,DEFG,violet,6
505,511.0 to 511.75,10,"[0, 0, 2, 0, 1, 1, 0, 1, 0, 0, 0, 1]",0,gMajor,Piano Sonata K280 i F major.mid by Mozart.csv,1774,Cmaj2-5tet,DEFG,violet,6
506,512.0 to 512.75,15,"[2, 0, 0, 0, 2, 1, 0, 0, 0, 0, 0, 1]",6,cMajor,Piano Sonata K280 i F major.mid by Mozart.csv,1774,Cmaj1-4tet,C-DEF,blue,3
507,513.0 to 513.875,2,"[0, 0, 2, 0, 0, 1, 0, 0, 0, 0, 0, 0]",0,b-Major,Piano Sonata K280 i F major.mid by Mozart.csv,1774,2/4ofCmaj,DF,green,4
508,514.0 to 514.875,10,"[0, 0, 1, 0, 1, 1, 0, 1, 0, 0, 0, 1]",0,gMinor,Piano Sonata K280 i F major.mid by Mozart.csv,1774,Cmaj2-5tet,DEFG,violet,6
509,515.0 to 515.0,14,"[1, 0, 0, 0, 1, 0, 0, 0, 0, 0, 0, 0]",6,cMajor,Piano Sonata K280 i F major.mid by Mozart.csv,1774,VofAmin,E-BCD,indigo,19
510,516.0 to 516.75,8,"[2, 0, 0, 0, 0, 1, 0, 1, 0, 0, 0, 0]",7,fMajor,Piano Sonata K280 i F major.mid by Mozart.csv,1774,Cmaj-root,C-EG,slateblue,2
511,517.0 to 517.75,14,"[0, 0, 1, 0, 3, 1, 0, 0, 0, 0, 0, 0]",1,cMajor,Piano Sonata K280 i F major.mid by Mozart.csv,1774,VofAmin,E-BCD,indigo,19
512,518.0 to 518.75,3,"[1, 0, 1, 0, 0, 0, 0, 2, 0, 0, 0, 1]",4,gMajor,Piano Sonata K280 i F major.mid by Mozart.csv,1774,Gmaj-root,G-BD,red,9
513,519.0 to 519.75,9,"[0, 0, 0, 0, 0, 0, 0, 1, 0, 3, 0, 0]",3,dMajor,Piano Sonata K280 i F major.mid by Mozart.csv,1774,6-1ofC,A-CF,deepskyblue,7
514,520.0 to 520.75,15,"[2, 0, 0, 0, 1, 1, 0, 1, 0, 0, 0, 0]",7,cMajor,Piano Sonata K280 i F major.mid by Mozart.csv,1774,Cmaj1-4tet,C-DEF,blue,3
515,521.0 to 521.75,15,"[1, 0, 1, 0, 1, 2, 0, 0, 0, 0, 0, 0]",0,fMajor,Piano Sonata K280 i F major.mid by Mozart.csv,1774,Cmaj1-4tet,C-DEF,blue,3
516,522.0 to 522.75,14,"[0, 0, 0, 0, 1, 1, 0, 0, 0, 0, 0, 2]",2,eMajor,Piano Sonata K280 i F major.mid by Mozart.csv,1774,VofAmin,E-BCD,indigo,19
517,523.0 to 523.75,0,"[1, 0, 3, 0, 1, 0, 0, 0, 0, 0, 0, 0]",5,dMajor,Piano Sonata K280 i F major.mid by Mozart.csv,1774,VofG,D-F#A,greenyellow,15
518,524.0 to 524.75,19,"[1, 0, 0, 0, 0, 2, 0, 0, 0, 1, 0, 1]",3,fMajor,Piano Sonata K280 i F major.mid by Mozart.csv,1774,4ofC,F-AC,cyan,1
519,525.0 to 525.75,3,"[0, 0, 0, 0, 0, 1, 0, 3, 0, 0, 0, 0]",4,gMajor,Piano Sonata K280 i F major.mid by Mozart.csv,1774,Gmaj-root,G-BD,red,9
520,526.0 to 526.75,5,"[0, 0, 1, 0, 1, 1, 0, 0, 0, 0, 0, 2]",5,eMajor,Piano Sonata K280 i F major.mid by Mozart.csv,1774,Gmaj3rd5th,BD-G,gold,17
521,527.0 to 527.75,14,"[1, 0, 1, 0, 2, 0, 0, 0, 0, 0, 0, 1]",6,cMajor,Piano Sonata K280 i F major.mid by Mozart.csv,1774,VofAmin,E-BCD,indigo,19
522,528.0 to 528.75,9,"[0, 0, 1, 0, 1, 0, 0, 0, 0, 2, 0, 0]",3,dMajor,Piano Sonata K280 i F major.mid by Mozart.csv,1774,6-1ofC,A-CF,deepskyblue,7
523,529.0 to 529.75,13,"[1, 0, 1, 0, 0, 0, 0, 1, 0, 1, 0, 2]",5,gMajor,Piano Sonata K280 i F major.mid by Mozart.csv,1774,Cmaj5-1tet,BC-AG,darkviolet,12
524,530.0 to 530.75,3,"[0, 0, 0, 0, 1, 1, 0, 2, 0, 1, 0, 1]",4,gMinor,Piano Sonata K280 i F major.mid by Mozart.csv,1774,Gmaj-root,G-BD,red,9
525,531.0 to 531.75,10,"[1, 0, 1, 0, 2, 1, 0, 1, 0, 0, 0, 0]",1,cMajor,Piano Sonata K280 i F major.mid by Mozart.csv,1774,Cmaj2-5tet,DEFG,violet,6
526,532.0 to 532.75,12,"[2, 0, 1, 0, 1, 0, 0, 0, 0, 1, 0, 1]",6,cMinor,Piano Sonata K280 i F major.mid by Mozart.csv,1774,AminTriad,ACE,steelblue,14
527,533.0 to 533.75,9,"[1, 0, 0, 0, 0, 1, 0, 1, 0, 2, 0, 1]",3,fMajor,Piano Sonata K280 i F major.mid by Mozart.csv,1774,6-1ofC,A-CF,deepskyblue,7
528,534.0 to 534.75,10,"[0, 0, 0, 0, 2, 1, 0, 2, 0, 0, 0, 0]",1,cMajor,Piano Sonata K280 i F major.mid by Mozart.csv,1774,Cmaj2-5tet,DEFG,violet,6
529,535.0 to 535.6666667,10,"[0, 0, 1, 0, 1, 0, 0, 1, 0, 0, 0, 0]",1,cMajor,Piano Sonata K280 i F major.mid by Mozart.csv,1774,Cmaj2-5tet,DEFG,violet,6
530,536.0 to 536.6666667,11,"[1, 0, 0, 0, 0, 0, 0, 1, 0, 0, 1, 0]",1,cMajor,Piano Sonata K280 i F major.mid by Mozart.csv,1774,iv_ofDmin,GBb-C#D,yellow,0
531,537.0 to 537.75,19,"[0, 0, 0, 0, 0, 2, 0, 0, 1, 0, 1, 0]",0,c#Major,Piano Sonata K280 i F major.mid by Mozart.csv,1774,4ofC,F-AC,cyan,1
532,538.0 to 538.6666667000002,0,"[0, 1, 1, 0, 0, 0, 0, 0, 0, 1, 0, 0]",3,dMajor,Piano Sonata K280 i F major.mid by Mozart.csv,1774,VofG,D-F#A,greenyellow,15
533,539.0 to 539.6666667000002,2,"[0, 0, 1, 0, 1, 1, 0, 0, 0, 0, 0, 0]",0,b-Major,Piano Sonata K280 i F major.mid by Mozart.csv,1774,2/4ofCmaj,DF,green,4
534,540.0 to 540.75,1,"[0, 0, 0, 0, 0, 0, 2, 1, 0, 1, 0, 0]",8,dMajor,Piano Sonata K280 i F major.mid by Mozart.csv,1774,Gmaj-IV/vii,F#G-ACE,salmon,16
535,541.0 to 541.6666667000002,14,"[0, 0, 0, 0, 1, 0, 1, 0, 0, 1, 0, 0]",8,dMajor,Piano Sonata K280 i F major.mid by Mozart.csv,1774,VofAmin,E-BCD,indigo,19
536,542.0 to 542.6666667000002,9,"[1, 0, 1, 0, 0, 0, 0, 0, 0, 1, 0, 0]",3,dMajor,Piano Sonata K280 i F major.mid by Mozart.csv,1774,6-1ofC,A-CF,deepskyblue,7
537,543.0 to 543.75,11,"[1, 0, 0, 0, 0, 0, 0, 2, 0, 0, 1, 0]",1,cMajor,Piano Sonata K280 i F major.mid by Mozart.csv,1774,iv_ofDmin,GBb-C#D,yellow,0
538,544.0 to 544.6666667000002,14,"[0, 0, 0, 1, 1, 0, 0, 0, 0, 0, 0, 1]",2,eMajor,Piano Sonata K280 i F major.mid by Mozart.csv,1774,VofAmin,E-BCD,indigo,19
539,545.0 to 545.6666667000002,1,"[0, 0, 0, 0, 1, 0, 1, 1, 0, 0, 0, 0]",1,cMajor,Piano Sonata K280 i F major.mid by Mozart.csv,1774,Gmaj-IV/vii,F#G-ACE,salmon,16
540,546.0 to 546.75,16,"[0, 0, 0, 0, 0, 0, 0, 0, 2, 1, 0, 1]",2,eMajor,Piano Sonata K280 i F major.mid by Mozart.csv,1774,chr,FGAB,mediumpurple,10
541,547.0 to 547.6666667000002,16,"[0, 0, 0, 0, 0, 1, 0, 0, 1, 0, 0, 1]",2,c#Major,Piano Sonata K280 i F major.mid by Mozart.csv,1774,chr,FGAB,mediumpurple,10
542,548.0 to 548.6666667000002,14,"[0, 0, 1, 0, 1, 0, 0, 0, 0, 0, 0, 1]",5,eMajor,Piano Sonata K280 i F major.mid by Mozart.csv,1774,VofAmin,E-BCD,indigo,19
543,549.0 to 549.9166667000002,9,"[1, 0, 0, 0, 0, 0, 0, 0, 0, 2, 0, 1]",3,fMajor,Piano Sonata K280 i F major.mid by Mozart.csv,1774,6-1ofC,A-CF,deepskyblue,7
544,550.0 to 550.75,16,"[0, 0, 0, 0, 0, 1, 0, 0, 1, 1, 0, 0]",3,c#Major,Piano Sonata K280 i F major.mid by Mozart.csv,1774,chr,FGAB,mediumpurple,10
545,551.0 to 551.75,1,"[0, 0, 0, 0, 1, 0, 1, 1, 0, 0, 0, 0]",1,cMajor,Piano Sonata K280 i F major.mid by Mozart.csv,1774,Gmaj-IV/vii,F#G-ACE,salmon,16
546,552.0 to 552.9166667000002,2,"[0, 1, 1, 0, 0, 1, 0, 0, 0, 0, 0, 0]",0,c#Major,Piano Sonata K280 i F major.mid by Mozart.csv,1774,2/4ofCmaj,DF,green,4
547,553.0 to 553.75,16,"[0, 0, 0, 0, 1, 1, 0, 0, 0, 1, 0, 0]",3,fMajor,Piano Sonata K280 i F major.mid by Mozart.csv,1774,chr,FGAB,mediumpurple,10
548,554.0 to 554.75,4,"[0, 0, 0, 1, 1, 0, 0, 1, 0, 0, 0, 0]",1,cMajor,Piano Sonata K280 i F major.mid by Mozart.csv,1774,Cmaj3rd5th,EG-C,mediumvioletred,8
549,555.0 to 555.75,10,"[1, 0, 2, 0, 1, 2, 0, 1, 0, 0, 0, 0]",0,b-Major,Piano Sonata K280 i F major.mid by Mozart.csv,1774,Cmaj2-5tet,DEFG,violet,6
550,556.0 to 556.875,4,"[1, 0, 0, 0, 1, 0, 0, 1, 0, 0, 0, 1]",1,cMajor,Piano Sonata K280 i F major.mid by Mozart.csv,1774,Cmaj3rd5th,EG-C,mediumvioletred,8
551,557.0 to 557.875,13,"[1, 0, 0, 0, 0, 1, 0, 0, 0, 1, 0, 1]",3,fMajor,Piano Sonata K280 i F major.mid by Mozart.csv,1774,Cmaj5-1tet,BC-AG,darkviolet,12
552,558.0 to 558.75,8,"[2, 0, 0, 0, 1, 0, 0, 1, 0, 0, 0, 0]",7,cMajor,Piano Sonata K280 i F major.mid by Mozart.csv,1774,Cmaj-root,C-EG,slateblue,2
553,559.0 to 559.75,18,"[1, 0, 1, 0, 1, 0, 0, 0, 0, 0, 0, 1]",5,eMajor,Piano Sonata K280 i F major.mid by Mozart.csv,1774,V-IofC,D-GBC,crimson,11
554,560.0 to 560.75,15,"[1, 0, 1, 0, 1, 1, 0, 0, 0, 0, 0, 0]",0,cMajor,Piano Sonata K280 i F major.mid by Mozart.csv,1774,Cmaj1-4tet,C-DEF,blue,3
555,561.0 to 561.75,2,"[0, 0, 2, 0, 0, 1, 0, 0, 0, 1, 0, 1]",0,fMinor,Piano Sonata K280 i F major.mid by Mozart.csv,1774,2/4ofCmaj,DF,green,4
556,562.0 to 562.75,2,"[0, 1, 1, 0, 1, 1, 0, 0, 0, 0, 0, 0]",0,c#Major,Piano Sonata K280 i F major.mid by Mozart.csv,1774,2/4ofCmaj,DF,green,4
557,563.0 to 563.75,10,"[0, 0, 1, 0, 1, 1, 0, 1, 0, 0, 0, 0]",0,cMajor,Piano Sonata K280 i F major.mid by Mozart.csv,1774,Cmaj2-5tet,DEFG,violet,6
558,564.0 to 564.75,17,"[2, 0, 0, 0, 2, 0, 0, 1, 0, 0, 0, 0]",7,cMajor,Piano Sonata K280 i F major.mid by Mozart.csv,1774,CmajTriad,CEG,blueviolet,5
559,565.0 to 565.75,10,"[0, 0, 0, 1, 1, 1, 0, 1, 0, 0, 0, 0]",1,cMajor,Piano Sonata K280 i F major.mid by Mozart.csv,1774,Cmaj2-5tet,DEFG,violet,6
560,566.0 to 566.75,16,"[0, 0, 0, 0, 1, 1, 0, 1, 0, 1, 0, 0]",1,cMajor,Piano Sonata K280 i F major.mid by Mozart.csv,1774,chr,FGAB,mediumpurple,10
561,567.0 to 567.75,19,"[0, 1, 1, 0, 1, 2, 0, 0, 0, 1, 0, 0]",0,fMinor,Piano Sonata K280 i F major.mid by Mozart.csv,1774,4ofC,F-AC,cyan,1
562,568.0 to 568.75,19,"[0, 1, 1, 0, 1, 2, 0, 0, 0, 1, 0, 0]",0,fMinor,Piano Sonata K280 i F major.mid by Mozart.csv,1774,4ofC,F-AC,cyan,1
563,569.0 to 569.75,19,"[0, 0, 1, 0, 1, 2, 0, 1, 0, 1, 0, 0]",0,fMinor,Piano Sonata K280 i F major.mid by Mozart.csv,1774,4ofC,F-AC,cyan,1
564,570.0 to 570.875,19,"[1, 0, 1, 0, 1, 2, 0, 0, 0, 2, 0, 0]",3,fMajor,Piano Sonata K280 i F major.mid by Mozart.csv,1774,4ofC,F-AC,cyan,1
565,571.0 to 571.875,4,"[1, 0, 1, 0, 1, 0, 0, 1, 0, 0, 0, 0]",1,cMajor,Piano Sonata K280 i F major.mid by Mozart.csv,1774,Cmaj3rd5th,EG-C,mediumvioletred,8
566,572.0 to 572.875,14,"[0, 0, 1, 0, 1, 0, 0, 0, 0, 0, 0, 1]",5,eMajor,Piano Sonata K280 i F major.mid by Mozart.csv,1774,VofAmin,E-BCD,indigo,19
567,573.0 to 573.75,17,"[3, 0, 0, 0, 2, 0, 0, 2, 0, 0, 0, 0]",7,cMajor,Piano Sonata K280 i F major.mid by Mozart.csv,1774,CmajTriad,CEG,blueviolet,5
568,574.0 to 574.75,18,"[1, 0, 1, 0, 1, 0, 0, 0, 0, 0, 0, 1]",5,eMajor,Piano Sonata K280 i F major.mid by Mozart.csv,1774,V-IofC,D-GBC,crimson,11
569,575.0 to 575.75,15,"[1, 0, 1, 0, 1, 1, 0, 0, 0, 0, 0, 0]",0,cMajor,Piano Sonata K280 i F major.mid by Mozart.csv,1774,Cmaj1-4tet,C-DEF,blue,3
570,576.0 to 576.75,5,"[0, 0, 2, 0, 0, 1, 0, 0, 0, 0, 0, 2]",5,gMajor,Piano Sonata K280 i F major.mid by Mozart.csv,1774,Gmaj3rd5th,BD-G,gold,17
571,577.0 to 577.75,2,"[0, 1, 1, 0, 1, 1, 0, 0, 0, 0, 0, 0]",0,c#Major,Piano Sonata K280 i F major.mid by Mozart.csv,1774,2/4ofCmaj,DF,green,4
572,578.0 to 578.75,10,"[0, 0, 1, 0, 1, 1, 0, 1, 0, 0, 0, 0]",0,cMajor,Piano Sonata K280 i F major.mid by Mozart.csv,1774,Cmaj2-5tet,DEFG,violet,6
573,579.0 to 579.75,17,"[2, 0, 0, 0, 2, 0, 0, 1, 0, 0, 0, 0]",7,cMajor,Piano Sonata K280 i F major.mid by Mozart.csv,1774,CmajTriad,CEG,blueviolet,5
574,580.0 to 580.75,10,"[0, 0, 0, 1, 1, 1, 0, 1, 0, 0, 0, 0]",1,cMajor,Piano Sonata K280 i F major.mid by Mozart.csv,1774,Cmaj2-5tet,DEFG,violet,6
575,581.0 to 581.75,16,"[0, 0, 0, 0, 1, 1, 0, 1, 0, 1, 0, 0]",1,cMajor,Piano Sonata K280 i F major.mid by Mozart.csv,1774,chr,FGAB,mediumpurple,10
576,582.0 to 582.75,2,"[0, 0, 2, 0, 0, 2, 0, 0, 0, 1, 0, 0]",0,fMinor,Piano Sonata K280 i F major.mid by Mozart.csv,1774,2/4ofCmaj,DF,green,4
577,583.0 to 583.75,2,"[0, 0, 1, 0, 0, 1, 0, 0, 0, 1, 0, 0]",0,fMinor,Piano Sonata K280 i F major.mid by Mozart.csv,1774,2/4ofCmaj,DF,green,4
578,584.0 to 584.5,2,"[0, 0, 2, 0, 0, 1, 0, 0, 0, 1, 0, 0]",0,fMinor,Piano Sonata K280 i F major.mid by Mozart.csv,1774,2/4ofCmaj,DF,green,4
579,585.0 to 585.75,19,"[0, 0, 1, 0, 0, 2, 0, 0, 0, 1, 0, 0]",0,fMinor,Piano Sonata K280 i F major.mid by Mozart.csv,1774,4ofC,F-AC,cyan,1
580,586.0 to 586.75,9,"[0, 0, 1, 0, 0, 1, 0, 0, 0, 2, 0, 0]",3,fMinor,Piano Sonata K280 i F major.mid by Mozart.csv,1774,6-1ofC,A-CF,deepskyblue,7
581,587.0 to 587.75,13,"[1, 0, 0, 0, 0, 1, 0, 0, 1, 0, 0, 1]",2,g#Minor,Piano Sonata K280 i F major.mid by Mozart.csv,1774,Cmaj5-1tet,BC-AG,darkviolet,12
582,588.0 to 588.75,2,"[0, 0, 1, 0, 1, 1, 0, 0, 0, 1, 0, 0]",0,fMinor,Piano Sonata K280 i F major.mid by Mozart.csv,1774,2/4ofCmaj,DF,green,4
583,589.0 to 589.875,8,"[2, 0, 1, 0, 1, 0, 0, 1, 0, 0, 0, 0]",7,cMajor,Piano Sonata K280 i F major.mid by Mozart.csv,1774,Cmaj-root,C-EG,slateblue,2
584,590.0 to 590.875,14,"[0, 0, 1, 0, 1, 0, 0, 0, 0, 0, 0, 1]",5,eMajor,Piano Sonata K280 i F major.mid by Mozart.csv,1774,VofAmin,E-BCD,indigo,19
585,591.0 to 591.875,17,"[2, 0, 0, 0, 2, 0, 0, 1, 0, 0, 0, 0]",7,cMajor,Piano Sonata K280 i F major.mid by Mozart.csv,1774,CmajTriad,CEG,blueviolet,5
586,592.0 to 592.75,4,"[1, 0, 0, 0, 1, 0, 0, 2, 0, 0, 0, 0]",1,cMajor,Piano Sonata K280 i F major.mid by Mozart.csv,1774,Cmaj3rd5th,EG-C,mediumvioletred,8
587,593.0 to 593.875,13,"[1, 0, 1, 0, 0, 1, 0, 1, 0, 1, 0, 1]",5,fMajor,Piano Sonata K280 i F major.mid by Mozart.csv,1774,Cmaj5-1tet,BC-AG,darkviolet,12
588,594.0 to 594.875,17,"[2, 0, 0, 0, 2, 0, 0, 1, 0, 0, 0, 0]",7,cMajor,Piano Sonata K280 i F major.mid by Mozart.csv,1774,CmajTriad,CEG,blueviolet,5
589,595.0 to 595.75,4,"[1, 0, 0, 0, 1, 0, 0, 2, 0, 0, 0, 0]",1,cMajor,Piano Sonata K280 i F major.mid by Mozart.csv,1774,Cmaj3rd5th,EG-C,mediumvioletred,8
590,596.0 to 596.875,13,"[1, 0, 1, 0, 0, 1, 0, 1, 0, 1, 0, 1]",5,fMajor,Piano Sonata K280 i F major.mid by Mozart.csv,1774,Cmaj5-1tet,BC-AG,darkviolet,12
591,597.0 to 597.0,8,"[2, 0, 0, 0, 1, 0, 0, 0, 0, 0, 0, 0]",6,cMajor,Piano Sonata K280 i F major.mid by Mozart.csv,1774,Cmaj-root,C-EG,slateblue,2
592,598.0 to 598.0,8,"[3, 0, 0, 0, 1, 0, 0, 1, 0, 0, 0, 0]",7,cMajor,Piano Sonata K280 i F major.mid by Mozart.csv,1774,Cmaj-root,C-EG,slateblue,2
