index,offsetRange,CentroidLabelIndex_entireUnits,"[C,C#,D,E-,E,F,F#,G,G#,A,B-,B]",CentroidLabelIndex_individualUnit,triadLabel,filename,year,chordName,pc-labels,color,newCentroidIndex
0,3.0 to 3.875,8,"[2, 0, 0, 0, 1, 0, 0, 1, 0, 0, 0, 0]",7,cMajor,Piano Sonata K332 ii Bb major.mid by Mozart.csv,1783,Cmaj-root,C-EG,slateblue,2
1,4.0 to 4.75,10,"[1, 0, 1, 0, 2, 1, 0, 1, 0, 0, 0, 0]",8,cMajor,Piano Sonata K332 ii Bb major.mid by Mozart.csv,1783,Cmaj2-5tet,DEFG,violet,6
2,5.0 to 5.75,3,"[0, 0, 1, 0, 0, 0, 1, 2, 0, 0, 0, 1]",1,gMajor,Piano Sonata K332 ii Bb major.mid by Mozart.csv,1783,Gmaj-root,G-BD,red,9
3,6.0 to 6.75,5,"[0, 0, 2, 0, 0, 0, 0, 1, 0, 0, 0, 1]",9,gMajor,Piano Sonata K332 ii Bb major.mid by Mozart.csv,1783,Gmaj3rd5th,BD-G,gold,17
4,7.0 to 7.75,19,"[1, 0, 0, 0, 1, 2, 0, 1, 0, 1, 0, 0]",3,fMajor,Piano Sonata K332 ii Bb major.mid by Mozart.csv,1783,4ofC,F-AC,cyan,1
5,8.0 to 8.75,9,"[1, 0, 0, 0, 0, 1, 0, 1, 0, 2, 0, 1]",2,fMajor,Piano Sonata K332 ii Bb major.mid by Mozart.csv,1783,6-1ofC,A-CF,deepskyblue,7
6,9.0 to 9.75,8,"[2, 0, 0, 0, 1, 0, 0, 1, 0, 0, 0, 1]",7,cMajor,Piano Sonata K332 ii Bb major.mid by Mozart.csv,1783,Cmaj-root,C-EG,slateblue,2
7,10.0 to 10.75,4,"[1, 0, 0, 0, 1, 0, 0, 2, 0, 0, 0, 0]",7,cMajor,Piano Sonata K332 ii Bb major.mid by Mozart.csv,1783,Cmaj3rd5th,EG-C,mediumvioletred,8
8,11.0 to 11.875,9,"[0, 1, 0, 0, 0, 1, 0, 0, 0, 2, 1, 0]",2,c#Minor,Piano Sonata K332 ii Bb major.mid by Mozart.csv,1783,6-1ofC,A-CF,deepskyblue,7
9,12.0 to 12.75,10,"[0, 0, 2, 0, 1, 3, 0, 1, 0, 0, 0, 0]",3,b-Major,Piano Sonata K332 ii Bb major.mid by Mozart.csv,1783,Cmaj2-5tet,DEFG,violet,6
10,13.0 to 13.875,3,"[0, 0, 0, 0, 1, 0, 1, 2, 0, 1, 0, 1]",1,gMinor,Piano Sonata K332 ii Bb major.mid by Mozart.csv,1783,Gmaj-root,G-BD,red,9
11,14.0 to 14.75,15,"[2, 0, 1, 0, 3, 1, 0, 0, 0, 0, 0, 0]",8,cMajor,Piano Sonata K332 ii Bb major.mid by Mozart.csv,1783,Cmaj1-4tet,C-DEF,blue,3
12,15.0 to 15.75,6,"[0, 0, 2, 0, 0, 1, 0, 2, 0, 0, 0, 1]",9,gMajor,Piano Sonata K332 ii Bb major.mid by Mozart.csv,1783,GmajTriad,GBD,orange,13
13,16.0 to 16.75,17,"[2, 0, 0, 0, 2, 1, 0, 1, 0, 0, 0, 0]",8,cMajor,Piano Sonata K332 ii Bb major.mid by Mozart.csv,1783,CmajTriad,CEG,blueviolet,5
14,17.0 to 17.875,4,"[1, 0, 0, 0, 2, 1, 0, 1, 0, 0, 0, 0]",8,cMajor,Piano Sonata K332 ii Bb major.mid by Mozart.csv,1783,Cmaj3rd5th,EG-C,mediumvioletred,8
15,18.0 to 18.75,6,"[0, 0, 2, 0, 0, 1, 0, 2, 0, 0, 0, 1]",9,gMajor,Piano Sonata K332 ii Bb major.mid by Mozart.csv,1783,GmajTriad,GBD,orange,13
16,19.0 to 19.75,18,"[2, 0, 1, 1, 0, 0, 0, 1, 0, 0, 0, 1]",7,e-Minor,Piano Sonata K332 ii Bb major.mid by Mozart.csv,1783,V-IofC,D-GBC,crimson,11
17,20.0 to 20.75,2,"[1, 0, 1, 2, 0, 1, 0, 1, 0, 0, 0, 0]",4,e-Minor,Piano Sonata K332 ii Bb major.mid by Mozart.csv,1783,2/4ofCmaj,DF,green,4
18,21.0 to 21.75,11,"[0, 0, 1, 0, 0, 0, 1, 2, 0, 0, 1, 0]",1,b-Minor,Piano Sonata K332 ii Bb major.mid by Mozart.csv,1783,iv_ofDmin,GBb-C#D,yellow,0
19,22.0 to 22.75,0,"[0, 0, 2, 0, 0, 0, 0, 1, 0, 0, 1, 0]",9,b-Minor,Piano Sonata K332 ii Bb major.mid by Mozart.csv,1783,VofG,D-F#A,greenyellow,15
20,23.0 to 23.75,19,"[1, 0, 0, 0, 1, 2, 0, 1, 1, 0, 0, 0]",8,g#Minor,Piano Sonata K332 ii Bb major.mid by Mozart.csv,1783,4ofC,F-AC,cyan,1
21,24.0 to 24.75,11,"[1, 0, 0, 0, 0, 1, 0, 1, 2, 0, 1, 0]",6,g#Minor,Piano Sonata K332 ii Bb major.mid by Mozart.csv,1783,iv_ofDmin,GBb-C#D,yellow,0
22,25.0 to 25.75,8,"[2, 0, 0, 0, 1, 0, 0, 1, 0, 0, 0, 1]",7,cMajor,Piano Sonata K332 ii Bb major.mid by Mozart.csv,1783,Cmaj-root,C-EG,slateblue,2
23,26.0 to 26.875,1,"[1, 0, 0, 1, 0, 0, 1, 2, 0, 0, 0, 0]",1,e-Minor,Piano Sonata K332 ii Bb major.mid by Mozart.csv,1783,Gmaj-IV/vii,F#G-ACE,salmon,16
24,27.0 to 27.875,9,"[1, 0, 1, 1, 0, 0, 0, 0, 0, 1, 0, 0]",4,dMajor,Piano Sonata K332 ii Bb major.mid by Mozart.csv,1783,6-1ofC,A-CF,deepskyblue,7
25,28.0 to 28.875,7,"[2, 0, 2, 1, 0, 0, 1, 1, 0, 2, 1, 0]",4,dMajor,Piano Sonata K332 ii Bb major.mid by Mozart.csv,1783,V7ofG,DF#AC,lime,18
26,29.0 to 29.75,11,"[0, 0, 0, 1, 0, 0, 1, 2, 0, 1, 1, 0]",1,e-Major,Piano Sonata K332 ii Bb major.mid by Mozart.csv,1783,iv_ofDmin,GBb-C#D,yellow,0
27,30.0 to 30.75,9,"[1, 0, 0, 2, 0, 1, 0, 1, 0, 1, 0, 0]",4,e-Minor,Piano Sonata K332 ii Bb major.mid by Mozart.csv,1783,6-1ofC,A-CF,deepskyblue,7
28,31.0 to 31.75,0,"[1, 0, 2, 1, 0, 0, 0, 1, 0, 0, 1, 0]",4,b-Minor,Piano Sonata K332 ii Bb major.mid by Mozart.csv,1783,VofG,D-F#A,greenyellow,15
29,32.0 to 32.75,7,"[1, 0, 1, 0, 0, 0, 1, 1, 0, 2, 1, 0]",4,dMajor,Piano Sonata K332 ii Bb major.mid by Mozart.csv,1783,V7ofG,DF#AC,lime,18
30,33.0 to 33.875,3,"[0, 0, 1, 0, 0, 0, 0, 2, 0, 0, 0, 1]",1,gMajor,Piano Sonata K332 ii Bb major.mid by Mozart.csv,1783,Gmaj-root,G-BD,red,9
31,34.0 to 34.75,13,"[1, 0, 1, 0, 0, 0, 0, 1, 0, 1, 0, 1]",4,gMajor,Piano Sonata K332 ii Bb major.mid by Mozart.csv,1783,Cmaj5-1tet,BC-AG,darkviolet,12
32,35.0 to 35.75,7,"[1, 0, 1, 0, 0, 0, 1, 0, 0, 1, 0, 0]",4,dMajor,Piano Sonata K332 ii Bb major.mid by Mozart.csv,1783,V7ofG,DF#AC,lime,18
33,36.0 to 36.75,7,"[1, 0, 2, 0, 0, 0, 2, 0, 0, 2, 0, 0]",4,dMajor,Piano Sonata K332 ii Bb major.mid by Mozart.csv,1783,V7ofG,DF#AC,lime,18
34,37.0 to 37.75,6,"[0, 0, 2, 0, 0, 0, 0, 1, 0, 0, 0, 2]",9,gMajor,Piano Sonata K332 ii Bb major.mid by Mozart.csv,1783,GmajTriad,GBD,orange,13
35,38.0 to 38.75,13,"[1, 0, 1, 0, 0, 0, 0, 1, 0, 1, 0, 1]",4,gMajor,Piano Sonata K332 ii Bb major.mid by Mozart.csv,1783,Cmaj5-1tet,BC-AG,darkviolet,12
36,39.0 to 39.75,7,"[1, 0, 1, 0, 0, 0, 1, 0, 0, 1, 0, 0]",4,dMajor,Piano Sonata K332 ii Bb major.mid by Mozart.csv,1783,V7ofG,DF#AC,lime,18
37,40.0 to 40.75,7,"[1, 0, 2, 0, 0, 0, 2, 0, 0, 2, 0, 0]",4,dMajor,Piano Sonata K332 ii Bb major.mid by Mozart.csv,1783,V7ofG,DF#AC,lime,18
38,41.0 to 41.5,5,"[0, 0, 1, 0, 0, 0, 0, 1, 0, 0, 0, 2]",9,gMajor,Piano Sonata K332 ii Bb major.mid by Mozart.csv,1783,Gmaj3rd5th,BD-G,gold,17
39,42.0 to 42.75,1,"[0, 0, 0, 1, 1, 0, 1, 1, 0, 1, 0, 1]",1,bMajor,Piano Sonata K332 ii Bb major.mid by Mozart.csv,1783,Gmaj-IV/vii,F#G-ACE,salmon,16
40,43.0 to 43.75,18,"[1, 0, 1, 1, 1, 0, 1, 1, 0, 0, 0, 1]",7,cMajor,Piano Sonata K332 ii Bb major.mid by Mozart.csv,1783,V-IofC,D-GBC,crimson,11
41,44.0 to 44.75,12,"[1, 0, 1, 0, 1, 0, 0, 0, 1, 1, 0, 1]",5,eMajor,Piano Sonata K332 ii Bb major.mid by Mozart.csv,1783,AminTriad,ACE,steelblue,14
42,45.0 to 45.0,14,"[0, 0, 1, 0, 2, 0, 0, 0, 2, 0, 0, 2]",5,eMajor,Piano Sonata K332 ii Bb major.mid by Mozart.csv,1783,VofAmin,E-BCD,indigo,19
43,46.0 to 46.875,7,"[2, 0, 1, 0, 1, 0, 1, 0, 0, 1, 0, 1]",4,cMinor,Piano Sonata K332 ii Bb major.mid by Mozart.csv,1783,V7ofG,DF#AC,lime,18
44,47.0 to 47.875,18,"[2, 0, 1, 0, 2, 0, 0, 1, 0, 1, 0, 2]",0,cMajor,Piano Sonata K332 ii Bb major.mid by Mozart.csv,1783,V-IofC,D-GBC,crimson,11
45,48.0 to 48.875,7,"[1, 0, 1, 0, 0, 0, 1, 1, 0, 1, 0, 1]",4,dMajor,Piano Sonata K332 ii Bb major.mid by Mozart.csv,1783,V7ofG,DF#AC,lime,18
46,49.0 to 49.75,6,"[0, 0, 1, 0, 0, 0, 1, 2, 0, 1, 1, 2]",1,gMajor,Piano Sonata K332 ii Bb major.mid by Mozart.csv,1783,GmajTriad,GBD,orange,13
47,50.0 to 50.75,13,"[1, 0, 1, 0, 0, 0, 0, 1, 0, 1, 0, 1]",4,gMajor,Piano Sonata K332 ii Bb major.mid by Mozart.csv,1783,Cmaj5-1tet,BC-AG,darkviolet,12
48,51.0 to 51.75,7,"[1, 0, 1, 0, 0, 0, 1, 0, 0, 1, 0, 0]",4,dMajor,Piano Sonata K332 ii Bb major.mid by Mozart.csv,1783,V7ofG,DF#AC,lime,18
49,52.0 to 52.75,7,"[1, 0, 2, 0, 0, 0, 2, 0, 0, 2, 0, 0]",4,dMajor,Piano Sonata K332 ii Bb major.mid by Mozart.csv,1783,V7ofG,DF#AC,lime,18
50,53.0 to 53.75,6,"[0, 0, 2, 0, 0, 0, 0, 1, 0, 0, 0, 2]",9,gMajor,Piano Sonata K332 ii Bb major.mid by Mozart.csv,1783,GmajTriad,GBD,orange,13
51,54.0 to 54.75,13,"[1, 0, 1, 0, 0, 0, 0, 1, 0, 1, 0, 1]",4,gMajor,Piano Sonata K332 ii Bb major.mid by Mozart.csv,1783,Cmaj5-1tet,BC-AG,darkviolet,12
52,55.0 to 55.75,7,"[1, 0, 1, 0, 0, 0, 1, 0, 0, 1, 0, 0]",4,dMajor,Piano Sonata K332 ii Bb major.mid by Mozart.csv,1783,V7ofG,DF#AC,lime,18
53,56.0 to 56.75,7,"[1, 0, 2, 0, 0, 0, 2, 0, 0, 2, 0, 0]",4,dMajor,Piano Sonata K332 ii Bb major.mid by Mozart.csv,1783,V7ofG,DF#AC,lime,18
54,57.0 to 57.5,3,"[0, 0, 1, 0, 0, 0, 0, 2, 0, 0, 0, 1]",1,gMajor,Piano Sonata K332 ii Bb major.mid by Mozart.csv,1783,Gmaj-root,G-BD,red,9
55,58.0 to 58.75,1,"[0, 0, 0, 1, 1, 0, 1, 1, 0, 1, 0, 1]",1,bMajor,Piano Sonata K332 ii Bb major.mid by Mozart.csv,1783,Gmaj-IV/vii,F#G-ACE,salmon,16
56,59.0 to 59.75,18,"[1, 0, 1, 1, 1, 0, 1, 1, 0, 0, 0, 1]",7,cMajor,Piano Sonata K332 ii Bb major.mid by Mozart.csv,1783,V-IofC,D-GBC,crimson,11
57,60.0 to 60.75,12,"[1, 0, 1, 0, 1, 0, 0, 0, 1, 1, 0, 1]",5,eMajor,Piano Sonata K332 ii Bb major.mid by Mozart.csv,1783,AminTriad,ACE,steelblue,14
58,61.0 to 61.0,14,"[0, 0, 1, 0, 2, 0, 0, 0, 2, 0, 0, 2]",5,eMajor,Piano Sonata K332 ii Bb major.mid by Mozart.csv,1783,VofAmin,E-BCD,indigo,19
59,62.0 to 62.875,7,"[2, 0, 1, 0, 1, 0, 1, 0, 0, 1, 0, 1]",4,cMinor,Piano Sonata K332 ii Bb major.mid by Mozart.csv,1783,V7ofG,DF#AC,lime,18
60,63.0 to 63.875,17,"[2, 0, 1, 0, 2, 0, 0, 2, 0, 1, 0, 2]",0,cMajor,Piano Sonata K332 ii Bb major.mid by Mozart.csv,1783,CmajTriad,CEG,blueviolet,5
61,64.0 to 64.875,5,"[0, 0, 1, 0, 0, 0, 1, 1, 0, 1, 0, 2]",1,gMajor,Piano Sonata K332 ii Bb major.mid by Mozart.csv,1783,Gmaj3rd5th,BD-G,gold,17
62,65.0 to 65.875,3,"[0, 0, 0, 0, 1, 0, 1, 2, 0, 1, 0, 2]",1,gMinor,Piano Sonata K332 ii Bb major.mid by Mozart.csv,1783,Gmaj-root,G-BD,red,9
63,66.0 to 66.875,13,"[2, 0, 0, 0, 0, 0, 1, 1, 1, 2, 0, 1]",4,fMajor,Piano Sonata K332 ii Bb major.mid by Mozart.csv,1783,Cmaj5-1tet,BC-AG,darkviolet,12
64,67.0 to 67.75,6,"[0, 0, 2, 0, 0, 0, 0, 2, 0, 1, 0, 2]",9,gMajor,Piano Sonata K332 ii Bb major.mid by Mozart.csv,1783,GmajTriad,GBD,orange,13
65,68.0 to 68.875,10,"[0, 0, 0, 1, 1, 2, 0, 2, 0, 0, 0, 1]",1,gMinor,Piano Sonata K332 ii Bb major.mid by Mozart.csv,1783,Cmaj2-5tet,DEFG,violet,6
66,69.0 to 69.875,17,"[2, 0, 0, 1, 2, 0, 1, 1, 1, 1, 0, 1]",0,cMajor,Piano Sonata K332 ii Bb major.mid by Mozart.csv,1783,CmajTriad,CEG,blueviolet,5
67,70.0 to 70.875,12,"[2, 0, 1, 0, 3, 0, 1, 1, 0, 2, 0, 1]",0,cMinor,Piano Sonata K332 ii Bb major.mid by Mozart.csv,1783,AminTriad,ACE,steelblue,14
68,71.0 to 71.75,6,"[0, 0, 3, 0, 0, 0, 0, 1, 0, 0, 0, 1]",9,gMajor,Piano Sonata K332 ii Bb major.mid by Mozart.csv,1783,GmajTriad,GBD,orange,13
69,72.0 to 72.875,6,"[0, 0, 3, 0, 0, 0, 0, 2, 0, 0, 0, 3]",9,gMajor,Piano Sonata K332 ii Bb major.mid by Mozart.csv,1783,GmajTriad,GBD,orange,13
70,73.0 to 73.875,7,"[1, 0, 1, 0, 0, 0, 1, 1, 0, 1, 0, 1]",4,dMajor,Piano Sonata K332 ii Bb major.mid by Mozart.csv,1783,V7ofG,DF#AC,lime,18
71,74.0 to 74.875,7,"[1, 0, 1, 0, 0, 0, 1, 1, 0, 1, 0, 1]",4,dMajor,Piano Sonata K332 ii Bb major.mid by Mozart.csv,1783,V7ofG,DF#AC,lime,18
72,75.0 to 75.875,3,"[0, 0, 1, 0, 0, 1, 1, 3, 0, 1, 0, 0]",1,gMajor,Piano Sonata K332 ii Bb major.mid by Mozart.csv,1783,Gmaj-root,G-BD,red,9
73,76.0 to 76.75,17,"[2, 0, 1, 0, 1, 0, 0, 2, 0, 1, 0, 1]",7,cMajor,Piano Sonata K332 ii Bb major.mid by Mozart.csv,1783,CmajTriad,CEG,blueviolet,5
74,77.0 to 77.875,3,"[0, 0, 1, 0, 0, 1, 1, 3, 0, 1, 0, 1]",1,gMajor,Piano Sonata K332 ii Bb major.mid by Mozart.csv,1783,Gmaj-root,G-BD,red,9
75,78.0 to 78.875,18,"[2, 0, 1, 0, 1, 0, 0, 1, 0, 1, 0, 1]",7,cMajor,Piano Sonata K332 ii Bb major.mid by Mozart.csv,1783,V-IofC,D-GBC,crimson,11
76,79.0 to 79.75,3,"[1, 0, 1, 0, 1, 0, 0, 2, 0, 1, 0, 1]",7,cMajor,Piano Sonata K332 ii Bb major.mid by Mozart.csv,1783,Gmaj-root,G-BD,red,9
77,80.0 to 80.75,10,"[0, 1, 1, 0, 1, 1, 0, 1, 0, 0, 0, 0]",8,cMajor,Piano Sonata K332 ii Bb major.mid by Mozart.csv,1783,Cmaj2-5tet,DEFG,violet,6
78,81.0 to 81.0,3,"[0, 0, 1, 0, 0, 1, 0, 2, 0, 0, 0, 0]",1,gMajor,Piano Sonata K332 ii Bb major.mid by Mozart.csv,1783,Gmaj-root,G-BD,red,9
79,82.0 to 82.875,10,"[0, 0, 1, 0, 1, 1, 1, 1, 0, 1, 0, 0]",3,dMajor,Piano Sonata K332 ii Bb major.mid by Mozart.csv,1783,Cmaj2-5tet,DEFG,violet,6
80,83.0 to 83.75,18,"[2, 0, 1, 0, 1, 0, 0, 1, 0, 0, 0, 1]",7,cMajor,Piano Sonata K332 ii Bb major.mid by Mozart.csv,1783,V-IofC,D-GBC,crimson,11
81,84.0 to 84.75,10,"[1, 0, 1, 0, 2, 1, 0, 1, 0, 0, 0, 0]",8,cMajor,Piano Sonata K332 ii Bb major.mid by Mozart.csv,1783,Cmaj2-5tet,DEFG,violet,6
82,85.0 to 85.75,3,"[0, 0, 1, 0, 0, 0, 1, 2, 0, 0, 0, 1]",1,gMajor,Piano Sonata K332 ii Bb major.mid by Mozart.csv,1783,Gmaj-root,G-BD,red,9
83,86.0 to 86.75,5,"[0, 0, 2, 0, 0, 0, 0, 1, 0, 0, 0, 1]",9,gMajor,Piano Sonata K332 ii Bb major.mid by Mozart.csv,1783,Gmaj3rd5th,BD-G,gold,17
84,87.0 to 87.75,19,"[1, 0, 0, 0, 1, 2, 0, 1, 0, 1, 0, 0]",3,fMajor,Piano Sonata K332 ii Bb major.mid by Mozart.csv,1783,4ofC,F-AC,cyan,1
85,88.0 to 88.75,9,"[1, 0, 0, 0, 0, 1, 0, 1, 0, 2, 0, 1]",2,fMajor,Piano Sonata K332 ii Bb major.mid by Mozart.csv,1783,6-1ofC,A-CF,deepskyblue,7
86,89.0 to 89.75,8,"[2, 0, 0, 0, 1, 0, 0, 1, 0, 0, 0, 1]",7,cMajor,Piano Sonata K332 ii Bb major.mid by Mozart.csv,1783,Cmaj-root,C-EG,slateblue,2
87,90.0 to 90.875,4,"[1, 0, 0, 0, 1, 0, 0, 2, 1, 0, 0, 0]",7,cMajor,Piano Sonata K332 ii Bb major.mid by Mozart.csv,1783,Cmaj3rd5th,EG-C,mediumvioletred,8
88,91.0 to 91.875,9,"[0, 1, 0, 0, 0, 1, 0, 0, 0, 2, 1, 0]",2,c#Minor,Piano Sonata K332 ii Bb major.mid by Mozart.csv,1783,6-1ofC,A-CF,deepskyblue,7
89,92.0 to 92.875,19,"[0, 0, 2, 0, 1, 3, 0, 1, 0, 1, 0, 0]",3,fMinor,Piano Sonata K332 ii Bb major.mid by Mozart.csv,1783,4ofC,F-AC,cyan,1
90,93.0 to 93.875,3,"[0, 0, 0, 0, 1, 0, 0, 2, 0, 1, 0, 1]",1,gMinor,Piano Sonata K332 ii Bb major.mid by Mozart.csv,1783,Gmaj-root,G-BD,red,9
91,94.0 to 94.875,17,"[2, 0, 1, 0, 3, 1, 0, 1, 0, 0, 0, 0]",8,cMajor,Piano Sonata K332 ii Bb major.mid by Mozart.csv,1783,CmajTriad,CEG,blueviolet,5
92,95.0 to 95.75,6,"[0, 0, 2, 0, 0, 1, 1, 2, 0, 0, 0, 1]",9,gMajor,Piano Sonata K332 ii Bb major.mid by Mozart.csv,1783,GmajTriad,GBD,orange,13
93,96.0 to 96.75,17,"[2, 0, 0, 1, 2, 1, 0, 1, 0, 0, 0, 0]",8,cMajor,Piano Sonata K332 ii Bb major.mid by Mozart.csv,1783,CmajTriad,CEG,blueviolet,5
94,97.0 to 97.875,4,"[1, 0, 0, 0, 2, 1, 0, 1, 0, 0, 0, 0]",8,cMajor,Piano Sonata K332 ii Bb major.mid by Mozart.csv,1783,Cmaj3rd5th,EG-C,mediumvioletred,8
95,98.0 to 98.875,6,"[0, 0, 2, 0, 1, 1, 1, 2, 0, 0, 0, 1]",9,gMajor,Piano Sonata K332 ii Bb major.mid by Mozart.csv,1783,GmajTriad,GBD,orange,13
96,99.0 to 99.75,18,"[2, 0, 1, 1, 0, 0, 0, 1, 0, 0, 0, 1]",7,e-Minor,Piano Sonata K332 ii Bb major.mid by Mozart.csv,1783,V-IofC,D-GBC,crimson,11
97,100.0 to 100.75,2,"[1, 0, 1, 2, 0, 1, 0, 1, 0, 0, 0, 0]",4,e-Minor,Piano Sonata K332 ii Bb major.mid by Mozart.csv,1783,2/4ofCmaj,DF,green,4
98,101.0 to 101.75,11,"[0, 0, 1, 0, 0, 0, 1, 2, 0, 0, 1, 0]",1,b-Minor,Piano Sonata K332 ii Bb major.mid by Mozart.csv,1783,iv_ofDmin,GBb-C#D,yellow,0
99,102.0 to 102.75,0,"[0, 0, 2, 0, 0, 0, 0, 1, 0, 0, 1, 0]",9,b-Minor,Piano Sonata K332 ii Bb major.mid by Mozart.csv,1783,VofG,D-F#A,greenyellow,15
100,103.0 to 103.875,4,"[1, 0, 0, 0, 1, 1, 0, 1, 1, 0, 0, 0]",8,cMajor,Piano Sonata K332 ii Bb major.mid by Mozart.csv,1783,Cmaj3rd5th,EG-C,mediumvioletred,8
101,104.0 to 104.875,13,"[2, 1, 1, 1, 0, 2, 0, 1, 3, 1, 2, 2]",6,g#Minor,Piano Sonata K332 ii Bb major.mid by Mozart.csv,1783,Cmaj5-1tet,BC-AG,darkviolet,12
102,105.0 to 105.75,8,"[2, 0, 0, 0, 1, 0, 0, 1, 1, 0, 1, 0]",6,cMajor,Piano Sonata K332 ii Bb major.mid by Mozart.csv,1783,Cmaj-root,C-EG,slateblue,2
103,106.0 to 106.875,1,"[1, 0, 0, 1, 0, 0, 1, 2, 0, 0, 0, 0]",1,e-Minor,Piano Sonata K332 ii Bb major.mid by Mozart.csv,1783,Gmaj-IV/vii,F#G-ACE,salmon,16
104,107.0 to 107.875,9,"[1, 0, 1, 1, 0, 0, 0, 0, 0, 1, 0, 0]",4,dMajor,Piano Sonata K332 ii Bb major.mid by Mozart.csv,1783,6-1ofC,A-CF,deepskyblue,7
105,108.0 to 108.875,7,"[2, 0, 2, 1, 0, 0, 1, 1, 0, 2, 1, 0]",4,dMajor,Piano Sonata K332 ii Bb major.mid by Mozart.csv,1783,V7ofG,DF#AC,lime,18
106,109.0 to 109.75,11,"[0, 0, 0, 1, 0, 0, 1, 2, 0, 1, 1, 0]",1,e-Major,Piano Sonata K332 ii Bb major.mid by Mozart.csv,1783,iv_ofDmin,GBb-C#D,yellow,0
107,110.0 to 110.875,1,"[1, 0, 0, 2, 1, 1, 1, 1, 0, 1, 0, 0]",4,e-Minor,Piano Sonata K332 ii Bb major.mid by Mozart.csv,1783,Gmaj-IV/vii,F#G-ACE,salmon,16
108,111.0 to 111.75,0,"[1, 0, 2, 1, 0, 0, 0, 1, 0, 0, 1, 0]",4,b-Minor,Piano Sonata K332 ii Bb major.mid by Mozart.csv,1783,VofG,D-F#A,greenyellow,15
109,112.0 to 112.75,7,"[1, 0, 1, 0, 0, 0, 1, 1, 0, 2, 1, 0]",4,dMajor,Piano Sonata K332 ii Bb major.mid by Mozart.csv,1783,V7ofG,DF#AC,lime,18
110,113.0 to 113.875,3,"[0, 0, 0, 0, 0, 0, 0, 2, 0, 0, 0, 1]",1,gMajor,Piano Sonata K332 ii Bb major.mid by Mozart.csv,1783,Gmaj-root,G-BD,red,9
111,114.0 to 114.75,10,"[1, 0, 1, 0, 1, 1, 0, 1, 0, 0, 0, 0]",8,cMajor,Piano Sonata K332 ii Bb major.mid by Mozart.csv,1783,Cmaj2-5tet,DEFG,violet,6
112,115.0 to 115.75,5,"[0, 0, 1, 0, 0, 1, 0, 1, 0, 0, 0, 1]",9,gMajor,Piano Sonata K332 ii Bb major.mid by Mozart.csv,1783,Gmaj3rd5th,BD-G,gold,17
113,116.0 to 116.75,6,"[0, 0, 2, 0, 0, 1, 0, 2, 0, 0, 0, 2]",9,gMajor,Piano Sonata K332 ii Bb major.mid by Mozart.csv,1783,GmajTriad,GBD,orange,13
114,117.0 to 117.75,17,"[1, 0, 0, 0, 2, 0, 0, 2, 0, 0, 0, 0]",7,cMajor,Piano Sonata K332 ii Bb major.mid by Mozart.csv,1783,CmajTriad,CEG,blueviolet,5
115,118.0 to 118.75,10,"[1, 0, 1, 0, 1, 1, 0, 1, 0, 0, 0, 0]",8,cMajor,Piano Sonata K332 ii Bb major.mid by Mozart.csv,1783,Cmaj2-5tet,DEFG,violet,6
116,119.0 to 119.75,3,"[0, 0, 1, 0, 0, 1, 0, 2, 0, 0, 0, 1]",1,gMajor,Piano Sonata K332 ii Bb major.mid by Mozart.csv,1783,Gmaj-root,G-BD,red,9
117,120.0 to 120.875,6,"[1, 0, 2, 0, 1, 1, 0, 2, 0, 0, 0, 2]",9,gMajor,Piano Sonata K332 ii Bb major.mid by Mozart.csv,1783,GmajTriad,GBD,orange,13
118,121.0 to 121.5,4,"[1, 0, 0, 0, 2, 0, 0, 1, 0, 0, 0, 0]",7,cMajor,Piano Sonata K332 ii Bb major.mid by Mozart.csv,1783,Cmaj3rd5th,EG-C,mediumvioletred,8
119,122.0 to 122.75,12,"[2, 0, 2, 0, 2, 0, 0, 0, 2, 2, 0, 2]",5,eMajor,Piano Sonata K332 ii Bb major.mid by Mozart.csv,1783,AminTriad,ACE,steelblue,14
120,123.0 to 123.75,17,"[2, 0, 0, 0, 2, 2, 0, 2, 2, 2, 0, 2]",0,eMajor,Piano Sonata K332 ii Bb major.mid by Mozart.csv,1783,CmajTriad,CEG,blueviolet,5
121,124.0 to 124.75,10,"[0, 2, 2, 0, 2, 2, 0, 2, 0, 2, 0, 0]",3,aMajor,Piano Sonata K332 ii Bb major.mid by Mozart.csv,1783,Cmaj2-5tet,DEFG,violet,6
122,125.0 to 125.0,12,"[0, 2, 0, 0, 2, 0, 0, 1, 0, 2, 0, 0]",2,aMajor,Piano Sonata K332 ii Bb major.mid by Mozart.csv,1783,AminTriad,ACE,steelblue,14
123,126.0 to 126.875,10,"[0, 0, 1, 0, 1, 2, 0, 1, 0, 1, 0, 1]",3,fMinor,Piano Sonata K332 ii Bb major.mid by Mozart.csv,1783,Cmaj2-5tet,DEFG,violet,6
124,127.0 to 127.875,19,"[1, 1, 1, 0, 2, 2, 0, 1, 0, 2, 0, 0]",3,fMajor,Piano Sonata K332 ii Bb major.mid by Mozart.csv,1783,4ofC,F-AC,cyan,1
125,128.0 to 128.875,10,"[1, 0, 1, 0, 1, 1, 0, 1, 0, 0, 0, 1]",8,cMajor,Piano Sonata K332 ii Bb major.mid by Mozart.csv,1783,Cmaj2-5tet,DEFG,violet,6
126,129.0 to 129.75,17,"[2, 0, 1, 1, 2, 0, 0, 1, 0, 0, 0, 1]",7,cMajor,Piano Sonata K332 ii Bb major.mid by Mozart.csv,1783,CmajTriad,CEG,blueviolet,5
127,130.0 to 130.75,10,"[1, 0, 1, 0, 1, 1, 0, 1, 0, 0, 0, 0]",8,cMajor,Piano Sonata K332 ii Bb major.mid by Mozart.csv,1783,Cmaj2-5tet,DEFG,violet,6
128,131.0 to 131.75,3,"[0, 0, 1, 0, 0, 1, 0, 2, 0, 0, 0, 1]",1,gMajor,Piano Sonata K332 ii Bb major.mid by Mozart.csv,1783,Gmaj-root,G-BD,red,9
129,132.0 to 132.75,6,"[1, 0, 2, 0, 1, 1, 0, 2, 0, 0, 0, 2]",9,gMajor,Piano Sonata K332 ii Bb major.mid by Mozart.csv,1783,GmajTriad,GBD,orange,13
130,133.0 to 133.75,17,"[1, 0, 0, 0, 2, 0, 0, 2, 0, 0, 0, 0]",7,cMajor,Piano Sonata K332 ii Bb major.mid by Mozart.csv,1783,CmajTriad,CEG,blueviolet,5
131,134.0 to 134.75,10,"[1, 0, 1, 0, 1, 1, 0, 1, 0, 0, 0, 0]",8,cMajor,Piano Sonata K332 ii Bb major.mid by Mozart.csv,1783,Cmaj2-5tet,DEFG,violet,6
132,135.0 to 135.75,3,"[0, 0, 1, 0, 0, 1, 1, 2, 0, 0, 0, 1]",1,gMajor,Piano Sonata K332 ii Bb major.mid by Mozart.csv,1783,Gmaj-root,G-BD,red,9
133,136.0 to 136.875,6,"[1, 0, 2, 0, 1, 2, 0, 2, 0, 0, 0, 2]",9,gMajor,Piano Sonata K332 ii Bb major.mid by Mozart.csv,1783,GmajTriad,GBD,orange,13
134,137.0 to 137.75,8,"[2, 0, 0, 0, 1, 0, 1, 1, 0, 1, 0, 0]",7,cMajor,Piano Sonata K332 ii Bb major.mid by Mozart.csv,1783,Cmaj-root,C-EG,slateblue,2
135,138.0 to 138.875,12,"[2, 0, 2, 0, 2, 0, 0, 0, 2, 2, 0, 2]",5,eMajor,Piano Sonata K332 ii Bb major.mid by Mozart.csv,1783,AminTriad,ACE,steelblue,14
136,139.0 to 139.875,17,"[2, 0, 0, 0, 2, 2, 0, 2, 2, 2, 0, 2]",0,eMajor,Piano Sonata K332 ii Bb major.mid by Mozart.csv,1783,CmajTriad,CEG,blueviolet,5
137,140.0 to 140.875,10,"[0, 2, 2, 0, 2, 2, 0, 2, 1, 2, 0, 0]",3,aMajor,Piano Sonata K332 ii Bb major.mid by Mozart.csv,1783,Cmaj2-5tet,DEFG,violet,6
138,141.0 to 141.0,12,"[0, 2, 0, 0, 2, 0, 0, 1, 0, 2, 0, 0]",2,aMajor,Piano Sonata K332 ii Bb major.mid by Mozart.csv,1783,AminTriad,ACE,steelblue,14
139,142.0 to 142.875,10,"[0, 0, 1, 0, 1, 2, 0, 1, 0, 1, 0, 1]",3,fMinor,Piano Sonata K332 ii Bb major.mid by Mozart.csv,1783,Cmaj2-5tet,DEFG,violet,6
140,143.0 to 143.875,15,"[2, 0, 1, 0, 2, 2, 0, 1, 0, 2, 0, 0]",3,fMajor,Piano Sonata K332 ii Bb major.mid by Mozart.csv,1783,Cmaj1-4tet,C-DEF,blue,3
141,144.0 to 144.875,18,"[1, 0, 1, 0, 1, 0, 0, 1, 0, 0, 0, 1]",7,cMajor,Piano Sonata K332 ii Bb major.mid by Mozart.csv,1783,V-IofC,D-GBC,crimson,11
142,145.0 to 145.875,12,"[2, 0, 1, 0, 2, 0, 0, 0, 0, 1, 0, 1]",0,cMinor,Piano Sonata K332 ii Bb major.mid by Mozart.csv,1783,AminTriad,ACE,steelblue,14
143,146.0 to 146.875,2,"[1, 0, 2, 0, 0, 2, 0, 0, 0, 0, 0, 2]",9,b-Major,Piano Sonata K332 ii Bb major.mid by Mozart.csv,1783,2/4ofCmaj,DF,green,4
144,147.0 to 147.75,17,"[3, 0, 0, 0, 2, 0, 0, 2, 0, 0, 0, 0]",7,cMajor,Piano Sonata K332 ii Bb major.mid by Mozart.csv,1783,CmajTriad,CEG,blueviolet,5
145,148.0 to 148.875,12,"[2, 0, 0, 0, 1, 0, 0, 0, 1, 1, 2, 0]",6,cMinor,Piano Sonata K332 ii Bb major.mid by Mozart.csv,1783,AminTriad,ACE,steelblue,14
146,149.0 to 149.875,19,"[2, 0, 0, 0, 1, 2, 0, 0, 1, 2, 0, 0]",3,fMajor,Piano Sonata K332 ii Bb major.mid by Mozart.csv,1783,4ofC,F-AC,cyan,1
147,150.0 to 150.875,10,"[0, 1, 2, 0, 1, 2, 0, 1, 0, 1, 0, 0]",3,fMinor,Piano Sonata K332 ii Bb major.mid by Mozart.csv,1783,Cmaj2-5tet,DEFG,violet,6
148,151.0 to 151.75,4,"[1, 0, 0, 0, 1, 0, 0, 2, 0, 0, 0, 0]",7,cMajor,Piano Sonata K332 ii Bb major.mid by Mozart.csv,1783,Cmaj3rd5th,EG-C,mediumvioletred,8
149,152.0 to 152.875,17,"[2, 0, 0, 0, 2, 1, 0, 2, 0, 1, 0, 1]",0,cMajor,Piano Sonata K332 ii Bb major.mid by Mozart.csv,1783,CmajTriad,CEG,blueviolet,5
150,153.0 to 153.875,10,"[1, 0, 1, 0, 1, 1, 0, 1, 0, 0, 0, 1]",8,cMajor,Piano Sonata K332 ii Bb major.mid by Mozart.csv,1783,Cmaj2-5tet,DEFG,violet,6
151,154.0 to 154.875,10,"[1, 0, 1, 0, 1, 1, 0, 1, 0, 0, 0, 1]",8,cMajor,Piano Sonata K332 ii Bb major.mid by Mozart.csv,1783,Cmaj2-5tet,DEFG,violet,6
152,155.0 to 155.875,8,"[2, 0, 1, 0, 1, 0, 0, 1, 0, 0, 1, 0]",7,cMajor,Piano Sonata K332 ii Bb major.mid by Mozart.csv,1783,Cmaj-root,C-EG,slateblue,2
153,156.0 to 156.75,19,"[1, 0, 1, 0, 1, 2, 0, 1, 0, 1, 0, 0]",3,fMajor,Piano Sonata K332 ii Bb major.mid by Mozart.csv,1783,4ofC,F-AC,cyan,1
154,157.0 to 157.875,8,"[2, 0, 1, 0, 1, 0, 0, 1, 1, 0, 1, 0]",6,cMajor,Piano Sonata K332 ii Bb major.mid by Mozart.csv,1783,Cmaj-root,C-EG,slateblue,2
155,158.0 to 158.75,19,"[1, 0, 1, 0, 1, 2, 0, 1, 0, 1, 0, 0]",3,fMajor,Piano Sonata K332 ii Bb major.mid by Mozart.csv,1783,4ofC,F-AC,cyan,1
156,159.0 to 159.875,15,"[2, 0, 1, 0, 1, 2, 0, 1, 0, 1, 0, 0]",3,fMajor,Piano Sonata K332 ii Bb major.mid by Mozart.csv,1783,Cmaj1-4tet,C-DEF,blue,3
157,160.0 to 160.875,12,"[2, 0, 1, 0, 1, 1, 0, 1, 0, 2, 0, 1]",0,fMajor,Piano Sonata K332 ii Bb major.mid by Mozart.csv,1783,AminTriad,ACE,steelblue,14
158,161.0 to 161.0,15,"[2, 0, 1, 0, 0, 1, 0, 1, 0, 0, 0, 0]",8,cMajor,Piano Sonata K332 ii Bb major.mid by Mozart.csv,1783,Cmaj1-4tet,C-DEF,blue,3
159,162.0 to 162.0,8,"[3, 0, 0, 0, 1, 0, 0, 1, 0, 0, 0, 0]",7,cMajor,Piano Sonata K332 ii Bb major.mid by Mozart.csv,1783,Cmaj-root,C-EG,slateblue,2
