index,offsetRange,CentroidLabelIndex_entireUnits,"[C,C#,D,E-,E,F,F#,G,G#,A,B-,B]",CentroidLabelIndex_individualUnit,triadLabel,filename,year,chordName,pc-labels,color,newCentroidIndex
0,4.0 to 4.125,17,"[3, 0, 0, 0, 1, 0, 0, 2, 0, 0, 0, 0]",8,cMajor,Piano Sonata K311 i D major.mid by Mozart.csv,1777,CmajTriad,CEG,blueviolet,5
1,6.0 to 6.833333333,15,"[1, 0, 1, 0, 2, 1, 0, 0, 0, 0, 0, 0]",3,cMajor,Piano Sonata K311 i D major.mid by Mozart.csv,1777,Cmaj1-4tet,C-DEF,blue,3
2,7.0 to 7.75,10,"[1, 0, 1, 0, 2, 2, 0, 1, 0, 0, 0, 0]",3,cMajor,Piano Sonata K311 i D major.mid by Mozart.csv,1777,Cmaj2-5tet,DEFG,violet,6
3,8.0 to 8.25,10,"[0, 0, 1, 0, 1, 2, 0, 2, 0, 0, 0, 0]",4,cMajor,Piano Sonata K311 i D major.mid by Mozart.csv,1777,Cmaj2-5tet,DEFG,violet,6
4,10.0 to 10.5,16,"[0, 0, 0, 0, 0, 0, 0, 1, 0, 1, 0, 0]",1,cMajor,Piano Sonata K311 i D major.mid by Mozart.csv,1777,chr,FGAB,mediumpurple,10
5,11.0 to 11.5,13,"[1, 0, 0, 0, 0, 0, 0, 0, 0, 0, 0, 1]",1,gMajor,Piano Sonata K311 i D major.mid by Mozart.csv,1777,Cmaj5-1tet,BC-AG,darkviolet,12
6,12.0 to 12.875,4,"[1, 0, 0, 0, 1, 0, 0, 1, 0, 0, 0, 0]",1,cMajor,Piano Sonata K311 i D major.mid by Mozart.csv,1777,Cmaj3rd5th,EG-C,mediumvioletred,8
7,13.0 to 13.5,8,"[2, 0, 0, 0, 1, 0, 0, 1, 0, 0, 0, 0]",8,cMajor,Piano Sonata K311 i D major.mid by Mozart.csv,1777,Cmaj-root,C-EG,slateblue,2
8,14.0 to 14.875,10,"[1, 0, 1, 0, 1, 1, 0, 1, 0, 0, 0, 0]",4,cMajor,Piano Sonata K311 i D major.mid by Mozart.csv,1777,Cmaj2-5tet,DEFG,violet,6
9,15.0 to 15.5,3,"[0, 0, 0, 0, 0, 1, 0, 2, 0, 0, 0, 1]",5,gMajor,Piano Sonata K311 i D major.mid by Mozart.csv,1777,Gmaj-root,G-BD,red,9
10,16.0 to 16.5,8,"[2, 0, 0, 1, 1, 0, 0, 0, 0, 0, 0, 0]",2,cMinor,Piano Sonata K311 i D major.mid by Mozart.csv,1777,Cmaj-root,C-EG,slateblue,2
11,18.0 to 18.83333333,15,"[1, 0, 1, 0, 2, 1, 0, 0, 0, 0, 0, 0]",3,cMajor,Piano Sonata K311 i D major.mid by Mozart.csv,1777,Cmaj1-4tet,C-DEF,blue,3
12,19.0 to 19.75,10,"[1, 0, 1, 0, 2, 2, 0, 1, 0, 0, 0, 0]",3,cMajor,Piano Sonata K311 i D major.mid by Mozart.csv,1777,Cmaj2-5tet,DEFG,violet,6
13,20.0 to 20.25,10,"[0, 0, 0, 0, 1, 1, 0, 2, 0, 0, 0, 0]",5,gMinor,Piano Sonata K311 i D major.mid by Mozart.csv,1777,Cmaj2-5tet,DEFG,violet,6
14,22.0 to 22.5,16,"[0, 0, 0, 0, 0, 0, 0, 1, 0, 1, 0, 0]",1,cMajor,Piano Sonata K311 i D major.mid by Mozart.csv,1777,chr,FGAB,mediumpurple,10
15,23.0 to 23.5,13,"[1, 0, 0, 0, 0, 0, 0, 0, 0, 0, 0, 1]",1,gMajor,Piano Sonata K311 i D major.mid by Mozart.csv,1777,Cmaj5-1tet,BC-AG,darkviolet,12
16,24.0 to 24.625,4,"[1, 0, 0, 0, 1, 0, 0, 1, 0, 0, 0, 0]",1,cMajor,Piano Sonata K311 i D major.mid by Mozart.csv,1777,Cmaj3rd5th,EG-C,mediumvioletred,8
17,25.0 to 25.5,8,"[2, 0, 0, 0, 1, 0, 0, 0, 0, 0, 0, 0]",2,cMajor,Piano Sonata K311 i D major.mid by Mozart.csv,1777,Cmaj-root,C-EG,slateblue,2
18,26.0 to 26.75,10,"[1, 0, 1, 0, 1, 1, 0, 1, 0, 0, 0, 0]",4,cMajor,Piano Sonata K311 i D major.mid by Mozart.csv,1777,Cmaj2-5tet,DEFG,violet,6
19,27.0 to 27.75,10,"[0, 0, 1, 0, 1, 1, 0, 2, 0, 0, 0, 1]",9,gMajor,Piano Sonata K311 i D major.mid by Mozart.csv,1777,Cmaj2-5tet,DEFG,violet,6
20,28.0 to 28.625,8,"[2, 0, 1, 0, 1, 0, 0, 0, 0, 0, 0, 0]",2,cMinor,Piano Sonata K311 i D major.mid by Mozart.csv,1777,Cmaj-root,C-EG,slateblue,2
21,29.0 to 29.625,4,"[1, 0, 0, 0, 1, 0, 0, 1, 0, 0, 0, 0]",1,cMajor,Piano Sonata K311 i D major.mid by Mozart.csv,1777,Cmaj3rd5th,EG-C,mediumvioletred,8
22,30.0 to 30.875,14,"[1, 0, 0, 0, 2, 1, 0, 0, 0, 0, 0, 0]",3,cMajor,Piano Sonata K311 i D major.mid by Mozart.csv,1777,VofAmin,E-BCD,indigo,19
23,31.0 to 31.875,15,"[2, 0, 1, 0, 2, 1, 0, 0, 0, 0, 0, 0]",3,cMajor,Piano Sonata K311 i D major.mid by Mozart.csv,1777,Cmaj1-4tet,C-DEF,blue,3
24,32.0 to 32.5,2,"[0, 0, 1, 0, 1, 1, 0, 0, 0, 0, 0, 1]",4,gMajor,Piano Sonata K311 i D major.mid by Mozart.csv,1777,2/4ofCmaj,DF,green,4
25,33.0 to 33.625,2,"[0, 0, 1, 0, 0, 1, 0, 1, 0, 0, 0, 0]",4,gMajor,Piano Sonata K311 i D major.mid by Mozart.csv,1777,2/4ofCmaj,DF,green,4
26,34.0 to 34.75,2,"[0, 0, 2, 0, 1, 1, 0, 0, 0, 0, 0, 0]",4,b-Major,Piano Sonata K311 i D major.mid by Mozart.csv,1777,2/4ofCmaj,DF,green,4
27,35.0 to 35.75,12,"[1, 0, 1, 0, 1, 0, 0, 0, 0, 1, 0, 1]",2,cMinor,Piano Sonata K311 i D major.mid by Mozart.csv,1777,AminTriad,ACE,steelblue,14
28,36.0 to 36.625,5,"[0, 0, 1, 0, 0, 0, 0, 1, 0, 1, 0, 1]",0,gMajor,Piano Sonata K311 i D major.mid by Mozart.csv,1777,Gmaj3rd5th,BD-G,gold,17
29,37.0 to 37.66666667,3,"[0, 0, 0, 0, 0, 0, 0, 2, 0, 0, 0, 1]",5,gMajor,Piano Sonata K311 i D major.mid by Mozart.csv,1777,Gmaj-root,G-BD,red,9
30,38.0 to 38.875,3,"[0, 0, 0, 0, 0, 1, 0, 2, 0, 0, 0, 1]",5,gMajor,Piano Sonata K311 i D major.mid by Mozart.csv,1777,Gmaj-root,G-BD,red,9
31,39.0 to 39.75,10,"[0, 0, 1, 0, 1, 2, 0, 1, 0, 0, 0, 1]",4,gMajor,Piano Sonata K311 i D major.mid by Mozart.csv,1777,Cmaj2-5tet,DEFG,violet,6
32,40.0 to 40.625,8,"[2, 0, 0, 0, 1, 0, 0, 0, 0, 0, 0, 0]",2,cMajor,Piano Sonata K311 i D major.mid by Mozart.csv,1777,Cmaj-root,C-EG,slateblue,2
33,41.0 to 41.625,4,"[1, 0, 0, 0, 1, 0, 0, 1, 0, 0, 0, 0]",1,cMajor,Piano Sonata K311 i D major.mid by Mozart.csv,1777,Cmaj3rd5th,EG-C,mediumvioletred,8
34,42.0 to 42.875,14,"[1, 0, 1, 0, 2, 0, 0, 0, 0, 0, 0, 0]",3,cMajor,Piano Sonata K311 i D major.mid by Mozart.csv,1777,VofAmin,E-BCD,indigo,19
35,43.0 to 43.75,16,"[0, 0, 0, 0, 0, 1, 0, 1, 0, 1, 0, 1]",5,fMajor,Piano Sonata K311 i D major.mid by Mozart.csv,1777,chr,FGAB,mediumpurple,10
36,44.0 to 44.83333333,8,"[2, 0, 1, 0, 1, 0, 0, 0, 0, 0, 0, 0]",2,cMinor,Piano Sonata K311 i D major.mid by Mozart.csv,1777,Cmaj-root,C-EG,slateblue,2
37,45.0 to 45.75,16,"[0, 0, 0, 0, 0, 1, 0, 1, 0, 1, 0, 1]",5,fMajor,Piano Sonata K311 i D major.mid by Mozart.csv,1777,chr,FGAB,mediumpurple,10
38,46.0 to 46.83333333,4,"[1, 0, 0, 0, 1, 0, 0, 2, 0, 1, 0, 1]",5,cMajor,Piano Sonata K311 i D major.mid by Mozart.csv,1777,Cmaj3rd5th,EG-C,mediumvioletred,8
39,47.0 to 47.75,10,"[1, 0, 1, 0, 2, 1, 0, 2, 0, 0, 0, 0]",8,cMajor,Piano Sonata K311 i D major.mid by Mozart.csv,1777,Cmaj2-5tet,DEFG,violet,6
40,48.0 to 48.75,15,"[1, 1, 1, 0, 1, 1, 0, 0, 0, 1, 0, 0]",4,fMajor,Piano Sonata K311 i D major.mid by Mozart.csv,1777,Cmaj1-4tet,C-DEF,blue,3
41,49.0 to 49.83333333,10,"[0, 0, 1, 0, 1, 1, 0, 1, 0, 0, 0, 0]",4,cMajor,Piano Sonata K311 i D major.mid by Mozart.csv,1777,Cmaj2-5tet,DEFG,violet,6
42,50.0 to 50.83333333,19,"[0, 0, 0, 0, 1, 2, 0, 1, 0, 2, 0, 0]",6,fMajor,Piano Sonata K311 i D major.mid by Mozart.csv,1777,4ofC,F-AC,cyan,1
43,51.0 to 51.83333333,7,"[1, 0, 1, 0, 0, 1, 1, 0, 0, 2, 0, 1]",7,fMajor,Piano Sonata K311 i D major.mid by Mozart.csv,1777,V7ofG,DF#AC,lime,18
44,52.0 to 52.83333333,3,"[1, 0, 0, 0, 0, 1, 0, 2, 0, 1, 0, 1]",5,cMajor,Piano Sonata K311 i D major.mid by Mozart.csv,1777,Gmaj-root,G-BD,red,9
45,53.0 to 53.5,8,"[2, 0, 0, 0, 1, 0, 0, 1, 0, 0, 0, 0]",8,cMajor,Piano Sonata K311 i D major.mid by Mozart.csv,1777,Cmaj-root,C-EG,slateblue,2
46,54.0 to 54.75,3,"[0, 0, 1, 0, 0, 1, 0, 2, 0, 0, 0, 1]",9,gMajor,Piano Sonata K311 i D major.mid by Mozart.csv,1777,Gmaj-root,G-BD,red,9
47,55.0 to 55.75,15,"[2, 0, 1, 0, 2, 1, 0, 0, 0, 0, 0, 0]",3,cMajor,Piano Sonata K311 i D major.mid by Mozart.csv,1777,Cmaj1-4tet,C-DEF,blue,3
48,56.0 to 56.75,3,"[1, 0, 0, 0, 0, 1, 0, 2, 0, 0, 0, 1]",5,cMajor,Piano Sonata K311 i D major.mid by Mozart.csv,1777,Gmaj-root,G-BD,red,9
49,57.0 to 57.5,8,"[2, 0, 0, 0, 1, 0, 0, 1, 0, 0, 0, 0]",8,cMajor,Piano Sonata K311 i D major.mid by Mozart.csv,1777,Cmaj-root,C-EG,slateblue,2
50,58.0 to 58.75,3,"[0, 0, 1, 0, 0, 1, 0, 2, 0, 0, 0, 1]",9,gMajor,Piano Sonata K311 i D major.mid by Mozart.csv,1777,Gmaj-root,G-BD,red,9
51,59.0 to 59.75,15,"[2, 0, 1, 0, 2, 1, 0, 0, 0, 0, 0, 0]",3,cMajor,Piano Sonata K311 i D major.mid by Mozart.csv,1777,Cmaj1-4tet,C-DEF,blue,3
52,60.0 to 60.75,6,"[1, 0, 2, 0, 0, 0, 0, 3, 0, 0, 0, 1]",9,gMajor,Piano Sonata K311 i D major.mid by Mozart.csv,1777,GmajTriad,GBD,orange,13
53,61.0 to 61.83333333,17,"[2, 0, 0, 0, 2, 0, 0, 3, 0, 0, 0, 0]",8,cMajor,Piano Sonata K311 i D major.mid by Mozart.csv,1777,CmajTriad,CEG,blueviolet,5
54,62.0 to 62.875,6,"[0, 0, 2, 0, 0, 0, 0, 3, 0, 0, 0, 1]",9,gMajor,Piano Sonata K311 i D major.mid by Mozart.csv,1777,GmajTriad,GBD,orange,13
55,63.0 to 63.75,17,"[2, 0, 0, 0, 2, 0, 0, 2, 0, 0, 0, 0]",8,cMajor,Piano Sonata K311 i D major.mid by Mozart.csv,1777,CmajTriad,CEG,blueviolet,5
56,64.0 to 64.625,6,"[0, 0, 2, 0, 0, 0, 0, 3, 0, 0, 0, 2]",9,gMajor,Piano Sonata K311 i D major.mid by Mozart.csv,1777,GmajTriad,GBD,orange,13
57,65.125 to 65.66666667,6,"[0, 0, 2, 0, 0, 0, 0, 3, 0, 0, 0, 2]",9,gMajor,Piano Sonata K311 i D major.mid by Mozart.csv,1777,GmajTriad,GBD,orange,13
58,66.25 to 66.875,6,"[1, 0, 2, 0, 0, 0, 0, 3, 0, 0, 0, 2]",9,gMajor,Piano Sonata K311 i D major.mid by Mozart.csv,1777,GmajTriad,GBD,orange,13
59,67.0 to 67.83333333,13,"[1, 0, 0, 0, 0, 0, 0, 0, 0, 1, 0, 1]",2,fMajor,Piano Sonata K311 i D major.mid by Mozart.csv,1777,Cmaj5-1tet,BC-AG,darkviolet,12
60,68.0 to 68.625,5,"[0, 1, 1, 0, 0, 0, 0, 1, 0, 0, 0, 1]",0,gMajor,Piano Sonata K311 i D major.mid by Mozart.csv,1777,Gmaj3rd5th,BD-G,gold,17
61,69.0 to 69.625,9,"[1, 0, 1, 0, 0, 0, 0, 0, 0, 1, 0, 0]",7,dMajor,Piano Sonata K311 i D major.mid by Mozart.csv,1777,6-1ofC,A-CF,deepskyblue,7
62,70.0 to 70.625,5,"[0, 0, 1, 0, 0, 0, 1, 1, 0, 0, 0, 1]",0,gMajor,Piano Sonata K311 i D major.mid by Mozart.csv,1777,Gmaj3rd5th,BD-G,gold,17
63,71.0 to 71.625,5,"[0, 0, 2, 0, 1, 0, 1, 1, 0, 0, 0, 1]",0,gMajor,Piano Sonata K311 i D major.mid by Mozart.csv,1777,Gmaj3rd5th,BD-G,gold,17
64,72.0 to 72.625,12,"[1, 0, 0, 0, 1, 0, 0, 0, 0, 1, 0, 1]",2,cMinor,Piano Sonata K311 i D major.mid by Mozart.csv,1777,AminTriad,ACE,steelblue,14
65,73.0 to 73.625,8,"[2, 0, 0, 0, 0, 0, 0, 0, 0, 1, 0, 0]",2,fMajor,Piano Sonata K311 i D major.mid by Mozart.csv,1777,Cmaj-root,C-EG,slateblue,2
66,74.0 to 74.66666667,7,"[1, 0, 1, 0, 0, 0, 1, 0, 0, 1, 0, 0]",7,dMajor,Piano Sonata K311 i D major.mid by Mozart.csv,1777,V7ofG,DF#AC,lime,18
67,75.0 to 75.5,13,"[1, 0, 1, 0, 0, 0, 0, 0, 0, 1, 0, 1]",7,gMajor,Piano Sonata K311 i D major.mid by Mozart.csv,1777,Cmaj5-1tet,BC-AG,darkviolet,12
68,76.0 to 76.75,18,"[1, 0, 1, 0, 0, 0, 1, 1, 0, 0, 0, 1]",7,gMajor,Piano Sonata K311 i D major.mid by Mozart.csv,1777,V-IofC,D-GBC,crimson,11
69,77.0 to 77.625,0,"[0, 0, 1, 0, 0, 0, 1, 0, 0, 1, 0, 0]",7,dMajor,Piano Sonata K311 i D major.mid by Mozart.csv,1777,VofG,D-F#A,greenyellow,15
70,78.0 to 78.75,5,"[0, 0, 1, 0, 0, 0, 0, 1, 0, 0, 1, 1]",0,b-Minor,Piano Sonata K311 i D major.mid by Mozart.csv,1777,Gmaj3rd5th,BD-G,gold,17
71,79.0 to 79.75,4,"[1, 0, 1, 0, 1, 0, 0, 1, 0, 0, 0, 0]",1,cMajor,Piano Sonata K311 i D major.mid by Mozart.csv,1777,Cmaj3rd5th,EG-C,mediumvioletred,8
72,80.0 to 80.5,5,"[0, 0, 1, 0, 0, 0, 0, 1, 0, 0, 0, 1]",0,gMajor,Piano Sonata K311 i D major.mid by Mozart.csv,1777,Gmaj3rd5th,BD-G,gold,17
73,81.0 to 81.83333333,18,"[1, 0, 1, 0, 0, 0, 0, 1, 0, 0, 0, 2]",0,gMajor,Piano Sonata K311 i D major.mid by Mozart.csv,1777,V-IofC,D-GBC,crimson,11
74,82.0 to 82.5,7,"[0, 0, 1, 0, 0, 0, 1, 0, 0, 1, 0, 1]",7,dMajor,Piano Sonata K311 i D major.mid by Mozart.csv,1777,V7ofG,DF#AC,lime,18
75,83.0 to 83.5,16,"[1, 1, 0, 0, 0, 0, 0, 0, 0, 0, 0, 0]",1,cMajor,Piano Sonata K311 i D major.mid by Mozart.csv,1777,chr,FGAB,mediumpurple,10
76,84.0 to 84.75,5,"[0, 1, 1, 0, 0, 0, 0, 1, 0, 0, 0, 1]",0,gMajor,Piano Sonata K311 i D major.mid by Mozart.csv,1777,Gmaj3rd5th,BD-G,gold,17
77,85.0 to 85.875,12,"[1, 1, 1, 0, 1, 0, 0, 0, 0, 1, 0, 0]",2,aMajor,Piano Sonata K311 i D major.mid by Mozart.csv,1777,AminTriad,ACE,steelblue,14
78,86.0 to 86.625,5,"[0, 0, 2, 0, 0, 0, 1, 1, 0, 0, 0, 1]",0,gMajor,Piano Sonata K311 i D major.mid by Mozart.csv,1777,Gmaj3rd5th,BD-G,gold,17
79,87.0 to 87.875,5,"[0, 0, 2, 0, 1, 0, 1, 1, 0, 0, 0, 1]",0,gMajor,Piano Sonata K311 i D major.mid by Mozart.csv,1777,Gmaj3rd5th,BD-G,gold,17
80,88.0 to 88.83333333,12,"[1, 0, 0, 0, 1, 0, 0, 0, 0, 1, 0, 1]",2,cMinor,Piano Sonata K311 i D major.mid by Mozart.csv,1777,AminTriad,ACE,steelblue,14
81,89.0 to 89.875,12,"[2, 0, 1, 0, 1, 0, 0, 0, 0, 1, 0, 1]",2,cMinor,Piano Sonata K311 i D major.mid by Mozart.csv,1777,AminTriad,ACE,steelblue,14
82,90.0 to 90.625,7,"[1, 0, 1, 0, 0, 0, 1, 0, 0, 1, 0, 0]",7,dMajor,Piano Sonata K311 i D major.mid by Mozart.csv,1777,V7ofG,DF#AC,lime,18
83,91.0 to 91.75,7,"[0, 0, 1, 0, 0, 0, 1, 0, 0, 2, 0, 1]",7,dMajor,Piano Sonata K311 i D major.mid by Mozart.csv,1777,V7ofG,DF#AC,lime,18
84,92.0 to 92.75,3,"[0, 0, 0, 0, 0, 0, 0, 2, 0, 0, 0, 1]",5,gMajor,Piano Sonata K311 i D major.mid by Mozart.csv,1777,Gmaj-root,G-BD,red,9
85,93.0 to 93.875,12,"[2, 0, 0, 0, 1, 0, 0, 0, 0, 1, 0, 0]",2,cMinor,Piano Sonata K311 i D major.mid by Mozart.csv,1777,AminTriad,ACE,steelblue,14
86,94.0 to 94.875,5,"[0, 0, 1, 0, 0, 0, 1, 1, 0, 0, 0, 1]",0,gMajor,Piano Sonata K311 i D major.mid by Mozart.csv,1777,Gmaj3rd5th,BD-G,gold,17
87,95.0 to 95.875,5,"[0, 0, 1, 0, 1, 0, 1, 1, 0, 1, 0, 1]",7,dMajor,Piano Sonata K311 i D major.mid by Mozart.csv,1777,Gmaj3rd5th,BD-G,gold,17
88,96.0 to 96.75,3,"[0, 1, 1, 0, 0, 0, 0, 2, 0, 0, 0, 0]",0,gMajor,Piano Sonata K311 i D major.mid by Mozart.csv,1777,Gmaj-root,G-BD,red,9
89,97.0 to 97.83333333,10,"[0, 1, 1, 0, 1, 0, 0, 1, 0, 0, 0, 0]",0,cMajor,Piano Sonata K311 i D major.mid by Mozart.csv,1777,Cmaj2-5tet,DEFG,violet,6
90,98.0 to 98.83333333,9,"[1, 0, 1, 0, 0, 0, 0, 1, 0, 1, 0, 0]",7,dMajor,Piano Sonata K311 i D major.mid by Mozart.csv,1777,6-1ofC,A-CF,deepskyblue,7
91,99.0 to 99.83333333,0,"[1, 0, 2, 0, 0, 0, 1, 0, 0, 0, 0, 0]",7,dMajor,Piano Sonata K311 i D major.mid by Mozart.csv,1777,VofG,D-F#A,greenyellow,15
92,100.0 to 100.75,5,"[0, 1, 1, 0, 0, 0, 0, 1, 0, 0, 0, 1]",0,gMajor,Piano Sonata K311 i D major.mid by Mozart.csv,1777,Gmaj3rd5th,BD-G,gold,17
93,101.0 to 101.8333333,10,"[0, 1, 1, 0, 1, 0, 0, 1, 0, 0, 0, 0]",0,cMajor,Piano Sonata K311 i D major.mid by Mozart.csv,1777,Cmaj2-5tet,DEFG,violet,6
94,102.0 to 102.75,9,"[1, 0, 1, 0, 0, 0, 0, 1, 0, 1, 0, 0]",7,dMajor,Piano Sonata K311 i D major.mid by Mozart.csv,1777,6-1ofC,A-CF,deepskyblue,7
95,103.0 to 103.75,0,"[1, 0, 2, 0, 0, 0, 1, 0, 0, 0, 0, 0]",7,dMajor,Piano Sonata K311 i D major.mid by Mozart.csv,1777,VofG,D-F#A,greenyellow,15
96,104.0 to 104.75,5,"[0, 1, 2, 0, 0, 0, 0, 1, 0, 0, 0, 1]",0,gMajor,Piano Sonata K311 i D major.mid by Mozart.csv,1777,Gmaj3rd5th,BD-G,gold,17
97,105.0 to 105.8333333,10,"[0, 1, 1, 0, 1, 0, 0, 1, 0, 0, 0, 0]",0,cMajor,Piano Sonata K311 i D major.mid by Mozart.csv,1777,Cmaj2-5tet,DEFG,violet,6
98,106.0 to 106.75,9,"[1, 0, 1, 0, 0, 0, 0, 1, 0, 1, 0, 0]",7,dMajor,Piano Sonata K311 i D major.mid by Mozart.csv,1777,6-1ofC,A-CF,deepskyblue,7
99,107.0 to 107.75,0,"[1, 0, 2, 0, 0, 0, 1, 0, 0, 0, 0, 0]",7,dMajor,Piano Sonata K311 i D major.mid by Mozart.csv,1777,VofG,D-F#A,greenyellow,15
100,108.0 to 108.75,5,"[0, 1, 1, 0, 0, 0, 0, 1, 0, 0, 0, 1]",0,gMajor,Piano Sonata K311 i D major.mid by Mozart.csv,1777,Gmaj3rd5th,BD-G,gold,17
101,109.0 to 109.8333333,10,"[0, 1, 1, 0, 1, 0, 0, 1, 0, 0, 0, 0]",0,cMajor,Piano Sonata K311 i D major.mid by Mozart.csv,1777,Cmaj2-5tet,DEFG,violet,6
102,110.0 to 110.75,9,"[1, 0, 1, 0, 0, 0, 0, 1, 0, 1, 0, 0]",7,dMajor,Piano Sonata K311 i D major.mid by Mozart.csv,1777,6-1ofC,A-CF,deepskyblue,7
103,111.0 to 111.75,0,"[1, 0, 2, 0, 0, 0, 1, 0, 0, 0, 0, 0]",7,dMajor,Piano Sonata K311 i D major.mid by Mozart.csv,1777,VofG,D-F#A,greenyellow,15
104,112.0 to 112.3333333,5,"[0, 0, 1, 0, 0, 0, 0, 1, 0, 0, 0, 1]",0,gMajor,Piano Sonata K311 i D major.mid by Mozart.csv,1777,Gmaj3rd5th,BD-G,gold,17
105,113.0 to 113.75,5,"[0, 0, 1, 0, 0, 0, 0, 1, 0, 0, 0, 1]",0,gMajor,Piano Sonata K311 i D major.mid by Mozart.csv,1777,Gmaj3rd5th,BD-G,gold,17
106,114.0 to 114.75,9,"[1, 0, 0, 0, 0, 0, 0, 1, 0, 1, 0, 0]",1,cMajor,Piano Sonata K311 i D major.mid by Mozart.csv,1777,6-1ofC,A-CF,deepskyblue,7
107,115.0 to 115.75,3,"[0, 0, 0, 0, 0, 0, 0, 2, 0, 0, 0, 1]",5,gMajor,Piano Sonata K311 i D major.mid by Mozart.csv,1777,Gmaj-root,G-BD,red,9
108,116.0 to 116.875,1,"[1, 0, 1, 0, 1, 0, 2, 1, 0, 0, 0, 0]",7,cMajor,Piano Sonata K311 i D major.mid by Mozart.csv,1777,Gmaj-IV/vii,F#G-ACE,salmon,16
109,117.0 to 117.8333333,1,"[1, 0, 1, 0, 1, 0, 2, 1, 0, 0, 0, 0]",7,cMajor,Piano Sonata K311 i D major.mid by Mozart.csv,1777,Gmaj-IV/vii,F#G-ACE,salmon,16
110,118.0 to 118.8333333,1,"[1, 0, 0, 0, 0, 0, 1, 2, 0, 1, 0, 0]",1,e-Minor,Piano Sonata K311 i D major.mid by Mozart.csv,1777,Gmaj-IV/vii,F#G-ACE,salmon,16
111,119.0 to 119.8333333,1,"[1, 0, 0, 0, 1, 0, 2, 1, 0, 0, 0, 0]",1,cMajor,Piano Sonata K311 i D major.mid by Mozart.csv,1777,Gmaj-IV/vii,F#G-ACE,salmon,16
112,120.0 to 120.8333333,5,"[0, 0, 1, 0, 0, 0, 1, 1, 0, 0, 0, 1]",0,gMajor,Piano Sonata K311 i D major.mid by Mozart.csv,1777,Gmaj3rd5th,BD-G,gold,17
113,121.0 to 121.75,5,"[0, 0, 1, 0, 0, 0, 0, 1, 0, 0, 0, 1]",0,gMajor,Piano Sonata K311 i D major.mid by Mozart.csv,1777,Gmaj3rd5th,BD-G,gold,17
114,122.0 to 122.75,9,"[1, 0, 0, 0, 0, 0, 0, 1, 0, 1, 0, 0]",1,cMajor,Piano Sonata K311 i D major.mid by Mozart.csv,1777,6-1ofC,A-CF,deepskyblue,7
115,123.0 to 123.875,3,"[0, 0, 0, 0, 0, 0, 0, 2, 0, 0, 0, 1]",5,gMajor,Piano Sonata K311 i D major.mid by Mozart.csv,1777,Gmaj-root,G-BD,red,9
116,124.0 to 124.875,12,"[1, 0, 0, 0, 2, 0, 0, 0, 0, 2, 0, 0]",2,cMinor,Piano Sonata K311 i D major.mid by Mozart.csv,1777,AminTriad,ACE,steelblue,14
117,125.0 to 125.875,12,"[2, 0, 1, 0, 2, 0, 0, 0, 0, 2, 0, 1]",2,cMinor,Piano Sonata K311 i D major.mid by Mozart.csv,1777,AminTriad,ACE,steelblue,14
118,126.0 to 126.75,3,"[0, 0, 1, 0, 0, 0, 0, 2, 0, 1, 0, 1]",9,gMajor,Piano Sonata K311 i D major.mid by Mozart.csv,1777,Gmaj-root,G-BD,red,9
119,127.0 to 127.875,7,"[1, 0, 1, 0, 0, 0, 1, 1, 0, 1, 0, 1]",7,dMajor,Piano Sonata K311 i D major.mid by Mozart.csv,1777,V7ofG,DF#AC,lime,18
120,128.0 to 128.6666667,3,"[0, 0, 1, 0, 0, 0, 0, 2, 0, 0, 0, 1]",9,gMajor,Piano Sonata K311 i D major.mid by Mozart.csv,1777,Gmaj-root,G-BD,red,9
121,129.0 to 129.9166667,5,"[0, 0, 1, 0, 0, 0, 0, 1, 0, 0, 0, 1]",0,gMajor,Piano Sonata K311 i D major.mid by Mozart.csv,1777,Gmaj3rd5th,BD-G,gold,17
122,130.0 to 130.75,9,"[1, 0, 0, 0, 0, 0, 0, 1, 0, 1, 0, 0]",1,cMajor,Piano Sonata K311 i D major.mid by Mozart.csv,1777,6-1ofC,A-CF,deepskyblue,7
123,131.0 to 131.75,3,"[0, 0, 0, 0, 0, 0, 0, 2, 0, 0, 0, 1]",5,gMajor,Piano Sonata K311 i D major.mid by Mozart.csv,1777,Gmaj-root,G-BD,red,9
124,132.0 to 132.875,1,"[1, 0, 1, 0, 1, 0, 2, 1, 0, 0, 0, 0]",7,cMajor,Piano Sonata K311 i D major.mid by Mozart.csv,1777,Gmaj-IV/vii,F#G-ACE,salmon,16
125,133.0 to 133.8333333,1,"[1, 0, 1, 0, 1, 0, 2, 1, 0, 0, 0, 0]",7,cMajor,Piano Sonata K311 i D major.mid by Mozart.csv,1777,Gmaj-IV/vii,F#G-ACE,salmon,16
126,134.0 to 134.75,1,"[1, 0, 0, 0, 0, 0, 1, 2, 0, 1, 0, 0]",1,e-Minor,Piano Sonata K311 i D major.mid by Mozart.csv,1777,Gmaj-IV/vii,F#G-ACE,salmon,16
127,135.0 to 135.83333330000002,1,"[1, 0, 0, 0, 1, 0, 2, 1, 0, 0, 0, 0]",1,cMajor,Piano Sonata K311 i D major.mid by Mozart.csv,1777,Gmaj-IV/vii,F#G-ACE,salmon,16
128,136.0 to 136.83333330000002,5,"[0, 0, 1, 0, 0, 0, 1, 1, 0, 0, 0, 1]",0,gMajor,Piano Sonata K311 i D major.mid by Mozart.csv,1777,Gmaj3rd5th,BD-G,gold,17
129,137.0 to 137.75,5,"[0, 0, 1, 0, 0, 0, 0, 1, 0, 0, 0, 1]",0,gMajor,Piano Sonata K311 i D major.mid by Mozart.csv,1777,Gmaj3rd5th,BD-G,gold,17
130,138.0 to 138.75,9,"[1, 0, 0, 0, 0, 0, 0, 1, 0, 1, 0, 0]",1,cMajor,Piano Sonata K311 i D major.mid by Mozart.csv,1777,6-1ofC,A-CF,deepskyblue,7
131,139.0 to 139.875,3,"[0, 0, 0, 0, 0, 0, 0, 2, 0, 0, 0, 1]",5,gMajor,Piano Sonata K311 i D major.mid by Mozart.csv,1777,Gmaj-root,G-BD,red,9
132,140.0 to 140.75,12,"[1, 0, 0, 0, 2, 0, 0, 0, 0, 2, 0, 0]",2,cMinor,Piano Sonata K311 i D major.mid by Mozart.csv,1777,AminTriad,ACE,steelblue,14
133,141.0 to 141.83333330000005,12,"[2, 0, 1, 0, 2, 0, 0, 0, 0, 2, 0, 1]",2,cMinor,Piano Sonata K311 i D major.mid by Mozart.csv,1777,AminTriad,ACE,steelblue,14
134,142.0 to 142.875,3,"[0, 0, 1, 0, 0, 0, 0, 2, 0, 2, 0, 1]",9,gMajor,Piano Sonata K311 i D major.mid by Mozart.csv,1777,Gmaj-root,G-BD,red,9
135,143.0 to 143.875,7,"[1, 0, 1, 0, 0, 0, 1, 1, 0, 1, 0, 1]",7,dMajor,Piano Sonata K311 i D major.mid by Mozart.csv,1777,V7ofG,DF#AC,lime,18
136,144.0 to 144.875,6,"[0, 0, 1, 0, 0, 0, 0, 2, 0, 1, 0, 2]",9,gMajor,Piano Sonata K311 i D major.mid by Mozart.csv,1777,GmajTriad,GBD,orange,13
137,145.0 to 145.875,7,"[1, 0, 2, 0, 0, 0, 1, 0, 0, 2, 0, 1]",7,dMajor,Piano Sonata K311 i D major.mid by Mozart.csv,1777,V7ofG,DF#AC,lime,18
138,146.0 to 146.83333330000005,6,"[0, 0, 1, 0, 0, 0, 0, 2, 0, 0, 0, 2]",9,gMajor,Piano Sonata K311 i D major.mid by Mozart.csv,1777,GmajTriad,GBD,orange,13
139,147.0 to 147.83333330000005,7,"[1, 0, 2, 0, 0, 0, 1, 0, 0, 2, 0, 1]",7,dMajor,Piano Sonata K311 i D major.mid by Mozart.csv,1777,V7ofG,DF#AC,lime,18
140,148.0 to 148.08333330000005,3,"[0, 0, 0, 0, 0, 0, 0, 2, 0, 1, 0, 1]",5,gMajor,Piano Sonata K311 i D major.mid by Mozart.csv,1777,Gmaj-root,G-BD,red,9
141,149.0 to 149.25,9,"[1, 0, 0, 2, 0, 0, 1, 0, 0, 1, 0, 0]",1,g#Major,Piano Sonata K311 i D major.mid by Mozart.csv,1777,6-1ofC,A-CF,deepskyblue,7
142,150.125 to 150.79166669999995,4,"[0, 0, 0, 0, 2, 0, 0, 2, 0, 0, 0, 1]",5,gMinor,Piano Sonata K311 i D major.mid by Mozart.csv,1777,Cmaj3rd5th,EG-C,mediumvioletred,8
143,152.0 to 152.625,18,"[2, 0, 1, 0, 1, 0, 0, 0, 0, 0, 0, 1]",2,cMajor,Piano Sonata K311 i D major.mid by Mozart.csv,1777,V-IofC,D-GBC,crimson,11
144,153.0 to 153.625,13,"[2, 0, 1, 0, 0, 0, 0, 0, 0, 1, 0, 1]",2,fMajor,Piano Sonata K311 i D major.mid by Mozart.csv,1777,Cmaj5-1tet,BC-AG,darkviolet,12
145,154.0 to 154.625,13,"[1, 0, 1, 0, 0, 0, 0, 1, 0, 1, 0, 1]",7,gMajor,Piano Sonata K311 i D major.mid by Mozart.csv,1777,Cmaj5-1tet,BC-AG,darkviolet,12
146,155.0 to 155.625,5,"[0, 0, 1, 0, 0, 0, 1, 1, 0, 1, 0, 1]",7,dMajor,Piano Sonata K311 i D major.mid by Mozart.csv,1777,Gmaj3rd5th,BD-G,gold,17
147,156.0 to 156.125,7,"[1, 0, 1, 0, 0, 0, 1, 1, 0, 1, 0, 0]",7,dMajor,Piano Sonata K311 i D major.mid by Mozart.csv,1777,V7ofG,DF#AC,lime,18
148,157.0 to 157.125,5,"[0, 0, 1, 0, 0, 0, 0, 1, 0, 0, 0, 0]",0,gMajor,Piano Sonata K311 i D major.mid by Mozart.csv,1777,Gmaj3rd5th,BD-G,gold,17
149,158.0 to 158.66666669999995,3,"[0, 0, 0, 0, 0, 0, 0, 2, 0, 0, 0, 1]",5,gMajor,Piano Sonata K311 i D major.mid by Mozart.csv,1777,Gmaj-root,G-BD,red,9
150,160.0 to 160.66666669999995,17,"[3, 0, 0, 0, 1, 0, 0, 2, 0, 0, 0, 0]",8,cMajor,Piano Sonata K311 i D major.mid by Mozart.csv,1777,CmajTriad,CEG,blueviolet,5
151,162.0 to 162.91666669999995,15,"[1, 0, 1, 0, 2, 1, 0, 0, 0, 0, 0, 0]",3,cMajor,Piano Sonata K311 i D major.mid by Mozart.csv,1777,Cmaj1-4tet,C-DEF,blue,3
152,163.0 to 163.83333330000005,10,"[0, 0, 1, 0, 1, 2, 0, 1, 0, 0, 0, 0]",4,b-Major,Piano Sonata K311 i D major.mid by Mozart.csv,1777,Cmaj2-5tet,DEFG,violet,6
153,164.0 to 164.25,10,"[0, 0, 1, 0, 1, 1, 0, 2, 0, 0, 0, 0]",4,cMajor,Piano Sonata K311 i D major.mid by Mozart.csv,1777,Cmaj2-5tet,DEFG,violet,6
154,166.0 to 166.5,16,"[0, 0, 0, 0, 0, 0, 0, 1, 0, 1, 0, 0]",1,cMajor,Piano Sonata K311 i D major.mid by Mozart.csv,1777,chr,FGAB,mediumpurple,10
155,167.0 to 167.5,13,"[1, 0, 0, 0, 0, 0, 0, 0, 0, 0, 0, 1]",1,gMajor,Piano Sonata K311 i D major.mid by Mozart.csv,1777,Cmaj5-1tet,BC-AG,darkviolet,12
156,168.0 to 168.625,4,"[1, 0, 0, 0, 1, 0, 0, 1, 0, 0, 0, 0]",1,cMajor,Piano Sonata K311 i D major.mid by Mozart.csv,1777,Cmaj3rd5th,EG-C,mediumvioletred,8
157,169.0 to 169.5,8,"[2, 0, 0, 0, 1, 0, 0, 1, 0, 0, 0, 0]",8,cMajor,Piano Sonata K311 i D major.mid by Mozart.csv,1777,Cmaj-root,C-EG,slateblue,2
158,170.0 to 170.75,10,"[1, 0, 1, 0, 1, 1, 0, 1, 0, 0, 0, 0]",4,cMajor,Piano Sonata K311 i D major.mid by Mozart.csv,1777,Cmaj2-5tet,DEFG,violet,6
159,171.0 to 171.5,3,"[0, 0, 0, 0, 0, 1, 0, 2, 0, 0, 0, 1]",5,gMajor,Piano Sonata K311 i D major.mid by Mozart.csv,1777,Gmaj-root,G-BD,red,9
160,172.0 to 172.5,8,"[2, 0, 0, 1, 1, 0, 0, 0, 0, 0, 0, 0]",2,cMinor,Piano Sonata K311 i D major.mid by Mozart.csv,1777,Cmaj-root,C-EG,slateblue,2
161,174.0 to 174.83333330000005,15,"[1, 0, 1, 0, 2, 1, 0, 0, 0, 0, 0, 0]",3,cMajor,Piano Sonata K311 i D major.mid by Mozart.csv,1777,Cmaj1-4tet,C-DEF,blue,3
162,175.0 to 175.75,10,"[0, 0, 1, 0, 1, 2, 0, 1, 0, 0, 0, 0]",4,b-Major,Piano Sonata K311 i D major.mid by Mozart.csv,1777,Cmaj2-5tet,DEFG,violet,6
163,176.0 to 176.125,10,"[0, 0, 0, 0, 1, 1, 0, 2, 0, 0, 0, 0]",5,gMinor,Piano Sonata K311 i D major.mid by Mozart.csv,1777,Cmaj2-5tet,DEFG,violet,6
164,178.0 to 178.5,16,"[0, 0, 0, 0, 0, 0, 0, 1, 0, 1, 0, 0]",1,cMajor,Piano Sonata K311 i D major.mid by Mozart.csv,1777,chr,FGAB,mediumpurple,10
165,179.0 to 179.5,13,"[1, 0, 0, 0, 0, 0, 0, 0, 0, 0, 0, 1]",1,gMajor,Piano Sonata K311 i D major.mid by Mozart.csv,1777,Cmaj5-1tet,BC-AG,darkviolet,12
166,180.0 to 180.875,4,"[1, 0, 0, 0, 1, 0, 0, 1, 0, 0, 0, 0]",1,cMajor,Piano Sonata K311 i D major.mid by Mozart.csv,1777,Cmaj3rd5th,EG-C,mediumvioletred,8
167,181.0 to 181.5,8,"[2, 0, 0, 0, 1, 0, 0, 0, 0, 0, 0, 0]",2,cMajor,Piano Sonata K311 i D major.mid by Mozart.csv,1777,Cmaj-root,C-EG,slateblue,2
168,182.0 to 182.75,10,"[1, 0, 1, 0, 1, 1, 0, 1, 0, 0, 0, 0]",4,cMajor,Piano Sonata K311 i D major.mid by Mozart.csv,1777,Cmaj2-5tet,DEFG,violet,6
169,183.0 to 183.9166667,10,"[0, 0, 1, 0, 1, 1, 0, 2, 0, 0, 0, 1]",9,gMajor,Piano Sonata K311 i D major.mid by Mozart.csv,1777,Cmaj2-5tet,DEFG,violet,6
170,184.0 to 184.625,8,"[2, 0, 0, 0, 1, 0, 0, 0, 0, 0, 0, 0]",2,cMajor,Piano Sonata K311 i D major.mid by Mozart.csv,1777,Cmaj-root,C-EG,slateblue,2
171,185.0 to 185.75,4,"[1, 0, 0, 0, 1, 0, 0, 1, 0, 0, 0, 0]",1,cMajor,Piano Sonata K311 i D major.mid by Mozart.csv,1777,Cmaj3rd5th,EG-C,mediumvioletred,8
172,186.0 to 186.875,14,"[1, 0, 0, 0, 2, 1, 0, 0, 0, 0, 0, 0]",3,cMajor,Piano Sonata K311 i D major.mid by Mozart.csv,1777,VofAmin,E-BCD,indigo,19
173,187.0 to 187.875,15,"[2, 0, 1, 0, 2, 1, 0, 0, 0, 0, 0, 0]",3,cMajor,Piano Sonata K311 i D major.mid by Mozart.csv,1777,Cmaj1-4tet,C-DEF,blue,3
174,188.0 to 188.625,2,"[0, 0, 1, 0, 1, 1, 0, 0, 0, 0, 0, 1]",4,gMajor,Piano Sonata K311 i D major.mid by Mozart.csv,1777,2/4ofCmaj,DF,green,4
175,189.0 to 189.5,2,"[0, 0, 1, 0, 0, 1, 0, 1, 0, 0, 0, 0]",4,gMajor,Piano Sonata K311 i D major.mid by Mozart.csv,1777,2/4ofCmaj,DF,green,4
176,190.0 to 190.875,2,"[0, 0, 2, 0, 1, 1, 0, 0, 0, 0, 0, 0]",4,b-Major,Piano Sonata K311 i D major.mid by Mozart.csv,1777,2/4ofCmaj,DF,green,4
177,191.0 to 191.8333333,12,"[1, 0, 1, 0, 1, 0, 0, 0, 0, 1, 0, 1]",2,cMinor,Piano Sonata K311 i D major.mid by Mozart.csv,1777,AminTriad,ACE,steelblue,14
178,192.0 to 192.625,5,"[0, 0, 1, 0, 0, 0, 0, 1, 0, 0, 0, 1]",0,gMajor,Piano Sonata K311 i D major.mid by Mozart.csv,1777,Gmaj3rd5th,BD-G,gold,17
179,193.0 to 193.6666667,3,"[0, 0, 0, 0, 0, 0, 0, 2, 0, 0, 0, 1]",5,gMajor,Piano Sonata K311 i D major.mid by Mozart.csv,1777,Gmaj-root,G-BD,red,9
180,194.0 to 194.875,3,"[0, 0, 0, 0, 0, 1, 0, 2, 0, 0, 0, 1]",5,gMajor,Piano Sonata K311 i D major.mid by Mozart.csv,1777,Gmaj-root,G-BD,red,9
181,195.0 to 195.875,10,"[0, 0, 1, 0, 1, 2, 0, 1, 0, 0, 0, 1]",4,gMajor,Piano Sonata K311 i D major.mid by Mozart.csv,1777,Cmaj2-5tet,DEFG,violet,6
182,196.0 to 196.5,8,"[2, 0, 0, 0, 1, 0, 0, 0, 0, 0, 0, 1]",2,cMinor,Piano Sonata K311 i D major.mid by Mozart.csv,1777,Cmaj-root,C-EG,slateblue,2
183,197.0 to 197.625,4,"[1, 0, 0, 0, 1, 0, 0, 1, 0, 0, 0, 0]",1,cMajor,Piano Sonata K311 i D major.mid by Mozart.csv,1777,Cmaj3rd5th,EG-C,mediumvioletred,8
184,198.0 to 198.75,14,"[1, 0, 1, 0, 2, 0, 0, 0, 0, 0, 0, 0]",3,cMajor,Piano Sonata K311 i D major.mid by Mozart.csv,1777,VofAmin,E-BCD,indigo,19
185,199.0 to 199.75,16,"[0, 0, 0, 0, 0, 1, 0, 1, 0, 1, 0, 1]",5,fMajor,Piano Sonata K311 i D major.mid by Mozart.csv,1777,chr,FGAB,mediumpurple,10
186,200.0 to 200.8333333,8,"[2, 0, 1, 0, 1, 0, 0, 0, 0, 0, 0, 0]",2,cMinor,Piano Sonata K311 i D major.mid by Mozart.csv,1777,Cmaj-root,C-EG,slateblue,2
187,201.0 to 201.8333333,16,"[0, 0, 0, 0, 0, 1, 0, 1, 0, 1, 0, 1]",5,fMajor,Piano Sonata K311 i D major.mid by Mozart.csv,1777,chr,FGAB,mediumpurple,10
188,202.0 to 202.8333333,4,"[1, 0, 0, 0, 1, 0, 0, 2, 0, 1, 0, 1]",5,cMajor,Piano Sonata K311 i D major.mid by Mozart.csv,1777,Cmaj3rd5th,EG-C,mediumvioletred,8
189,203.0 to 203.75,10,"[1, 0, 1, 0, 2, 1, 0, 2, 0, 0, 0, 0]",8,cMajor,Piano Sonata K311 i D major.mid by Mozart.csv,1777,Cmaj2-5tet,DEFG,violet,6
190,204.0 to 204.8333333,2,"[0, 1, 1, 0, 1, 1, 0, 0, 0, 1, 0, 0]",4,aMajor,Piano Sonata K311 i D major.mid by Mozart.csv,1777,2/4ofCmaj,DF,green,4
191,205.0 to 205.75,10,"[0, 0, 1, 0, 1, 1, 0, 1, 0, 0, 0, 0]",4,cMajor,Piano Sonata K311 i D major.mid by Mozart.csv,1777,Cmaj2-5tet,DEFG,violet,6
192,206.0 to 206.8333333,19,"[0, 0, 0, 0, 1, 2, 0, 1, 0, 2, 0, 0]",6,fMajor,Piano Sonata K311 i D major.mid by Mozart.csv,1777,4ofC,F-AC,cyan,1
193,207.0 to 207.75,7,"[1, 0, 1, 0, 0, 1, 1, 0, 0, 2, 0, 1]",7,fMajor,Piano Sonata K311 i D major.mid by Mozart.csv,1777,V7ofG,DF#AC,lime,18
194,208.0 to 208.8333333,3,"[1, 0, 0, 0, 0, 1, 0, 2, 0, 1, 0, 1]",5,cMajor,Piano Sonata K311 i D major.mid by Mozart.csv,1777,Gmaj-root,G-BD,red,9
195,209.0 to 209.5,8,"[2, 0, 0, 0, 1, 0, 0, 0, 0, 0, 0, 0]",2,cMajor,Piano Sonata K311 i D major.mid by Mozart.csv,1777,Cmaj-root,C-EG,slateblue,2
196,210.0 to 210.75,3,"[0, 0, 1, 0, 0, 1, 0, 2, 0, 0, 0, 1]",9,gMajor,Piano Sonata K311 i D major.mid by Mozart.csv,1777,Gmaj-root,G-BD,red,9
197,211.0 to 211.75,15,"[2, 0, 1, 0, 2, 1, 0, 0, 0, 0, 0, 0]",3,cMajor,Piano Sonata K311 i D major.mid by Mozart.csv,1777,Cmaj1-4tet,C-DEF,blue,3
198,212.0 to 212.8333333,3,"[1, 0, 0, 0, 0, 1, 0, 2, 0, 0, 0, 1]",5,cMajor,Piano Sonata K311 i D major.mid by Mozart.csv,1777,Gmaj-root,G-BD,red,9
199,213.0 to 213.5,8,"[2, 0, 0, 0, 1, 0, 0, 1, 0, 0, 0, 0]",8,cMajor,Piano Sonata K311 i D major.mid by Mozart.csv,1777,Cmaj-root,C-EG,slateblue,2
200,214.0 to 214.8333333,3,"[0, 0, 1, 0, 0, 1, 0, 2, 0, 0, 0, 1]",9,gMajor,Piano Sonata K311 i D major.mid by Mozart.csv,1777,Gmaj-root,G-BD,red,9
201,215.0 to 215.75,15,"[2, 0, 1, 0, 2, 1, 0, 0, 0, 0, 0, 0]",3,cMajor,Piano Sonata K311 i D major.mid by Mozart.csv,1777,Cmaj1-4tet,C-DEF,blue,3
202,216.0 to 216.75,6,"[1, 0, 2, 0, 0, 0, 0, 3, 0, 0, 0, 1]",9,gMajor,Piano Sonata K311 i D major.mid by Mozart.csv,1777,GmajTriad,GBD,orange,13
203,217.0 to 217.75,17,"[2, 0, 0, 0, 2, 0, 0, 2, 0, 0, 0, 0]",8,cMajor,Piano Sonata K311 i D major.mid by Mozart.csv,1777,CmajTriad,CEG,blueviolet,5
204,218.0 to 218.75,6,"[0, 0, 2, 0, 0, 0, 0, 3, 0, 0, 0, 1]",9,gMajor,Piano Sonata K311 i D major.mid by Mozart.csv,1777,GmajTriad,GBD,orange,13
205,219.0 to 219.75,17,"[2, 0, 0, 0, 2, 0, 0, 2, 0, 0, 0, 0]",8,cMajor,Piano Sonata K311 i D major.mid by Mozart.csv,1777,CmajTriad,CEG,blueviolet,5
206,220.0 to 220.625,6,"[0, 0, 2, 0, 0, 0, 0, 3, 0, 0, 0, 2]",9,gMajor,Piano Sonata K311 i D major.mid by Mozart.csv,1777,GmajTriad,GBD,orange,13
207,221.125 to 221.6666667,6,"[0, 0, 2, 0, 0, 0, 0, 3, 0, 0, 0, 2]",9,gMajor,Piano Sonata K311 i D major.mid by Mozart.csv,1777,GmajTriad,GBD,orange,13
208,222.25 to 222.875,6,"[1, 1, 2, 0, 0, 0, 0, 3, 0, 0, 0, 2]",9,gMajor,Piano Sonata K311 i D major.mid by Mozart.csv,1777,GmajTriad,GBD,orange,13
209,223.125 to 223.75,13,"[1, 0, 0, 0, 0, 0, 0, 0, 0, 1, 0, 1]",2,fMajor,Piano Sonata K311 i D major.mid by Mozart.csv,1777,Cmaj5-1tet,BC-AG,darkviolet,12
210,224.0 to 224.625,5,"[0, 1, 1, 0, 0, 0, 0, 1, 0, 0, 0, 1]",0,gMajor,Piano Sonata K311 i D major.mid by Mozart.csv,1777,Gmaj3rd5th,BD-G,gold,17
211,225.0 to 225.625,9,"[1, 0, 1, 0, 0, 0, 0, 0, 0, 1, 0, 0]",7,dMajor,Piano Sonata K311 i D major.mid by Mozart.csv,1777,6-1ofC,A-CF,deepskyblue,7
212,226.0 to 226.625,5,"[0, 0, 1, 0, 0, 0, 1, 1, 0, 0, 0, 1]",0,gMajor,Piano Sonata K311 i D major.mid by Mozart.csv,1777,Gmaj3rd5th,BD-G,gold,17
213,227.0 to 227.75,5,"[0, 0, 2, 0, 1, 0, 1, 1, 0, 0, 0, 1]",0,gMajor,Piano Sonata K311 i D major.mid by Mozart.csv,1777,Gmaj3rd5th,BD-G,gold,17
214,228.0 to 228.6666667,12,"[1, 0, 0, 0, 1, 0, 0, 0, 0, 1, 0, 1]",2,cMinor,Piano Sonata K311 i D major.mid by Mozart.csv,1777,AminTriad,ACE,steelblue,14
215,229.0 to 229.625,8,"[2, 0, 0, 0, 0, 0, 0, 0, 0, 1, 0, 0]",2,fMajor,Piano Sonata K311 i D major.mid by Mozart.csv,1777,Cmaj-root,C-EG,slateblue,2
216,230.0 to 230.5,7,"[1, 0, 1, 0, 0, 0, 1, 0, 0, 1, 0, 0]",7,dMajor,Piano Sonata K311 i D major.mid by Mozart.csv,1777,V7ofG,DF#AC,lime,18
217,231.0 to 231.75,9,"[1, 0, 1, 0, 0, 0, 0, 0, 0, 2, 0, 1]",7,dMajor,Piano Sonata K311 i D major.mid by Mozart.csv,1777,6-1ofC,A-CF,deepskyblue,7
218,232.0 to 232.5,5,"[0, 0, 1, 0, 0, 0, 1, 1, 0, 0, 0, 1]",0,gMajor,Piano Sonata K311 i D major.mid by Mozart.csv,1777,Gmaj3rd5th,BD-G,gold,17
219,233.0 to 233.625,0,"[0, 0, 1, 0, 0, 0, 1, 0, 0, 1, 0, 0]",7,dMajor,Piano Sonata K311 i D major.mid by Mozart.csv,1777,VofG,D-F#A,greenyellow,15
220,234.0 to 234.625,5,"[0, 0, 1, 0, 0, 0, 0, 1, 0, 0, 1, 1]",0,b-Minor,Piano Sonata K311 i D major.mid by Mozart.csv,1777,Gmaj3rd5th,BD-G,gold,17
221,235.0 to 235.8333333,4,"[1, 0, 1, 0, 1, 0, 0, 1, 0, 0, 0, 0]",1,cMajor,Piano Sonata K311 i D major.mid by Mozart.csv,1777,Cmaj3rd5th,EG-C,mediumvioletred,8
222,236.0 to 236.5,5,"[0, 0, 1, 0, 0, 0, 0, 1, 0, 0, 0, 1]",0,gMajor,Piano Sonata K311 i D major.mid by Mozart.csv,1777,Gmaj3rd5th,BD-G,gold,17
223,237.0 to 237.8333333,18,"[1, 0, 1, 0, 0, 0, 0, 1, 0, 0, 0, 2]",0,gMajor,Piano Sonata K311 i D major.mid by Mozart.csv,1777,V-IofC,D-GBC,crimson,11
224,238.0 to 238.5,7,"[0, 0, 1, 0, 0, 0, 1, 0, 0, 1, 0, 1]",7,dMajor,Piano Sonata K311 i D major.mid by Mozart.csv,1777,V7ofG,DF#AC,lime,18
225,239.0 to 239.5,16,"[1, 1, 0, 0, 0, 0, 0, 0, 0, 0, 0, 0]",1,cMajor,Piano Sonata K311 i D major.mid by Mozart.csv,1777,chr,FGAB,mediumpurple,10
226,240.0 to 240.625,5,"[0, 1, 1, 0, 0, 0, 0, 1, 0, 0, 0, 1]",0,gMajor,Piano Sonata K311 i D major.mid by Mozart.csv,1777,Gmaj3rd5th,BD-G,gold,17
227,241.0 to 241.875,12,"[1, 1, 1, 0, 1, 0, 0, 0, 0, 1, 0, 0]",2,aMajor,Piano Sonata K311 i D major.mid by Mozart.csv,1777,AminTriad,ACE,steelblue,14
228,242.0 to 242.625,5,"[0, 0, 2, 0, 0, 0, 1, 1, 0, 0, 0, 1]",0,gMajor,Piano Sonata K311 i D major.mid by Mozart.csv,1777,Gmaj3rd5th,BD-G,gold,17
229,243.0 to 243.875,5,"[0, 0, 2, 0, 1, 0, 1, 1, 0, 0, 0, 1]",0,gMajor,Piano Sonata K311 i D major.mid by Mozart.csv,1777,Gmaj3rd5th,BD-G,gold,17
230,244.0 to 244.625,12,"[1, 0, 0, 0, 1, 0, 0, 0, 0, 1, 0, 1]",2,cMinor,Piano Sonata K311 i D major.mid by Mozart.csv,1777,AminTriad,ACE,steelblue,14
231,245.0 to 245.875,12,"[2, 0, 1, 0, 1, 0, 0, 0, 0, 1, 0, 1]",2,cMinor,Piano Sonata K311 i D major.mid by Mozart.csv,1777,AminTriad,ACE,steelblue,14
232,246.0 to 246.625,7,"[1, 0, 1, 0, 0, 0, 1, 0, 0, 1, 0, 0]",7,dMajor,Piano Sonata K311 i D major.mid by Mozart.csv,1777,V7ofG,DF#AC,lime,18
233,247.0 to 247.75,7,"[0, 0, 1, 0, 0, 0, 1, 0, 0, 1, 0, 1]",7,dMajor,Piano Sonata K311 i D major.mid by Mozart.csv,1777,V7ofG,DF#AC,lime,18
234,248.0 to 248.875,3,"[0, 0, 0, 0, 0, 0, 0, 2, 0, 0, 0, 1]",5,gMajor,Piano Sonata K311 i D major.mid by Mozart.csv,1777,Gmaj-root,G-BD,red,9
235,249.0 to 249.875,12,"[2, 0, 0, 0, 1, 0, 0, 0, 0, 1, 0, 0]",2,cMinor,Piano Sonata K311 i D major.mid by Mozart.csv,1777,AminTriad,ACE,steelblue,14
236,250.0 to 250.6666667,5,"[0, 0, 1, 0, 0, 0, 0, 1, 0, 0, 0, 1]",0,gMajor,Piano Sonata K311 i D major.mid by Mozart.csv,1777,Gmaj3rd5th,BD-G,gold,17
237,251.0 to 251.75,5,"[0, 0, 1, 0, 1, 0, 1, 1, 0, 1, 0, 1]",7,dMajor,Piano Sonata K311 i D major.mid by Mozart.csv,1777,Gmaj3rd5th,BD-G,gold,17
238,252.0 to 252.75,3,"[0, 1, 1, 0, 0, 0, 0, 2, 0, 0, 0, 0]",0,gMajor,Piano Sonata K311 i D major.mid by Mozart.csv,1777,Gmaj-root,G-BD,red,9
239,253.0 to 253.8333333,10,"[0, 1, 1, 0, 1, 0, 0, 1, 0, 0, 0, 0]",0,cMajor,Piano Sonata K311 i D major.mid by Mozart.csv,1777,Cmaj2-5tet,DEFG,violet,6
240,254.0 to 254.75,9,"[1, 0, 1, 0, 0, 0, 0, 1, 0, 1, 0, 0]",7,dMajor,Piano Sonata K311 i D major.mid by Mozart.csv,1777,6-1ofC,A-CF,deepskyblue,7
241,255.0 to 255.75,0,"[1, 0, 2, 0, 0, 0, 1, 0, 0, 0, 0, 0]",7,dMajor,Piano Sonata K311 i D major.mid by Mozart.csv,1777,VofG,D-F#A,greenyellow,15
242,256.0 to 256.75,5,"[0, 1, 1, 0, 0, 0, 0, 1, 0, 0, 0, 1]",0,gMajor,Piano Sonata K311 i D major.mid by Mozart.csv,1777,Gmaj3rd5th,BD-G,gold,17
243,257.0 to 257.75,10,"[0, 1, 1, 0, 1, 0, 0, 1, 0, 0, 0, 0]",0,cMajor,Piano Sonata K311 i D major.mid by Mozart.csv,1777,Cmaj2-5tet,DEFG,violet,6
244,258.0 to 258.75,9,"[1, 0, 1, 0, 0, 0, 0, 1, 0, 1, 0, 0]",7,dMajor,Piano Sonata K311 i D major.mid by Mozart.csv,1777,6-1ofC,A-CF,deepskyblue,7
245,259.0 to 259.75,0,"[1, 0, 2, 0, 0, 0, 1, 0, 0, 0, 0, 0]",7,dMajor,Piano Sonata K311 i D major.mid by Mozart.csv,1777,VofG,D-F#A,greenyellow,15
246,260.0 to 260.75,5,"[0, 1, 2, 0, 0, 0, 0, 1, 0, 0, 0, 1]",0,gMajor,Piano Sonata K311 i D major.mid by Mozart.csv,1777,Gmaj3rd5th,BD-G,gold,17
247,261.0 to 261.8333333,10,"[0, 1, 1, 0, 1, 0, 0, 1, 0, 0, 0, 0]",0,cMajor,Piano Sonata K311 i D major.mid by Mozart.csv,1777,Cmaj2-5tet,DEFG,violet,6
248,262.0 to 262.75,9,"[1, 0, 1, 0, 0, 0, 0, 1, 0, 1, 0, 0]",7,dMajor,Piano Sonata K311 i D major.mid by Mozart.csv,1777,6-1ofC,A-CF,deepskyblue,7
249,263.0 to 263.75,0,"[1, 0, 2, 0, 0, 0, 1, 0, 0, 0, 0, 0]",7,dMajor,Piano Sonata K311 i D major.mid by Mozart.csv,1777,VofG,D-F#A,greenyellow,15
250,264.0 to 264.75,5,"[0, 1, 1, 0, 0, 0, 0, 1, 0, 0, 0, 1]",0,gMajor,Piano Sonata K311 i D major.mid by Mozart.csv,1777,Gmaj3rd5th,BD-G,gold,17
251,265.0 to 265.8333333,10,"[0, 1, 1, 0, 1, 0, 0, 1, 0, 0, 0, 0]",0,cMajor,Piano Sonata K311 i D major.mid by Mozart.csv,1777,Cmaj2-5tet,DEFG,violet,6
252,266.0 to 266.75,9,"[1, 0, 1, 0, 0, 0, 0, 1, 0, 1, 0, 0]",7,dMajor,Piano Sonata K311 i D major.mid by Mozart.csv,1777,6-1ofC,A-CF,deepskyblue,7
253,267.0 to 267.75,0,"[1, 0, 2, 0, 0, 0, 1, 0, 0, 0, 0, 0]",7,dMajor,Piano Sonata K311 i D major.mid by Mozart.csv,1777,VofG,D-F#A,greenyellow,15
254,268.0 to 268.3333333,5,"[0, 0, 1, 0, 0, 0, 0, 1, 0, 0, 0, 1]",0,gMajor,Piano Sonata K311 i D major.mid by Mozart.csv,1777,Gmaj3rd5th,BD-G,gold,17
255,269.0 to 269.75,5,"[0, 0, 1, 0, 0, 0, 0, 1, 0, 0, 0, 1]",0,gMajor,Piano Sonata K311 i D major.mid by Mozart.csv,1777,Gmaj3rd5th,BD-G,gold,17
256,270.0 to 270.875,9,"[1, 0, 0, 0, 0, 0, 0, 1, 0, 1, 0, 0]",1,cMajor,Piano Sonata K311 i D major.mid by Mozart.csv,1777,6-1ofC,A-CF,deepskyblue,7
257,271.0 to 271.75,3,"[0, 0, 0, 0, 0, 0, 0, 2, 0, 0, 0, 1]",5,gMajor,Piano Sonata K311 i D major.mid by Mozart.csv,1777,Gmaj-root,G-BD,red,9
258,272.0 to 272.8333333,1,"[1, 0, 1, 0, 1, 0, 2, 1, 0, 0, 0, 0]",7,cMajor,Piano Sonata K311 i D major.mid by Mozart.csv,1777,Gmaj-IV/vii,F#G-ACE,salmon,16
259,273.0 to 273.8333333,1,"[1, 0, 0, 0, 1, 0, 2, 1, 0, 0, 0, 0]",1,cMajor,Piano Sonata K311 i D major.mid by Mozart.csv,1777,Gmaj-IV/vii,F#G-ACE,salmon,16
260,274.0 to 274.875,1,"[1, 0, 0, 0, 0, 0, 1, 2, 0, 1, 0, 0]",1,e-Minor,Piano Sonata K311 i D major.mid by Mozart.csv,1777,Gmaj-IV/vii,F#G-ACE,salmon,16
261,275.0 to 275.8333333,1,"[1, 0, 0, 0, 1, 0, 2, 1, 0, 0, 0, 0]",1,cMajor,Piano Sonata K311 i D major.mid by Mozart.csv,1777,Gmaj-IV/vii,F#G-ACE,salmon,16
262,276.0 to 276.8333333,5,"[0, 0, 1, 0, 0, 0, 1, 1, 0, 0, 0, 1]",0,gMajor,Piano Sonata K311 i D major.mid by Mozart.csv,1777,Gmaj3rd5th,BD-G,gold,17
263,277.0 to 277.75,5,"[0, 0, 1, 0, 0, 0, 0, 1, 0, 0, 0, 1]",0,gMajor,Piano Sonata K311 i D major.mid by Mozart.csv,1777,Gmaj3rd5th,BD-G,gold,17
264,278.0 to 278.9166667,9,"[1, 0, 0, 0, 0, 0, 0, 1, 0, 1, 0, 0]",1,cMajor,Piano Sonata K311 i D major.mid by Mozart.csv,1777,6-1ofC,A-CF,deepskyblue,7
265,279.0 to 279.875,3,"[1, 0, 0, 0, 0, 0, 0, 2, 0, 0, 0, 1]",5,cMajor,Piano Sonata K311 i D major.mid by Mozart.csv,1777,Gmaj-root,G-BD,red,9
266,280.0 to 280.75,12,"[1, 0, 0, 0, 2, 0, 0, 0, 0, 2, 0, 0]",2,cMinor,Piano Sonata K311 i D major.mid by Mozart.csv,1777,AminTriad,ACE,steelblue,14
267,281.0 to 281.875,12,"[2, 0, 1, 0, 2, 0, 0, 0, 0, 2, 0, 1]",2,cMinor,Piano Sonata K311 i D major.mid by Mozart.csv,1777,AminTriad,ACE,steelblue,14
268,282.0 to 282.8333333,3,"[0, 0, 1, 0, 0, 0, 0, 2, 0, 1, 0, 1]",9,gMajor,Piano Sonata K311 i D major.mid by Mozart.csv,1777,Gmaj-root,G-BD,red,9
269,283.0 to 283.875,7,"[1, 0, 1, 0, 0, 0, 1, 1, 0, 1, 0, 1]",7,dMajor,Piano Sonata K311 i D major.mid by Mozart.csv,1777,V7ofG,DF#AC,lime,18
270,284.0 to 284.75,3,"[0, 0, 1, 0, 0, 0, 0, 2, 0, 1, 0, 1]",9,gMajor,Piano Sonata K311 i D major.mid by Mozart.csv,1777,Gmaj-root,G-BD,red,9
271,285.0 to 285.875,5,"[0, 0, 1, 0, 0, 0, 0, 1, 0, 0, 0, 1]",0,gMajor,Piano Sonata K311 i D major.mid by Mozart.csv,1777,Gmaj3rd5th,BD-G,gold,17
272,286.0 to 286.875,9,"[1, 0, 0, 0, 0, 0, 0, 1, 0, 1, 0, 0]",1,cMajor,Piano Sonata K311 i D major.mid by Mozart.csv,1777,6-1ofC,A-CF,deepskyblue,7
273,287.0 to 287.75,3,"[1, 0, 0, 0, 0, 0, 0, 2, 0, 0, 0, 1]",5,cMajor,Piano Sonata K311 i D major.mid by Mozart.csv,1777,Gmaj-root,G-BD,red,9
274,288.0 to 288.875,1,"[1, 0, 1, 0, 1, 0, 2, 1, 0, 0, 0, 0]",7,cMajor,Piano Sonata K311 i D major.mid by Mozart.csv,1777,Gmaj-IV/vii,F#G-ACE,salmon,16
275,289.0 to 289.75,1,"[1, 0, 1, 0, 1, 0, 2, 1, 0, 0, 0, 0]",7,cMajor,Piano Sonata K311 i D major.mid by Mozart.csv,1777,Gmaj-IV/vii,F#G-ACE,salmon,16
276,290.0 to 290.8333333,1,"[1, 0, 0, 0, 0, 0, 1, 2, 0, 1, 0, 0]",1,e-Minor,Piano Sonata K311 i D major.mid by Mozart.csv,1777,Gmaj-IV/vii,F#G-ACE,salmon,16
277,291.0 to 291.625,1,"[1, 0, 0, 0, 1, 0, 2, 1, 0, 0, 0, 0]",1,cMajor,Piano Sonata K311 i D major.mid by Mozart.csv,1777,Gmaj-IV/vii,F#G-ACE,salmon,16
278,292.0 to 292.8333333,5,"[0, 0, 1, 0, 0, 0, 1, 1, 0, 0, 0, 1]",0,gMajor,Piano Sonata K311 i D major.mid by Mozart.csv,1777,Gmaj3rd5th,BD-G,gold,17
279,293.0 to 293.8333333,5,"[0, 0, 1, 0, 0, 0, 0, 1, 0, 0, 0, 1]",0,gMajor,Piano Sonata K311 i D major.mid by Mozart.csv,1777,Gmaj3rd5th,BD-G,gold,17
280,294.0 to 294.8333333,9,"[1, 0, 0, 0, 0, 0, 0, 1, 0, 1, 0, 0]",1,cMajor,Piano Sonata K311 i D major.mid by Mozart.csv,1777,6-1ofC,A-CF,deepskyblue,7
281,295.0 to 295.875,3,"[0, 0, 0, 0, 0, 0, 0, 2, 0, 0, 0, 1]",5,gMajor,Piano Sonata K311 i D major.mid by Mozart.csv,1777,Gmaj-root,G-BD,red,9
282,296.0 to 296.8333333,12,"[1, 0, 0, 0, 2, 0, 0, 0, 0, 2, 0, 0]",2,cMinor,Piano Sonata K311 i D major.mid by Mozart.csv,1777,AminTriad,ACE,steelblue,14
283,297.0 to 297.75,12,"[2, 0, 1, 0, 2, 0, 0, 0, 0, 2, 0, 1]",2,cMinor,Piano Sonata K311 i D major.mid by Mozart.csv,1777,AminTriad,ACE,steelblue,14
284,298.0 to 298.75,3,"[0, 0, 1, 0, 0, 0, 0, 2, 0, 1, 0, 1]",9,gMajor,Piano Sonata K311 i D major.mid by Mozart.csv,1777,Gmaj-root,G-BD,red,9
285,299.0 to 299.875,7,"[1, 0, 1, 0, 0, 0, 1, 1, 0, 1, 0, 1]",7,dMajor,Piano Sonata K311 i D major.mid by Mozart.csv,1777,V7ofG,DF#AC,lime,18
286,300.0 to 300.6666667,6,"[0, 0, 1, 0, 0, 0, 0, 2, 0, 0, 0, 2]",9,gMajor,Piano Sonata K311 i D major.mid by Mozart.csv,1777,GmajTriad,GBD,orange,13
287,301.0 to 301.875,7,"[1, 0, 2, 0, 0, 0, 1, 0, 0, 2, 0, 1]",7,dMajor,Piano Sonata K311 i D major.mid by Mozart.csv,1777,V7ofG,DF#AC,lime,18
288,302.0 to 302.8333333,6,"[0, 0, 1, 0, 0, 0, 0, 2, 0, 0, 0, 2]",9,gMajor,Piano Sonata K311 i D major.mid by Mozart.csv,1777,GmajTriad,GBD,orange,13
289,303.0 to 303.875,7,"[1, 0, 2, 0, 0, 0, 1, 0, 0, 2, 0, 1]",7,dMajor,Piano Sonata K311 i D major.mid by Mozart.csv,1777,V7ofG,DF#AC,lime,18
290,304.0 to 304.125,3,"[0, 0, 0, 0, 0, 0, 0, 2, 0, 1, 0, 1]",5,gMajor,Piano Sonata K311 i D major.mid by Mozart.csv,1777,Gmaj-root,G-BD,red,9
291,305.125 to 305.375,9,"[1, 0, 0, 2, 0, 0, 1, 0, 0, 1, 0, 0]",1,g#Major,Piano Sonata K311 i D major.mid by Mozart.csv,1777,6-1ofC,A-CF,deepskyblue,7
292,306.125 to 306.125,4,"[0, 0, 0, 0, 2, 0, 0, 2, 0, 0, 0, 1]",5,gMinor,Piano Sonata K311 i D major.mid by Mozart.csv,1777,Cmaj3rd5th,EG-C,mediumvioletred,8
293,308.0 to 308.625,18,"[2, 0, 1, 0, 1, 0, 0, 0, 0, 0, 0, 1]",2,cMajor,Piano Sonata K311 i D major.mid by Mozart.csv,1777,V-IofC,D-GBC,crimson,11
294,309.0 to 309.625,13,"[2, 0, 1, 0, 0, 0, 0, 0, 0, 1, 0, 1]",2,fMajor,Piano Sonata K311 i D major.mid by Mozart.csv,1777,Cmaj5-1tet,BC-AG,darkviolet,12
295,310.0 to 310.625,13,"[2, 0, 1, 0, 0, 0, 0, 1, 0, 1, 0, 1]",2,cMajor,Piano Sonata K311 i D major.mid by Mozart.csv,1777,Cmaj5-1tet,BC-AG,darkviolet,12
296,311.0 to 311.625,5,"[0, 0, 1, 0, 0, 0, 1, 1, 0, 1, 0, 1]",7,dMajor,Piano Sonata K311 i D major.mid by Mozart.csv,1777,Gmaj3rd5th,BD-G,gold,17
297,312.0 to 312.0,1,"[1, 0, 0, 0, 0, 0, 1, 1, 0, 1, 0, 0]",1,cMajor,Piano Sonata K311 i D major.mid by Mozart.csv,1777,Gmaj-IV/vii,F#G-ACE,salmon,16
298,313.0 to 313.375,7,"[1, 0, 1, 0, 0, 0, 1, 1, 0, 1, 0, 0]",7,dMajor,Piano Sonata K311 i D major.mid by Mozart.csv,1777,V7ofG,DF#AC,lime,18
299,314.125 to 314.875,3,"[0, 0, 0, 0, 0, 0, 0, 2, 0, 0, 0, 1]",5,gMajor,Piano Sonata K311 i D major.mid by Mozart.csv,1777,Gmaj-root,G-BD,red,9
300,316.0 to 316.5,16,"[0, 0, 0, 0, 0, 1, 0, 1, 0, 0, 0, 0]",5,cMajor,Piano Sonata K311 i D major.mid by Mozart.csv,1777,chr,FGAB,mediumpurple,10
301,317.0 to 317.5,14,"[0, 0, 0, 0, 1, 1, 0, 0, 0, 0, 0, 0]",4,cMajor,Piano Sonata K311 i D major.mid by Mozart.csv,1777,VofAmin,E-BCD,indigo,19
302,318.0 to 318.5,14,"[0, 0, 1, 0, 1, 0, 0, 0, 0, 0, 0, 0]",4,cMajor,Piano Sonata K311 i D major.mid by Mozart.csv,1777,VofAmin,E-BCD,indigo,19
303,319.0 to 319.5,0,"[0, 1, 1, 0, 0, 0, 0, 0, 0, 0, 0, 0]",0,c#Major,Piano Sonata K311 i D major.mid by Mozart.csv,1777,VofG,D-F#A,greenyellow,15
304,320.0 to 320.75,9,"[0, 1, 0, 0, 0, 0, 0, 0, 0, 3, 1, 0]",6,aMajor,Piano Sonata K311 i D major.mid by Mozart.csv,1777,6-1ofC,A-CF,deepskyblue,7
305,321.125 to 321.75,9,"[0, 1, 0, 0, 0, 0, 0, 1, 0, 3, 0, 0]",6,aMajor,Piano Sonata K311 i D major.mid by Mozart.csv,1777,6-1ofC,A-CF,deepskyblue,7
306,322.0 to 322.75,9,"[0, 1, 0, 0, 0, 1, 0, 1, 0, 2, 0, 0]",6,fMajor,Piano Sonata K311 i D major.mid by Mozart.csv,1777,6-1ofC,A-CF,deepskyblue,7
307,323.0 to 323.5,14,"[0, 1, 0, 0, 1, 1, 0, 0, 0, 0, 0, 0]",4,c#Major,Piano Sonata K311 i D major.mid by Mozart.csv,1777,VofAmin,E-BCD,indigo,19
308,324.0 to 324.5,0,"[0, 1, 1, 0, 0, 0, 0, 0, 0, 0, 0, 0]",0,c#Major,Piano Sonata K311 i D major.mid by Mozart.csv,1777,VofG,D-F#A,greenyellow,15
309,325.0 to 325.5,19,"[0, 0, 0, 0, 0, 2, 0, 0, 0, 1, 0, 0]",6,fMajor,Piano Sonata K311 i D major.mid by Mozart.csv,1777,4ofC,F-AC,cyan,1
310,326.0 to 326.5,14,"[0, 0, 0, 1, 1, 0, 0, 0, 0, 0, 0, 0]",1,cMajor,Piano Sonata K311 i D major.mid by Mozart.csv,1777,VofAmin,E-BCD,indigo,19
311,327.0 to 327.5,16,"[0, 1, 0, 0, 0, 0, 0, 1, 0, 1, 0, 0]",1,aMajor,Piano Sonata K311 i D major.mid by Mozart.csv,1777,chr,FGAB,mediumpurple,10
312,328.0 to 328.75,16,"[0, 1, 0, 0, 1, 0, 0, 1, 0, 1, 0, 0]",1,aMajor,Piano Sonata K311 i D major.mid by Mozart.csv,1777,chr,FGAB,mediumpurple,10
313,329.0 to 329.625,10,"[0, 1, 0, 0, 1, 1, 0, 1, 0, 0, 0, 0]",4,cMajor,Piano Sonata K311 i D major.mid by Mozart.csv,1777,Cmaj2-5tet,DEFG,violet,6
314,330.0 to 330.5,2,"[0, 0, 1, 0, 1, 2, 0, 0, 0, 0, 0, 0]",4,b-Major,Piano Sonata K311 i D major.mid by Mozart.csv,1777,2/4ofCmaj,DF,green,4
315,331.0 to 331.5,14,"[0, 0, 1, 0, 1, 0, 0, 0, 0, 0, 0, 0]",4,cMajor,Piano Sonata K311 i D major.mid by Mozart.csv,1777,VofAmin,E-BCD,indigo,19
316,332.0 to 332.5,14,"[0, 0, 0, 0, 1, 1, 0, 0, 0, 0, 0, 0]",4,cMajor,Piano Sonata K311 i D major.mid by Mozart.csv,1777,VofAmin,E-BCD,indigo,19
317,333.0 to 333.5,14,"[0, 0, 1, 0, 1, 0, 0, 0, 0, 0, 0, 0]",4,cMajor,Piano Sonata K311 i D major.mid by Mozart.csv,1777,VofAmin,E-BCD,indigo,19
318,334.125 to 334.625,0,"[1, 0, 1, 0, 0, 0, 0, 0, 0, 0, 0, 0]",7,cMajor,Piano Sonata K311 i D major.mid by Mozart.csv,1777,VofG,D-F#A,greenyellow,15
319,335.0 to 335.5,13,"[1, 0, 0, 0, 0, 0, 0, 0, 0, 0, 0, 1]",1,gMajor,Piano Sonata K311 i D major.mid by Mozart.csv,1777,Cmaj5-1tet,BC-AG,darkviolet,12
320,336.0 to 336.75,3,"[0, 0, 0, 0, 0, 0, 0, 3, 1, 0, 0, 1]",5,gMajor,Piano Sonata K311 i D major.mid by Mozart.csv,1777,Gmaj-root,G-BD,red,9
321,337.0 to 337.625,3,"[0, 0, 0, 0, 0, 1, 0, 3, 0, 0, 0, 1]",5,gMajor,Piano Sonata K311 i D major.mid by Mozart.csv,1777,Gmaj-root,G-BD,red,9
322,338.0 to 338.625,3,"[0, 0, 0, 1, 0, 1, 0, 2, 0, 0, 0, 1]",5,gMajor,Piano Sonata K311 i D major.mid by Mozart.csv,1777,Gmaj-root,G-BD,red,9
323,339.125 to 339.625,3,"[0, 0, 1, 1, 0, 0, 0, 2, 0, 0, 0, 1]",9,gMajor,Piano Sonata K311 i D major.mid by Mozart.csv,1777,Gmaj-root,G-BD,red,9
324,340.125 to 340.5,13,"[1, 0, 0, 0, 0, 0, 0, 0, 0, 0, 0, 1]",1,gMajor,Piano Sonata K311 i D major.mid by Mozart.csv,1777,Cmaj5-1tet,BC-AG,darkviolet,12
325,341.0 to 341.5,14,"[0, 0, 0, 0, 2, 0, 0, 1, 0, 0, 0, 0]",3,cMajor,Piano Sonata K311 i D major.mid by Mozart.csv,1777,VofAmin,E-BCD,indigo,19
326,342.0 to 342.5,0,"[0, 1, 1, 0, 0, 0, 0, 0, 0, 0, 0, 0]",0,c#Major,Piano Sonata K311 i D major.mid by Mozart.csv,1777,VofG,D-F#A,greenyellow,15
327,343.0 to 343.5,16,"[0, 0, 0, 0, 0, 1, 0, 1, 0, 0, 0, 1]",5,gMajor,Piano Sonata K311 i D major.mid by Mozart.csv,1777,chr,FGAB,mediumpurple,10
328,344.0 to 344.625,5,"[0, 0, 1, 0, 0, 1, 0, 1, 0, 0, 0, 1]",0,gMajor,Piano Sonata K311 i D major.mid by Mozart.csv,1777,Gmaj3rd5th,BD-G,gold,17
329,345.0 to 345.625,2,"[0, 0, 1, 0, 1, 1, 0, 0, 0, 0, 0, 1]",4,gMajor,Piano Sonata K311 i D major.mid by Mozart.csv,1777,2/4ofCmaj,DF,green,4
330,346.0 to 346.875,14,"[1, 0, 1, 0, 2, 0, 0, 0, 0, 0, 0, 0]",3,cMajor,Piano Sonata K311 i D major.mid by Mozart.csv,1777,VofAmin,E-BCD,indigo,19
331,347.5 to 347.5,16,"[1, 0, 0, 0, 0, 0, 0, 0, 0, 0, 0, 0]",1,cMajor,Piano Sonata K311 i D major.mid by Mozart.csv,1777,chr,FGAB,mediumpurple,10
332,348.0 to 348.75,8,"[2, 0, 0, 0, 1, 0, 0, 0, 0, 0, 0, 1]",2,cMinor,Piano Sonata K311 i D major.mid by Mozart.csv,1777,Cmaj-root,C-EG,slateblue,2
333,349.0 to 349.75,12,"[1, 0, 0, 0, 1, 0, 0, 0, 0, 1, 0, 1]",2,cMinor,Piano Sonata K311 i D major.mid by Mozart.csv,1777,AminTriad,ACE,steelblue,14
334,350.0 to 350.75,4,"[1, 0, 0, 0, 1, 0, 0, 1, 0, 1, 0, 0]",1,cMajor,Piano Sonata K311 i D major.mid by Mozart.csv,1777,Cmaj3rd5th,EG-C,mediumvioletred,8
335,351.0 to 351.7916667,1,"[1, 0, 0, 0, 1, 0, 1, 1, 0, 0, 0, 0]",1,cMajor,Piano Sonata K311 i D major.mid by Mozart.csv,1777,Gmaj-IV/vii,F#G-ACE,salmon,16
336,352.0 to 352.8333333,7,"[1, 0, 1, 0, 0, 0, 2, 0, 0, 0, 0, 0]",7,dMinor,Piano Sonata K311 i D major.mid by Mozart.csv,1777,V7ofG,DF#AC,lime,18
337,353.0 to 353.8333333,7,"[1, 0, 1, 0, 0, 0, 2, 0, 0, 0, 0, 0]",7,dMinor,Piano Sonata K311 i D major.mid by Mozart.csv,1777,V7ofG,DF#AC,lime,18
338,354.0 to 354.8333333,7,"[1, 0, 1, 0, 0, 0, 2, 0, 2, 0, 0, 1]",7,dMinor,Piano Sonata K311 i D major.mid by Mozart.csv,1777,V7ofG,DF#AC,lime,18
339,355.0 to 355.8333333,5,"[0, 0, 1, 0, 0, 0, 0, 0, 2, 0, 0, 1]",0,eMajor,Piano Sonata K311 i D major.mid by Mozart.csv,1777,Gmaj3rd5th,BD-G,gold,17
340,356.0 to 356.9583333,13,"[1, 0, 0, 0, 0, 0, 0, 1, 0, 1, 0, 1]",1,fMajor,Piano Sonata K311 i D major.mid by Mozart.csv,1777,Cmaj5-1tet,BC-AG,darkviolet,12
341,357.0 to 357.9583333,13,"[1, 0, 0, 0, 0, 1, 0, 1, 0, 0, 0, 1]",5,gMajor,Piano Sonata K311 i D major.mid by Mozart.csv,1777,Cmaj5-1tet,BC-AG,darkviolet,12
342,358.0 to 358.8333333,12,"[1, 0, 0, 0, 1, 1, 0, 0, 0, 1, 0, 0]",6,fMajor,Piano Sonata K311 i D major.mid by Mozart.csv,1777,AminTriad,ACE,steelblue,14
343,359.0 to 359.75,12,"[1, 0, 0, 1, 1, 0, 0, 0, 0, 1, 0, 0]",2,cMinor,Piano Sonata K311 i D major.mid by Mozart.csv,1777,AminTriad,ACE,steelblue,14
344,360.0 to 360.8333333,16,"[0, 0, 0, 2, 0, 0, 0, 0, 0, 1, 0, 1]",1,bMajor,Piano Sonata K311 i D major.mid by Mozart.csv,1777,chr,FGAB,mediumpurple,10
345,361.0 to 361.9166667,14,"[0, 0, 0, 2, 2, 0, 0, 0, 0, 1, 0, 1]",3,eMajor,Piano Sonata K311 i D major.mid by Mozart.csv,1777,VofAmin,E-BCD,indigo,19
346,362.0 to 362.8333333,14,"[0, 0, 0, 0, 2, 0, 0, 1, 0, 0, 1, 0]",3,gMinor,Piano Sonata K311 i D major.mid by Mozart.csv,1777,VofAmin,E-BCD,indigo,19
347,363.0 to 363.8333333,14,"[0, 0, 0, 0, 2, 0, 0, 1, 0, 0, 1, 0]",3,gMinor,Piano Sonata K311 i D major.mid by Mozart.csv,1777,VofAmin,E-BCD,indigo,19
348,364.0 to 364.875,19,"[1, 0, 0, 0, 0, 2, 0, 1, 0, 2, 0, 0]",6,fMajor,Piano Sonata K311 i D major.mid by Mozart.csv,1777,4ofC,F-AC,cyan,1
349,365.0 to 365.875,19,"[1, 0, 0, 0, 1, 2, 0, 0, 0, 1, 0, 0]",6,fMajor,Piano Sonata K311 i D major.mid by Mozart.csv,1777,4ofC,F-AC,cyan,1
350,366.0 to 366.875,13,"[2, 0, 0, 1, 0, 1, 0, 0, 0, 1, 0, 1]",2,fMajor,Piano Sonata K311 i D major.mid by Mozart.csv,1777,Cmaj5-1tet,BC-AG,darkviolet,12
351,367.0 to 367.8333333,9,"[1, 0, 0, 0, 0, 1, 0, 0, 0, 2, 0, 1]",6,fMajor,Piano Sonata K311 i D major.mid by Mozart.csv,1777,6-1ofC,A-CF,deepskyblue,7
352,368.0 to 368.8333333,14,"[0, 0, 0, 0, 2, 1, 0, 0, 2, 0, 0, 1]",3,eMajor,Piano Sonata K311 i D major.mid by Mozart.csv,1777,VofAmin,E-BCD,indigo,19
353,369.0 to 369.8333333,14,"[0, 0, 1, 0, 2, 0, 0, 0, 2, 0, 0, 1]",3,eMajor,Piano Sonata K311 i D major.mid by Mozart.csv,1777,VofAmin,E-BCD,indigo,19
354,370.125 to 370.9583333,13,"[2, 0, 0, 1, 0, 0, 1, 0, 0, 1, 0, 1]",2,fMajor,Piano Sonata K311 i D major.mid by Mozart.csv,1777,Cmaj5-1tet,BC-AG,darkviolet,12
355,371.0 to 371.875,9,"[1, 0, 0, 1, 0, 0, 1, 0, 0, 2, 0, 1]",7,dMajor,Piano Sonata K311 i D major.mid by Mozart.csv,1777,6-1ofC,A-CF,deepskyblue,7
356,372.0 to 372.75,15,"[1, 0, 1, 0, 2, 1, 0, 0, 0, 0, 0, 0]",3,cMajor,Piano Sonata K311 i D major.mid by Mozart.csv,1777,Cmaj1-4tet,C-DEF,blue,3
357,373.125 to 373.75,14,"[1, 0, 1, 0, 2, 0, 0, 0, 0, 0, 0, 1]",3,cMajor,Piano Sonata K311 i D major.mid by Mozart.csv,1777,VofAmin,E-BCD,indigo,19
358,374.0 to 374.75,12,"[1, 0, 1, 0, 2, 0, 0, 0, 0, 1, 0, 1]",3,cMinor,Piano Sonata K311 i D major.mid by Mozart.csv,1777,AminTriad,ACE,steelblue,14
359,375.0 to 375.625,12,"[1, 0, 0, 0, 1, 0, 0, 0, 1, 1, 0, 1]",2,cMinor,Piano Sonata K311 i D major.mid by Mozart.csv,1777,AminTriad,ACE,steelblue,14
360,376.125 to 376.125,5,"[0, 0, 1, 0, 0, 0, 0, 0, 1, 1, 0, 1]",7,gMajor,Piano Sonata K311 i D major.mid by Mozart.csv,1777,Gmaj3rd5th,BD-G,gold,17
361,377.125 to 377.25,14,"[0, 0, 1, 0, 1, 0, 0, 0, 1, 1, 0, 1]",7,eMajor,Piano Sonata K311 i D major.mid by Mozart.csv,1777,VofAmin,E-BCD,indigo,19
362,378.125 to 378.7916667,9,"[1, 0, 0, 0, 0, 0, 0, 0, 0, 2, 0, 0]",6,fMajor,Piano Sonata K311 i D major.mid by Mozart.csv,1777,6-1ofC,A-CF,deepskyblue,7
363,380.0 to 380.0,9,"[1, 0, 0, 0, 1, 0, 0, 0, 0, 3, 0, 0]",6,cMinor,Piano Sonata K311 i D major.mid by Mozart.csv,1777,6-1ofC,A-CF,deepskyblue,7
364,381.6666667 to 381.875,4,"[1, 0, 0, 0, 1, 0, 0, 2, 0, 2, 1, 0]",1,cMajor,Piano Sonata K311 i D major.mid by Mozart.csv,1777,Cmaj3rd5th,EG-C,mediumvioletred,8
365,382.125 to 382.25,4,"[1, 0, 0, 0, 1, 0, 0, 2, 0, 0, 1, 0]",8,cMajor,Piano Sonata K311 i D major.mid by Mozart.csv,1777,Cmaj3rd5th,EG-C,mediumvioletred,8
366,384.0 to 384.0,19,"[1, 0, 0, 0, 0, 2, 0, 0, 0, 1, 0, 0]",6,fMajor,Piano Sonata K311 i D major.mid by Mozart.csv,1777,4ofC,F-AC,cyan,1
367,385.5 to 385.625,19,"[1, 1, 0, 0, 0, 2, 0, 0, 0, 1, 0, 0]",6,fMajor,Piano Sonata K311 i D major.mid by Mozart.csv,1777,4ofC,F-AC,cyan,1
368,386.0 to 386.75,14,"[0, 1, 1, 0, 2, 0, 0, 0, 0, 0, 1, 0]",3,eMinor,Piano Sonata K311 i D major.mid by Mozart.csv,1777,VofAmin,E-BCD,indigo,19
369,389.0 to 389.9166667,9,"[1, 0, 0, 0, 0, 1, 0, 0, 0, 1, 0, 0]",6,fMajor,Piano Sonata K311 i D major.mid by Mozart.csv,1777,6-1ofC,A-CF,deepskyblue,7
370,390.0 to 390.75,11,"[1, 0, 0, 0, 0, 1, 0, 1, 0, 0, 1, 0]",1,e-Major,Piano Sonata K311 i D major.mid by Mozart.csv,1777,iv_ofDmin,GBb-C#D,yellow,0
371,391.0 to 391.75,19,"[0, 0, 0, 0, 0, 2, 0, 0, 0, 1, 1, 0]",6,fMajor,Piano Sonata K311 i D major.mid by Mozart.csv,1777,4ofC,F-AC,cyan,1
372,392.0 to 392.875,15,"[1, 0, 1, 0, 2, 1, 0, 0, 0, 0, 1, 0]",3,cMajor,Piano Sonata K311 i D major.mid by Mozart.csv,1777,Cmaj1-4tet,C-DEF,blue,3
373,393.0 to 393.9583333,15,"[1, 0, 1, 0, 2, 1, 0, 0, 0, 0, 1, 0]",3,cMajor,Piano Sonata K311 i D major.mid by Mozart.csv,1777,Cmaj1-4tet,C-DEF,blue,3
374,394.125 to 394.875,10,"[0, 0, 0, 0, 1, 2, 0, 1, 0, 0, 1, 0]",4,b-Major,Piano Sonata K311 i D major.mid by Mozart.csv,1777,Cmaj2-5tet,DEFG,violet,6
375,395.0 to 395.9583333,14,"[0, 0, 1, 0, 2, 1, 0, 0, 0, 0, 1, 0]",3,b-Major,Piano Sonata K311 i D major.mid by Mozart.csv,1777,VofAmin,E-BCD,indigo,19
376,396.125 to 396.9583333,12,"[1, 0, 0, 0, 1, 1, 0, 0, 0, 1, 0, 0]",6,fMajor,Piano Sonata K311 i D major.mid by Mozart.csv,1777,AminTriad,ACE,steelblue,14
377,397.125 to 397.875,9,"[1, 0, 0, 0, 0, 1, 0, 0, 0, 1, 0, 0]",6,fMajor,Piano Sonata K311 i D major.mid by Mozart.csv,1777,6-1ofC,A-CF,deepskyblue,7
378,398.0 to 398.75,11,"[1, 0, 0, 0, 0, 1, 0, 1, 0, 0, 1, 0]",1,e-Major,Piano Sonata K311 i D major.mid by Mozart.csv,1777,iv_ofDmin,GBb-C#D,yellow,0
379,399.0 to 399.875,19,"[0, 0, 0, 0, 0, 2, 0, 0, 0, 1, 0, 0]",6,fMajor,Piano Sonata K311 i D major.mid by Mozart.csv,1777,4ofC,F-AC,cyan,1
380,400.0 to 400.875,11,"[0, 0, 2, 0, 0, 0, 0, 2, 0, 0, 1, 0]",9,b-Minor,Piano Sonata K311 i D major.mid by Mozart.csv,1777,iv_ofDmin,GBb-C#D,yellow,0
381,401.0 to 401.875,11,"[1, 0, 2, 0, 0, 0, 0, 2, 0, 1, 2, 0]",9,b-Minor,Piano Sonata K311 i D major.mid by Mozart.csv,1777,iv_ofDmin,GBb-C#D,yellow,0
382,402.0 to 402.8333333,19,"[1, 0, 0, 0, 0, 2, 0, 1, 0, 1, 0, 0]",6,fMajor,Piano Sonata K311 i D major.mid by Mozart.csv,1777,4ofC,F-AC,cyan,1
383,403.0 to 403.7916667,4,"[1, 0, 0, 0, 1, 1, 0, 1, 0, 1, 1, 0]",6,cMajor,Piano Sonata K311 i D major.mid by Mozart.csv,1777,Cmaj3rd5th,EG-C,mediumvioletred,8
384,404.0 to 404.75,19,"[1, 0, 0, 0, 0, 2, 0, 1, 0, 1, 0, 0]",6,fMajor,Piano Sonata K311 i D major.mid by Mozart.csv,1777,4ofC,F-AC,cyan,1
385,405.0 to 405.75,9,"[1, 0, 0, 0, 0, 1, 0, 0, 0, 1, 0, 0]",6,fMajor,Piano Sonata K311 i D major.mid by Mozart.csv,1777,6-1ofC,A-CF,deepskyblue,7
386,406.0 to 406.75,11,"[0, 0, 0, 0, 0, 1, 0, 1, 0, 0, 1, 0]",5,e-Major,Piano Sonata K311 i D major.mid by Mozart.csv,1777,iv_ofDmin,GBb-C#D,yellow,0
387,407.0 to 407.875,19,"[0, 0, 0, 0, 0, 2, 0, 0, 0, 1, 0, 0]",6,fMajor,Piano Sonata K311 i D major.mid by Mozart.csv,1777,4ofC,F-AC,cyan,1
388,408.0 to 408.875,15,"[1, 0, 1, 0, 2, 1, 0, 0, 0, 1, 1, 0]",3,cMinor,Piano Sonata K311 i D major.mid by Mozart.csv,1777,Cmaj1-4tet,C-DEF,blue,3
389,409.0 to 409.9583333,15,"[1, 0, 1, 0, 2, 1, 0, 0, 0, 0, 1, 0]",3,cMajor,Piano Sonata K311 i D major.mid by Mozart.csv,1777,Cmaj1-4tet,C-DEF,blue,3
390,410.0 to 410.875,10,"[0, 0, 0, 0, 1, 2, 0, 1, 0, 0, 1, 0]",4,b-Major,Piano Sonata K311 i D major.mid by Mozart.csv,1777,Cmaj2-5tet,DEFG,violet,6
391,411.0 to 411.8333333,14,"[0, 0, 1, 0, 2, 1, 0, 0, 0, 0, 1, 0]",3,b-Major,Piano Sonata K311 i D major.mid by Mozart.csv,1777,VofAmin,E-BCD,indigo,19
392,412.0 to 412.8333333,12,"[1, 0, 0, 0, 1, 1, 0, 0, 0, 1, 0, 0]",6,fMajor,Piano Sonata K311 i D major.mid by Mozart.csv,1777,AminTriad,ACE,steelblue,14
393,413.0 to 413.875,9,"[1, 0, 0, 0, 0, 1, 0, 0, 0, 1, 0, 0]",6,fMajor,Piano Sonata K311 i D major.mid by Mozart.csv,1777,6-1ofC,A-CF,deepskyblue,7
394,414.0 to 414.75,11,"[0, 0, 0, 0, 0, 1, 0, 1, 0, 0, 1, 0]",5,e-Major,Piano Sonata K311 i D major.mid by Mozart.csv,1777,iv_ofDmin,GBb-C#D,yellow,0
395,415.0 to 415.875,19,"[0, 0, 0, 0, 0, 2, 0, 0, 0, 1, 0, 0]",6,fMajor,Piano Sonata K311 i D major.mid by Mozart.csv,1777,4ofC,F-AC,cyan,1
396,416.0 to 416.875,11,"[0, 0, 2, 0, 0, 0, 0, 2, 0, 0, 1, 0]",9,b-Minor,Piano Sonata K311 i D major.mid by Mozart.csv,1777,iv_ofDmin,GBb-C#D,yellow,0
397,417.0 to 417.875,11,"[1, 0, 2, 0, 0, 0, 0, 2, 0, 1, 2, 0]",9,b-Minor,Piano Sonata K311 i D major.mid by Mozart.csv,1777,iv_ofDmin,GBb-C#D,yellow,0
398,418.0 to 418.8333333,19,"[1, 0, 0, 0, 0, 2, 0, 1, 0, 1, 0, 0]",6,fMajor,Piano Sonata K311 i D major.mid by Mozart.csv,1777,4ofC,F-AC,cyan,1
399,419.0 to 419.875,4,"[1, 0, 0, 0, 1, 1, 0, 1, 0, 1, 1, 0]",6,cMajor,Piano Sonata K311 i D major.mid by Mozart.csv,1777,Cmaj3rd5th,EG-C,mediumvioletred,8
400,420.0 to 420.875,19,"[0, 0, 0, 0, 1, 2, 0, 1, 0, 1, 0, 0]",6,fMajor,Piano Sonata K311 i D major.mid by Mozart.csv,1777,4ofC,F-AC,cyan,1
401,421.0 to 421.875,4,"[1, 0, 0, 0, 2, 1, 0, 1, 0, 1, 1, 0]",3,cMajor,Piano Sonata K311 i D major.mid by Mozart.csv,1777,Cmaj3rd5th,EG-C,mediumvioletred,8
402,422.0 to 422.75,19,"[1, 0, 0, 0, 1, 2, 0, 1, 0, 1, 1, 0]",6,fMajor,Piano Sonata K311 i D major.mid by Mozart.csv,1777,4ofC,F-AC,cyan,1
403,423.0 to 423.83333330000005,4,"[1, 0, 0, 0, 1, 1, 0, 1, 0, 1, 1, 0]",6,cMajor,Piano Sonata K311 i D major.mid by Mozart.csv,1777,Cmaj3rd5th,EG-C,mediumvioletred,8
404,424.0 to 424.75,19,"[1, 0, 0, 0, 1, 2, 0, 1, 0, 1, 1, 0]",6,fMajor,Piano Sonata K311 i D major.mid by Mozart.csv,1777,4ofC,F-AC,cyan,1
405,425.0 to 425.83333330000005,4,"[1, 0, 0, 0, 1, 1, 0, 1, 0, 1, 1, 0]",6,cMajor,Piano Sonata K311 i D major.mid by Mozart.csv,1777,Cmaj3rd5th,EG-C,mediumvioletred,8
406,426.0 to 426.83333330000005,15,"[2, 0, 0, 0, 1, 1, 0, 1, 0, 1, 1, 0]",8,cMajor,Piano Sonata K311 i D major.mid by Mozart.csv,1777,Cmaj1-4tet,C-DEF,blue,3
407,427.0 to 427.75,18,"[2, 0, 2, 0, 0, 1, 0, 0, 0, 1, 0, 1]",7,fMajor,Piano Sonata K311 i D major.mid by Mozart.csv,1777,V-IofC,D-GBC,crimson,11
408,428.0 to 428.75,18,"[1, 0, 1, 0, 1, 0, 0, 1, 0, 0, 0, 1]",0,cMajor,Piano Sonata K311 i D major.mid by Mozart.csv,1777,V-IofC,D-GBC,crimson,11
409,429.0 to 429.83333330000005,10,"[1, 0, 1, 0, 1, 1, 0, 1, 0, 0, 0, 1]",4,cMajor,Piano Sonata K311 i D major.mid by Mozart.csv,1777,Cmaj2-5tet,DEFG,violet,6
410,430.0 to 430.75,15,"[2, 0, 1, 0, 1, 1, 0, 1, 0, 0, 0, 1]",8,cMajor,Piano Sonata K311 i D major.mid by Mozart.csv,1777,Cmaj1-4tet,C-DEF,blue,3
411,431.0 to 431.83333330000005,18,"[1, 0, 1, 0, 1, 1, 0, 1, 0, 0, 0, 2]",0,gMajor,Piano Sonata K311 i D major.mid by Mozart.csv,1777,V-IofC,D-GBC,crimson,11
412,432.0 to 432.83333330000005,15,"[2, 0, 1, 0, 1, 1, 0, 1, 0, 0, 0, 1]",8,cMajor,Piano Sonata K311 i D major.mid by Mozart.csv,1777,Cmaj1-4tet,C-DEF,blue,3
413,433.0 to 433.83333330000005,12,"[1, 1, 1, 0, 1, 0, 0, 1, 0, 1, 0, 0]",1,cMajor,Piano Sonata K311 i D major.mid by Mozart.csv,1777,AminTriad,ACE,steelblue,14
414,434.0 to 434.75,2,"[0, 1, 2, 0, 1, 1, 0, 0, 0, 1, 0, 0]",4,fMinor,Piano Sonata K311 i D major.mid by Mozart.csv,1777,2/4ofCmaj,DF,green,4
415,435.0 to 435.75,10,"[0, 1, 1, 0, 1, 1, 0, 1, 0, 1, 0, 0]",4,aMajor,Piano Sonata K311 i D major.mid by Mozart.csv,1777,Cmaj2-5tet,DEFG,violet,6
416,436.0 to 436.75,10,"[0, 1, 2, 0, 1, 1, 0, 1, 0, 1, 0, 0]",4,fMinor,Piano Sonata K311 i D major.mid by Mozart.csv,1777,Cmaj2-5tet,DEFG,violet,6
417,437.0 to 437.83333330000005,2,"[0, 0, 2, 0, 1, 1, 0, 0, 0, 1, 0, 1]",4,fMinor,Piano Sonata K311 i D major.mid by Mozart.csv,1777,2/4ofCmaj,DF,green,4
418,438.0 to 438.83333330000005,10,"[1, 0, 1, 0, 2, 1, 0, 1, 0, 1, 0, 0]",3,cMajor,Piano Sonata K311 i D major.mid by Mozart.csv,1777,Cmaj2-5tet,DEFG,violet,6
419,439.0 to 439.75,10,"[0, 0, 2, 0, 1, 1, 0, 1, 0, 1, 0, 1]",4,gMajor,Piano Sonata K311 i D major.mid by Mozart.csv,1777,Cmaj2-5tet,DEFG,violet,6
420,440.0 to 440.83333330000005,10,"[1, 0, 1, 0, 2, 1, 0, 1, 0, 1, 0, 0]",3,cMajor,Piano Sonata K311 i D major.mid by Mozart.csv,1777,Cmaj2-5tet,DEFG,violet,6
421,441.0 to 441.83333330000005,10,"[0, 0, 1, 0, 2, 1, 0, 1, 0, 0, 1, 0]",3,cMajor,Piano Sonata K311 i D major.mid by Mozart.csv,1777,Cmaj2-5tet,DEFG,violet,6
422,442.0 to 442.75,4,"[1, 0, 0, 0, 1, 1, 0, 1, 0, 1, 1, 0]",6,cMajor,Piano Sonata K311 i D major.mid by Mozart.csv,1777,Cmaj3rd5th,EG-C,mediumvioletred,8
423,443.0 to 443.75,12,"[1, 1, 0, 0, 1, 1, 0, 0, 0, 1, 0, 0]",6,aMajor,Piano Sonata K311 i D major.mid by Mozart.csv,1777,AminTriad,ACE,steelblue,14
424,444.0 to 444.75,2,"[0, 1, 1, 0, 1, 1, 0, 0, 0, 1, 0, 0]",4,aMajor,Piano Sonata K311 i D major.mid by Mozart.csv,1777,2/4ofCmaj,DF,green,4
425,445.0 to 445.875,5,"[0, 0, 2, 0, 0, 1, 0, 1, 0, 1, 0, 1]",0,gMajor,Piano Sonata K311 i D major.mid by Mozart.csv,1777,Gmaj3rd5th,BD-G,gold,17
426,446.0 to 446.83333330000005,18,"[1, 0, 1, 0, 1, 0, 0, 1, 0, 0, 0, 1]",0,cMajor,Piano Sonata K311 i D major.mid by Mozart.csv,1777,V-IofC,D-GBC,crimson,11
427,447.0 to 447.83333330000005,4,"[1, 0, 0, 0, 1, 0, 0, 1, 1, 0, 0, 1]",1,cMajor,Piano Sonata K311 i D major.mid by Mozart.csv,1777,Cmaj3rd5th,EG-C,mediumvioletred,8
428,448.0 to 448.83333330000005,12,"[1, 0, 0, 0, 1, 0, 0, 0, 1, 1, 0, 1]",2,cMinor,Piano Sonata K311 i D major.mid by Mozart.csv,1777,AminTriad,ACE,steelblue,14
429,449.0 to 449.75,11,"[1, 1, 0, 0, 1, 0, 0, 1, 0, 1, 1, 0]",1,cMajor,Piano Sonata K311 i D major.mid by Mozart.csv,1777,iv_ofDmin,GBb-C#D,yellow,0
430,450.0 to 450.75,11,"[0, 1, 1, 0, 1, 1, 0, 1, 0, 1, 1, 0]",4,aMajor,Piano Sonata K311 i D major.mid by Mozart.csv,1777,iv_ofDmin,GBb-C#D,yellow,0
431,451.0 to 451.75,10,"[0, 0, 0, 0, 1, 1, 0, 1, 0, 0, 0, 0]",4,cMajor,Piano Sonata K311 i D major.mid by Mozart.csv,1777,Cmaj2-5tet,DEFG,violet,6
432,452.0 to 452.83333330000005,13,"[1, 0, 1, 0, 0, 1, 0, 0, 0, 1, 0, 1]",7,fMajor,Piano Sonata K311 i D major.mid by Mozart.csv,1777,Cmaj5-1tet,BC-AG,darkviolet,12
433,453.0 to 453.75,10,"[0, 0, 1, 0, 1, 2, 0, 1, 0, 1, 0, 1]",4,fMinor,Piano Sonata K311 i D major.mid by Mozart.csv,1777,Cmaj2-5tet,DEFG,violet,6
434,454.0 to 454.875,2,"[0, 0, 2, 0, 1, 2, 0, 0, 0, 0, 0, 0]",4,b-Major,Piano Sonata K311 i D major.mid by Mozart.csv,1777,2/4ofCmaj,DF,green,4
435,455.0 to 455.83333330000005,7,"[1, 0, 2, 0, 1, 0, 1, 0, 0, 1, 0, 1]",7,dMajor,Piano Sonata K311 i D major.mid by Mozart.csv,1777,V7ofG,DF#AC,lime,18
436,456.0 to 456.75,3,"[1, 0, 0, 0, 0, 1, 0, 2, 0, 0, 0, 1]",5,cMajor,Piano Sonata K311 i D major.mid by Mozart.csv,1777,Gmaj-root,G-BD,red,9
437,457.0 to 457.5,8,"[2, 0, 0, 0, 1, 0, 0, 0, 0, 0, 0, 0]",2,cMajor,Piano Sonata K311 i D major.mid by Mozart.csv,1777,Cmaj-root,C-EG,slateblue,2
438,458.0 to 458.75,3,"[0, 0, 1, 0, 0, 1, 0, 2, 0, 0, 0, 1]",9,gMajor,Piano Sonata K311 i D major.mid by Mozart.csv,1777,Gmaj-root,G-BD,red,9
439,459.0 to 459.83333330000005,15,"[2, 0, 1, 0, 2, 1, 0, 0, 0, 0, 0, 0]",3,cMajor,Piano Sonata K311 i D major.mid by Mozart.csv,1777,Cmaj1-4tet,C-DEF,blue,3
440,460.0 to 460.83333330000005,3,"[1, 0, 0, 0, 0, 1, 0, 2, 0, 0, 0, 1]",5,cMajor,Piano Sonata K311 i D major.mid by Mozart.csv,1777,Gmaj-root,G-BD,red,9
441,461.0 to 461.5,8,"[2, 0, 0, 0, 1, 0, 0, 0, 0, 0, 0, 0]",2,cMajor,Piano Sonata K311 i D major.mid by Mozart.csv,1777,Cmaj-root,C-EG,slateblue,2
442,462.0 to 462.75,3,"[0, 0, 1, 0, 0, 1, 0, 2, 0, 0, 0, 1]",9,gMajor,Piano Sonata K311 i D major.mid by Mozart.csv,1777,Gmaj-root,G-BD,red,9
443,463.0 to 463.83333330000005,15,"[2, 0, 1, 0, 2, 1, 0, 0, 0, 0, 0, 0]",3,cMajor,Piano Sonata K311 i D major.mid by Mozart.csv,1777,Cmaj1-4tet,C-DEF,blue,3
444,464.0 to 464.75,6,"[0, 0, 2, 0, 0, 0, 0, 3, 0, 0, 0, 1]",9,gMajor,Piano Sonata K311 i D major.mid by Mozart.csv,1777,GmajTriad,GBD,orange,13
445,465.0 to 465.75,17,"[2, 0, 0, 0, 2, 0, 0, 2, 0, 0, 0, 0]",8,cMajor,Piano Sonata K311 i D major.mid by Mozart.csv,1777,CmajTriad,CEG,blueviolet,5
446,466.0 to 466.75,6,"[0, 0, 2, 0, 0, 0, 0, 3, 0, 0, 0, 1]",9,gMajor,Piano Sonata K311 i D major.mid by Mozart.csv,1777,GmajTriad,GBD,orange,13
447,467.0 to 467.75,17,"[2, 0, 0, 0, 2, 0, 0, 2, 0, 0, 0, 0]",8,cMajor,Piano Sonata K311 i D major.mid by Mozart.csv,1777,CmajTriad,CEG,blueviolet,5
448,468.0 to 468.5,6,"[0, 0, 2, 0, 0, 0, 0, 3, 0, 0, 0, 2]",9,gMajor,Piano Sonata K311 i D major.mid by Mozart.csv,1777,GmajTriad,GBD,orange,13
449,469.0 to 469.5,6,"[0, 0, 2, 0, 0, 0, 0, 3, 0, 0, 0, 2]",9,gMajor,Piano Sonata K311 i D major.mid by Mozart.csv,1777,GmajTriad,GBD,orange,13
450,470.125 to 470.75,6,"[0, 0, 2, 0, 0, 1, 0, 3, 0, 0, 0, 2]",9,gMajor,Piano Sonata K311 i D major.mid by Mozart.csv,1777,GmajTriad,GBD,orange,13
451,471.0 to 471.83333330000005,2,"[0, 0, 1, 0, 1, 1, 0, 0, 0, 0, 0, 0]",4,b-Major,Piano Sonata K311 i D major.mid by Mozart.csv,1777,2/4ofCmaj,DF,green,4
452,472.0 to 472.625,1,"[1, 0, 0, 0, 1, 1, 1, 1, 0, 0, 0, 0]",1,cMajor,Piano Sonata K311 i D major.mid by Mozart.csv,1777,Gmaj-IV/vii,F#G-ACE,salmon,16
453,473.0 to 473.75,2,"[0, 0, 1, 0, 0, 1, 0, 1, 0, 0, 0, 0]",4,gMajor,Piano Sonata K311 i D major.mid by Mozart.csv,1777,2/4ofCmaj,DF,green,4
454,474.0 to 474.625,4,"[1, 0, 0, 0, 1, 0, 0, 1, 0, 0, 0, 1]",1,cMajor,Piano Sonata K311 i D major.mid by Mozart.csv,1777,Cmaj3rd5th,EG-C,mediumvioletred,8
455,475.125 to 475.625,13,"[1, 0, 0, 0, 1, 0, 0, 1, 0, 1, 0, 1]",1,cMajor,Piano Sonata K311 i D major.mid by Mozart.csv,1777,Cmaj5-1tet,BC-AG,darkviolet,12
456,476.0 to 476.625,14,"[0, 0, 1, 0, 2, 1, 0, 0, 0, 1, 0, 0]",3,aMajor,Piano Sonata K311 i D major.mid by Mozart.csv,1777,VofAmin,E-BCD,indigo,19
457,477.0 to 477.5,19,"[0, 0, 1, 0, 0, 2, 0, 0, 0, 1, 0, 0]",4,fMinor,Piano Sonata K311 i D major.mid by Mozart.csv,1777,4ofC,F-AC,cyan,1
458,478.0 to 478.625,5,"[0, 0, 1, 0, 0, 1, 0, 1, 0, 0, 0, 1]",0,gMajor,Piano Sonata K311 i D major.mid by Mozart.csv,1777,Gmaj3rd5th,BD-G,gold,17
459,479.0 to 479.625,10,"[0, 0, 1, 0, 1, 1, 0, 1, 0, 0, 0, 0]",4,cMajor,Piano Sonata K311 i D major.mid by Mozart.csv,1777,Cmaj2-5tet,DEFG,violet,6
460,480.0 to 480.625,4,"[1, 0, 0, 0, 1, 0, 0, 1, 0, 0, 0, 1]",1,cMajor,Piano Sonata K311 i D major.mid by Mozart.csv,1777,Cmaj3rd5th,EG-C,mediumvioletred,8
461,481.0 to 481.625,5,"[0, 0, 1, 0, 0, 0, 0, 1, 0, 0, 0, 1]",0,gMajor,Piano Sonata K311 i D major.mid by Mozart.csv,1777,Gmaj3rd5th,BD-G,gold,17
462,482.0 to 482.625,4,"[1, 0, 0, 1, 1, 0, 0, 1, 0, 0, 0, 0]",1,cMajor,Piano Sonata K311 i D major.mid by Mozart.csv,1777,Cmaj3rd5th,EG-C,mediumvioletred,8
463,483.0 to 483.83333330000005,9,"[1, 0, 0, 0, 0, 1, 0, 1, 0, 1, 0, 0]",6,fMajor,Piano Sonata K311 i D major.mid by Mozart.csv,1777,6-1ofC,A-CF,deepskyblue,7
464,484.0 to 484.5,4,"[1, 0, 0, 0, 1, 0, 0, 1, 0, 0, 0, 0]",1,cMajor,Piano Sonata K311 i D major.mid by Mozart.csv,1777,Cmaj3rd5th,EG-C,mediumvioletred,8
465,485.0 to 485.75,4,"[1, 0, 0, 0, 2, 1, 0, 1, 0, 0, 0, 0]",3,cMajor,Piano Sonata K311 i D major.mid by Mozart.csv,1777,Cmaj3rd5th,EG-C,mediumvioletred,8
466,486.0 to 486.5,5,"[0, 0, 1, 0, 1, 0, 0, 1, 0, 0, 0, 1]",0,gMajor,Piano Sonata K311 i D major.mid by Mozart.csv,1777,Gmaj3rd5th,BD-G,gold,17
467,487.0 to 487.5,16,"[0, 0, 0, 0, 0, 1, 1, 0, 0, 0, 0, 0]",1,c#Major,Piano Sonata K311 i D major.mid by Mozart.csv,1777,chr,FGAB,mediumpurple,10
468,488.0 to 488.625,1,"[1, 0, 0, 1, 0, 0, 1, 1, 0, 0, 0, 0]",1,e-Minor,Piano Sonata K311 i D major.mid by Mozart.csv,1777,Gmaj-IV/vii,F#G-ACE,salmon,16
469,489.0 to 489.625,2,"[0, 0, 1, 0, 0, 1, 0, 1, 0, 0, 0, 0]",4,gMajor,Piano Sonata K311 i D major.mid by Mozart.csv,1777,2/4ofCmaj,DF,green,4
470,490.0 to 490.5,11,"[1, 0, 0, 1, 0, 0, 0, 1, 0, 0, 1, 0]",1,e-Major,Piano Sonata K311 i D major.mid by Mozart.csv,1777,iv_ofDmin,GBb-C#D,yellow,0
471,491.0 to 491.875,16,"[1, 0, 0, 1, 0, 0, 0, 1, 1, 0, 0, 0]",1,g#Major,Piano Sonata K311 i D major.mid by Mozart.csv,1777,chr,FGAB,mediumpurple,10
472,492.0 to 492.625,2,"[0, 0, 1, 0, 1, 1, 0, 0, 1, 0, 0, 0]",4,c#Major,Piano Sonata K311 i D major.mid by Mozart.csv,1777,2/4ofCmaj,DF,green,4
473,493.0 to 493.875,10,"[0, 0, 1, 0, 1, 2, 0, 1, 1, 0, 0, 0]",4,c#Major,Piano Sonata K311 i D major.mid by Mozart.csv,1777,Cmaj2-5tet,DEFG,violet,6
474,494.0 to 494.625,5,"[0, 0, 1, 0, 0, 1, 0, 1, 0, 0, 0, 1]",0,gMajor,Piano Sonata K311 i D major.mid by Mozart.csv,1777,Gmaj3rd5th,BD-G,gold,17
475,495.0 to 495.625,5,"[0, 0, 1, 1, 0, 0, 0, 1, 0, 0, 0, 1]",0,gMajor,Piano Sonata K311 i D major.mid by Mozart.csv,1777,Gmaj3rd5th,BD-G,gold,17
476,496.0 to 496.625,16,"[1, 0, 0, 1, 0, 1, 0, 1, 0, 0, 0, 0]",1,e-Minor,Piano Sonata K311 i D major.mid by Mozart.csv,1777,chr,FGAB,mediumpurple,10
477,497.0 to 497.625,11,"[0, 0, 1, 0, 0, 0, 0, 1, 0, 0, 1, 0]",0,b-Minor,Piano Sonata K311 i D major.mid by Mozart.csv,1777,iv_ofDmin,GBb-C#D,yellow,0
478,498.0 to 498.75,13,"[1, 0, 0, 1, 0, 0, 0, 0, 1, 0, 0, 1]",1,bMinor,Piano Sonata K311 i D major.mid by Mozart.csv,1777,Cmaj5-1tet,BC-AG,darkviolet,12
479,499.0 to 499.625,0,"[1, 0, 1, 0, 0, 0, 1, 0, 0, 0, 0, 0]",7,dMajor,Piano Sonata K311 i D major.mid by Mozart.csv,1777,VofG,D-F#A,greenyellow,15
480,500.0 to 500.625,1,"[1, 0, 0, 0, 0, 0, 1, 1, 0, 0, 0, 0]",1,cMajor,Piano Sonata K311 i D major.mid by Mozart.csv,1777,Gmaj-IV/vii,F#G-ACE,salmon,16
481,501.125 to 501.75,1,"[1, 0, 0, 1, 0, 0, 1, 1, 0, 0, 0, 0]",1,e-Minor,Piano Sonata K311 i D major.mid by Mozart.csv,1777,Gmaj-IV/vii,F#G-ACE,salmon,16
482,502.0 to 502.625,3,"[0, 0, 0, 0, 0, 2, 0, 2, 0, 0, 0, 1]",5,gMajor,Piano Sonata K311 i D major.mid by Mozart.csv,1777,Gmaj-root,G-BD,red,9
483,503.125 to 503.625,14,"[0, 0, 2, 0, 2, 0, 0, 0, 0, 0, 0, 0]",3,cMajor,Piano Sonata K311 i D major.mid by Mozart.csv,1777,VofAmin,E-BCD,indigo,19
484,504.0 to 504.875,8,"[2, 0, 0, 0, 1, 0, 1, 1, 0, 0, 0, 0]",8,cMajor,Piano Sonata K311 i D major.mid by Mozart.csv,1777,Cmaj-root,C-EG,slateblue,2
485,505.0 to 505.75,1,"[1, 0, 0, 0, 0, 0, 1, 1, 0, 1, 0, 0]",1,cMajor,Piano Sonata K311 i D major.mid by Mozart.csv,1777,Gmaj-IV/vii,F#G-ACE,salmon,16
486,506.0 to 506.75,2,"[1, 0, 1, 0, 0, 1, 0, 1, 0, 0, 0, 0]",4,cMajor,Piano Sonata K311 i D major.mid by Mozart.csv,1777,2/4ofCmaj,DF,green,4
487,507.0 to 507.75,3,"[0, 0, 0, 0, 0, 1, 0, 2, 0, 0, 0, 1]",5,gMajor,Piano Sonata K311 i D major.mid by Mozart.csv,1777,Gmaj-root,G-BD,red,9
488,508.0 to 508.75,1,"[1, 0, 0, 0, 1, 0, 1, 1, 0, 0, 0, 0]",1,cMajor,Piano Sonata K311 i D major.mid by Mozart.csv,1777,Gmaj-IV/vii,F#G-ACE,salmon,16
489,509.0 to 509.75,1,"[1, 0, 0, 0, 0, 0, 1, 1, 0, 1, 0, 0]",1,cMajor,Piano Sonata K311 i D major.mid by Mozart.csv,1777,Gmaj-IV/vii,F#G-ACE,salmon,16
490,510.0 to 510.75,2,"[1, 0, 1, 0, 0, 1, 0, 1, 0, 0, 0, 0]",4,cMajor,Piano Sonata K311 i D major.mid by Mozart.csv,1777,2/4ofCmaj,DF,green,4
491,511.0 to 511.75,3,"[0, 0, 0, 0, 0, 1, 0, 2, 0, 0, 0, 1]",5,gMajor,Piano Sonata K311 i D major.mid by Mozart.csv,1777,Gmaj-root,G-BD,red,9
492,512.0 to 512.875,1,"[1, 0, 0, 0, 1, 0, 1, 2, 0, 1, 0, 0]",1,cMajor,Piano Sonata K311 i D major.mid by Mozart.csv,1777,Gmaj-IV/vii,F#G-ACE,salmon,16
493,513.125 to 513.8333333,1,"[1, 0, 0, 0, 0, 0, 1, 1, 0, 0, 0, 0]",1,cMajor,Piano Sonata K311 i D major.mid by Mozart.csv,1777,Gmaj-IV/vii,F#G-ACE,salmon,16
494,514.0 to 514.8333333,2,"[1, 0, 1, 0, 0, 1, 0, 1, 0, 0, 0, 0]",4,cMajor,Piano Sonata K311 i D major.mid by Mozart.csv,1777,2/4ofCmaj,DF,green,4
495,515.0 to 515.75,3,"[0, 0, 0, 0, 0, 1, 0, 2, 0, 0, 0, 1]",5,gMajor,Piano Sonata K311 i D major.mid by Mozart.csv,1777,Gmaj-root,G-BD,red,9
496,516.0 to 516.8333333,1,"[1, 0, 0, 0, 1, 0, 1, 1, 0, 0, 0, 0]",1,cMajor,Piano Sonata K311 i D major.mid by Mozart.csv,1777,Gmaj-IV/vii,F#G-ACE,salmon,16
497,517.0 to 517.75,1,"[1, 0, 0, 0, 0, 0, 1, 1, 0, 1, 0, 0]",1,cMajor,Piano Sonata K311 i D major.mid by Mozart.csv,1777,Gmaj-IV/vii,F#G-ACE,salmon,16
498,518.0 to 518.8333333,2,"[1, 0, 1, 0, 0, 1, 0, 1, 0, 0, 0, 0]",4,cMajor,Piano Sonata K311 i D major.mid by Mozart.csv,1777,2/4ofCmaj,DF,green,4
499,519.0 to 519.75,3,"[0, 0, 0, 0, 0, 1, 0, 2, 0, 0, 0, 1]",5,gMajor,Piano Sonata K311 i D major.mid by Mozart.csv,1777,Gmaj-root,G-BD,red,9
500,520.0 to 520.25,14,"[1, 0, 0, 0, 1, 0, 0, 0, 0, 0, 0, 0]",1,cMajor,Piano Sonata K311 i D major.mid by Mozart.csv,1777,VofAmin,E-BCD,indigo,19
501,521.0 to 521.75,4,"[1, 0, 0, 0, 1, 0, 0, 1, 0, 0, 0, 0]",1,cMajor,Piano Sonata K311 i D major.mid by Mozart.csv,1777,Cmaj3rd5th,EG-C,mediumvioletred,8
502,522.0 to 522.875,2,"[1, 0, 1, 0, 0, 1, 0, 0, 0, 0, 0, 0]",4,fMajor,Piano Sonata K311 i D major.mid by Mozart.csv,1777,2/4ofCmaj,DF,green,4
503,523.0 to 523.875,8,"[2, 0, 0, 0, 1, 0, 0, 0, 0, 0, 0, 0]",2,cMajor,Piano Sonata K311 i D major.mid by Mozart.csv,1777,Cmaj-root,C-EG,slateblue,2
504,524.0 to 524.9166667,13,"[1, 0, 0, 0, 0, 1, 0, 1, 0, 1, 0, 2]",5,fMajor,Piano Sonata K311 i D major.mid by Mozart.csv,1777,Cmaj5-1tet,BC-AG,darkviolet,12
505,525.0 to 525.8333333,13,"[1, 0, 0, 0, 0, 1, 0, 1, 0, 1, 0, 2]",5,fMajor,Piano Sonata K311 i D major.mid by Mozart.csv,1777,Cmaj5-1tet,BC-AG,darkviolet,12
506,526.0 to 526.8333333,18,"[2, 0, 1, 0, 0, 1, 0, 0, 0, 0, 0, 1]",2,fMajor,Piano Sonata K311 i D major.mid by Mozart.csv,1777,V-IofC,D-GBC,crimson,11
507,527.0 to 527.8333333,13,"[1, 0, 0, 0, 0, 1, 0, 0, 0, 1, 0, 2]",6,fMajor,Piano Sonata K311 i D major.mid by Mozart.csv,1777,Cmaj5-1tet,BC-AG,darkviolet,12
508,528.0 to 528.8333333,4,"[1, 0, 0, 0, 1, 0, 0, 1, 0, 0, 0, 1]",1,cMajor,Piano Sonata K311 i D major.mid by Mozart.csv,1777,Cmaj3rd5th,EG-C,mediumvioletred,8
509,529.0 to 529.875,4,"[1, 0, 0, 0, 1, 0, 0, 1, 0, 0, 0, 0]",1,cMajor,Piano Sonata K311 i D major.mid by Mozart.csv,1777,Cmaj3rd5th,EG-C,mediumvioletred,8
510,530.0 to 530.8333333,2,"[1, 0, 1, 0, 0, 1, 0, 0, 0, 0, 0, 0]",4,fMajor,Piano Sonata K311 i D major.mid by Mozart.csv,1777,2/4ofCmaj,DF,green,4
511,531.0 to 531.8333333,8,"[2, 0, 0, 0, 1, 0, 0, 0, 0, 0, 0, 0]",2,cMajor,Piano Sonata K311 i D major.mid by Mozart.csv,1777,Cmaj-root,C-EG,slateblue,2
512,532.0 to 532.9166667,2,"[0, 0, 2, 0, 1, 1, 0, 0, 0, 2, 0, 0]",4,fMinor,Piano Sonata K311 i D major.mid by Mozart.csv,1777,2/4ofCmaj,DF,green,4
513,533.0 to 533.875,19,"[0, 0, 2, 0, 1, 2, 0, 1, 0, 2, 0, 0]",4,fMinor,Piano Sonata K311 i D major.mid by Mozart.csv,1777,4ofC,F-AC,cyan,1
514,534.0 to 534.8333333,8,"[2, 0, 1, 0, 1, 0, 0, 1, 0, 0, 0, 0]",8,cMajor,Piano Sonata K311 i D major.mid by Mozart.csv,1777,Cmaj-root,C-EG,slateblue,2
515,535.0 to 535.875,10,"[1, 0, 1, 0, 1, 1, 0, 1, 0, 0, 0, 1]",4,cMajor,Piano Sonata K311 i D major.mid by Mozart.csv,1777,Cmaj2-5tet,DEFG,violet,6
516,536.0 to 536.75,8,"[2, 0, 0, 0, 1, 0, 0, 0, 0, 0, 0, 0]",2,cMajor,Piano Sonata K311 i D major.mid by Mozart.csv,1777,Cmaj-root,C-EG,slateblue,2
517,537.0 to 537.875,4,"[1, 0, 0, 0, 1, 0, 0, 1, 0, 0, 0, 0]",1,cMajor,Piano Sonata K311 i D major.mid by Mozart.csv,1777,Cmaj3rd5th,EG-C,mediumvioletred,8
518,538.0 to 538.75,2,"[1, 0, 1, 0, 0, 1, 0, 0, 0, 0, 0, 0]",4,fMajor,Piano Sonata K311 i D major.mid by Mozart.csv,1777,2/4ofCmaj,DF,green,4
519,539.0 to 539.875,15,"[2, 0, 0, 0, 1, 1, 0, 0, 0, 0, 0, 0]",2,fMajor,Piano Sonata K311 i D major.mid by Mozart.csv,1777,Cmaj1-4tet,C-DEF,blue,3
520,540.0 to 540.8333332999998,13,"[1, 0, 0, 0, 0, 1, 0, 1, 0, 1, 0, 2]",5,fMajor,Piano Sonata K311 i D major.mid by Mozart.csv,1777,Cmaj5-1tet,BC-AG,darkviolet,12
521,541.0 to 541.8333332999998,13,"[1, 0, 0, 0, 0, 1, 0, 0, 0, 1, 0, 2]",6,fMajor,Piano Sonata K311 i D major.mid by Mozart.csv,1777,Cmaj5-1tet,BC-AG,darkviolet,12
522,542.0 to 542.8333332999998,18,"[2, 0, 1, 0, 0, 1, 0, 0, 0, 0, 0, 1]",2,fMajor,Piano Sonata K311 i D major.mid by Mozart.csv,1777,V-IofC,D-GBC,crimson,11
523,543.0 to 543.8333332999998,13,"[1, 0, 0, 0, 0, 1, 0, 0, 0, 1, 0, 2]",6,fMajor,Piano Sonata K311 i D major.mid by Mozart.csv,1777,Cmaj5-1tet,BC-AG,darkviolet,12
524,544.0 to 544.75,4,"[1, 0, 0, 0, 1, 0, 0, 1, 0, 0, 0, 1]",1,cMajor,Piano Sonata K311 i D major.mid by Mozart.csv,1777,Cmaj3rd5th,EG-C,mediumvioletred,8
525,545.0 to 545.875,4,"[1, 0, 1, 0, 1, 0, 0, 2, 0, 0, 0, 0]",8,cMajor,Piano Sonata K311 i D major.mid by Mozart.csv,1777,Cmaj3rd5th,EG-C,mediumvioletred,8
526,546.0 to 546.75,2,"[1, 0, 1, 0, 0, 2, 0, 0, 0, 0, 0, 0]",4,b-Major,Piano Sonata K311 i D major.mid by Mozart.csv,1777,2/4ofCmaj,DF,green,4
527,547.0 to 547.875,8,"[2, 0, 0, 0, 2, 0, 0, 0, 0, 0, 0, 0]",2,cMajor,Piano Sonata K311 i D major.mid by Mozart.csv,1777,Cmaj-root,C-EG,slateblue,2
528,548.0 to 548.875,2,"[0, 0, 3, 0, 1, 1, 0, 0, 0, 2, 0, 0]",4,fMinor,Piano Sonata K311 i D major.mid by Mozart.csv,1777,2/4ofCmaj,DF,green,4
529,549.0 to 549.875,19,"[0, 0, 2, 0, 1, 2, 0, 1, 0, 2, 0, 0]",4,fMinor,Piano Sonata K311 i D major.mid by Mozart.csv,1777,4ofC,F-AC,cyan,1
530,550.0 to 550.875,8,"[2, 0, 1, 0, 1, 0, 0, 1, 0, 0, 0, 0]",8,cMajor,Piano Sonata K311 i D major.mid by Mozart.csv,1777,Cmaj-root,C-EG,slateblue,2
531,551.0 to 551.875,10,"[1, 0, 1, 0, 1, 1, 0, 1, 0, 0, 0, 1]",4,cMajor,Piano Sonata K311 i D major.mid by Mozart.csv,1777,Cmaj2-5tet,DEFG,violet,6
532,552.0 to 552.25,17,"[3, 0, 0, 0, 2, 0, 0, 2, 0, 0, 0, 0]",8,cMajor,Piano Sonata K311 i D major.mid by Mozart.csv,1777,CmajTriad,CEG,blueviolet,5
533,553.0 to 553.0,8,"[2, 0, 0, 0, 0, 0, 0, 1, 0, 0, 0, 0]",1,cMajor,Piano Sonata K311 i D major.mid by Mozart.csv,1777,Cmaj-root,C-EG,slateblue,2
534,554.0 to 554.75,15,"[1, 0, 1, 0, 2, 1, 0, 0, 0, 0, 0, 0]",3,cMajor,Piano Sonata K311 i D major.mid by Mozart.csv,1777,Cmaj1-4tet,C-DEF,blue,3
535,555.0 to 555.75,10,"[0, 0, 1, 0, 1, 2, 0, 1, 0, 0, 0, 0]",4,b-Major,Piano Sonata K311 i D major.mid by Mozart.csv,1777,Cmaj2-5tet,DEFG,violet,6
536,556.0 to 556.3333332999998,4,"[0, 0, 0, 0, 1, 0, 0, 2, 0, 0, 0, 0]",5,cMajor,Piano Sonata K311 i D major.mid by Mozart.csv,1777,Cmaj3rd5th,EG-C,mediumvioletred,8
537,558.0 to 558.5,16,"[0, 0, 0, 0, 0, 0, 0, 1, 0, 1, 0, 0]",1,cMajor,Piano Sonata K311 i D major.mid by Mozart.csv,1777,chr,FGAB,mediumpurple,10
538,559.0 to 559.5,13,"[1, 0, 0, 0, 0, 0, 0, 0, 0, 0, 0, 1]",1,gMajor,Piano Sonata K311 i D major.mid by Mozart.csv,1777,Cmaj5-1tet,BC-AG,darkviolet,12
539,560.0 to 560.5,4,"[1, 0, 0, 0, 1, 0, 0, 1, 0, 0, 0, 0]",1,cMajor,Piano Sonata K311 i D major.mid by Mozart.csv,1777,Cmaj3rd5th,EG-C,mediumvioletred,8
540,561.0 to 561.5,8,"[2, 0, 0, 0, 1, 0, 0, 0, 0, 0, 0, 0]",2,cMajor,Piano Sonata K311 i D major.mid by Mozart.csv,1777,Cmaj-root,C-EG,slateblue,2
541,562.0 to 562.9166667000002,10,"[1, 0, 1, 0, 1, 1, 0, 1, 0, 0, 0, 0]",4,cMajor,Piano Sonata K311 i D major.mid by Mozart.csv,1777,Cmaj2-5tet,DEFG,violet,6
542,563.0 to 563.625,3,"[0, 0, 0, 0, 0, 1, 0, 2, 0, 0, 0, 1]",5,gMajor,Piano Sonata K311 i D major.mid by Mozart.csv,1777,Gmaj-root,G-BD,red,9
543,564.0 to 564.5,8,"[2, 0, 0, 1, 1, 0, 0, 0, 0, 0, 0, 0]",2,cMinor,Piano Sonata K311 i D major.mid by Mozart.csv,1777,Cmaj-root,C-EG,slateblue,2
544,566.0 to 566.8333332999998,15,"[1, 0, 1, 0, 2, 1, 0, 0, 0, 0, 0, 0]",3,cMajor,Piano Sonata K311 i D major.mid by Mozart.csv,1777,Cmaj1-4tet,C-DEF,blue,3
545,567.0 to 567.75,10,"[0, 0, 1, 0, 1, 2, 0, 1, 0, 0, 0, 0]",4,b-Major,Piano Sonata K311 i D major.mid by Mozart.csv,1777,Cmaj2-5tet,DEFG,violet,6
546,568.0 to 568.25,10,"[0, 0, 0, 0, 1, 1, 0, 2, 0, 0, 0, 0]",5,gMinor,Piano Sonata K311 i D major.mid by Mozart.csv,1777,Cmaj2-5tet,DEFG,violet,6
547,570.0 to 570.5,16,"[0, 0, 0, 0, 0, 0, 0, 1, 0, 1, 0, 0]",1,cMajor,Piano Sonata K311 i D major.mid by Mozart.csv,1777,chr,FGAB,mediumpurple,10
548,571.0 to 571.5,13,"[1, 0, 0, 0, 0, 0, 0, 0, 0, 0, 0, 1]",1,gMajor,Piano Sonata K311 i D major.mid by Mozart.csv,1777,Cmaj5-1tet,BC-AG,darkviolet,12
549,572.0 to 572.625,4,"[1, 0, 0, 0, 1, 0, 0, 1, 0, 0, 0, 0]",1,cMajor,Piano Sonata K311 i D major.mid by Mozart.csv,1777,Cmaj3rd5th,EG-C,mediumvioletred,8
550,573.0 to 573.625,8,"[2, 0, 0, 0, 1, 0, 0, 1, 0, 0, 0, 0]",8,cMajor,Piano Sonata K311 i D major.mid by Mozart.csv,1777,Cmaj-root,C-EG,slateblue,2
551,574.0 to 574.75,10,"[1, 0, 1, 0, 1, 1, 0, 1, 0, 0, 0, 0]",4,cMajor,Piano Sonata K311 i D major.mid by Mozart.csv,1777,Cmaj2-5tet,DEFG,violet,6
552,575.0 to 575.75,10,"[0, 0, 1, 0, 1, 1, 0, 2, 0, 0, 0, 1]",9,gMajor,Piano Sonata K311 i D major.mid by Mozart.csv,1777,Cmaj2-5tet,DEFG,violet,6
553,576.0 to 576.75,15,"[2, 0, 1, 0, 2, 1, 0, 1, 0, 0, 0, 0]",8,cMajor,Piano Sonata K311 i D major.mid by Mozart.csv,1777,Cmaj1-4tet,C-DEF,blue,3
554,577.0 to 577.875,17,"[2, 0, 0, 0, 1, 1, 0, 2, 0, 1, 0, 1]",8,cMajor,Piano Sonata K311 i D major.mid by Mozart.csv,1777,CmajTriad,CEG,blueviolet,5
555,578.0 to 578.8333332999998,9,"[2, 0, 0, 0, 0, 1, 0, 0, 0, 1, 0, 0]",2,fMajor,Piano Sonata K311 i D major.mid by Mozart.csv,1777,6-1ofC,A-CF,deepskyblue,7
556,579.0 to 579.8333332999998,19,"[1, 0, 0, 0, 0, 2, 0, 0, 0, 2, 0, 0]",6,fMajor,Piano Sonata K311 i D major.mid by Mozart.csv,1777,4ofC,F-AC,cyan,1
557,580.0 to 580.8333332999998,4,"[1, 0, 0, 0, 2, 0, 0, 1, 0, 0, 0, 0]",8,cMajor,Piano Sonata K311 i D major.mid by Mozart.csv,1777,Cmaj3rd5th,EG-C,mediumvioletred,8
558,581.0 to 581.875,17,"[2, 0, 0, 0, 2, 0, 0, 2, 0, 0, 0, 0]",8,cMajor,Piano Sonata K311 i D major.mid by Mozart.csv,1777,CmajTriad,CEG,blueviolet,5
559,582.0 to 582.875,2,"[0, 0, 2, 0, 0, 1, 0, 1, 0, 0, 0, 0]",4,b-Major,Piano Sonata K311 i D major.mid by Mozart.csv,1777,2/4ofCmaj,DF,green,4
560,583.0 to 583.75,2,"[0, 0, 1, 0, 0, 2, 0, 1, 0, 0, 0, 1]",4,gMajor,Piano Sonata K311 i D major.mid by Mozart.csv,1777,2/4ofCmaj,DF,green,4
561,584.0 to 584.875,15,"[2, 0, 1, 0, 2, 1, 0, 1, 0, 0, 0, 0]",8,cMajor,Piano Sonata K311 i D major.mid by Mozart.csv,1777,Cmaj1-4tet,C-DEF,blue,3
562,585.0 to 585.9166667000002,17,"[2, 0, 0, 0, 1, 0, 0, 2, 0, 1, 0, 1]",8,cMajor,Piano Sonata K311 i D major.mid by Mozart.csv,1777,CmajTriad,CEG,blueviolet,5
563,586.0 to 586.9166667000002,13,"[2, 0, 1, 0, 0, 1, 0, 0, 0, 1, 0, 1]",2,fMajor,Piano Sonata K311 i D major.mid by Mozart.csv,1777,Cmaj5-1tet,BC-AG,darkviolet,12
564,587.0 to 587.7916667000002,19,"[2, 0, 0, 0, 0, 2, 0, 1, 0, 2, 0, 1]",6,fMajor,Piano Sonata K311 i D major.mid by Mozart.csv,1777,4ofC,F-AC,cyan,1
565,588.0 to 588.9166667000002,17,"[1, 0, 0, 0, 2, 1, 1, 2, 0, 0, 0, 0]",8,cMajor,Piano Sonata K311 i D major.mid by Mozart.csv,1777,CmajTriad,CEG,blueviolet,5
566,589.0 to 589.9166667000002,17,"[2, 0, 1, 0, 2, 1, 0, 2, 0, 0, 0, 0]",8,cMajor,Piano Sonata K311 i D major.mid by Mozart.csv,1777,CmajTriad,CEG,blueviolet,5
567,590.0 to 590.8333332999998,10,"[1, 1, 2, 0, 1, 2, 0, 1, 0, 0, 0, 0]",4,fMinor,Piano Sonata K311 i D major.mid by Mozart.csv,1777,Cmaj2-5tet,DEFG,violet,6
568,591.0 to 591.875,10,"[1, 0, 2, 0, 1, 2, 0, 1, 0, 0, 0, 1]",4,gMajor,Piano Sonata K311 i D major.mid by Mozart.csv,1777,Cmaj2-5tet,DEFG,violet,6
569,592.0 to 592.875,17,"[2, 0, 0, 0, 2, 0, 0, 1, 0, 0, 0, 0]",8,cMajor,Piano Sonata K311 i D major.mid by Mozart.csv,1777,CmajTriad,CEG,blueviolet,5
570,593.0 to 593.8333332999998,6,"[0, 0, 2, 0, 1, 1, 0, 2, 0, 0, 0, 1]",9,gMajor,Piano Sonata K311 i D major.mid by Mozart.csv,1777,GmajTriad,GBD,orange,13
571,594.0 to 594.8333332999998,17,"[2, 0, 0, 0, 2, 0, 0, 1, 0, 0, 0, 0]",8,cMajor,Piano Sonata K311 i D major.mid by Mozart.csv,1777,CmajTriad,CEG,blueviolet,5
572,595.0 to 595.8333332999998,6,"[0, 0, 2, 0, 1, 1, 0, 2, 0, 0, 0, 1]",9,gMajor,Piano Sonata K311 i D major.mid by Mozart.csv,1777,GmajTriad,GBD,orange,13
573,596.0 to 596.25,8,"[2, 0, 0, 0, 1, 0, 0, 0, 0, 0, 0, 0]",2,cMajor,Piano Sonata K311 i D major.mid by Mozart.csv,1777,Cmaj-root,C-EG,slateblue,2
574,597.0 to 597.3333332999998,2,"[0, 0, 1, 0, 0, 1, 0, 0, 2, 0, 0, 1]",4,c#Major,Piano Sonata K311 i D major.mid by Mozart.csv,1777,2/4ofCmaj,DF,green,4
575,598.125 to 598.125,12,"[2, 0, 0, 0, 1, 0, 0, 0, 0, 2, 0, 0]",2,cMinor,Piano Sonata K311 i D major.mid by Mozart.csv,1777,AminTriad,ACE,steelblue,14
576,600.0 to 600.625,19,"[0, 0, 0, 0, 1, 3, 0, 1, 0, 1, 0, 0]",6,fMajor,Piano Sonata K311 i D major.mid by Mozart.csv,1777,4ofC,F-AC,cyan,1
577,601.0 to 601.625,19,"[0, 0, 1, 0, 1, 3, 0, 1, 0, 0, 0, 0]",4,b-Major,Piano Sonata K311 i D major.mid by Mozart.csv,1777,4ofC,F-AC,cyan,1
578,602.0 to 602.625,10,"[1, 0, 1, 0, 1, 1, 0, 2, 0, 0, 0, 0]",8,cMajor,Piano Sonata K311 i D major.mid by Mozart.csv,1777,Cmaj2-5tet,DEFG,violet,6
579,603.0 to 603.5,3,"[1, 0, 1, 0, 1, 0, 0, 2, 0, 0, 0, 1]",9,cMajor,Piano Sonata K311 i D major.mid by Mozart.csv,1777,Gmaj-root,G-BD,red,9
580,604.125 to 604.125,18,"[1, 0, 1, 0, 0, 1, 0, 0, 0, 0, 0, 1]",4,gMajor,Piano Sonata K311 i D major.mid by Mozart.csv,1777,V-IofC,D-GBC,crimson,11
581,605.25 to 605.25,5,"[0, 0, 1, 0, 0, 1, 0, 1, 0, 0, 0, 1]",0,gMajor,Piano Sonata K311 i D major.mid by Mozart.csv,1777,Gmaj3rd5th,BD-G,gold,17
582,606.375 to 606.5,15,"[2, 0, 1, 0, 1, 1, 0, 0, 0, 0, 0, 1]",2,cMajor,Piano Sonata K311 i D major.mid by Mozart.csv,1777,Cmaj1-4tet,C-DEF,blue,3
583,607.5 to 607.5,16,"[1, 0, 0, 0, 0, 0, 0, 0, 0, 0, 0, 0]",1,cMajor,Piano Sonata K311 i D major.mid by Mozart.csv,1777,chr,FGAB,mediumpurple,10
