index,offsetRange,CentroidLabelIndex_entireUnits,"[C,C#,D,E-,E,F,F#,G,G#,A,B-,B]",CentroidLabelIndex_individualUnit,triadLabel,filename
0,3.0 to 3.75,17,"[0, 0, 0, 0, 1, 1, 0, 1, 0, 1, 0, 0]",2,cMajor,Piano Sonata K333 i Bb major.mid by Mozart.csv
1,4.0 to 4.5,0,"[2, 0, 1, 0, 0, 0, 0, 0, 0, 0, 0, 0]",6,cMajor,Piano Sonata K333 i Bb major.mid by Mozart.csv
2,5.0 to 5.5,9,"[1, 0, 0, 0, 1, 0, 0, 1, 0, 0, 0, 0]",8,cMajor,Piano Sonata K333 i Bb major.mid by Mozart.csv
3,6.0 to 6.5,0,"[2, 0, 0, 0, 2, 0, 0, 0, 0, 0, 0, 0]",9,cMajor,Piano Sonata K333 i Bb major.mid by Mozart.csv
4,7.0 to 7.5,17,"[0, 0, 0, 0, 2, 0, 0, 0, 0, 2, 0, 0]",9,aMajor,Piano Sonata K333 i Bb major.mid by Mozart.csv
5,8.0 to 8.5,5,"[0, 0, 1, 0, 0, 0, 0, 1, 0, 0, 0, 0]",4,gMajor,Piano Sonata K333 i Bb major.mid by Mozart.csv
6,9.0 to 9.5,18,"[0, 0, 0, 0, 0, 2, 0, 0, 0, 1, 0, 0]",2,fMajor,Piano Sonata K333 i Bb major.mid by Mozart.csv
7,10.0 to 10.75,18,"[0, 0, 1, 0, 0, 2, 0, 1, 0, 1, 0, 0]",2,fMinor,Piano Sonata K333 i Bb major.mid by Mozart.csv
8,11.0 to 11.75,18,"[0, 0, 1, 0, 1, 2, 0, 1, 0, 1, 0, 0]",2,fMinor,Piano Sonata K333 i Bb major.mid by Mozart.csv
9,12.0 to 12.5,9,"[1, 0, 0, 0, 0, 0, 0, 1, 0, 0, 0, 0]",8,cMajor,Piano Sonata K333 i Bb major.mid by Mozart.csv
10,13.0 to 13.5,4,"[0, 0, 1, 0, 0, 1, 0, 0, 0, 0, 0, 1]",1,gMajor,Piano Sonata K333 i Bb major.mid by Mozart.csv
11,14.0 to 14.5,5,"[0, 0, 1, 0, 0, 0, 0, 1, 0, 0, 0, 1]",7,gMajor,Piano Sonata K333 i Bb major.mid by Mozart.csv
12,15.0 to 15.5,6,"[1, 0, 2, 0, 0, 1, 0, 0, 0, 0, 0, 0]",1,b-Major,Piano Sonata K333 i Bb major.mid by Mozart.csv
13,16.0 to 16.5,4,"[1, 0, 1, 0, 0, 0, 0, 0, 0, 0, 0, 1]",5,gMajor,Piano Sonata K333 i Bb major.mid by Mozart.csv
14,17.0 to 17.5,8,"[1, 0, 0, 0, 2, 0, 0, 1, 0, 0, 0, 0]",8,cMajor,Piano Sonata K333 i Bb major.mid by Mozart.csv
15,18.0 to 18.75,16,"[1, 0, 0, 0, 1, 0, 1, 1, 0, 0, 0, 0]",8,cMajor,Piano Sonata K333 i Bb major.mid by Mozart.csv
16,19.0 to 19.75,10,"[0, 0, 0, 0, 2, 1, 0, 2, 0, 1, 0, 0]",4,cMajor,Piano Sonata K333 i Bb major.mid by Mozart.csv
17,20.0 to 20.5,6,"[0, 0, 1, 0, 1, 1, 0, 0, 0, 1, 0, 0]",2,fMinor,Piano Sonata K333 i Bb major.mid by Mozart.csv
18,21.0 to 21.5,9,"[1, 0, 1, 0, 1, 0, 0, 1, 0, 0, 0, 0]",8,cMajor,Piano Sonata K333 i Bb major.mid by Mozart.csv
19,22.0 to 22.5,6,"[0, 0, 1, 0, 1, 1, 0, 0, 0, 1, 0, 0]",2,fMinor,Piano Sonata K333 i Bb major.mid by Mozart.csv
20,23.0 to 23.5,6,"[0, 0, 2, 0, 0, 1, 0, 0, 0, 0, 0, 1]",1,b-Major,Piano Sonata K333 i Bb major.mid by Mozart.csv
21,24.0 to 24.75,15,"[1, 0, 1, 0, 1, 0, 0, 1, 0, 0, 0, 1]",5,cMajor,Piano Sonata K333 i Bb major.mid by Mozart.csv
22,25.0 to 25.75,6,"[1, 0, 1, 0, 1, 1, 0, 0, 0, 0, 0, 0]",1,cMajor,Piano Sonata K333 i Bb major.mid by Mozart.csv
23,26.0 to 26.75,16,"[0, 0, 0, 0, 0, 0, 1, 1, 0, 0, 0, 0]",4,cMajor,Piano Sonata K333 i Bb major.mid by Mozart.csv
24,27.0 to 27.75,17,"[0, 0, 0, 0, 1, 1, 0, 1, 0, 1, 0, 0]",2,cMajor,Piano Sonata K333 i Bb major.mid by Mozart.csv
25,28.0 to 28.5,6,"[0, 0, 1, 0, 1, 1, 0, 0, 0, 1, 0, 0]",2,fMinor,Piano Sonata K333 i Bb major.mid by Mozart.csv
26,29.0 to 29.5,9,"[1, 0, 1, 0, 1, 0, 0, 1, 0, 0, 0, 0]",8,cMajor,Piano Sonata K333 i Bb major.mid by Mozart.csv
27,30.0 to 30.5,6,"[0, 0, 1, 0, 1, 1, 0, 0, 0, 1, 0, 0]",2,fMinor,Piano Sonata K333 i Bb major.mid by Mozart.csv
28,31.0 to 31.5,6,"[0, 0, 2, 0, 0, 1, 0, 0, 0, 0, 0, 1]",1,b-Major,Piano Sonata K333 i Bb major.mid by Mozart.csv
29,32.0 to 32.75,8,"[1, 0, 1, 0, 2, 0, 0, 1, 0, 0, 0, 0]",8,cMajor,Piano Sonata K333 i Bb major.mid by Mozart.csv
30,33.0 to 33.75,5,"[0, 0, 0, 0, 0, 1, 0, 1, 0, 1, 0, 1]",7,fMajor,Piano Sonata K333 i Bb major.mid by Mozart.csv
31,34.0 to 34.75,6,"[1, 0, 1, 0, 1, 1, 0, 0, 0, 0, 0, 0]",1,cMajor,Piano Sonata K333 i Bb major.mid by Mozart.csv
32,35.0 to 35.5,9,"[0, 0, 0, 0, 0, 0, 0, 1, 0, 0, 0, 0]",4,cMajor,Piano Sonata K333 i Bb major.mid by Mozart.csv
33,36.0 to 36.5,1,"[0, 0, 0, 0, 0, 1, 0, 2, 0, 0, 0, 1]",7,gMajor,Piano Sonata K333 i Bb major.mid by Mozart.csv
34,37.0 to 37.5,9,"[1, 0, 0, 0, 1, 1, 0, 1, 0, 0, 0, 0]",8,cMajor,Piano Sonata K333 i Bb major.mid by Mozart.csv
35,38.0 to 38.5,6,"[0, 0, 1, 0, 1, 2, 0, 1, 0, 0, 0, 0]",2,b-Major,Piano Sonata K333 i Bb major.mid by Mozart.csv
36,39.0 to 39.5,15,"[1, 0, 1, 0, 1, 0, 0, 1, 0, 0, 0, 1]",5,cMajor,Piano Sonata K333 i Bb major.mid by Mozart.csv
37,40.0 to 40.5,0,"[2, 0, 0, 0, 1, 0, 0, 0, 0, 0, 0, 0]",6,cMajor,Piano Sonata K333 i Bb major.mid by Mozart.csv
38,41.0 to 41.5,9,"[1, 0, 0, 0, 1, 0, 0, 1, 0, 0, 0, 0]",8,cMajor,Piano Sonata K333 i Bb major.mid by Mozart.csv
39,42.0 to 42.0,9,"[1, 0, 0, 0, 0, 0, 0, 0, 0, 0, 0, 0]",6,cMajor,Piano Sonata K333 i Bb major.mid by Mozart.csv
40,43.0 to 43.75,17,"[0, 0, 0, 0, 1, 1, 0, 1, 0, 1, 0, 0]",2,cMajor,Piano Sonata K333 i Bb major.mid by Mozart.csv
41,44.0 to 44.5,0,"[2, 0, 1, 0, 0, 0, 0, 0, 0, 0, 0, 0]",6,cMajor,Piano Sonata K333 i Bb major.mid by Mozart.csv
42,45.0 to 45.5,9,"[1, 0, 0, 0, 1, 0, 0, 1, 0, 0, 0, 0]",8,cMajor,Piano Sonata K333 i Bb major.mid by Mozart.csv
43,46.0 to 46.5,0,"[3, 0, 0, 0, 1, 0, 0, 0, 0, 0, 0, 0]",6,cMajor,Piano Sonata K333 i Bb major.mid by Mozart.csv
44,47.0 to 47.5,17,"[0, 0, 0, 0, 1, 0, 0, 0, 0, 2, 0, 1]",3,aMajor,Piano Sonata K333 i Bb major.mid by Mozart.csv
45,48.0 to 48.5,5,"[0, 0, 1, 0, 0, 0, 0, 1, 0, 0, 0, 0]",4,gMajor,Piano Sonata K333 i Bb major.mid by Mozart.csv
46,49.0 to 49.5,7,"[1, 0, 0, 0, 0, 0, 1, 0, 0, 1, 0, 0]",3,dMajor,Piano Sonata K333 i Bb major.mid by Mozart.csv
47,50.0 to 50.75,7,"[0, 0, 1, 0, 0, 0, 1, 1, 0, 2, 0, 1]",3,dMajor,Piano Sonata K333 i Bb major.mid by Mozart.csv
48,51.0 to 51.75,2,"[2, 0, 1, 0, 0, 0, 0, 0, 0, 2, 0, 1]",3,fMajor,Piano Sonata K333 i Bb major.mid by Mozart.csv
49,52.0 to 52.75,7,"[1, 0, 1, 0, 0, 0, 2, 0, 0, 1, 0, 0]",0,dMajor,Piano Sonata K333 i Bb major.mid by Mozart.csv
50,53.0 to 53.75,7,"[1, 0, 1, 0, 0, 0, 1, 0, 0, 2, 0, 1]",3,dMajor,Piano Sonata K333 i Bb major.mid by Mozart.csv
51,54.0 to 54.75,7,"[1, 0, 0, 0, 0, 0, 1, 1, 0, 2, 0, 1]",3,dMajor,Piano Sonata K333 i Bb major.mid by Mozart.csv
52,55.0 to 55.75,7,"[1, 0, 2, 0, 1, 0, 1, 0, 0, 1, 0, 0]",0,dMajor,Piano Sonata K333 i Bb major.mid by Mozart.csv
53,56.0 to 56.75,15,"[1, 0, 1, 0, 1, 0, 0, 1, 0, 0, 0, 1]",5,cMajor,Piano Sonata K333 i Bb major.mid by Mozart.csv
54,57.0 to 57.5,12,"[0, 0, 2, 0, 0, 0, 0, 0, 0, 0, 0, 1]",5,gMajor,Piano Sonata K333 i Bb major.mid by Mozart.csv
55,58.0 to 58.5,5,"[0, 0, 0, 0, 0, 0, 0, 1, 0, 0, 0, 1]",7,gMajor,Piano Sonata K333 i Bb major.mid by Mozart.csv
56,59.0 to 59.75,15,"[1, 0, 2, 0, 1, 0, 0, 0, 0, 0, 0, 2]",5,gMajor,Piano Sonata K333 i Bb major.mid by Mozart.csv
57,60.0 to 60.5,2,"[1, 0, 1, 0, 0, 0, 0, 0, 0, 1, 0, 0]",3,dMajor,Piano Sonata K333 i Bb major.mid by Mozart.csv
58,61.0 to 61.5,7,"[1, 0, 1, 0, 0, 0, 1, 0, 0, 1, 0, 0]",0,dMajor,Piano Sonata K333 i Bb major.mid by Mozart.csv
59,62.0 to 62.75,19,"[0, 1, 2, 0, 0, 0, 0, 1, 0, 0, 0, 1]",5,gMajor,Piano Sonata K333 i Bb major.mid by Mozart.csv
60,63.0 to 63.75,15,"[1, 0, 2, 0, 1, 0, 0, 0, 0, 0, 0, 2]",5,gMajor,Piano Sonata K333 i Bb major.mid by Mozart.csv
61,64.0 to 64.5,2,"[1, 0, 1, 0, 0, 0, 0, 0, 0, 1, 0, 0]",3,dMajor,Piano Sonata K333 i Bb major.mid by Mozart.csv
62,65.0 to 65.5,7,"[1, 0, 1, 0, 0, 0, 1, 0, 0, 1, 0, 0]",0,dMajor,Piano Sonata K333 i Bb major.mid by Mozart.csv
63,66.0 to 66.75,19,"[0, 1, 2, 0, 0, 0, 0, 1, 0, 0, 0, 1]",5,gMajor,Piano Sonata K333 i Bb major.mid by Mozart.csv
64,67.0 to 67.75,15,"[1, 0, 2, 0, 1, 0, 0, 0, 0, 0, 0, 2]",5,gMajor,Piano Sonata K333 i Bb major.mid by Mozart.csv
65,68.0 to 68.5,2,"[1, 0, 0, 0, 1, 0, 0, 0, 0, 1, 0, 1]",3,cMinor,Piano Sonata K333 i Bb major.mid by Mozart.csv
66,69.0 to 69.5,2,"[1, 0, 0, 0, 1, 0, 0, 0, 0, 1, 0, 0]",9,cMinor,Piano Sonata K333 i Bb major.mid by Mozart.csv
67,70.0 to 70.5,17,"[0, 1, 0, 0, 1, 0, 0, 1, 0, 1, 0, 0]",4,aMajor,Piano Sonata K333 i Bb major.mid by Mozart.csv
68,71.0 to 71.5,9,"[0, 1, 0, 0, 1, 0, 0, 1, 0, 0, 0, 0]",4,cMajor,Piano Sonata K333 i Bb major.mid by Mozart.csv
69,72.0 to 72.75,12,"[0, 0, 2, 0, 0, 0, 1, 1, 0, 0, 0, 0]",0,dMajor,Piano Sonata K333 i Bb major.mid by Mozart.csv
70,73.0 to 73.75,17,"[0, 0, 1, 0, 1, 0, 0, 1, 0, 1, 0, 0]",4,dMajor,Piano Sonata K333 i Bb major.mid by Mozart.csv
71,74.0 to 74.75,7,"[0, 0, 1, 0, 0, 0, 1, 0, 0, 1, 0, 1]",3,dMajor,Piano Sonata K333 i Bb major.mid by Mozart.csv
72,75.0 to 75.75,5,"[1, 0, 1, 0, 0, 0, 0, 1, 0, 0, 0, 1]",5,gMajor,Piano Sonata K333 i Bb major.mid by Mozart.csv
73,76.0 to 76.5,2,"[1, 0, 1, 0, 0, 0, 0, 0, 0, 1, 0, 0]",3,dMajor,Piano Sonata K333 i Bb major.mid by Mozart.csv
74,77.0 to 77.5,7,"[0, 0, 1, 0, 0, 0, 1, 0, 0, 1, 0, 0]",0,dMajor,Piano Sonata K333 i Bb major.mid by Mozart.csv
75,78.0 to 78.5,5,"[1, 0, 1, 0, 0, 0, 0, 1, 0, 0, 0, 1]",5,gMajor,Piano Sonata K333 i Bb major.mid by Mozart.csv
76,79.0 to 79.5,17,"[0, 0, 1, 0, 1, 0, 0, 1, 0, 1, 0, 0]",4,dMajor,Piano Sonata K333 i Bb major.mid by Mozart.csv
77,80.0 to 80.75,12,"[0, 1, 3, 0, 0, 0, 1, 0, 0, 0, 0, 0]",0,dMajor,Piano Sonata K333 i Bb major.mid by Mozart.csv
78,81.0 to 81.75,12,"[0, 1, 2, 0, 1, 0, 0, 1, 0, 0, 0, 0]",5,gMajor,Piano Sonata K333 i Bb major.mid by Mozart.csv
79,82.0 to 82.75,12,"[0, 1, 2, 0, 0, 0, 1, 0, 0, 1, 0, 0]",0,dMajor,Piano Sonata K333 i Bb major.mid by Mozart.csv
80,83.0 to 83.75,19,"[0, 1, 2, 0, 0, 0, 0, 1, 0, 0, 0, 1]",5,gMajor,Piano Sonata K333 i Bb major.mid by Mozart.csv
81,84.0 to 84.75,2,"[1, 1, 1, 0, 0, 0, 0, 0, 0, 1, 0, 0]",3,dMajor,Piano Sonata K333 i Bb major.mid by Mozart.csv
82,85.0 to 85.875,7,"[0, 1, 1, 0, 0, 0, 1, 0, 0, 1, 0, 1]",3,dMajor,Piano Sonata K333 i Bb major.mid by Mozart.csv
83,86.0 to 86.75,5,"[1, 1, 1, 0, 0, 0, 0, 1, 0, 0, 0, 1]",5,gMajor,Piano Sonata K333 i Bb major.mid by Mozart.csv
84,87.0 to 87.75,17,"[0, 1, 0, 0, 1, 0, 0, 1, 0, 1, 0, 1]",4,aMajor,Piano Sonata K333 i Bb major.mid by Mozart.csv
85,88.0 to 88.75,12,"[0, 0, 3, 0, 0, 0, 1, 0, 0, 1, 0, 0]",0,dMajor,Piano Sonata K333 i Bb major.mid by Mozart.csv
86,89.0 to 89.75,12,"[0, 0, 2, 0, 0, 0, 1, 0, 0, 1, 0, 0]",0,dMajor,Piano Sonata K333 i Bb major.mid by Mozart.csv
87,90.0 to 90.0,12,"[0, 0, 2, 0, 0, 0, 0, 0, 0, 0, 0, 0]",5,dMajor,Piano Sonata K333 i Bb major.mid by Mozart.csv
88,92.0 to 92.0,1,"[0, 0, 2, 0, 0, 0, 0, 3, 0, 0, 0, 1]",7,gMajor,Piano Sonata K333 i Bb major.mid by Mozart.csv
89,93.5 to 93.75,10,"[0, 0, 1, 0, 1, 0, 0, 2, 0, 0, 0, 0]",4,gMajor,Piano Sonata K333 i Bb major.mid by Mozart.csv
90,94.0 to 94.5,4,"[1, 0, 0, 0, 0, 0, 0, 0, 0, 0, 0, 1]",6,gMajor,Piano Sonata K333 i Bb major.mid by Mozart.csv
91,95.0 to 95.5,17,"[0, 0, 0, 0, 0, 0, 0, 1, 0, 1, 0, 0]",4,cMajor,Piano Sonata K333 i Bb major.mid by Mozart.csv
92,96.0 to 96.5,9,"[0, 0, 0, 0, 1, 0, 0, 1, 0, 0, 0, 0]",4,cMajor,Piano Sonata K333 i Bb major.mid by Mozart.csv
93,97.0 to 97.0,0,"[2, 0, 0, 0, 1, 0, 0, 1, 0, 0, 0, 0]",8,cMajor,Piano Sonata K333 i Bb major.mid by Mozart.csv
94,98.5 to 98.5,0,"[2, 0, 1, 0, 0, 0, 0, 0, 0, 0, 0, 0]",6,cMajor,Piano Sonata K333 i Bb major.mid by Mozart.csv
95,99.0 to 99.5,16,"[0, 0, 0, 0, 0, 0, 1, 1, 0, 0, 0, 1]",7,gMajor,Piano Sonata K333 i Bb major.mid by Mozart.csv
96,100.0 to 100.5,17,"[0, 1, 0, 0, 1, 0, 0, 1, 0, 1, 0, 0]",4,aMajor,Piano Sonata K333 i Bb major.mid by Mozart.csv
97,101.0 to 101.5,4,"[0, 0, 1, 0, 0, 0, 0, 0, 0, 1, 0, 1]",3,dMajor,Piano Sonata K333 i Bb major.mid by Mozart.csv
98,102.0 to 102.5,17,"[0, 1, 0, 0, 1, 0, 0, 1, 0, 1, 0, 0]",4,aMajor,Piano Sonata K333 i Bb major.mid by Mozart.csv
99,103.0 to 103.5,4,"[0, 0, 1, 0, 0, 0, 0, 0, 0, 1, 0, 1]",3,dMajor,Piano Sonata K333 i Bb major.mid by Mozart.csv
100,104.0 to 104.0,12,"[0, 0, 1, 0, 1, 0, 0, 0, 0, 0, 0, 0]",9,cMajor,Piano Sonata K333 i Bb major.mid by Mozart.csv
101,105.0 to 105.875,4,"[1, 0, 1, 0, 0, 0, 1, 0, 0, 0, 0, 1]",0,dMinor,Piano Sonata K333 i Bb major.mid by Mozart.csv
102,106.0 to 106.5,5,"[0, 0, 0, 0, 0, 0, 0, 1, 0, 0, 0, 1]",7,gMajor,Piano Sonata K333 i Bb major.mid by Mozart.csv
103,107.0 to 107.5,12,"[1, 0, 1, 0, 0, 0, 0, 0, 0, 0, 0, 0]",6,cMajor,Piano Sonata K333 i Bb major.mid by Mozart.csv
104,108.0 to 108.5,9,"[1, 0, 0, 1, 1, 0, 0, 0, 0, 0, 0, 0]",9,cMajor,Piano Sonata K333 i Bb major.mid by Mozart.csv
105,109.0 to 109.75,8,"[1, 0, 1, 0, 2, 0, 0, 0, 0, 1, 0, 0]",9,cMinor,Piano Sonata K333 i Bb major.mid by Mozart.csv
106,110.0 to 110.5,2,"[1, 0, 0, 0, 0, 0, 0, 0, 0, 1, 0, 1]",3,fMajor,Piano Sonata K333 i Bb major.mid by Mozart.csv
107,111.0 to 111.5,4,"[1, 0, 0, 0, 0, 0, 0, 0, 0, 0, 0, 1]",6,gMajor,Piano Sonata K333 i Bb major.mid by Mozart.csv
108,112.0 to 112.5,4,"[0, 0, 1, 0, 1, 0, 0, 0, 0, 0, 0, 1]",5,eMajor,Piano Sonata K333 i Bb major.mid by Mozart.csv
109,113.0 to 113.75,19,"[1, 0, 2, 0, 0, 0, 0, 1, 0, 0, 0, 1]",5,gMajor,Piano Sonata K333 i Bb major.mid by Mozart.csv
110,114.0 to 114.5,5,"[0, 0, 0, 0, 0, 0, 0, 1, 0, 1, 0, 1]",7,gMajor,Piano Sonata K333 i Bb major.mid by Mozart.csv
111,115.0 to 115.5,4,"[0, 0, 0, 0, 0, 0, 0, 0, 0, 1, 0, 1]",3,dMajor,Piano Sonata K333 i Bb major.mid by Mozart.csv
112,116.0 to 116.5,2,"[1, 0, 1, 0, 0, 0, 0, 0, 0, 1, 0, 0]",3,dMajor,Piano Sonata K333 i Bb major.mid by Mozart.csv
113,117.0 to 117.5,7,"[1, 0, 0, 0, 0, 0, 1, 0, 0, 1, 0, 0]",3,dMajor,Piano Sonata K333 i Bb major.mid by Mozart.csv
114,118.0 to 118.5,5,"[1, 0, 0, 0, 0, 0, 0, 1, 0, 0, 0, 1]",7,cMajor,Piano Sonata K333 i Bb major.mid by Mozart.csv
115,119.0 to 119.5,9,"[0, 0, 0, 0, 1, 0, 0, 1, 0, 0, 0, 1]",7,gMinor,Piano Sonata K333 i Bb major.mid by Mozart.csv
116,120.0 to 120.75,5,"[0, 0, 1, 0, 0, 0, 1, 1, 0, 1, 0, 1]",7,dMajor,Piano Sonata K333 i Bb major.mid by Mozart.csv
117,121.0 to 121.75,12,"[0, 1, 1, 0, 0, 0, 0, 0, 0, 0, 0, 0]",0,c#Major,Piano Sonata K333 i Bb major.mid by Mozart.csv
118,122.0 to 122.75,12,"[1, 0, 2, 0, 1, 0, 0, 0, 0, 0, 0, 0]",5,cMajor,Piano Sonata K333 i Bb major.mid by Mozart.csv
119,123.0 to 123.75,2,"[1, 0, 0, 0, 0, 0, 0, 0, 0, 1, 0, 1]",3,fMajor,Piano Sonata K333 i Bb major.mid by Mozart.csv
120,124.0 to 124.0,5,"[0, 0, 1, 0, 0, 0, 0, 1, 0, 0, 0, 1]",7,gMajor,Piano Sonata K333 i Bb major.mid by Mozart.csv
121,125.0 to 125.75,5,"[0, 0, 1, 0, 1, 0, 0, 1, 0, 0, 0, 1]",5,gMajor,Piano Sonata K333 i Bb major.mid by Mozart.csv
122,126.0 to 126.5,4,"[1, 0, 0, 0, 0, 0, 0, 0, 0, 0, 0, 1]",6,gMajor,Piano Sonata K333 i Bb major.mid by Mozart.csv
123,127.0 to 127.5,17,"[0, 0, 0, 0, 0, 0, 0, 1, 0, 1, 0, 0]",4,cMajor,Piano Sonata K333 i Bb major.mid by Mozart.csv
124,128.0 to 128.5,9,"[0, 0, 0, 0, 1, 0, 0, 1, 0, 0, 0, 0]",4,cMajor,Piano Sonata K333 i Bb major.mid by Mozart.csv
125,129.0 to 129.0,0,"[2, 0, 0, 0, 1, 0, 0, 1, 0, 0, 0, 0]",8,cMajor,Piano Sonata K333 i Bb major.mid by Mozart.csv
126,130.5 to 130.5,0,"[2, 0, 1, 0, 0, 0, 0, 0, 0, 0, 0, 0]",6,cMajor,Piano Sonata K333 i Bb major.mid by Mozart.csv
127,131.0 to 131.5,16,"[0, 0, 0, 0, 0, 0, 1, 1, 0, 0, 0, 1]",7,gMajor,Piano Sonata K333 i Bb major.mid by Mozart.csv
128,132.0 to 132.5,17,"[0, 1, 0, 0, 1, 0, 0, 1, 0, 1, 0, 0]",4,aMajor,Piano Sonata K333 i Bb major.mid by Mozart.csv
129,133.0 to 133.5,5,"[0, 0, 1, 0, 0, 0, 0, 1, 0, 0, 0, 1]",7,gMajor,Piano Sonata K333 i Bb major.mid by Mozart.csv
130,134.0 to 134.5,17,"[0, 1, 0, 0, 1, 0, 0, 1, 0, 1, 0, 0]",4,aMajor,Piano Sonata K333 i Bb major.mid by Mozart.csv
131,135.0 to 135.5,5,"[0, 0, 1, 0, 0, 0, 0, 1, 0, 0, 0, 1]",7,gMajor,Piano Sonata K333 i Bb major.mid by Mozart.csv
132,136.0 to 136.0,9,"[0, 0, 1, 0, 1, 0, 0, 1, 0, 0, 0, 0]",4,cMajor,Piano Sonata K333 i Bb major.mid by Mozart.csv
133,137.0 to 137.5,7,"[1, 1, 0, 0, 0, 0, 1, 0, 0, 1, 0, 0]",3,aMinor,Piano Sonata K333 i Bb major.mid by Mozart.csv
134,138.0 to 138.5,5,"[0, 0, 0, 0, 0, 0, 0, 1, 0, 0, 0, 1]",7,gMajor,Piano Sonata K333 i Bb major.mid by Mozart.csv
135,139.0 to 139.5,12,"[1, 0, 1, 0, 0, 0, 0, 0, 0, 0, 0, 0]",6,cMajor,Piano Sonata K333 i Bb major.mid by Mozart.csv
136,140.0 to 140.5,8,"[0, 0, 0, 1, 2, 0, 0, 0, 0, 0, 0, 0]",9,cMajor,Piano Sonata K333 i Bb major.mid by Mozart.csv
137,141.0 to 141.75,8,"[0, 0, 1, 0, 2, 0, 1, 0, 1, 0, 0, 0]",9,eMinor,Piano Sonata K333 i Bb major.mid by Mozart.csv
138,142.0 to 142.75,0,"[3, 0, 0, 0, 0, 0, 0, 0, 0, 1, 0, 1]",6,fMajor,Piano Sonata K333 i Bb major.mid by Mozart.csv
139,143.0 to 143.75,5,"[1, 0, 0, 0, 0, 0, 0, 1, 0, 1, 0, 2]",7,gMajor,Piano Sonata K333 i Bb major.mid by Mozart.csv
140,144.0 to 144.75,16,"[0, 0, 0, 0, 1, 0, 1, 2, 0, 1, 0, 0]",4,cMajor,Piano Sonata K333 i Bb major.mid by Mozart.csv
141,145.0 to 145.75,12,"[1, 0, 2, 0, 1, 0, 1, 0, 0, 0, 0, 0]",0,dMajor,Piano Sonata K333 i Bb major.mid by Mozart.csv
142,146.0 to 146.75,15,"[1, 0, 1, 0, 1, 0, 0, 1, 0, 0, 0, 1]",5,cMajor,Piano Sonata K333 i Bb major.mid by Mozart.csv
143,147.0 to 147.75,16,"[0, 0, 0, 0, 0, 0, 1, 1, 0, 0, 0, 1]",7,gMajor,Piano Sonata K333 i Bb major.mid by Mozart.csv
144,148.0 to 148.75,16,"[1, 0, 0, 0, 1, 0, 1, 1, 0, 1, 0, 0]",8,cMajor,Piano Sonata K333 i Bb major.mid by Mozart.csv
145,149.0 to 149.75,0,"[2, 0, 1, 0, 1, 0, 1, 0, 0, 0, 0, 0]",6,cMajor,Piano Sonata K333 i Bb major.mid by Mozart.csv
146,150.0 to 150.0,4,"[0, 0, 1, 0, 0, 0, 0, 0, 0, 0, 0, 1]",5,gMajor,Piano Sonata K333 i Bb major.mid by Mozart.csv
147,151.0 to 151.875,5,"[0, 0, 1, 0, 0, 0, 1, 1, 0, 1, 0, 1]",7,dMajor,Piano Sonata K333 i Bb major.mid by Mozart.csv
148,152.0 to 152.75,10,"[0, 1, 1, 0, 0, 0, 0, 2, 0, 0, 0, 0]",4,gMajor,Piano Sonata K333 i Bb major.mid by Mozart.csv
149,153.0 to 153.75,12,"[0, 1, 1, 0, 1, 0, 0, 0, 0, 0, 0, 0]",9,aMajor,Piano Sonata K333 i Bb major.mid by Mozart.csv
150,154.0 to 154.75,4,"[1, 0, 1, 0, 0, 0, 0, 0, 0, 0, 0, 1]",5,gMajor,Piano Sonata K333 i Bb major.mid by Mozart.csv
151,155.0 to 155.75,17,"[0, 0, 1, 0, 0, 0, 0, 1, 0, 1, 0, 0]",4,dMajor,Piano Sonata K333 i Bb major.mid by Mozart.csv
152,156.0 to 156.75,7,"[1, 0, 1, 0, 0, 0, 1, 0, 0, 2, 0, 0]",3,dMajor,Piano Sonata K333 i Bb major.mid by Mozart.csv
153,157.0 to 157.75,12,"[1, 0, 1, 0, 0, 0, 1, 0, 0, 0, 0, 0]",0,dMajor,Piano Sonata K333 i Bb major.mid by Mozart.csv
154,158.0 to 158.75,7,"[1, 0, 1, 0, 0, 0, 1, 0, 0, 2, 0, 0]",3,dMajor,Piano Sonata K333 i Bb major.mid by Mozart.csv
155,159.0 to 159.75,12,"[1, 0, 1, 0, 0, 0, 1, 0, 0, 0, 0, 0]",0,dMajor,Piano Sonata K333 i Bb major.mid by Mozart.csv
156,160.0 to 160.75,5,"[0, 0, 1, 0, 0, 0, 1, 1, 0, 1, 0, 1]",7,dMajor,Piano Sonata K333 i Bb major.mid by Mozart.csv
157,161.0 to 161.75,5,"[1, 0, 1, 0, 0, 0, 0, 1, 0, 1, 0, 1]",3,gMajor,Piano Sonata K333 i Bb major.mid by Mozart.csv
158,162.0 to 162.75,12,"[0, 1, 2, 0, 0, 0, 0, 0, 0, 0, 1, 1]",5,gMajor,Piano Sonata K333 i Bb major.mid by Mozart.csv
159,163.0 to 163.75,12,"[0, 1, 2, 0, 0, 0, 0, 0, 0, 0, 1, 1]",5,gMajor,Piano Sonata K333 i Bb major.mid by Mozart.csv
160,164.0 to 164.75,7,"[1, 0, 1, 0, 0, 0, 1, 0, 0, 2, 0, 0]",3,dMajor,Piano Sonata K333 i Bb major.mid by Mozart.csv
161,165.0 to 165.75,12,"[1, 0, 1, 0, 0, 0, 1, 0, 0, 0, 0, 0]",0,dMajor,Piano Sonata K333 i Bb major.mid by Mozart.csv
162,166.0 to 166.75,7,"[1, 0, 1, 0, 0, 0, 1, 0, 0, 2, 0, 0]",3,dMajor,Piano Sonata K333 i Bb major.mid by Mozart.csv
163,167.0 to 167.75,12,"[1, 0, 1, 0, 0, 0, 1, 0, 0, 0, 0, 0]",0,dMajor,Piano Sonata K333 i Bb major.mid by Mozart.csv
164,168.0 to 168.75,5,"[0, 0, 1, 0, 0, 0, 1, 1, 0, 1, 0, 1]",7,dMajor,Piano Sonata K333 i Bb major.mid by Mozart.csv
165,169.0 to 169.75,5,"[1, 0, 1, 0, 0, 0, 0, 1, 0, 1, 0, 1]",3,gMajor,Piano Sonata K333 i Bb major.mid by Mozart.csv
166,170.0 to 170.75,12,"[0, 1, 2, 0, 0, 0, 0, 0, 0, 0, 1, 1]",5,gMajor,Piano Sonata K333 i Bb major.mid by Mozart.csv
167,171.0 to 171.75,12,"[0, 1, 2, 0, 0, 0, 0, 0, 0, 0, 1, 1]",5,gMajor,Piano Sonata K333 i Bb major.mid by Mozart.csv
168,172.0 to 172.5,8,"[1, 0, 0, 0, 2, 0, 0, 0, 0, 0, 0, 0]",9,cMajor,Piano Sonata K333 i Bb major.mid by Mozart.csv
169,173.0 to 173.5,8,"[1, 0, 0, 0, 2, 0, 0, 0, 0, 0, 0, 1]",9,cMajor,Piano Sonata K333 i Bb major.mid by Mozart.csv
170,174.0 to 174.5,16,"[0, 0, 1, 0, 0, 0, 2, 0, 0, 0, 0, 0]",0,dMajor,Piano Sonata K333 i Bb major.mid by Mozart.csv
171,175.0 to 175.5,16,"[0, 1, 1, 0, 0, 0, 2, 0, 0, 0, 0, 0]",0,f#Major,Piano Sonata K333 i Bb major.mid by Mozart.csv
172,176.0 to 176.5,0,"[2, 0, 0, 1, 0, 0, 0, 0, 0, 0, 0, 0]",6,g#Major,Piano Sonata K333 i Bb major.mid by Mozart.csv
173,177.0 to 177.5,0,"[2, 1, 0, 1, 0, 0, 0, 0, 0, 0, 0, 0]",6,g#Major,Piano Sonata K333 i Bb major.mid by Mozart.csv
174,178.0 to 178.5,4,"[0, 0, 0, 0, 1, 0, 0, 0, 0, 0, 0, 2]",5,eMajor,Piano Sonata K333 i Bb major.mid by Mozart.csv
175,179.0 to 179.5,4,"[0, 0, 0, 1, 1, 0, 0, 0, 0, 0, 0, 2]",5,eMajor,Piano Sonata K333 i Bb major.mid by Mozart.csv
176,180.0 to 180.75,2,"[1, 0, 0, 0, 0, 0, 0, 0, 0, 1, 0, 1]",3,fMajor,Piano Sonata K333 i Bb major.mid by Mozart.csv
177,181.0 to 181.75,2,"[2, 0, 1, 0, 0, 0, 0, 0, 0, 2, 0, 1]",3,fMajor,Piano Sonata K333 i Bb major.mid by Mozart.csv
178,182.0 to 182.0,5,"[0, 0, 1, 0, 0, 0, 0, 1, 0, 0, 0, 1]",7,gMajor,Piano Sonata K333 i Bb major.mid by Mozart.csv
179,183.0 to 183.0,12,"[1, 0, 1, 0, 0, 0, 1, 0, 0, 0, 0, 0]",0,dMajor,Piano Sonata K333 i Bb major.mid by Mozart.csv
180,184.0 to 184.5,1,"[0, 0, 0, 0, 0, 0, 0, 2, 0, 0, 0, 1]",7,gMajor,Piano Sonata K333 i Bb major.mid by Mozart.csv
181,185.0 to 185.5,1,"[0, 0, 0, 0, 0, 0, 1, 2, 0, 0, 0, 1]",7,gMajor,Piano Sonata K333 i Bb major.mid by Mozart.csv
182,186.0 to 186.5,5,"[0, 0, 0, 0, 0, 1, 0, 1, 0, 0, 0, 1]",7,gMajor,Piano Sonata K333 i Bb major.mid by Mozart.csv
183,187.0 to 187.5,5,"[0, 0, 0, 0, 1, 1, 0, 1, 0, 0, 0, 1]",2,gMinor,Piano Sonata K333 i Bb major.mid by Mozart.csv
184,188.0 to 188.5,4,"[0, 0, 1, 0, 1, 0, 0, 0, 1, 0, 0, 1]",5,eMajor,Piano Sonata K333 i Bb major.mid by Mozart.csv
185,189.0 to 189.5,4,"[0, 0, 1, 0, 1, 0, 0, 0, 1, 0, 0, 1]",5,eMajor,Piano Sonata K333 i Bb major.mid by Mozart.csv
186,190.0 to 190.5,2,"[1, 0, 0, 0, 1, 0, 0, 0, 0, 1, 0, 0]",9,cMinor,Piano Sonata K333 i Bb major.mid by Mozart.csv
187,191.0 to 191.5,2,"[1, 0, 0, 0, 1, 0, 0, 0, 0, 1, 0, 0]",9,cMinor,Piano Sonata K333 i Bb major.mid by Mozart.csv
188,192.0 to 192.5,7,"[1, 0, 1, 0, 0, 0, 1, 0, 0, 1, 0, 0]",0,dMajor,Piano Sonata K333 i Bb major.mid by Mozart.csv
189,193.0 to 193.5,7,"[1, 0, 1, 0, 0, 0, 1, 0, 0, 1, 0, 0]",0,dMajor,Piano Sonata K333 i Bb major.mid by Mozart.csv
190,194.0 to 194.5,5,"[0, 0, 1, 0, 0, 0, 0, 1, 0, 0, 0, 1]",7,gMajor,Piano Sonata K333 i Bb major.mid by Mozart.csv
191,195.0 to 195.5,5,"[0, 0, 1, 0, 0, 0, 0, 1, 0, 0, 0, 1]",7,gMajor,Piano Sonata K333 i Bb major.mid by Mozart.csv
192,196.0 to 196.5,9,"[0, 0, 0, 1, 1, 0, 0, 0, 0, 0, 0, 0]",9,cMajor,Piano Sonata K333 i Bb major.mid by Mozart.csv
193,197.0 to 197.5,16,"[0, 1, 0, 0, 0, 0, 1, 1, 0, 1, 0, 0]",4,aMinor,Piano Sonata K333 i Bb major.mid by Mozart.csv
194,198.0 to 198.0,5,"[0, 0, 1, 0, 0, 0, 0, 1, 0, 0, 0, 1]",7,gMajor,Piano Sonata K333 i Bb major.mid by Mozart.csv
195,199.0 to 199.5,7,"[1, 0, 1, 0, 0, 0, 1, 0, 0, 1, 0, 1]",3,dMajor,Piano Sonata K333 i Bb major.mid by Mozart.csv
196,200.0 to 200.75,5,"[0, 0, 1, 0, 0, 0, 0, 1, 0, 0, 0, 2]",7,gMajor,Piano Sonata K333 i Bb major.mid by Mozart.csv
197,201.0 to 201.75,7,"[1, 0, 1, 0, 0, 1, 1, 0, 0, 1, 0, 1]",3,dMajor,Piano Sonata K333 i Bb major.mid by Mozart.csv
198,202.0 to 202.75,10,"[1, 0, 0, 0, 1, 0, 0, 2, 0, 0, 0, 1]",8,gMinor,Piano Sonata K333 i Bb major.mid by Mozart.csv
199,203.0 to 203.75,7,"[1, 0, 1, 0, 0, 1, 1, 0, 0, 1, 0, 1]",3,dMajor,Piano Sonata K333 i Bb major.mid by Mozart.csv
200,204.0 to 204.75,10,"[1, 0, 0, 0, 1, 0, 0, 2, 0, 0, 0, 1]",8,gMinor,Piano Sonata K333 i Bb major.mid by Mozart.csv
201,205.0 to 205.75,7,"[1, 0, 1, 0, 0, 1, 1, 0, 0, 1, 0, 1]",3,dMajor,Piano Sonata K333 i Bb major.mid by Mozart.csv
202,206.0 to 206.75,15,"[1, 0, 1, 0, 2, 1, 0, 0, 0, 0, 0, 1]",9,cMajor,Piano Sonata K333 i Bb major.mid by Mozart.csv
203,207.0 to 207.75,2,"[1, 0, 0, 0, 1, 0, 1, 1, 0, 2, 0, 0]",3,cMinor,Piano Sonata K333 i Bb major.mid by Mozart.csv
204,208.0 to 208.75,5,"[0, 0, 0, 0, 0, 0, 0, 1, 0, 1, 0, 2]",7,gMajor,Piano Sonata K333 i Bb major.mid by Mozart.csv
205,209.0 to 209.75,9,"[0, 0, 0, 1, 1, 1, 0, 1, 0, 0, 0, 0]",2,cMajor,Piano Sonata K333 i Bb major.mid by Mozart.csv
206,210.0 to 210.75,15,"[2, 0, 1, 0, 1, 0, 0, 0, 0, 0, 0, 1]",6,cMajor,Piano Sonata K333 i Bb major.mid by Mozart.csv
207,211.0 to 211.75,16,"[0, 0, 0, 0, 1, 0, 1, 1, 0, 1, 0, 0]",4,cMajor,Piano Sonata K333 i Bb major.mid by Mozart.csv
208,212.0 to 212.75,19,"[0, 0, 3, 0, 0, 0, 0, 2, 0, 0, 0, 1]",5,gMajor,Piano Sonata K333 i Bb major.mid by Mozart.csv
209,213.0 to 213.5,1,"[0, 0, 0, 0, 0, 0, 0, 3, 0, 0, 0, 2]",7,gMajor,Piano Sonata K333 i Bb major.mid by Mozart.csv
210,214.0 to 214.5,7,"[1, 0, 2, 0, 0, 0, 0, 0, 0, 2, 0, 1]",3,dMajor,Piano Sonata K333 i Bb major.mid by Mozart.csv
211,215.0 to 215.5,7,"[1, 0, 0, 0, 0, 0, 1, 1, 0, 2, 0, 1]",3,dMajor,Piano Sonata K333 i Bb major.mid by Mozart.csv
212,216.0 to 216.75,1,"[0, 0, 0, 0, 0, 0, 0, 3, 0, 0, 0, 2]",7,gMajor,Piano Sonata K333 i Bb major.mid by Mozart.csv
213,217.0 to 217.75,7,"[1, 0, 1, 0, 0, 1, 1, 0, 0, 1, 0, 1]",3,dMajor,Piano Sonata K333 i Bb major.mid by Mozart.csv
214,218.0 to 218.75,10,"[1, 0, 0, 0, 1, 0, 0, 3, 0, 0, 0, 1]",8,cMajor,Piano Sonata K333 i Bb major.mid by Mozart.csv
215,219.0 to 219.75,7,"[1, 0, 1, 0, 0, 1, 1, 0, 0, 1, 0, 1]",3,dMajor,Piano Sonata K333 i Bb major.mid by Mozart.csv
216,220.0 to 220.75,10,"[1, 0, 0, 0, 1, 0, 0, 3, 0, 0, 0, 1]",8,cMajor,Piano Sonata K333 i Bb major.mid by Mozart.csv
217,221.0 to 221.75,7,"[1, 0, 1, 0, 0, 1, 1, 0, 0, 1, 0, 1]",3,dMajor,Piano Sonata K333 i Bb major.mid by Mozart.csv
218,222.0 to 222.75,15,"[1, 0, 1, 0, 1, 0, 0, 1, 0, 0, 0, 1]",5,cMajor,Piano Sonata K333 i Bb major.mid by Mozart.csv
219,223.0 to 223.75,16,"[1, 0, 0, 0, 1, 0, 1, 1, 0, 1, 0, 0]",8,cMajor,Piano Sonata K333 i Bb major.mid by Mozart.csv
220,224.0 to 224.75,5,"[0, 0, 1, 0, 1, 0, 1, 1, 0, 0, 0, 2]",5,gMajor,Piano Sonata K333 i Bb major.mid by Mozart.csv
221,225.0 to 225.75,5,"[1, 0, 0, 0, 0, 0, 0, 1, 0, 1, 0, 1]",3,fMajor,Piano Sonata K333 i Bb major.mid by Mozart.csv
222,226.0 to 226.75,0,"[3, 0, 1, 0, 1, 0, 0, 0, 0, 0, 0, 1]",6,cMajor,Piano Sonata K333 i Bb major.mid by Mozart.csv
223,227.0 to 227.75,16,"[0, 0, 0, 0, 1, 0, 1, 1, 0, 1, 0, 0]",4,cMajor,Piano Sonata K333 i Bb major.mid by Mozart.csv
224,228.0 to 228.75,19,"[0, 0, 3, 0, 0, 0, 0, 1, 0, 0, 0, 1]",5,gMajor,Piano Sonata K333 i Bb major.mid by Mozart.csv
225,229.0 to 229.75,19,"[0, 0, 2, 0, 0, 0, 0, 1, 0, 0, 0, 1]",5,gMajor,Piano Sonata K333 i Bb major.mid by Mozart.csv
226,230.0 to 230.75,19,"[0, 0, 3, 0, 0, 0, 0, 2, 0, 0, 0, 2]",5,gMajor,Piano Sonata K333 i Bb major.mid by Mozart.csv
227,231.0 to 231.75,1,"[0, 0, 2, 0, 0, 0, 0, 3, 0, 0, 0, 2]",7,gMajor,Piano Sonata K333 i Bb major.mid by Mozart.csv
228,232.0 to 232.875,7,"[1, 0, 1, 0, 0, 0, 1, 0, 0, 1, 0, 1]",3,dMajor,Piano Sonata K333 i Bb major.mid by Mozart.csv
229,233.0 to 233.875,7,"[1, 0, 1, 0, 0, 0, 1, 0, 0, 1, 0, 1]",3,dMajor,Piano Sonata K333 i Bb major.mid by Mozart.csv
230,234.0 to 234.875,7,"[1, 0, 1, 0, 0, 0, 1, 0, 0, 1, 0, 1]",3,dMajor,Piano Sonata K333 i Bb major.mid by Mozart.csv
231,235.0 to 235.875,7,"[1, 0, 1, 0, 0, 0, 1, 1, 0, 1, 0, 1]",3,dMajor,Piano Sonata K333 i Bb major.mid by Mozart.csv
232,236.0 to 236.5,10,"[0, 0, 0, 0, 0, 0, 0, 3, 0, 0, 0, 0]",4,cMajor,Piano Sonata K333 i Bb major.mid by Mozart.csv
233,237.0 to 237.5,10,"[0, 0, 0, 0, 0, 0, 1, 2, 0, 0, 0, 0]",4,cMajor,Piano Sonata K333 i Bb major.mid by Mozart.csv
234,238.0 to 238.5,16,"[0, 0, 0, 0, 0, 0, 1, 2, 0, 1, 0, 0]",4,dMajor,Piano Sonata K333 i Bb major.mid by Mozart.csv
235,239.0 to 239.5,4,"[0, 0, 0, 0, 0, 1, 1, 0, 0, 1, 0, 1]",3,bMajor,Piano Sonata K333 i Bb major.mid by Mozart.csv
236,240.0 to 240.75,8,"[1, 0, 1, 0, 2, 0, 0, 1, 0, 0, 0, 0]",8,cMajor,Piano Sonata K333 i Bb major.mid by Mozart.csv
237,241.0 to 241.75,10,"[1, 0, 0, 1, 0, 0, 0, 2, 0, 1, 1, 0]",4,e-Major,Piano Sonata K333 i Bb major.mid by Mozart.csv
238,242.0 to 242.75,16,"[0, 0, 1, 0, 0, 0, 1, 2, 0, 1, 0, 0]",4,dMajor,Piano Sonata K333 i Bb major.mid by Mozart.csv
239,243.0 to 243.75,16,"[1, 0, 1, 0, 1, 0, 2, 1, 0, 0, 0, 0]",0,cMajor,Piano Sonata K333 i Bb major.mid by Mozart.csv
240,244.0 to 244.5,1,"[0, 0, 0, 0, 0, 0, 0, 2, 0, 0, 0, 1]",7,gMajor,Piano Sonata K333 i Bb major.mid by Mozart.csv
241,245.0 to 245.5,10,"[0, 0, 0, 0, 0, 0, 1, 2, 0, 0, 0, 0]",4,cMajor,Piano Sonata K333 i Bb major.mid by Mozart.csv
242,246.0 to 246.5,16,"[0, 0, 0, 0, 0, 0, 1, 2, 0, 1, 0, 0]",4,dMajor,Piano Sonata K333 i Bb major.mid by Mozart.csv
243,247.0 to 247.5,4,"[0, 0, 0, 0, 0, 1, 1, 0, 0, 1, 0, 1]",3,bMajor,Piano Sonata K333 i Bb major.mid by Mozart.csv
244,248.0 to 248.875,15,"[1, 0, 1, 0, 1, 0, 0, 0, 0, 0, 0, 1]",5,eMajor,Piano Sonata K333 i Bb major.mid by Mozart.csv
245,249.0 to 249.5,9,"[1, 0, 1, 0, 1, 0, 0, 0, 0, 0, 0, 0]",9,cMajor,Piano Sonata K333 i Bb major.mid by Mozart.csv
246,250.0 to 250.5,12,"[1, 0, 2, 0, 1, 0, 0, 0, 0, 0, 0, 1]",5,gMajor,Piano Sonata K333 i Bb major.mid by Mozart.csv
247,251.0 to 251.5,12,"[1, 0, 1, 0, 0, 0, 1, 0, 0, 0, 0, 0]",0,dMajor,Piano Sonata K333 i Bb major.mid by Mozart.csv
248,252.0 to 252.0,2,"[1, 0, 0, 0, 0, 0, 0, 1, 0, 1, 0, 0]",3,cMajor,Piano Sonata K333 i Bb major.mid by Mozart.csv
249,253.0 to 253.0,2,"[1, 0, 1, 0, 0, 0, 0, 0, 0, 1, 0, 0]",3,dMajor,Piano Sonata K333 i Bb major.mid by Mozart.csv
250,254.0 to 254.0,1,"[0, 0, 0, 0, 0, 0, 0, 2, 0, 0, 0, 1]",7,gMajor,Piano Sonata K333 i Bb major.mid by Mozart.csv
251,255.0 to 255.75,15,"[1, 0, 1, 0, 1, 0, 0, 0, 0, 0, 0, 1]",5,eMajor,Piano Sonata K333 i Bb major.mid by Mozart.csv
252,256.0 to 256.5,10,"[0, 0, 0, 0, 0, 0, 0, 2, 0, 1, 0, 0]",4,cMajor,Piano Sonata K333 i Bb major.mid by Mozart.csv
253,257.0 to 257.5,5,"[0, 0, 1, 0, 0, 0, 0, 1, 0, 0, 0, 1]",7,gMajor,Piano Sonata K333 i Bb major.mid by Mozart.csv
254,258.0 to 258.5,1,"[0, 0, 0, 0, 0, 0, 0, 3, 0, 0, 0, 1]",7,gMajor,Piano Sonata K333 i Bb major.mid by Mozart.csv
255,259.0 to 259.5,4,"[0, 0, 1, 0, 0, 0, 0, 0, 0, 1, 0, 2]",5,gMajor,Piano Sonata K333 i Bb major.mid by Mozart.csv
256,260.0 to 260.75,7,"[1, 0, 0, 0, 0, 0, 1, 0, 0, 2, 0, 0]",3,dMajor,Piano Sonata K333 i Bb major.mid by Mozart.csv
257,261.0 to 261.5,16,"[1, 0, 0, 0, 0, 0, 2, 0, 0, 0, 0, 0]",0,dMajor,Piano Sonata K333 i Bb major.mid by Mozart.csv
258,262.0 to 262.5,2,"[1, 0, 0, 0, 0, 0, 0, 0, 0, 1, 0, 0]",3,fMajor,Piano Sonata K333 i Bb major.mid by Mozart.csv
259,263.0 to 263.75,7,"[2, 0, 1, 0, 0, 0, 1, 0, 0, 1, 0, 1]",3,dMajor,Piano Sonata K333 i Bb major.mid by Mozart.csv
260,264.0 to 264.5,16,"[0, 0, 0, 0, 0, 0, 1, 1, 0, 1, 0, 0]",4,dMajor,Piano Sonata K333 i Bb major.mid by Mozart.csv
261,265.0 to 265.5,16,"[1, 0, 0, 0, 0, 0, 2, 0, 0, 0, 0, 0]",0,dMajor,Piano Sonata K333 i Bb major.mid by Mozart.csv
262,266.0 to 266.5,7,"[1, 0, 0, 0, 0, 0, 1, 0, 0, 2, 0, 0]",3,dMajor,Piano Sonata K333 i Bb major.mid by Mozart.csv
263,267.0 to 267.5,0,"[2, 0, 0, 0, 0, 0, 1, 0, 0, 0, 0, 1]",6,bMajor,Piano Sonata K333 i Bb major.mid by Mozart.csv
264,268.0 to 268.75,4,"[0, 0, 1, 0, 0, 0, 0, 0, 1, 0, 0, 2]",5,gMajor,Piano Sonata K333 i Bb major.mid by Mozart.csv
265,269.0 to 269.5,3,"[0, 0, 1, 0, 0, 1, 0, 0, 1, 0, 0, 0]",1,c#Major,Piano Sonata K333 i Bb major.mid by Mozart.csv
266,270.0 to 270.5,4,"[0, 0, 1, 0, 0, 0, 0, 0, 0, 0, 0, 2]",5,gMajor,Piano Sonata K333 i Bb major.mid by Mozart.csv
267,271.0 to 271.5,6,"[1, 0, 2, 0, 0, 1, 0, 0, 0, 0, 0, 0]",1,b-Major,Piano Sonata K333 i Bb major.mid by Mozart.csv
268,272.0 to 272.75,0,"[2, 0, 0, 0, 1, 0, 0, 0, 0, 1, 0, 0]",6,cMinor,Piano Sonata K333 i Bb major.mid by Mozart.csv
269,273.0 to 273.5,17,"[0, 0, 0, 0, 1, 0, 0, 0, 0, 2, 0, 0]",3,aMajor,Piano Sonata K333 i Bb major.mid by Mozart.csv
270,274.0 to 274.75,7,"[1, 0, 1, 0, 0, 0, 1, 0, 0, 1, 0, 0]",0,dMajor,Piano Sonata K333 i Bb major.mid by Mozart.csv
271,275.0 to 275.5,7,"[1, 0, 0, 0, 0, 0, 1, 0, 0, 1, 0, 0]",3,dMajor,Piano Sonata K333 i Bb major.mid by Mozart.csv
272,276.0 to 276.75,8,"[0, 1, 0, 0, 2, 0, 0, 1, 0, 0, 0, 0]",9,aMajor,Piano Sonata K333 i Bb major.mid by Mozart.csv
273,277.0 to 277.5,14,"[0, 1, 0, 0, 0, 0, 0, 1, 0, 0, 1, 0]",4,e-Major,Piano Sonata K333 i Bb major.mid by Mozart.csv
274,278.0 to 278.5,9,"[0, 1, 0, 0, 1, 0, 0, 1, 0, 0, 0, 0]",4,cMajor,Piano Sonata K333 i Bb major.mid by Mozart.csv
275,279.0 to 279.5,14,"[0, 1, 0, 0, 0, 0, 0, 1, 0, 0, 1, 0]",4,e-Major,Piano Sonata K333 i Bb major.mid by Mozart.csv
276,280.0 to 280.75,19,"[0, 0, 2, 0, 0, 0, 0, 1, 0, 0, 0, 2]",5,gMajor,Piano Sonata K333 i Bb major.mid by Mozart.csv
277,281.0 to 281.75,19,"[0, 0, 2, 0, 0, 0, 0, 1, 0, 0, 0, 2]",5,gMajor,Piano Sonata K333 i Bb major.mid by Mozart.csv
278,282.0 to 282.5,12,"[1, 0, 2, 0, 0, 0, 0, 0, 0, 1, 0, 1]",5,dMajor,Piano Sonata K333 i Bb major.mid by Mozart.csv
279,283.0 to 283.5,5,"[0, 0, 1, 0, 0, 0, 1, 1, 0, 1, 0, 1]",7,dMajor,Piano Sonata K333 i Bb major.mid by Mozart.csv
280,284.0 to 284.75,10,"[0, 0, 1, 0, 0, 0, 0, 2, 0, 0, 1, 0]",4,b-Minor,Piano Sonata K333 i Bb major.mid by Mozart.csv
281,285.0 to 285.75,14,"[0, 0, 1, 0, 0, 0, 0, 1, 0, 0, 1, 0]",4,b-Minor,Piano Sonata K333 i Bb major.mid by Mozart.csv
282,286.0 to 286.75,14,"[0, 0, 1, 0, 0, 0, 0, 2, 0, 1, 2, 0]",4,b-Minor,Piano Sonata K333 i Bb major.mid by Mozart.csv
283,287.0 to 287.75,12,"[1, 0, 2, 0, 1, 0, 1, 1, 0, 0, 1, 0]",0,b-Minor,Piano Sonata K333 i Bb major.mid by Mozart.csv
284,288.0 to 288.75,14,"[0, 0, 2, 0, 0, 0, 0, 2, 0, 1, 2, 0]",4,b-Minor,Piano Sonata K333 i Bb major.mid by Mozart.csv
285,289.0 to 289.75,14,"[0, 0, 2, 0, 0, 0, 0, 2, 0, 1, 2, 0]",4,b-Minor,Piano Sonata K333 i Bb major.mid by Mozart.csv
286,290.0 to 290.75,10,"[0, 0, 1, 0, 0, 1, 0, 2, 0, 1, 1, 0]",4,b-Minor,Piano Sonata K333 i Bb major.mid by Mozart.csv
287,291.0 to 291.75,6,"[0, 0, 2, 0, 1, 1, 0, 1, 0, 0, 1, 0]",1,b-Major,Piano Sonata K333 i Bb major.mid by Mozart.csv
288,292.0 to 292.75,10,"[0, 1, 0, 0, 1, 0, 0, 2, 0, 1, 0, 0]",4,cMajor,Piano Sonata K333 i Bb major.mid by Mozart.csv
289,293.0 to 293.75,10,"[0, 0, 0, 0, 1, 1, 0, 2, 0, 1, 0, 0]",4,cMajor,Piano Sonata K333 i Bb major.mid by Mozart.csv
290,294.0 to 294.75,8,"[0, 0, 0, 0, 2, 1, 0, 1, 0, 1, 0, 0]",2,cMajor,Piano Sonata K333 i Bb major.mid by Mozart.csv
291,295.0 to 295.75,8,"[0, 0, 1, 0, 2, 0, 0, 1, 0, 1, 0, 0]",9,cMajor,Piano Sonata K333 i Bb major.mid by Mozart.csv
292,296.0 to 296.75,17,"[0, 1, 1, 0, 1, 0, 0, 1, 0, 1, 0, 0]",4,aMajor,Piano Sonata K333 i Bb major.mid by Mozart.csv
293,297.0 to 297.75,17,"[0, 1, 0, 0, 1, 0, 0, 1, 0, 1, 1, 0]",4,aMajor,Piano Sonata K333 i Bb major.mid by Mozart.csv
294,298.0 to 298.75,17,"[0, 1, 0, 0, 1, 0, 0, 0, 0, 2, 1, 0]",3,aMajor,Piano Sonata K333 i Bb major.mid by Mozart.csv
295,299.0 to 299.75,17,"[0, 1, 0, 0, 1, 0, 0, 1, 0, 2, 0, 0]",4,aMajor,Piano Sonata K333 i Bb major.mid by Mozart.csv
296,300.0 to 300.75,16,"[0, 0, 1, 0, 0, 0, 2, 1, 0, 1, 0, 0]",0,dMajor,Piano Sonata K333 i Bb major.mid by Mozart.csv
297,301.0 to 301.75,18,"[0, 0, 1, 0, 0, 2, 0, 0, 0, 1, 0, 0]",2,fMinor,Piano Sonata K333 i Bb major.mid by Mozart.csv
298,302.0 to 302.75,18,"[0, 0, 1, 0, 1, 2, 0, 0, 0, 1, 0, 0]",2,fMinor,Piano Sonata K333 i Bb major.mid by Mozart.csv
299,303.0 to 303.75,18,"[0, 0, 1, 0, 1, 2, 0, 1, 0, 1, 0, 0]",2,fMinor,Piano Sonata K333 i Bb major.mid by Mozart.csv
300,304.0 to 304.75,3,"[1, 0, 0, 0, 0, 2, 0, 0, 2, 0, 0, 0]",2,g#Minor,Piano Sonata K333 i Bb major.mid by Mozart.csv
301,305.0 to 305.875,18,"[1, 0, 0, 0, 1, 2, 0, 1, 1, 0, 0, 0]",2,g#Minor,Piano Sonata K333 i Bb major.mid by Mozart.csv
302,306.0 to 306.75,18,"[2, 0, 0, 0, 0, 2, 0, 0, 1, 0, 0, 0]",6,g#Minor,Piano Sonata K333 i Bb major.mid by Mozart.csv
303,307.0 to 307.875,18,"[1, 0, 0, 0, 1, 2, 0, 1, 1, 0, 0, 0]",2,g#Minor,Piano Sonata K333 i Bb major.mid by Mozart.csv
304,308.0 to 308.75,19,"[0, 0, 2, 0, 0, 1, 0, 1, 0, 0, 0, 1]",1,gMajor,Piano Sonata K333 i Bb major.mid by Mozart.csv
305,309.0 to 309.75,6,"[0, 0, 1, 0, 0, 2, 0, 1, 0, 0, 0, 0]",1,b-Major,Piano Sonata K333 i Bb major.mid by Mozart.csv
306,310.0 to 310.75,6,"[0, 0, 1, 0, 1, 2, 0, 2, 0, 0, 0, 0]",2,cMajor,Piano Sonata K333 i Bb major.mid by Mozart.csv
307,311.0 to 311.75,6,"[1, 0, 2, 0, 1, 1, 0, 1, 0, 0, 0, 0]",1,cMajor,Piano Sonata K333 i Bb major.mid by Mozart.csv
308,312.0 to 312.75,19,"[1, 0, 2, 0, 0, 1, 0, 1, 0, 0, 0, 1]",1,gMajor,Piano Sonata K333 i Bb major.mid by Mozart.csv
309,313.0 to 313.75,19,"[1, 0, 2, 0, 1, 1, 0, 1, 0, 0, 0, 1]",1,gMajor,Piano Sonata K333 i Bb major.mid by Mozart.csv
310,314.0 to 314.75,19,"[1, 0, 2, 0, 1, 1, 0, 1, 0, 0, 0, 1]",1,gMajor,Piano Sonata K333 i Bb major.mid by Mozart.csv
311,315.0 to 315.75,1,"[0, 0, 1, 0, 0, 1, 0, 2, 0, 1, 0, 2]",7,gMajor,Piano Sonata K333 i Bb major.mid by Mozart.csv
312,316.0 to 316.75,5,"[0, 0, 1, 0, 1, 1, 0, 1, 1, 0, 0, 1]",1,eMajor,Piano Sonata K333 i Bb major.mid by Mozart.csv
313,317.0 to 317.75,4,"[0, 0, 1, 0, 1, 0, 0, 0, 1, 0, 0, 1]",5,eMajor,Piano Sonata K333 i Bb major.mid by Mozart.csv
314,318.0 to 318.75,4,"[0, 0, 1, 0, 1, 0, 0, 0, 1, 0, 0, 1]",5,eMajor,Piano Sonata K333 i Bb major.mid by Mozart.csv
315,319.0 to 319.75,8,"[0, 0, 1, 0, 2, 0, 0, 0, 1, 0, 0, 1]",9,eMajor,Piano Sonata K333 i Bb major.mid by Mozart.csv
316,320.0 to 320.75,0,"[2, 0, 1, 0, 1, 0, 0, 0, 0, 1, 0, 0]",6,cMinor,Piano Sonata K333 i Bb major.mid by Mozart.csv
317,321.0 to 321.75,15,"[1, 0, 0, 0, 1, 0, 0, 1, 0, 0, 0, 2]",7,gMinor,Piano Sonata K333 i Bb major.mid by Mozart.csv
318,322.0 to 322.75,2,"[1, 0, 0, 0, 1, 0, 1, 0, 0, 2, 0, 1]",3,cMinor,Piano Sonata K333 i Bb major.mid by Mozart.csv
319,323.0 to 323.75,2,"[1, 0, 1, 1, 0, 1, 0, 0, 0, 2, 0, 1]",3,fMajor,Piano Sonata K333 i Bb major.mid by Mozart.csv
320,324.0 to 324.75,8,"[0, 0, 0, 1, 4, 0, 0, 0, 1, 0, 0, 0]",9,eMajor,Piano Sonata K333 i Bb major.mid by Mozart.csv
321,325.0 to 325.75,9,"[0, 0, 0, 1, 1, 0, 0, 0, 0, 0, 0, 0]",9,cMajor,Piano Sonata K333 i Bb major.mid by Mozart.csv
322,326.0 to 326.75,6,"[0, 0, 1, 0, 1, 1, 0, 0, 0, 0, 0, 0]",2,b-Major,Piano Sonata K333 i Bb major.mid by Mozart.csv
323,327.0 to 327.75,4,"[1, 0, 1, 0, 0, 1, 0, 0, 1, 0, 0, 1]",1,g#Minor,Piano Sonata K333 i Bb major.mid by Mozart.csv
324,328.0 to 328.75,17,"[0, 0, 0, 0, 0, 1, 0, 1, 0, 2, 0, 1]",3,fMajor,Piano Sonata K333 i Bb major.mid by Mozart.csv
325,329.0 to 329.75,9,"[0, 0, 0, 0, 1, 1, 0, 1, 0, 0, 0, 0]",2,cMajor,Piano Sonata K333 i Bb major.mid by Mozart.csv
326,330.0 to 330.5,11,"[1, 0, 0, 1, 0, 0, 0, 0, 0, 0, 0, 0]",6,g#Major,Piano Sonata K333 i Bb major.mid by Mozart.csv
327,331.0 to 331.5,4,"[0, 0, 0, 1, 0, 1, 0, 0, 0, 1, 0, 1]",3,bMajor,Piano Sonata K333 i Bb major.mid by Mozart.csv
328,332.0 to 332.75,8,"[0, 0, 0, 1, 3, 0, 0, 0, 1, 0, 0, 0]",9,eMajor,Piano Sonata K333 i Bb major.mid by Mozart.csv
329,333.0 to 333.75,9,"[0, 0, 0, 1, 1, 0, 0, 0, 0, 0, 0, 0]",9,cMajor,Piano Sonata K333 i Bb major.mid by Mozart.csv
330,334.0 to 334.75,6,"[0, 0, 1, 0, 1, 1, 0, 0, 0, 0, 0, 0]",2,b-Major,Piano Sonata K333 i Bb major.mid by Mozart.csv
331,335.0 to 335.75,12,"[1, 0, 2, 0, 1, 0, 0, 0, 0, 0, 0, 1]",5,gMajor,Piano Sonata K333 i Bb major.mid by Mozart.csv
332,336.0 to 336.75,2,"[1, 0, 0, 0, 0, 1, 0, 1, 0, 1, 0, 1]",3,fMajor,Piano Sonata K333 i Bb major.mid by Mozart.csv
333,337.0 to 337.75,9,"[0, 0, 0, 0, 1, 1, 0, 1, 0, 0, 0, 0]",2,cMajor,Piano Sonata K333 i Bb major.mid by Mozart.csv
334,338.0 to 338.5,11,"[0, 0, 0, 1, 0, 0, 0, 0, 0, 1, 0, 0]",3,dMajor,Piano Sonata K333 i Bb major.mid by Mozart.csv
335,339.0 to 339.5,2,"[1, 0, 0, 1, 0, 1, 0, 0, 0, 1, 0, 0]",3,fMajor,Piano Sonata K333 i Bb major.mid by Mozart.csv
336,340.0 to 340.5,8,"[0, 0, 0, 0, 3, 0, 0, 0, 1, 0, 0, 0]",9,eMinor,Piano Sonata K333 i Bb major.mid by Mozart.csv
337,341.0 to 341.5,8,"[1, 0, 0, 0, 2, 0, 0, 0, 0, 1, 0, 0]",9,cMinor,Piano Sonata K333 i Bb major.mid by Mozart.csv
338,342.0 to 342.5,8,"[0, 0, 0, 0, 2, 0, 0, 0, 1, 0, 0, 1]",9,eMajor,Piano Sonata K333 i Bb major.mid by Mozart.csv
339,343.0 to 343.5,8,"[1, 0, 0, 0, 2, 0, 0, 0, 0, 1, 0, 0]",9,cMinor,Piano Sonata K333 i Bb major.mid by Mozart.csv
340,344.0 to 344.5,8,"[0, 0, 0, 0, 2, 0, 0, 0, 1, 0, 0, 1]",9,eMajor,Piano Sonata K333 i Bb major.mid by Mozart.csv
341,345.0 to 345.5,9,"[0, 0, 0, 1, 1, 0, 0, 0, 0, 0, 0, 0]",9,cMajor,Piano Sonata K333 i Bb major.mid by Mozart.csv
342,346.0 to 346.5,9,"[0, 0, 0, 1, 1, 0, 0, 0, 0, 0, 0, 0]",9,cMajor,Piano Sonata K333 i Bb major.mid by Mozart.csv
343,347.0 to 347.5,9,"[0, 0, 0, 1, 1, 0, 0, 0, 0, 0, 0, 0]",9,cMajor,Piano Sonata K333 i Bb major.mid by Mozart.csv
344,348.0 to 348.5,1,"[0, 0, 1, 0, 0, 0, 0, 2, 0, 0, 0, 1]",7,gMajor,Piano Sonata K333 i Bb major.mid by Mozart.csv
345,349.0 to 349.5,5,"[0, 0, 1, 0, 0, 1, 0, 1, 0, 0, 0, 1]",1,gMajor,Piano Sonata K333 i Bb major.mid by Mozart.csv
346,350.0 to 350.75,5,"[0, 0, 1, 0, 1, 1, 0, 1, 0, 0, 0, 1]",1,gMinor,Piano Sonata K333 i Bb major.mid by Mozart.csv
347,351.0 to 351.75,9,"[0, 0, 0, 0, 1, 1, 0, 1, 0, 0, 0, 0]",2,cMajor,Piano Sonata K333 i Bb major.mid by Mozart.csv
348,352.0 to 352.5,6,"[1, 0, 1, 0, 0, 1, 0, 1, 0, 0, 0, 0]",1,cMajor,Piano Sonata K333 i Bb major.mid by Mozart.csv
349,353.0 to 353.5,5,"[0, 0, 1, 0, 0, 1, 0, 1, 0, 0, 0, 1]",1,gMajor,Piano Sonata K333 i Bb major.mid by Mozart.csv
350,354.0 to 354.75,5,"[0, 0, 1, 0, 0, 1, 0, 1, 0, 1, 0, 1]",1,fMinor,Piano Sonata K333 i Bb major.mid by Mozart.csv
351,355.0 to 355.75,2,"[1, 0, 0, 0, 0, 0, 0, 0, 0, 1, 0, 1]",3,fMajor,Piano Sonata K333 i Bb major.mid by Mozart.csv
352,356.0 to 356.5,10,"[0, 0, 0, 0, 0, 0, 0, 2, 0, 0, 0, 0]",4,cMajor,Piano Sonata K333 i Bb major.mid by Mozart.csv
353,357.0 to 357.5,6,"[0, 0, 1, 0, 0, 2, 0, 0, 0, 0, 0, 0]",1,b-Major,Piano Sonata K333 i Bb major.mid by Mozart.csv
354,358.0 to 358.75,3,"[0, 0, 0, 0, 1, 1, 0, 0, 1, 0, 0, 0]",2,c#Major,Piano Sonata K333 i Bb major.mid by Mozart.csv
355,359.0 to 359.75,3,"[0, 0, 1, 1, 0, 1, 0, 1, 1, 0, 0, 0]",1,c#Major,Piano Sonata K333 i Bb major.mid by Mozart.csv
356,360.0 to 360.5,9,"[1, 0, 0, 0, 0, 0, 0, 1, 0, 0, 0, 0]",8,cMajor,Piano Sonata K333 i Bb major.mid by Mozart.csv
357,361.0 to 361.5,4,"[0, 0, 1, 0, 0, 1, 0, 0, 0, 0, 0, 1]",1,gMajor,Piano Sonata K333 i Bb major.mid by Mozart.csv
358,362.0 to 362.75,3,"[0, 0, 0, 0, 1, 1, 0, 0, 1, 0, 0, 0]",2,c#Major,Piano Sonata K333 i Bb major.mid by Mozart.csv
359,363.0 to 363.75,3,"[0, 0, 1, 1, 0, 1, 0, 1, 1, 0, 0, 0]",1,c#Major,Piano Sonata K333 i Bb major.mid by Mozart.csv
360,364.0 to 364.75,15,"[1, 0, 0, 0, 1, 1, 0, 1, 0, 0, 0, 1]",8,cMajor,Piano Sonata K333 i Bb major.mid by Mozart.csv
361,365.0 to 365.75,6,"[0, 0, 2, 1, 0, 2, 0, 1, 1, 0, 0, 0]",1,b-Major,Piano Sonata K333 i Bb major.mid by Mozart.csv
362,366.0 to 366.75,6,"[1, 0, 1, 0, 1, 2, 0, 1, 0, 0, 0, 1]",1,cMajor,Piano Sonata K333 i Bb major.mid by Mozart.csv
363,367.0 to 367.75,6,"[0, 0, 2, 1, 0, 2, 0, 1, 1, 0, 0, 0]",1,b-Major,Piano Sonata K333 i Bb major.mid by Mozart.csv
364,368.0 to 368.75,19,"[1, 1, 2, 0, 0, 1, 0, 1, 0, 0, 0, 1]",1,gMajor,Piano Sonata K333 i Bb major.mid by Mozart.csv
365,369.0 to 369.75,15,"[1, 0, 1, 0, 1, 0, 0, 0, 0, 0, 0, 1]",5,eMajor,Piano Sonata K333 i Bb major.mid by Mozart.csv
366,370.0 to 370.75,17,"[0, 0, 0, 0, 0, 0, 0, 1, 1, 1, 0, 0]",4,cMajor,Piano Sonata K333 i Bb major.mid by Mozart.csv
367,371.0 to 371.75,5,"[0, 0, 0, 0, 0, 1, 0, 1, 0, 1, 0, 1]",7,fMajor,Piano Sonata K333 i Bb major.mid by Mozart.csv
368,372.0 to 372.5,12,"[0, 0, 1, 0, 1, 0, 0, 0, 0, 0, 0, 0]",9,cMajor,Piano Sonata K333 i Bb major.mid by Mozart.csv
369,373.0 to 373.5,9,"[0, 0, 0, 0, 1, 1, 0, 0, 0, 0, 0, 0]",2,cMajor,Piano Sonata K333 i Bb major.mid by Mozart.csv
370,374.0 to 374.5,16,"[0, 0, 0, 0, 0, 0, 1, 1, 0, 0, 0, 0]",4,cMajor,Piano Sonata K333 i Bb major.mid by Mozart.csv
371,375.0 to 375.75,17,"[0, 0, 0, 0, 1, 1, 0, 1, 0, 1, 0, 0]",2,cMajor,Piano Sonata K333 i Bb major.mid by Mozart.csv
372,376.0 to 376.5,0,"[2, 0, 1, 0, 0, 0, 0, 0, 0, 0, 0, 0]",6,cMajor,Piano Sonata K333 i Bb major.mid by Mozart.csv
373,377.0 to 377.5,9,"[1, 0, 0, 0, 1, 0, 0, 1, 0, 0, 0, 0]",8,cMajor,Piano Sonata K333 i Bb major.mid by Mozart.csv
374,378.0 to 378.5,0,"[2, 0, 0, 0, 2, 0, 0, 0, 0, 0, 0, 0]",9,cMajor,Piano Sonata K333 i Bb major.mid by Mozart.csv
375,379.0 to 379.5,17,"[0, 0, 0, 0, 2, 0, 0, 0, 0, 2, 0, 0]",9,aMajor,Piano Sonata K333 i Bb major.mid by Mozart.csv
376,380.0 to 380.5,5,"[0, 0, 1, 0, 0, 0, 0, 1, 0, 0, 0, 0]",4,gMajor,Piano Sonata K333 i Bb major.mid by Mozart.csv
377,381.0 to 381.5,18,"[0, 0, 0, 0, 0, 2, 0, 0, 0, 1, 0, 0]",2,fMajor,Piano Sonata K333 i Bb major.mid by Mozart.csv
378,382.0 to 382.75,18,"[0, 0, 1, 0, 0, 2, 0, 1, 0, 1, 0, 0]",2,fMinor,Piano Sonata K333 i Bb major.mid by Mozart.csv
379,383.0 to 383.75,18,"[0, 0, 1, 0, 1, 2, 0, 1, 0, 1, 0, 0]",2,fMinor,Piano Sonata K333 i Bb major.mid by Mozart.csv
380,384.0 to 384.5,9,"[1, 0, 0, 0, 0, 0, 0, 1, 0, 0, 0, 0]",8,cMajor,Piano Sonata K333 i Bb major.mid by Mozart.csv
381,385.0 to 385.5,4,"[0, 0, 1, 0, 0, 1, 0, 0, 0, 0, 0, 1]",1,gMajor,Piano Sonata K333 i Bb major.mid by Mozart.csv
382,386.0 to 386.5,5,"[0, 0, 1, 0, 0, 0, 0, 1, 0, 0, 0, 1]",7,gMajor,Piano Sonata K333 i Bb major.mid by Mozart.csv
383,387.0 to 387.5,6,"[1, 0, 2, 0, 0, 1, 0, 0, 0, 0, 0, 0]",1,b-Major,Piano Sonata K333 i Bb major.mid by Mozart.csv
384,388.0 to 388.5,4,"[1, 0, 1, 0, 0, 0, 0, 0, 0, 0, 0, 1]",5,gMajor,Piano Sonata K333 i Bb major.mid by Mozart.csv
385,389.0 to 389.5,8,"[1, 0, 0, 0, 2, 0, 0, 1, 0, 0, 0, 0]",8,cMajor,Piano Sonata K333 i Bb major.mid by Mozart.csv
386,390.0 to 390.75,16,"[1, 0, 0, 0, 1, 0, 1, 1, 0, 0, 0, 0]",8,cMajor,Piano Sonata K333 i Bb major.mid by Mozart.csv
387,391.0 to 391.75,10,"[0, 0, 0, 0, 2, 1, 0, 2, 0, 1, 0, 0]",4,cMajor,Piano Sonata K333 i Bb major.mid by Mozart.csv
388,392.0 to 392.5,6,"[0, 0, 1, 0, 1, 1, 0, 0, 0, 1, 0, 0]",2,fMinor,Piano Sonata K333 i Bb major.mid by Mozart.csv
389,393.0 to 393.5,9,"[1, 0, 1, 0, 1, 0, 0, 1, 0, 0, 0, 0]",8,cMajor,Piano Sonata K333 i Bb major.mid by Mozart.csv
390,394.0 to 394.5,6,"[0, 0, 1, 0, 1, 1, 0, 0, 0, 1, 0, 0]",2,fMinor,Piano Sonata K333 i Bb major.mid by Mozart.csv
391,395.0 to 395.5,6,"[0, 0, 2, 0, 0, 1, 0, 0, 0, 0, 0, 1]",1,b-Major,Piano Sonata K333 i Bb major.mid by Mozart.csv
392,396.0 to 396.75,15,"[1, 0, 1, 0, 1, 0, 0, 1, 0, 0, 0, 1]",5,cMajor,Piano Sonata K333 i Bb major.mid by Mozart.csv
393,397.0 to 397.75,6,"[1, 0, 1, 0, 1, 1, 0, 0, 0, 0, 0, 0]",1,cMajor,Piano Sonata K333 i Bb major.mid by Mozart.csv
394,398.0 to 398.75,16,"[0, 0, 0, 0, 0, 0, 1, 1, 0, 0, 0, 0]",4,cMajor,Piano Sonata K333 i Bb major.mid by Mozart.csv
395,399.0 to 399.75,17,"[0, 0, 0, 0, 1, 1, 0, 1, 0, 1, 0, 0]",2,cMajor,Piano Sonata K333 i Bb major.mid by Mozart.csv
396,400.0 to 400.5,6,"[0, 0, 1, 0, 1, 1, 0, 0, 0, 1, 0, 0]",2,fMinor,Piano Sonata K333 i Bb major.mid by Mozart.csv
397,401.0 to 401.5,9,"[1, 0, 1, 0, 1, 0, 0, 1, 0, 0, 0, 0]",8,cMajor,Piano Sonata K333 i Bb major.mid by Mozart.csv
398,402.0 to 402.5,6,"[0, 0, 1, 0, 1, 1, 0, 0, 0, 1, 0, 0]",2,fMinor,Piano Sonata K333 i Bb major.mid by Mozart.csv
399,403.0 to 403.5,6,"[0, 0, 2, 0, 0, 1, 0, 0, 0, 0, 0, 1]",1,b-Major,Piano Sonata K333 i Bb major.mid by Mozart.csv
400,404.0 to 404.75,8,"[1, 0, 1, 0, 2, 0, 0, 1, 0, 0, 0, 0]",8,cMajor,Piano Sonata K333 i Bb major.mid by Mozart.csv
401,405.0 to 405.75,5,"[0, 0, 0, 0, 0, 1, 0, 1, 0, 1, 0, 1]",7,fMajor,Piano Sonata K333 i Bb major.mid by Mozart.csv
402,406.0 to 406.75,6,"[1, 0, 1, 0, 1, 1, 0, 0, 0, 0, 0, 0]",1,cMajor,Piano Sonata K333 i Bb major.mid by Mozart.csv
403,407.0 to 407.5,9,"[0, 0, 0, 0, 0, 0, 0, 1, 0, 0, 0, 0]",4,cMajor,Piano Sonata K333 i Bb major.mid by Mozart.csv
404,408.0 to 408.5,1,"[0, 0, 0, 0, 0, 1, 0, 2, 0, 0, 0, 1]",7,gMajor,Piano Sonata K333 i Bb major.mid by Mozart.csv
405,409.0 to 409.5,9,"[1, 0, 0, 0, 1, 1, 0, 1, 0, 0, 0, 0]",8,cMajor,Piano Sonata K333 i Bb major.mid by Mozart.csv
406,410.0 to 410.5,6,"[0, 0, 1, 0, 1, 2, 0, 1, 0, 0, 0, 0]",2,b-Major,Piano Sonata K333 i Bb major.mid by Mozart.csv
407,411.0 to 411.5,15,"[1, 0, 1, 0, 1, 0, 0, 1, 0, 0, 0, 1]",5,cMajor,Piano Sonata K333 i Bb major.mid by Mozart.csv
408,412.0 to 412.5,0,"[2, 0, 0, 0, 1, 0, 0, 0, 0, 0, 0, 0]",6,cMajor,Piano Sonata K333 i Bb major.mid by Mozart.csv
409,413.0 to 413.5,9,"[1, 0, 0, 0, 1, 0, 0, 1, 0, 0, 0, 0]",8,cMajor,Piano Sonata K333 i Bb major.mid by Mozart.csv
410,414.0 to 414.0,9,"[1, 0, 0, 0, 0, 0, 0, 0, 0, 0, 0, 0]",6,cMajor,Piano Sonata K333 i Bb major.mid by Mozart.csv
411,415.0 to 415.75,17,"[0, 0, 0, 0, 1, 1, 0, 1, 0, 1, 0, 0]",2,cMajor,Piano Sonata K333 i Bb major.mid by Mozart.csv
412,416.0 to 416.5,0,"[2, 0, 1, 0, 0, 0, 0, 0, 0, 0, 0, 0]",6,cMajor,Piano Sonata K333 i Bb major.mid by Mozart.csv
413,417.0 to 417.5,9,"[1, 0, 0, 0, 1, 0, 0, 1, 0, 0, 0, 0]",8,cMajor,Piano Sonata K333 i Bb major.mid by Mozart.csv
414,418.0 to 418.5,0,"[3, 0, 0, 0, 1, 0, 0, 0, 0, 0, 0, 0]",6,cMajor,Piano Sonata K333 i Bb major.mid by Mozart.csv
415,419.0 to 419.5,9,"[1, 0, 1, 0, 1, 0, 0, 1, 0, 0, 0, 0]",8,cMajor,Piano Sonata K333 i Bb major.mid by Mozart.csv
416,420.0 to 420.5,0,"[2, 0, 0, 0, 0, 0, 0, 0, 0, 0, 0, 1]",6,cMajor,Piano Sonata K333 i Bb major.mid by Mozart.csv
417,421.0 to 421.5,14,"[0, 0, 0, 0, 1, 0, 0, 1, 0, 0, 1, 0]",4,cMajor,Piano Sonata K333 i Bb major.mid by Mozart.csv
418,422.0 to 422.5,9,"[1, 0, 0, 0, 1, 0, 0, 0, 0, 0, 1, 0]",9,cMajor,Piano Sonata K333 i Bb major.mid by Mozart.csv
419,423.0 to 423.5,14,"[0, 0, 0, 0, 1, 0, 0, 1, 0, 0, 1, 0]",4,cMajor,Piano Sonata K333 i Bb major.mid by Mozart.csv
420,424.0 to 424.75,2,"[2, 0, 0, 0, 0, 0, 0, 0, 0, 1, 1, 0]",6,fMajor,Piano Sonata K333 i Bb major.mid by Mozart.csv
421,425.0 to 425.75,10,"[0, 0, 0, 0, 1, 1, 0, 2, 0, 1, 0, 0]",4,cMajor,Piano Sonata K333 i Bb major.mid by Mozart.csv
422,426.0 to 426.75,6,"[0, 0, 1, 0, 1, 1, 0, 1, 0, 0, 1, 0]",1,b-Major,Piano Sonata K333 i Bb major.mid by Mozart.csv
423,427.0 to 427.75,0,"[2, 0, 1, 0, 1, 0, 0, 0, 0, 0, 1, 0]",6,cMajor,Piano Sonata K333 i Bb major.mid by Mozart.csv
424,428.0 to 428.5,17,"[0, 1, 0, 0, 0, 0, 0, 0, 0, 1, 1, 0]",3,f#Major,Piano Sonata K333 i Bb major.mid by Mozart.csv
425,429.0 to 429.5,17,"[0, 0, 0, 0, 1, 0, 0, 1, 0, 1, 0, 0]",4,cMajor,Piano Sonata K333 i Bb major.mid by Mozart.csv
426,430.0 to 430.5,17,"[0, 0, 0, 0, 0, 0, 0, 1, 0, 3, 0, 0]",3,dMajor,Piano Sonata K333 i Bb major.mid by Mozart.csv
427,431.0 to 431.5,17,"[0, 1, 0, 0, 1, 0, 0, 1, 0, 1, 0, 0]",4,aMajor,Piano Sonata K333 i Bb major.mid by Mozart.csv
428,432.0 to 432.5,16,"[1, 0, 0, 0, 0, 0, 1, 1, 0, 0, 0, 0]",8,cMajor,Piano Sonata K333 i Bb major.mid by Mozart.csv
429,433.0 to 433.5,16,"[0, 0, 0, 1, 0, 0, 2, 0, 0, 0, 0, 0]",0,bMajor,Piano Sonata K333 i Bb major.mid by Mozart.csv
430,434.0 to 434.5,11,"[0, 0, 0, 1, 0, 0, 1, 0, 0, 1, 0, 0]",3,dMajor,Piano Sonata K333 i Bb major.mid by Mozart.csv
431,435.0 to 435.5,11,"[0, 0, 0, 1, 0, 0, 1, 0, 0, 0, 0, 0]",0,bMajor,Piano Sonata K333 i Bb major.mid by Mozart.csv
432,436.0 to 436.5,5,"[0, 0, 0, 0, 0, 0, 0, 1, 0, 1, 0, 1]",7,gMajor,Piano Sonata K333 i Bb major.mid by Mozart.csv
433,437.0 to 437.5,10,"[0, 0, 1, 0, 0, 0, 0, 2, 0, 0, 0, 0]",4,gMajor,Piano Sonata K333 i Bb major.mid by Mozart.csv
434,438.0 to 438.5,5,"[0, 0, 0, 0, 0, 0, 0, 1, 1, 0, 0, 1]",7,eMajor,Piano Sonata K333 i Bb major.mid by Mozart.csv
435,439.0 to 439.5,17,"[0, 0, 0, 0, 0, 1, 0, 0, 0, 1, 0, 0]",2,fMinor,Piano Sonata K333 i Bb major.mid by Mozart.csv
436,440.0 to 440.5,9,"[1, 0, 0, 1, 1, 0, 0, 0, 0, 0, 0, 0]",9,cMajor,Piano Sonata K333 i Bb major.mid by Mozart.csv
437,441.0 to 441.5,8,"[0, 0, 0, 0, 2, 0, 0, 1, 0, 0, 0, 0]",9,cMajor,Piano Sonata K333 i Bb major.mid by Mozart.csv
438,442.0 to 442.5,9,"[1, 0, 0, 0, 0, 0, 0, 1, 0, 0, 0, 0]",8,cMajor,Piano Sonata K333 i Bb major.mid by Mozart.csv
439,443.0 to 443.75,17,"[0, 0, 0, 0, 1, 1, 0, 1, 0, 1, 0, 0]",2,cMajor,Piano Sonata K333 i Bb major.mid by Mozart.csv
440,444.0 to 444.5,6,"[0, 0, 1, 0, 0, 1, 0, 1, 0, 0, 0, 0]",1,gMajor,Piano Sonata K333 i Bb major.mid by Mozart.csv
441,445.0 to 445.5,5,"[0, 0, 1, 0, 0, 1, 0, 1, 0, 0, 0, 1]",1,gMajor,Piano Sonata K333 i Bb major.mid by Mozart.csv
442,446.0 to 446.75,10,"[1, 0, 0, 0, 1, 0, 1, 2, 0, 0, 0, 0]",8,cMajor,Piano Sonata K333 i Bb major.mid by Mozart.csv
443,447.0 to 447.75,10,"[0, 0, 0, 0, 2, 1, 0, 2, 0, 1, 0, 0]",4,cMajor,Piano Sonata K333 i Bb major.mid by Mozart.csv
444,448.0 to 448.5,6,"[0, 0, 1, 0, 0, 1, 0, 1, 0, 0, 0, 0]",1,gMajor,Piano Sonata K333 i Bb major.mid by Mozart.csv
445,449.0 to 449.5,5,"[0, 0, 1, 0, 0, 1, 0, 1, 0, 0, 0, 1]",1,gMajor,Piano Sonata K333 i Bb major.mid by Mozart.csv
446,450.0 to 450.75,10,"[1, 0, 0, 0, 1, 0, 1, 2, 0, 0, 0, 0]",8,cMajor,Piano Sonata K333 i Bb major.mid by Mozart.csv
447,451.0 to 451.75,10,"[0, 0, 0, 0, 2, 1, 0, 2, 0, 1, 0, 0]",4,cMajor,Piano Sonata K333 i Bb major.mid by Mozart.csv
448,452.0 to 452.5,6,"[0, 0, 1, 0, 1, 1, 0, 0, 0, 1, 0, 0]",2,fMinor,Piano Sonata K333 i Bb major.mid by Mozart.csv
449,453.0 to 453.5,6,"[0, 0, 1, 0, 0, 1, 0, 0, 0, 1, 0, 0]",2,fMinor,Piano Sonata K333 i Bb major.mid by Mozart.csv
450,454.0 to 454.5,7,"[1, 0, 1, 0, 0, 0, 1, 0, 0, 1, 0, 0]",0,dMajor,Piano Sonata K333 i Bb major.mid by Mozart.csv
451,455.0 to 455.5,7,"[1, 0, 0, 0, 0, 0, 1, 0, 0, 1, 0, 0]",3,dMajor,Piano Sonata K333 i Bb major.mid by Mozart.csv
452,456.0 to 456.75,1,"[1, 0, 0, 0, 0, 0, 0, 2, 0, 0, 0, 1]",7,cMajor,Piano Sonata K333 i Bb major.mid by Mozart.csv
453,457.0 to 457.75,2,"[1, 0, 1, 0, 0, 0, 0, 1, 0, 1, 0, 0]",3,dMajor,Piano Sonata K333 i Bb major.mid by Mozart.csv
454,458.0 to 458.75,5,"[0, 0, 1, 0, 1, 0, 0, 1, 0, 0, 0, 1]",5,gMajor,Piano Sonata K333 i Bb major.mid by Mozart.csv
455,459.0 to 459.75,9,"[1, 0, 0, 0, 1, 1, 0, 1, 0, 0, 0, 0]",8,cMajor,Piano Sonata K333 i Bb major.mid by Mozart.csv
456,460.0 to 460.5,6,"[0, 0, 1, 0, 0, 1, 0, 1, 0, 0, 0, 0]",1,gMajor,Piano Sonata K333 i Bb major.mid by Mozart.csv
457,461.0 to 461.5,5,"[0, 0, 1, 0, 0, 0, 0, 1, 0, 0, 0, 1]",7,gMajor,Piano Sonata K333 i Bb major.mid by Mozart.csv
458,462.0 to 462.5,9,"[1, 0, 0, 0, 1, 1, 0, 1, 0, 0, 0, 0]",8,cMajor,Piano Sonata K333 i Bb major.mid by Mozart.csv
459,463.0 to 463.5,2,"[1, 0, 1, 0, 0, 0, 0, 1, 0, 1, 0, 0]",3,dMajor,Piano Sonata K333 i Bb major.mid by Mozart.csv
460,464.0 to 464.75,1,"[0, 0, 0, 0, 0, 0, 1, 3, 0, 0, 0, 1]",7,gMajor,Piano Sonata K333 i Bb major.mid by Mozart.csv
461,465.0 to 465.75,16,"[1, 0, 0, 0, 0, 0, 1, 2, 0, 1, 0, 0]",4,e-Minor,Piano Sonata K333 i Bb major.mid by Mozart.csv
462,466.0 to 466.75,1,"[0, 0, 1, 0, 0, 0, 1, 2, 0, 0, 0, 1]",7,gMajor,Piano Sonata K333 i Bb major.mid by Mozart.csv
463,467.0 to 467.75,10,"[1, 0, 0, 0, 1, 0, 1, 2, 0, 0, 0, 0]",8,cMajor,Piano Sonata K333 i Bb major.mid by Mozart.csv
464,468.0 to 468.75,6,"[0, 0, 1, 0, 0, 1, 1, 1, 0, 0, 0, 0]",1,dMajor,Piano Sonata K333 i Bb major.mid by Mozart.csv
465,469.0 to 469.875,5,"[0, 0, 1, 0, 1, 0, 1, 1, 0, 0, 0, 1]",5,gMinor,Piano Sonata K333 i Bb major.mid by Mozart.csv
466,470.0 to 470.75,16,"[1, 0, 0, 0, 1, 1, 1, 1, 0, 0, 0, 0]",8,cMajor,Piano Sonata K333 i Bb major.mid by Mozart.csv
467,471.0 to 471.75,7,"[1, 0, 1, 0, 1, 0, 1, 0, 0, 1, 0, 0]",0,cMinor,Piano Sonata K333 i Bb major.mid by Mozart.csv
468,472.0 to 472.75,1,"[0, 0, 1, 0, 0, 0, 0, 3, 0, 0, 0, 1]",7,gMajor,Piano Sonata K333 i Bb major.mid by Mozart.csv
469,473.0 to 473.75,1,"[0, 0, 1, 0, 0, 0, 0, 2, 0, 0, 0, 1]",7,gMajor,Piano Sonata K333 i Bb major.mid by Mozart.csv
470,474.0 to 474.0,10,"[0, 0, 0, 0, 0, 0, 0, 2, 0, 0, 0, 0]",4,cMajor,Piano Sonata K333 i Bb major.mid by Mozart.csv
471,476.0 to 476.0,13,"[3, 0, 0, 0, 1, 0, 0, 2, 0, 0, 0, 0]",8,cMajor,Piano Sonata K333 i Bb major.mid by Mozart.csv
472,477.5 to 477.75,0,"[2, 0, 0, 0, 0, 0, 0, 1, 0, 1, 0, 0]",6,cMajor,Piano Sonata K333 i Bb major.mid by Mozart.csv
473,478.0 to 478.5,9,"[0, 0, 0, 0, 1, 1, 0, 0, 0, 0, 0, 0]",2,cMajor,Piano Sonata K333 i Bb major.mid by Mozart.csv
474,479.0 to 479.5,12,"[1, 0, 1, 0, 0, 0, 0, 0, 0, 0, 0, 0]",6,cMajor,Piano Sonata K333 i Bb major.mid by Mozart.csv
475,480.0 to 480.5,2,"[1, 0, 0, 0, 0, 0, 0, 0, 0, 1, 0, 0]",3,fMajor,Piano Sonata K333 i Bb major.mid by Mozart.csv
476,481.0 to 481.0,18,"[1, 0, 0, 0, 0, 2, 0, 0, 0, 1, 0, 0]",2,fMajor,Piano Sonata K333 i Bb major.mid by Mozart.csv
477,482.5 to 482.5,18,"[0, 0, 0, 0, 0, 2, 0, 1, 0, 0, 0, 0]",2,c#Major,Piano Sonata K333 i Bb major.mid by Mozart.csv
478,483.0 to 483.5,15,"[1, 0, 0, 0, 1, 0, 0, 0, 0, 0, 0, 1]",9,cMajor,Piano Sonata K333 i Bb major.mid by Mozart.csv
479,484.0 to 484.5,7,"[1, 0, 1, 0, 0, 0, 1, 0, 0, 1, 0, 0]",0,dMajor,Piano Sonata K333 i Bb major.mid by Mozart.csv
480,485.0 to 485.5,9,"[0, 0, 1, 0, 1, 0, 0, 1, 0, 0, 0, 0]",4,cMajor,Piano Sonata K333 i Bb major.mid by Mozart.csv
481,486.0 to 486.5,7,"[1, 0, 1, 0, 0, 0, 1, 0, 0, 1, 0, 0]",0,dMajor,Piano Sonata K333 i Bb major.mid by Mozart.csv
482,487.0 to 487.5,9,"[0, 0, 1, 0, 1, 0, 0, 1, 0, 0, 0, 0]",4,cMajor,Piano Sonata K333 i Bb major.mid by Mozart.csv
483,488.0 to 488.0,17,"[0, 0, 0, 0, 0, 0, 0, 1, 0, 1, 0, 0]",4,cMajor,Piano Sonata K333 i Bb major.mid by Mozart.csv
484,489.0 to 489.875,5,"[0, 0, 0, 0, 1, 1, 0, 1, 0, 0, 0, 1]",2,gMinor,Piano Sonata K333 i Bb major.mid by Mozart.csv
485,490.0 to 490.5,9,"[1, 0, 0, 0, 1, 0, 0, 0, 0, 0, 0, 0]",9,cMajor,Piano Sonata K333 i Bb major.mid by Mozart.csv
486,491.0 to 491.5,9,"[0, 0, 0, 0, 0, 1, 0, 1, 0, 0, 0, 0]",2,cMajor,Piano Sonata K333 i Bb major.mid by Mozart.csv
487,492.0 to 492.5,3,"[0, 0, 0, 0, 0, 1, 0, 0, 1, 1, 0, 0]",2,c#Major,Piano Sonata K333 i Bb major.mid by Mozart.csv
488,493.0 to 493.75,17,"[0, 0, 1, 0, 0, 1, 0, 1, 0, 2, 0, 0]",3,fMinor,Piano Sonata K333 i Bb major.mid by Mozart.csv
489,494.0 to 494.5,6,"[0, 0, 1, 0, 1, 1, 0, 0, 0, 0, 0, 0]",2,b-Major,Piano Sonata K333 i Bb major.mid by Mozart.csv
490,495.0 to 495.5,9,"[0, 0, 0, 0, 1, 1, 0, 0, 0, 0, 0, 0]",2,cMajor,Piano Sonata K333 i Bb major.mid by Mozart.csv
491,496.0 to 496.5,17,"[0, 0, 0, 0, 1, 0, 0, 1, 0, 1, 0, 0]",4,cMajor,Piano Sonata K333 i Bb major.mid by Mozart.csv
492,497.0 to 497.75,10,"[1, 0, 0, 0, 1, 1, 0, 2, 0, 0, 0, 0]",8,cMajor,Piano Sonata K333 i Bb major.mid by Mozart.csv
493,498.0 to 498.5,9,"[1, 0, 1, 0, 1, 0, 0, 0, 0, 0, 0, 0]",9,cMajor,Piano Sonata K333 i Bb major.mid by Mozart.csv
494,499.0 to 499.5,12,"[0, 0, 1, 0, 1, 0, 0, 0, 0, 0, 0, 0]",9,cMajor,Piano Sonata K333 i Bb major.mid by Mozart.csv
495,500.0 to 500.5,6,"[0, 0, 1, 0, 0, 1, 0, 1, 0, 0, 0, 0]",1,gMajor,Piano Sonata K333 i Bb major.mid by Mozart.csv
496,501.0 to 501.5,4,"[0, 0, 1, 0, 0, 1, 0, 0, 0, 0, 0, 1]",1,gMajor,Piano Sonata K333 i Bb major.mid by Mozart.csv
497,502.0 to 502.5,9,"[1, 0, 0, 0, 1, 1, 0, 0, 0, 0, 0, 0]",9,cMajor,Piano Sonata K333 i Bb major.mid by Mozart.csv
498,503.0 to 503.5,2,"[1, 0, 0, 0, 1, 0, 0, 0, 0, 1, 0, 0]",9,cMinor,Piano Sonata K333 i Bb major.mid by Mozart.csv
499,504.0 to 504.75,5,"[1, 1, 1, 0, 0, 0, 0, 1, 0, 0, 0, 1]",5,gMajor,Piano Sonata K333 i Bb major.mid by Mozart.csv
500,505.0 to 505.75,11,"[0, 0, 0, 1, 1, 1, 1, 0, 0, 0, 0, 0]",2,bMajor,Piano Sonata K333 i Bb major.mid by Mozart.csv
501,506.0 to 506.75,10,"[0, 0, 0, 0, 0, 1, 0, 2, 0, 1, 0, 0]",4,fMajor,Piano Sonata K333 i Bb major.mid by Mozart.csv
502,507.0 to 507.75,6,"[0, 0, 1, 0, 1, 1, 0, 0, 0, 0, 0, 0]",2,b-Major,Piano Sonata K333 i Bb major.mid by Mozart.csv
503,508.0 to 508.0,13,"[2, 0, 0, 0, 1, 0, 0, 2, 0, 0, 0, 0]",8,cMajor,Piano Sonata K333 i Bb major.mid by Mozart.csv
504,509.0 to 509.75,13,"[2, 0, 0, 0, 1, 0, 0, 2, 0, 1, 0, 0]",8,cMajor,Piano Sonata K333 i Bb major.mid by Mozart.csv
505,510.0 to 510.5,9,"[0, 0, 0, 0, 1, 1, 0, 0, 0, 0, 0, 0]",2,cMajor,Piano Sonata K333 i Bb major.mid by Mozart.csv
506,511.0 to 511.5,12,"[1, 0, 1, 0, 0, 0, 0, 0, 0, 0, 0, 0]",6,cMajor,Piano Sonata K333 i Bb major.mid by Mozart.csv
507,512.0 to 512.5,2,"[1, 0, 0, 0, 0, 0, 0, 0, 0, 1, 0, 0]",3,fMajor,Piano Sonata K333 i Bb major.mid by Mozart.csv
508,513.0 to 513.0,18,"[1, 0, 0, 0, 0, 2, 0, 0, 0, 1, 0, 0]",2,fMajor,Piano Sonata K333 i Bb major.mid by Mozart.csv
509,514.5 to 514.5,18,"[0, 0, 0, 0, 0, 2, 0, 1, 0, 0, 0, 0]",2,c#Major,Piano Sonata K333 i Bb major.mid by Mozart.csv
510,515.0 to 515.5,15,"[1, 0, 0, 0, 1, 0, 0, 0, 0, 0, 0, 1]",9,cMajor,Piano Sonata K333 i Bb major.mid by Mozart.csv
511,516.0 to 516.5,7,"[1, 0, 1, 0, 0, 0, 1, 0, 0, 1, 0, 0]",0,dMajor,Piano Sonata K333 i Bb major.mid by Mozart.csv
512,517.0 to 517.5,9,"[1, 0, 0, 0, 1, 0, 0, 1, 0, 0, 0, 0]",8,cMajor,Piano Sonata K333 i Bb major.mid by Mozart.csv
513,518.0 to 518.5,7,"[1, 0, 1, 0, 0, 0, 1, 0, 0, 1, 0, 0]",0,dMajor,Piano Sonata K333 i Bb major.mid by Mozart.csv
514,519.0 to 519.5,9,"[1, 0, 0, 0, 1, 0, 0, 1, 0, 0, 0, 0]",8,cMajor,Piano Sonata K333 i Bb major.mid by Mozart.csv
515,520.0 to 520.0,2,"[1, 0, 0, 0, 0, 0, 0, 1, 0, 1, 0, 0]",3,cMajor,Piano Sonata K333 i Bb major.mid by Mozart.csv
516,521.0 to 521.5,4,"[0, 0, 1, 0, 0, 1, 1, 0, 0, 0, 0, 1]",1,dMinor,Piano Sonata K333 i Bb major.mid by Mozart.csv
517,522.0 to 522.5,9,"[1, 0, 0, 0, 1, 0, 0, 0, 0, 0, 0, 0]",9,cMajor,Piano Sonata K333 i Bb major.mid by Mozart.csv
518,523.0 to 523.5,9,"[0, 0, 0, 0, 0, 1, 0, 1, 0, 0, 0, 0]",2,cMajor,Piano Sonata K333 i Bb major.mid by Mozart.csv
519,524.0 to 524.5,17,"[0, 0, 0, 0, 0, 0, 0, 0, 0, 2, 0, 0]",3,dMajor,Piano Sonata K333 i Bb major.mid by Mozart.csv
520,525.0 to 525.75,17,"[0, 1, 0, 0, 0, 0, 0, 1, 0, 2, 0, 1]",3,aMajor,Piano Sonata K333 i Bb major.mid by Mozart.csv
521,526.0 to 526.75,18,"[0, 0, 1, 0, 1, 3, 0, 0, 0, 0, 0, 0]",2,b-Major,Piano Sonata K333 i Bb major.mid by Mozart.csv
522,527.0 to 527.75,8,"[1, 0, 1, 0, 2, 1, 0, 0, 0, 0, 0, 0]",9,cMajor,Piano Sonata K333 i Bb major.mid by Mozart.csv
523,528.0 to 528.75,2,"[2, 0, 1, 0, 0, 0, 0, 0, 0, 1, 0, 1]",6,fMajor,Piano Sonata K333 i Bb major.mid by Mozart.csv
524,529.0 to 529.75,1,"[0, 0, 0, 0, 0, 1, 0, 2, 0, 1, 0, 1]",7,gMajor,Piano Sonata K333 i Bb major.mid by Mozart.csv
525,530.0 to 530.75,9,"[1, 0, 0, 0, 1, 1, 0, 1, 0, 1, 0, 0]",2,cMajor,Piano Sonata K333 i Bb major.mid by Mozart.csv
526,531.0 to 531.75,15,"[1, 0, 0, 0, 1, 0, 0, 0, 0, 0, 0, 1]",9,cMajor,Piano Sonata K333 i Bb major.mid by Mozart.csv
527,532.0 to 532.75,2,"[1, 0, 1, 0, 0, 1, 0, 0, 0, 1, 0, 1]",3,fMajor,Piano Sonata K333 i Bb major.mid by Mozart.csv
528,533.0 to 533.75,18,"[0, 0, 0, 0, 0, 2, 0, 1, 0, 1, 0, 1]",2,fMajor,Piano Sonata K333 i Bb major.mid by Mozart.csv
529,534.0 to 534.0,9,"[0, 0, 0, 0, 1, 0, 0, 1, 0, 0, 0, 0]",4,cMajor,Piano Sonata K333 i Bb major.mid by Mozart.csv
530,535.0 to 535.875,15,"[1, 0, 1, 0, 1, 0, 0, 1, 0, 0, 0, 1]",5,cMajor,Piano Sonata K333 i Bb major.mid by Mozart.csv
531,536.0 to 536.75,0,"[2, 0, 0, 0, 0, 0, 1, 1, 0, 0, 0, 0]",6,cMajor,Piano Sonata K333 i Bb major.mid by Mozart.csv
532,537.0 to 537.75,16,"[0, 0, 0, 0, 0, 0, 1, 1, 0, 1, 0, 0]",4,dMajor,Piano Sonata K333 i Bb major.mid by Mozart.csv
533,538.0 to 538.75,9,"[0, 0, 0, 0, 1, 1, 0, 1, 0, 0, 0, 0]",2,cMajor,Piano Sonata K333 i Bb major.mid by Mozart.csv
534,539.0 to 539.75,9,"[1, 0, 1, 0, 0, 0, 0, 1, 0, 0, 0, 0]",8,cMajor,Piano Sonata K333 i Bb major.mid by Mozart.csv
535,540.0 to 540.75,19,"[0, 0, 2, 0, 0, 1, 0, 1, 0, 0, 0, 1]",1,gMajor,Piano Sonata K333 i Bb major.mid by Mozart.csv
536,541.0 to 541.75,5,"[0, 0, 0, 0, 0, 1, 0, 1, 0, 0, 0, 1]",7,gMajor,Piano Sonata K333 i Bb major.mid by Mozart.csv
537,542.0 to 542.75,19,"[0, 0, 2, 0, 0, 1, 0, 1, 0, 0, 0, 1]",1,gMajor,Piano Sonata K333 i Bb major.mid by Mozart.csv
538,543.0 to 543.75,5,"[0, 0, 0, 0, 0, 1, 0, 1, 0, 0, 0, 1]",7,gMajor,Piano Sonata K333 i Bb major.mid by Mozart.csv
539,544.0 to 544.75,15,"[1, 0, 1, 0, 1, 0, 0, 1, 0, 0, 0, 1]",5,cMajor,Piano Sonata K333 i Bb major.mid by Mozart.csv
540,545.0 to 545.75,6,"[1, 0, 1, 0, 1, 1, 0, 1, 0, 0, 0, 0]",1,cMajor,Piano Sonata K333 i Bb major.mid by Mozart.csv
541,546.0 to 546.75,10,"[0, 0, 0, 1, 1, 0, 1, 2, 0, 0, 0, 0]",4,cMajor,Piano Sonata K333 i Bb major.mid by Mozart.csv
542,547.0 to 547.75,10,"[0, 0, 0, 1, 1, 0, 1, 2, 0, 0, 0, 0]",4,cMajor,Piano Sonata K333 i Bb major.mid by Mozart.csv
543,548.0 to 548.75,19,"[0, 0, 3, 0, 0, 2, 0, 1, 0, 0, 0, 1]",1,gMajor,Piano Sonata K333 i Bb major.mid by Mozart.csv
544,549.0 to 549.75,5,"[0, 0, 0, 0, 0, 1, 0, 1, 0, 0, 0, 2]",7,gMajor,Piano Sonata K333 i Bb major.mid by Mozart.csv
545,550.0 to 550.75,19,"[0, 0, 3, 0, 0, 2, 0, 1, 0, 0, 0, 1]",1,gMajor,Piano Sonata K333 i Bb major.mid by Mozart.csv
546,551.0 to 551.75,5,"[0, 0, 0, 0, 0, 1, 0, 1, 0, 0, 0, 2]",7,gMajor,Piano Sonata K333 i Bb major.mid by Mozart.csv
547,552.0 to 552.75,15,"[2, 0, 2, 0, 1, 0, 0, 1, 0, 0, 0, 1]",5,cMajor,Piano Sonata K333 i Bb major.mid by Mozart.csv
548,553.0 to 553.75,6,"[1, 0, 1, 0, 2, 2, 0, 1, 0, 0, 0, 0]",2,cMajor,Piano Sonata K333 i Bb major.mid by Mozart.csv
549,554.0 to 554.75,10,"[0, 0, 0, 1, 1, 0, 2, 3, 0, 0, 0, 0]",4,e-Major,Piano Sonata K333 i Bb major.mid by Mozart.csv
550,555.0 to 555.75,10,"[0, 0, 0, 1, 1, 0, 2, 3, 0, 0, 0, 0]",4,e-Major,Piano Sonata K333 i Bb major.mid by Mozart.csv
551,556.0 to 556.5,17,"[0, 0, 0, 0, 0, 1, 0, 0, 0, 2, 0, 0]",3,fMajor,Piano Sonata K333 i Bb major.mid by Mozart.csv
552,557.0 to 557.5,17,"[0, 0, 0, 0, 1, 1, 0, 0, 0, 2, 0, 0]",2,fMajor,Piano Sonata K333 i Bb major.mid by Mozart.csv
553,558.0 to 558.5,5,"[0, 0, 0, 0, 0, 0, 0, 1, 0, 0, 0, 2]",7,gMajor,Piano Sonata K333 i Bb major.mid by Mozart.csv
554,559.0 to 559.5,5,"[0, 0, 0, 0, 0, 0, 1, 1, 0, 0, 0, 2]",7,gMajor,Piano Sonata K333 i Bb major.mid by Mozart.csv
555,560.0 to 560.5,18,"[0, 0, 0, 0, 0, 2, 0, 0, 1, 0, 0, 0]",2,c#Major,Piano Sonata K333 i Bb major.mid by Mozart.csv
556,561.0 to 561.5,3,"[0, 0, 0, 0, 0, 2, 1, 0, 1, 0, 0, 0]",2,c#Major,Piano Sonata K333 i Bb major.mid by Mozart.csv
557,562.0 to 562.5,8,"[0, 0, 0, 0, 2, 0, 0, 0, 0, 1, 0, 0]",9,aMajor,Piano Sonata K333 i Bb major.mid by Mozart.csv
558,563.0 to 563.5,8,"[0, 0, 0, 0, 2, 0, 0, 0, 1, 1, 0, 0]",9,eMajor,Piano Sonata K333 i Bb major.mid by Mozart.csv
559,564.0 to 564.75,6,"[0, 0, 1, 0, 1, 1, 0, 0, 0, 0, 0, 0]",2,b-Major,Piano Sonata K333 i Bb major.mid by Mozart.csv
560,565.0 to 565.75,6,"[0, 0, 2, 0, 1, 2, 0, 1, 0, 0, 0, 0]",1,b-Major,Piano Sonata K333 i Bb major.mid by Mozart.csv
561,566.0 to 566.0,9,"[1, 0, 0, 0, 1, 0, 0, 1, 0, 0, 0, 0]",8,cMajor,Piano Sonata K333 i Bb major.mid by Mozart.csv
562,567.0 to 567.0,5,"[0, 0, 0, 0, 0, 1, 0, 1, 0, 0, 0, 1]",7,gMajor,Piano Sonata K333 i Bb major.mid by Mozart.csv
563,568.0 to 568.5,9,"[1, 0, 0, 0, 1, 0, 0, 1, 0, 0, 0, 0]",8,cMajor,Piano Sonata K333 i Bb major.mid by Mozart.csv
564,569.0 to 569.5,15,"[1, 0, 0, 0, 1, 0, 0, 1, 0, 0, 0, 1]",8,cMajor,Piano Sonata K333 i Bb major.mid by Mozart.csv
565,570.0 to 570.5,14,"[0, 0, 0, 0, 1, 0, 0, 1, 0, 0, 1, 0]",4,cMajor,Piano Sonata K333 i Bb major.mid by Mozart.csv
566,571.0 to 571.5,17,"[0, 0, 0, 0, 1, 0, 0, 1, 0, 1, 1, 0]",4,e-Major,Piano Sonata K333 i Bb major.mid by Mozart.csv
567,572.0 to 572.5,17,"[0, 1, 0, 0, 1, 0, 0, 1, 0, 1, 0, 0]",4,aMajor,Piano Sonata K333 i Bb major.mid by Mozart.csv
568,573.0 to 573.5,17,"[0, 1, 0, 0, 1, 0, 0, 1, 1, 1, 0, 0]",4,aMajor,Piano Sonata K333 i Bb major.mid by Mozart.csv
569,574.0 to 574.5,6,"[0, 0, 1, 0, 0, 1, 0, 0, 0, 1, 0, 0]",2,fMinor,Piano Sonata K333 i Bb major.mid by Mozart.csv
570,575.0 to 575.5,6,"[0, 0, 1, 0, 0, 2, 0, 0, 0, 0, 0, 0]",1,b-Major,Piano Sonata K333 i Bb major.mid by Mozart.csv
571,576.0 to 576.5,6,"[0, 0, 1, 0, 0, 2, 0, 0, 0, 0, 0, 1]",1,b-Major,Piano Sonata K333 i Bb major.mid by Mozart.csv
572,577.0 to 577.5,5,"[0, 0, 1, 0, 0, 1, 0, 1, 0, 0, 0, 1]",1,gMajor,Piano Sonata K333 i Bb major.mid by Mozart.csv
573,578.0 to 578.5,9,"[1, 0, 0, 0, 1, 0, 0, 1, 0, 0, 0, 0]",8,cMajor,Piano Sonata K333 i Bb major.mid by Mozart.csv
574,579.0 to 579.5,8,"[1, 0, 0, 0, 2, 0, 0, 0, 0, 0, 0, 0]",9,cMajor,Piano Sonata K333 i Bb major.mid by Mozart.csv
575,580.0 to 580.5,8,"[1, 0, 0, 0, 2, 0, 0, 0, 0, 1, 0, 0]",9,cMinor,Piano Sonata K333 i Bb major.mid by Mozart.csv
576,581.0 to 581.5,2,"[1, 0, 0, 0, 1, 1, 0, 0, 0, 1, 0, 0]",2,fMajor,Piano Sonata K333 i Bb major.mid by Mozart.csv
577,582.0 to 582.5,4,"[0, 0, 1, 0, 0, 1, 0, 0, 0, 0, 0, 1]",1,gMajor,Piano Sonata K333 i Bb major.mid by Mozart.csv
578,583.0 to 583.5,12,"[0, 0, 2, 0, 0, 0, 0, 0, 0, 0, 0, 1]",5,gMajor,Piano Sonata K333 i Bb major.mid by Mozart.csv
579,584.0 to 584.5,12,"[0, 0, 2, 0, 0, 0, 0, 0, 1, 0, 0, 1]",5,gMajor,Piano Sonata K333 i Bb major.mid by Mozart.csv
580,585.0 to 585.5,4,"[0, 0, 1, 0, 1, 0, 0, 0, 1, 0, 0, 1]",5,eMajor,Piano Sonata K333 i Bb major.mid by Mozart.csv
581,586.0 to 586.5,2,"[1, 0, 0, 0, 1, 0, 0, 0, 0, 1, 0, 0]",9,cMinor,Piano Sonata K333 i Bb major.mid by Mozart.csv
582,587.0 to 587.5,2,"[2, 0, 0, 0, 0, 0, 0, 0, 0, 1, 0, 0]",6,fMajor,Piano Sonata K333 i Bb major.mid by Mozart.csv
583,588.0 to 588.5,0,"[2, 0, 1, 0, 0, 0, 1, 0, 0, 0, 0, 0]",6,cMajor,Piano Sonata K333 i Bb major.mid by Mozart.csv
584,589.0 to 589.5,16,"[1, 0, 0, 0, 0, 0, 1, 0, 0, 0, 0, 0]",0,cMajor,Piano Sonata K333 i Bb major.mid by Mozart.csv
585,590.0 to 590.5,0,"[2, 0, 0, 0, 1, 0, 0, 1, 0, 0, 0, 0]",8,cMajor,Piano Sonata K333 i Bb major.mid by Mozart.csv
586,591.0 to 591.5,9,"[1, 0, 0, 0, 0, 0, 0, 1, 0, 0, 0, 0]",8,cMajor,Piano Sonata K333 i Bb major.mid by Mozart.csv
587,592.0 to 592.5,2,"[2, 0, 0, 0, 0, 1, 0, 0, 0, 1, 0, 0]",6,fMajor,Piano Sonata K333 i Bb major.mid by Mozart.csv
588,593.0 to 593.5,2,"[1, 0, 0, 0, 0, 0, 0, 0, 0, 1, 0, 0]",3,fMajor,Piano Sonata K333 i Bb major.mid by Mozart.csv
589,594.0 to 594.5,0,"[2, 0, 0, 0, 0, 0, 1, 0, 1, 0, 0, 0]",6,g#Major,Piano Sonata K333 i Bb major.mid by Mozart.csv
590,595.0 to 595.5,3,"[1, 0, 0, 0, 0, 0, 0, 0, 1, 0, 0, 0]",6,g#Major,Piano Sonata K333 i Bb major.mid by Mozart.csv
591,596.0 to 596.5,0,"[2, 0, 0, 0, 0, 0, 0, 2, 0, 0, 0, 0]",8,cMajor,Piano Sonata K333 i Bb major.mid by Mozart.csv
592,597.0 to 597.5,0,"[2, 0, 0, 0, 1, 0, 0, 0, 1, 0, 0, 0]",6,cMajor,Piano Sonata K333 i Bb major.mid by Mozart.csv
593,598.0 to 598.5,2,"[2, 0, 0, 0, 0, 1, 0, 0, 0, 1, 0, 0]",6,fMajor,Piano Sonata K333 i Bb major.mid by Mozart.csv
594,599.0 to 599.5,5,"[0, 0, 1, 0, 0, 1, 0, 1, 0, 0, 0, 1]",1,gMajor,Piano Sonata K333 i Bb major.mid by Mozart.csv
595,600.0 to 600.5,10,"[1, 0, 0, 0, 1, 1, 0, 2, 0, 0, 0, 0]",8,cMajor,Piano Sonata K333 i Bb major.mid by Mozart.csv
596,601.0 to 601.5,8,"[1, 0, 1, 0, 2, 0, 0, 1, 0, 0, 0, 0]",8,cMajor,Piano Sonata K333 i Bb major.mid by Mozart.csv
597,602.0 to 602.5,2,"[2, 0, 0, 0, 0, 1, 0, 0, 0, 1, 0, 1]",6,fMajor,Piano Sonata K333 i Bb major.mid by Mozart.csv
598,603.0 to 603.5,18,"[0, 0, 1, 0, 1, 2, 0, 0, 0, 1, 0, 0]",2,fMinor,Piano Sonata K333 i Bb major.mid by Mozart.csv
599,604.0 to 604.75,10,"[0, 0, 0, 0, 0, 0, 0, 2, 0, 1, 0, 0]",4,cMajor,Piano Sonata K333 i Bb major.mid by Mozart.csv
600,605.0 to 605.75,0,"[2, 0, 1, 0, 2, 1, 0, 0, 0, 0, 0, 0]",9,cMajor,Piano Sonata K333 i Bb major.mid by Mozart.csv
601,606.0 to 606.875,6,"[1, 0, 1, 0, 1, 1, 0, 0, 0, 0, 0, 0]",1,cMajor,Piano Sonata K333 i Bb major.mid by Mozart.csv
602,607.0 to 607.875,15,"[1, 0, 1, 0, 1, 0, 0, 1, 0, 0, 0, 1]",5,cMajor,Piano Sonata K333 i Bb major.mid by Mozart.csv
603,608.0 to 608.75,0,"[3, 0, 0, 0, 1, 0, 0, 0, 0, 0, 0, 0]",6,cMajor,Piano Sonata K333 i Bb major.mid by Mozart.csv
604,609.0 to 609.75,5,"[0, 0, 1, 0, 1, 1, 0, 1, 0, 0, 1, 1]",1,gMajor,Piano Sonata K333 i Bb major.mid by Mozart.csv
605,610.0 to 610.75,2,"[2, 0, 0, 0, 1, 1, 0, 0, 0, 1, 0, 0]",6,fMajor,Piano Sonata K333 i Bb major.mid by Mozart.csv
606,611.0 to 611.75,5,"[0, 0, 1, 0, 1, 1, 0, 1, 0, 0, 1, 1]",1,gMajor,Piano Sonata K333 i Bb major.mid by Mozart.csv
607,612.0 to 612.75,2,"[2, 0, 0, 0, 1, 1, 0, 0, 0, 1, 0, 0]",6,fMajor,Piano Sonata K333 i Bb major.mid by Mozart.csv
608,613.0 to 613.75,5,"[0, 0, 1, 0, 1, 1, 0, 1, 0, 0, 1, 1]",1,gMajor,Piano Sonata K333 i Bb major.mid by Mozart.csv
609,614.0 to 614.75,17,"[0, 0, 0, 0, 1, 1, 0, 1, 0, 2, 1, 0]",2,fMajor,Piano Sonata K333 i Bb major.mid by Mozart.csv
610,615.0 to 615.75,6,"[1, 0, 2, 0, 0, 1, 0, 0, 0, 1, 0, 1]",1,fMinor,Piano Sonata K333 i Bb major.mid by Mozart.csv
611,616.0 to 616.75,8,"[1, 0, 1, 0, 2, 0, 0, 0, 0, 0, 0, 0]",9,cMajor,Piano Sonata K333 i Bb major.mid by Mozart.csv
612,617.0 to 617.75,3,"[1, 0, 0, 0, 0, 0, 0, 0, 1, 1, 1, 0]",3,fMajor,Piano Sonata K333 i Bb major.mid by Mozart.csv
613,618.0 to 618.75,18,"[0, 0, 1, 0, 1, 2, 0, 0, 0, 1, 0, 0]",2,fMinor,Piano Sonata K333 i Bb major.mid by Mozart.csv
614,619.0 to 619.75,4,"[1, 0, 1, 0, 0, 0, 0, 0, 0, 1, 0, 1]",3,gMajor,Piano Sonata K333 i Bb major.mid by Mozart.csv
615,620.0 to 620.75,13,"[2, 0, 0, 0, 1, 0, 0, 3, 0, 0, 0, 0]",8,cMajor,Piano Sonata K333 i Bb major.mid by Mozart.csv
616,621.0 to 621.5,0,"[3, 0, 0, 0, 2, 0, 0, 0, 0, 0, 0, 0]",6,cMajor,Piano Sonata K333 i Bb major.mid by Mozart.csv
617,622.0 to 622.5,6,"[0, 0, 2, 0, 1, 1, 0, 2, 0, 0, 0, 0]",1,gMajor,Piano Sonata K333 i Bb major.mid by Mozart.csv
618,623.0 to 623.5,6,"[1, 0, 2, 0, 1, 1, 0, 0, 0, 0, 0, 1]",1,gMajor,Piano Sonata K333 i Bb major.mid by Mozart.csv
619,624.0 to 624.75,0,"[2, 0, 0, 0, 2, 0, 0, 0, 0, 0, 0, 0]",9,cMajor,Piano Sonata K333 i Bb major.mid by Mozart.csv
620,625.0 to 625.75,5,"[0, 0, 1, 0, 1, 1, 0, 1, 0, 0, 1, 1]",1,gMajor,Piano Sonata K333 i Bb major.mid by Mozart.csv
621,626.0 to 626.75,0,"[3, 0, 0, 0, 1, 1, 0, 0, 0, 1, 0, 0]",6,fMajor,Piano Sonata K333 i Bb major.mid by Mozart.csv
622,627.0 to 627.75,5,"[0, 0, 1, 0, 1, 1, 0, 1, 0, 0, 1, 1]",1,gMajor,Piano Sonata K333 i Bb major.mid by Mozart.csv
623,628.0 to 628.75,2,"[2, 0, 0, 0, 1, 1, 0, 0, 0, 1, 0, 0]",6,fMajor,Piano Sonata K333 i Bb major.mid by Mozart.csv
624,629.0 to 629.75,5,"[0, 0, 1, 0, 1, 1, 0, 1, 0, 0, 1, 1]",1,gMajor,Piano Sonata K333 i Bb major.mid by Mozart.csv
625,630.0 to 630.75,9,"[1, 0, 0, 0, 1, 1, 0, 1, 0, 1, 0, 0]",2,cMajor,Piano Sonata K333 i Bb major.mid by Mozart.csv
626,631.0 to 631.75,2,"[1, 0, 1, 0, 0, 1, 0, 0, 0, 1, 0, 1]",3,fMajor,Piano Sonata K333 i Bb major.mid by Mozart.csv
627,632.0 to 632.75,8,"[1, 0, 1, 0, 3, 0, 0, 0, 0, 0, 0, 0]",9,cMajor,Piano Sonata K333 i Bb major.mid by Mozart.csv
628,633.0 to 633.75,3,"[1, 0, 0, 0, 0, 0, 0, 0, 1, 1, 1, 0]",3,fMajor,Piano Sonata K333 i Bb major.mid by Mozart.csv
629,634.0 to 634.75,18,"[0, 0, 0, 0, 1, 3, 0, 1, 0, 1, 0, 0]",2,fMajor,Piano Sonata K333 i Bb major.mid by Mozart.csv
630,635.0 to 635.75,4,"[1, 0, 1, 0, 0, 0, 0, 0, 0, 1, 0, 1]",3,gMajor,Piano Sonata K333 i Bb major.mid by Mozart.csv
631,636.0 to 636.75,13,"[1, 0, 0, 0, 2, 0, 0, 2, 0, 0, 0, 0]",8,cMajor,Piano Sonata K333 i Bb major.mid by Mozart.csv
632,637.0 to 637.75,8,"[1, 0, 0, 0, 2, 0, 0, 1, 0, 0, 0, 0]",8,cMajor,Piano Sonata K333 i Bb major.mid by Mozart.csv
633,638.0 to 638.75,13,"[2, 0, 0, 0, 3, 0, 0, 2, 0, 0, 0, 0]",8,cMajor,Piano Sonata K333 i Bb major.mid by Mozart.csv
634,639.0 to 639.75,13,"[3, 0, 0, 0, 2, 0, 0, 2, 0, 0, 0, 0]",8,cMajor,Piano Sonata K333 i Bb major.mid by Mozart.csv
635,640.0 to 640.875,5,"[0, 0, 1, 0, 1, 1, 0, 1, 0, 0, 0, 1]",1,gMinor,Piano Sonata K333 i Bb major.mid by Mozart.csv
636,641.0 to 641.875,5,"[0, 0, 1, 0, 1, 1, 0, 1, 0, 0, 0, 1]",1,gMinor,Piano Sonata K333 i Bb major.mid by Mozart.csv
637,642.0 to 642.875,5,"[0, 0, 1, 0, 1, 1, 0, 1, 0, 0, 0, 1]",1,gMinor,Piano Sonata K333 i Bb major.mid by Mozart.csv
638,643.0 to 643.875,15,"[1, 0, 1, 0, 1, 1, 0, 1, 0, 0, 0, 1]",1,cMajor,Piano Sonata K333 i Bb major.mid by Mozart.csv
639,644.0 to 644.5,0,"[3, 0, 0, 0, 0, 0, 0, 0, 0, 0, 0, 0]",6,cMajor,Piano Sonata K333 i Bb major.mid by Mozart.csv
640,645.0 to 645.5,0,"[2, 0, 0, 0, 0, 0, 0, 0, 0, 0, 0, 1]",6,cMajor,Piano Sonata K333 i Bb major.mid by Mozart.csv
641,646.0 to 646.5,15,"[2, 0, 1, 0, 0, 0, 0, 0, 0, 0, 0, 1]",6,gMajor,Piano Sonata K333 i Bb major.mid by Mozart.csv
642,647.0 to 647.5,4,"[0, 0, 1, 0, 1, 0, 0, 0, 0, 0, 1, 1]",5,eMajor,Piano Sonata K333 i Bb major.mid by Mozart.csv
643,648.0 to 648.75,2,"[1, 0, 0, 0, 1, 1, 0, 0, 0, 1, 0, 0]",2,fMajor,Piano Sonata K333 i Bb major.mid by Mozart.csv
644,649.0 to 649.75,3,"[2, 0, 1, 1, 0, 1, 0, 0, 1, 0, 0, 0]",6,g#Major,Piano Sonata K333 i Bb major.mid by Mozart.csv
645,650.0 to 650.75,15,"[2, 0, 1, 0, 0, 0, 0, 1, 0, 0, 0, 1]",6,cMajor,Piano Sonata K333 i Bb major.mid by Mozart.csv
646,651.0 to 651.75,5,"[1, 0, 0, 0, 0, 1, 0, 1, 0, 1, 0, 2]",7,fMajor,Piano Sonata K333 i Bb major.mid by Mozart.csv
647,652.0 to 652.5,0,"[2, 0, 0, 0, 1, 0, 0, 0, 0, 0, 0, 0]",6,cMajor,Piano Sonata K333 i Bb major.mid by Mozart.csv
648,653.0 to 653.5,0,"[2, 0, 0, 0, 0, 0, 0, 0, 0, 0, 0, 1]",6,cMajor,Piano Sonata K333 i Bb major.mid by Mozart.csv
649,654.0 to 654.5,15,"[2, 0, 1, 0, 0, 0, 0, 0, 0, 0, 0, 1]",6,gMajor,Piano Sonata K333 i Bb major.mid by Mozart.csv
650,655.0 to 655.5,4,"[0, 0, 1, 0, 1, 0, 0, 0, 0, 0, 1, 1]",5,eMajor,Piano Sonata K333 i Bb major.mid by Mozart.csv
651,656.0 to 656.875,17,"[0, 0, 0, 0, 1, 1, 0, 1, 0, 1, 0, 0]",2,cMajor,Piano Sonata K333 i Bb major.mid by Mozart.csv
652,657.0 to 657.5,17,"[0, 0, 0, 0, 0, 1, 0, 1, 0, 1, 0, 0]",2,fMajor,Piano Sonata K333 i Bb major.mid by Mozart.csv
653,658.0 to 658.5,10,"[0, 0, 0, 0, 1, 1, 0, 2, 0, 1, 0, 0]",4,cMajor,Piano Sonata K333 i Bb major.mid by Mozart.csv
654,659.0 to 659.5,5,"[0, 0, 0, 0, 0, 1, 0, 1, 0, 0, 0, 1]",7,gMajor,Piano Sonata K333 i Bb major.mid by Mozart.csv
655,660.0 to 660.0,6,"[1, 0, 1, 0, 0, 1, 0, 0, 0, 0, 0, 0]",1,fMajor,Piano Sonata K333 i Bb major.mid by Mozart.csv
656,661.0 to 661.0,6,"[0, 0, 1, 0, 0, 1, 0, 1, 0, 0, 0, 0]",1,gMajor,Piano Sonata K333 i Bb major.mid by Mozart.csv
657,662.0 to 662.0,0,"[2, 0, 0, 0, 1, 0, 0, 0, 0, 0, 0, 0]",6,cMajor,Piano Sonata K333 i Bb major.mid by Mozart.csv
