index,offsetRange,CentroidLabelIndex_entireUnits,"[C,C#,D,E-,E,F,F#,G,G#,A,B-,B]",CentroidLabelIndex_individualUnit,triadLabel,filename
0,0.0 to 0.0,13,"[3, 0, 0, 0, 1, 0, 0, 2, 0, 0, 0, 0]",7,cMajor,Piano Sonata K280 i F major.mid by Mozart.csv
1,1.0 to 1.0,10,"[0, 0, 0, 0, 1, 0, 0, 2, 0, 0, 0, 0]",1,cMajor,Piano Sonata K280 i F major.mid by Mozart.csv
2,2.0 to 2.0,8,"[0, 0, 0, 0, 2, 0, 0, 1, 0, 0, 0, 0]",1,cMajor,Piano Sonata K280 i F major.mid by Mozart.csv
3,3.0 to 3.75,9,"[1, 0, 0, 0, 1, 0, 0, 1, 0, 0, 0, 0]",1,cMajor,Piano Sonata K280 i F major.mid by Mozart.csv
4,4.0 to 4.75,9,"[1, 0, 0, 0, 1, 0, 0, 1, 0, 1, 0, 0]",1,cMajor,Piano Sonata K280 i F major.mid by Mozart.csv
5,5.0 to 5.75,16,"[1, 0, 1, 0, 1, 0, 1, 1, 0, 0, 0, 0]",1,cMajor,Piano Sonata K280 i F major.mid by Mozart.csv
6,6.0 to 6.75,0,"[2, 0, 0, 0, 1, 0, 0, 0, 0, 0, 0, 0]",6,cMajor,Piano Sonata K280 i F major.mid by Mozart.csv
7,7.0 to 7.75,4,"[1, 0, 1, 0, 0, 1, 0, 0, 0, 0, 0, 1]",5,gMajor,Piano Sonata K280 i F major.mid by Mozart.csv
8,8.0 to 8.75,9,"[1, 0, 0, 0, 1, 0, 0, 1, 0, 0, 1, 0]",1,cMajor,Piano Sonata K280 i F major.mid by Mozart.csv
9,9.0 to 9.75,2,"[1, 0, 0, 0, 0, 1, 0, 0, 0, 2, 0, 0]",3,fMajor,Piano Sonata K280 i F major.mid by Mozart.csv
10,10.0 to 10.5,2,"[1, 0, 0, 0, 0, 1, 0, 0, 0, 1, 0, 0]",3,fMajor,Piano Sonata K280 i F major.mid by Mozart.csv
11,11.0 to 11.5,2,"[1, 0, 0, 0, 0, 1, 0, 0, 0, 1, 0, 0]",3,fMajor,Piano Sonata K280 i F major.mid by Mozart.csv
12,12.0 to 12.5,5,"[1, 0, 1, 0, 0, 1, 0, 1, 0, 0, 0, 1]",5,gMajor,Piano Sonata K280 i F major.mid by Mozart.csv
13,13.0 to 13.75,4,"[1, 0, 1, 0, 0, 1, 0, 0, 0, 0, 0, 1]",5,gMajor,Piano Sonata K280 i F major.mid by Mozart.csv
14,14.0 to 14.5,4,"[1, 0, 1, 0, 0, 0, 0, 0, 0, 0, 0, 1]",5,gMajor,Piano Sonata K280 i F major.mid by Mozart.csv
15,15.0 to 15.5,0,"[2, 0, 0, 0, 1, 0, 0, 1, 0, 1, 0, 0]",7,cMajor,Piano Sonata K280 i F major.mid by Mozart.csv
16,16.0 to 16.75,0,"[2, 0, 0, 0, 1, 0, 0, 1, 0, 0, 0, 0]",7,cMajor,Piano Sonata K280 i F major.mid by Mozart.csv
17,17.0 to 17.5,0,"[2, 0, 0, 0, 1, 0, 0, 0, 0, 0, 0, 0]",6,cMajor,Piano Sonata K280 i F major.mid by Mozart.csv
18,18.0 to 18.75,19,"[0, 0, 2, 0, 1, 1, 0, 1, 0, 0, 0, 1]",0,gMajor,Piano Sonata K280 i F major.mid by Mozart.csv
19,19.0 to 19.75,4,"[1, 0, 1, 0, 0, 0, 0, 0, 0, 0, 0, 1]",5,gMajor,Piano Sonata K280 i F major.mid by Mozart.csv
20,20.0 to 20.75,5,"[0, 0, 0, 0, 0, 1, 0, 1, 0, 1, 0, 1]",3,fMajor,Piano Sonata K280 i F major.mid by Mozart.csv
21,21.0 to 21.75,13,"[2, 0, 0, 0, 2, 0, 0, 1, 0, 0, 0, 0]",7,cMajor,Piano Sonata K280 i F major.mid by Mozart.csv
22,22.0 to 22.75,5,"[1, 0, 1, 0, 0, 1, 0, 1, 0, 0, 0, 1]",5,gMajor,Piano Sonata K280 i F major.mid by Mozart.csv
23,23.0 to 23.875,15,"[1, 0, 0, 0, 1, 0, 0, 1, 0, 0, 0, 1]",1,cMajor,Piano Sonata K280 i F major.mid by Mozart.csv
24,24.0 to 24.5,2,"[1, 0, 0, 0, 0, 1, 0, 0, 0, 1, 0, 0]",3,fMajor,Piano Sonata K280 i F major.mid by Mozart.csv
25,25.0 to 25.5,6,"[0, 0, 1, 0, 0, 2, 0, 0, 0, 0, 0, 0]",0,b-Major,Piano Sonata K280 i F major.mid by Mozart.csv
26,26.0 to 26.5,5,"[0, 0, 1, 0, 0, 0, 0, 1, 0, 0, 0, 1]",5,gMajor,Piano Sonata K280 i F major.mid by Mozart.csv
27,27.0 to 27.75,19,"[0, 0, 2, 0, 1, 1, 0, 1, 0, 0, 0, 1]",0,gMajor,Piano Sonata K280 i F major.mid by Mozart.csv
28,28.0 to 28.75,4,"[1, 0, 1, 0, 0, 0, 0, 0, 0, 0, 0, 1]",5,gMajor,Piano Sonata K280 i F major.mid by Mozart.csv
29,29.0 to 29.75,5,"[0, 0, 0, 0, 0, 1, 0, 1, 0, 1, 0, 1]",3,fMajor,Piano Sonata K280 i F major.mid by Mozart.csv
30,30.0 to 30.75,8,"[1, 0, 0, 0, 3, 0, 0, 1, 0, 0, 0, 0]",1,cMajor,Piano Sonata K280 i F major.mid by Mozart.csv
31,31.0 to 31.75,6,"[0, 0, 2, 0, 1, 1, 0, 0, 0, 0, 0, 1]",0,gMajor,Piano Sonata K280 i F major.mid by Mozart.csv
32,32.0 to 32.875,0,"[2, 0, 1, 0, 1, 0, 0, 1, 0, 0, 0, 0]",7,cMajor,Piano Sonata K280 i F major.mid by Mozart.csv
33,33.0 to 33.5,2,"[1, 0, 0, 0, 0, 1, 0, 0, 0, 1, 0, 0]",3,fMajor,Piano Sonata K280 i F major.mid by Mozart.csv
34,34.0 to 34.5,6,"[0, 0, 1, 0, 0, 2, 0, 0, 0, 0, 0, 0]",0,b-Major,Piano Sonata K280 i F major.mid by Mozart.csv
35,35.0 to 35.5,5,"[0, 0, 1, 0, 0, 0, 0, 1, 0, 0, 0, 1]",5,gMajor,Piano Sonata K280 i F major.mid by Mozart.csv
36,36.0 to 36.75,0,"[3, 0, 0, 0, 1, 0, 0, 1, 0, 0, 0, 0]",7,cMajor,Piano Sonata K280 i F major.mid by Mozart.csv
37,37.0 to 37.66666667,9,"[1, 0, 0, 0, 1, 0, 0, 1, 0, 0, 0, 0]",1,cMajor,Piano Sonata K280 i F major.mid by Mozart.csv
38,38.0 to 38.75,1,"[0, 0, 1, 0, 0, 1, 0, 2, 0, 0, 0, 1]",4,gMajor,Piano Sonata K280 i F major.mid by Mozart.csv
39,39.0 to 39.75,0,"[3, 0, 0, 0, 1, 0, 0, 1, 0, 0, 0, 0]",7,cMajor,Piano Sonata K280 i F major.mid by Mozart.csv
40,40.0 to 40.66666667,5,"[0, 0, 1, 0, 0, 0, 0, 1, 0, 0, 0, 1]",5,gMajor,Piano Sonata K280 i F major.mid by Mozart.csv
41,41.0 to 41.66666667,9,"[1, 0, 0, 0, 1, 0, 0, 1, 0, 0, 0, 0]",1,cMajor,Piano Sonata K280 i F major.mid by Mozart.csv
42,42.0 to 42.75,1,"[0, 0, 1, 0, 0, 0, 0, 3, 0, 0, 0, 1]",4,gMajor,Piano Sonata K280 i F major.mid by Mozart.csv
43,43.0 to 43.66666667,4,"[0, 0, 1, 0, 0, 1, 0, 0, 0, 0, 0, 1]",5,gMajor,Piano Sonata K280 i F major.mid by Mozart.csv
44,44.0 to 44.75,0,"[3, 0, 0, 0, 1, 0, 0, 1, 0, 0, 0, 0]",7,cMajor,Piano Sonata K280 i F major.mid by Mozart.csv
45,45.0 to 45.75,1,"[0, 0, 1, 0, 0, 0, 0, 2, 0, 0, 0, 1]",4,gMajor,Piano Sonata K280 i F major.mid by Mozart.csv
46,46.0 to 46.66666667,9,"[1, 0, 0, 0, 1, 0, 0, 1, 0, 0, 0, 0]",1,cMajor,Piano Sonata K280 i F major.mid by Mozart.csv
47,47.0 to 47.66666667,6,"[0, 0, 1, 0, 0, 1, 0, 1, 0, 0, 0, 0]",0,gMajor,Piano Sonata K280 i F major.mid by Mozart.csv
48,48.0 to 48.75,0,"[3, 0, 0, 0, 1, 0, 0, 1, 0, 0, 0, 0]",7,cMajor,Piano Sonata K280 i F major.mid by Mozart.csv
49,49.0 to 49.66666667,2,"[1, 0, 0, 0, 1, 0, 0, 0, 0, 1, 0, 0]",6,cMinor,Piano Sonata K280 i F major.mid by Mozart.csv
50,50.0 to 50.66666667,9,"[1, 0, 0, 0, 1, 0, 0, 1, 0, 0, 0, 0]",1,cMajor,Piano Sonata K280 i F major.mid by Mozart.csv
51,51.0 to 51.75,2,"[2, 0, 0, 1, 0, 0, 1, 0, 0, 1, 0, 0]",9,fMajor,Piano Sonata K280 i F major.mid by Mozart.csv
52,52.0 to 52.75,5,"[0, 0, 1, 0, 0, 0, 0, 1, 0, 0, 0, 3]",4,gMajor,Piano Sonata K280 i F major.mid by Mozart.csv
53,53.0 to 53.66666667,14,"[0, 0, 0, 0, 0, 1, 0, 1, 0, 0, 1, 0]",0,e-Major,Piano Sonata K280 i F major.mid by Mozart.csv
54,54.0 to 54.75,14,"[0, 1, 0, 0, 1, 0, 0, 1, 0, 0, 2, 0]",1,b-Minor,Piano Sonata K280 i F major.mid by Mozart.csv
55,55.0 to 55.75,2,"[1, 0, 0, 0, 0, 1, 0, 0, 0, 3, 0, 0]",3,fMajor,Piano Sonata K280 i F major.mid by Mozart.csv
56,56.0 to 56.66666667,2,"[1, 0, 0, 0, 1, 0, 0, 0, 0, 1, 0, 0]",6,cMinor,Piano Sonata K280 i F major.mid by Mozart.csv
57,57.0 to 57.75,7,"[1, 0, 0, 1, 0, 0, 1, 0, 0, 2, 0, 0]",9,dMajor,Piano Sonata K280 i F major.mid by Mozart.csv
58,58.0 to 58.75,3,"[0, 0, 0, 0, 1, 0, 0, 0, 3, 0, 0, 1]",2,eMajor,Piano Sonata K280 i F major.mid by Mozart.csv
59,59.0 to 59.66666667,9,"[0, 0, 1, 0, 1, 0, 0, 1, 0, 0, 0, 0]",1,cMajor,Piano Sonata K280 i F major.mid by Mozart.csv
60,60.0 to 60.75,10,"[0, 1, 0, 0, 1, 0, 0, 2, 0, 0, 1, 0]",1,cMajor,Piano Sonata K280 i F major.mid by Mozart.csv
61,61.0 to 61.75,7,"[0, 0, 1, 0, 0, 0, 3, 0, 0, 1, 0, 0]",8,dMajor,Piano Sonata K280 i F major.mid by Mozart.csv
62,62.0 to 62.66666667,2,"[1, 0, 0, 0, 0, 1, 0, 0, 0, 1, 0, 0]",3,fMajor,Piano Sonata K280 i F major.mid by Mozart.csv
63,63.0 to 63.75,6,"[0, 0, 1, 0, 0, 2, 0, 0, 1, 0, 0, 1]",0,c#Major,Piano Sonata K280 i F major.mid by Mozart.csv
64,64.0 to 64.75,8,"[1, 0, 0, 0, 3, 0, 0, 1, 0, 0, 0, 0]",1,cMajor,Piano Sonata K280 i F major.mid by Mozart.csv
65,65.0 to 65.66666667,9,"[1, 0, 0, 0, 1, 0, 0, 1, 0, 0, 0, 0]",1,cMajor,Piano Sonata K280 i F major.mid by Mozart.csv
66,66.0 to 66.75,18,"[0, 0, 1, 0, 1, 3, 0, 0, 0, 0, 0, 0]",0,b-Major,Piano Sonata K280 i F major.mid by Mozart.csv
67,67.0 to 67.66666667,3,"[0, 0, 0, 0, 0, 1, 0, 0, 1, 1, 0, 0]",3,c#Major,Piano Sonata K280 i F major.mid by Mozart.csv
68,68.0 to 68.66666667,17,"[0, 1, 1, 0, 0, 0, 0, 0, 0, 1, 0, 0]",3,dMajor,Piano Sonata K280 i F major.mid by Mozart.csv
69,69.0 to 69.66666667,6,"[0, 0, 1, 0, 1, 1, 0, 0, 0, 0, 0, 0]",0,b-Major,Piano Sonata K280 i F major.mid by Mozart.csv
70,70.0 to 70.66666667,3,"[0, 0, 0, 0, 0, 1, 0, 0, 1, 1, 0, 0]",3,c#Major,Piano Sonata K280 i F major.mid by Mozart.csv
71,71.0 to 71.66666667,17,"[0, 0, 0, 0, 1, 1, 0, 0, 0, 1, 0, 0]",3,fMajor,Piano Sonata K280 i F major.mid by Mozart.csv
72,72.0 to 72.66666667,6,"[0, 1, 1, 0, 0, 1, 0, 0, 0, 0, 0, 0]",0,c#Major,Piano Sonata K280 i F major.mid by Mozart.csv
73,73.0 to 73.66666667,3,"[0, 0, 1, 0, 0, 0, 0, 0, 1, 1, 0, 0]",3,dMajor,Piano Sonata K280 i F major.mid by Mozart.csv
74,74.0 to 74.75,18,"[0, 0, 1, 0, 0, 3, 0, 0, 0, 1, 0, 0]",0,fMinor,Piano Sonata K280 i F major.mid by Mozart.csv
75,75.0 to 75.0,9,"[1, 0, 0, 0, 1, 0, 0, 1, 0, 0, 0, 0]",1,cMajor,Piano Sonata K280 i F major.mid by Mozart.csv
76,76.0 to 76.0,4,"[0, 0, 1, 0, 0, 0, 0, 0, 0, 0, 0, 1]",5,gMajor,Piano Sonata K280 i F major.mid by Mozart.csv
77,78.0 to 78.0,10,"[0, 0, 0, 0, 0, 0, 0, 2, 0, 0, 0, 0]",4,cMajor,Piano Sonata K280 i F major.mid by Mozart.csv
78,79.0 to 79.0,4,"[0, 0, 0, 0, 0, 0, 0, 0, 0, 0, 0, 2]",5,eMajor,Piano Sonata K280 i F major.mid by Mozart.csv
79,80.0 to 80.0,12,"[0, 0, 2, 0, 0, 0, 0, 0, 0, 0, 0, 0]",5,dMajor,Piano Sonata K280 i F major.mid by Mozart.csv
80,81.0 to 81.75,4,"[0, 0, 1, 0, 1, 0, 0, 0, 0, 0, 0, 1]",5,eMajor,Piano Sonata K280 i F major.mid by Mozart.csv
81,82.0 to 82.75,4,"[0, 0, 1, 0, 1, 0, 0, 0, 0, 0, 0, 1]",5,eMajor,Piano Sonata K280 i F major.mid by Mozart.csv
82,83.0 to 83.75,2,"[1, 0, 1, 0, 0, 0, 0, 0, 0, 1, 0, 0]",3,dMajor,Piano Sonata K280 i F major.mid by Mozart.csv
83,84.0 to 84.75,15,"[1, 0, 1, 0, 1, 0, 0, 1, 0, 0, 0, 2]",5,gMajor,Piano Sonata K280 i F major.mid by Mozart.csv
84,85.0 to 85.75,15,"[1, 0, 1, 0, 1, 0, 0, 1, 0, 0, 0, 2]",5,gMajor,Piano Sonata K280 i F major.mid by Mozart.csv
85,86.0 to 86.75,7,"[1, 0, 1, 0, 0, 0, 1, 0, 0, 2, 0, 1]",9,dMajor,Piano Sonata K280 i F major.mid by Mozart.csv
86,87.0 to 87.875,5,"[0, 0, 1, 0, 0, 0, 0, 1, 0, 0, 0, 1]",5,gMajor,Piano Sonata K280 i F major.mid by Mozart.csv
87,88.0 to 88.875,1,"[0, 0, 1, 0, 0, 0, 0, 2, 0, 1, 0, 1]",4,gMajor,Piano Sonata K280 i F major.mid by Mozart.csv
88,89.0 to 89.0,16,"[0, 0, 0, 0, 0, 0, 1, 0, 0, 1, 0, 0]",8,dMajor,Piano Sonata K280 i F major.mid by Mozart.csv
89,90.0 to 90.0,12,"[0, 0, 2, 0, 0, 0, 0, 0, 0, 0, 0, 0]",5,dMajor,Piano Sonata K280 i F major.mid by Mozart.csv
90,91.0 to 91.0,16,"[0, 0, 0, 0, 0, 0, 2, 0, 0, 0, 0, 0]",8,dMajor,Piano Sonata K280 i F major.mid by Mozart.csv
91,92.0 to 92.0,17,"[0, 0, 0, 0, 0, 0, 0, 0, 0, 2, 0, 0]",3,dMajor,Piano Sonata K280 i F major.mid by Mozart.csv
92,93.0 to 93.75,2,"[1, 0, 1, 0, 0, 0, 0, 0, 0, 1, 0, 0]",3,dMajor,Piano Sonata K280 i F major.mid by Mozart.csv
93,94.0 to 94.75,2,"[1, 0, 1, 0, 0, 0, 0, 0, 0, 1, 0, 0]",3,dMajor,Piano Sonata K280 i F major.mid by Mozart.csv
94,95.0 to 95.75,5,"[1, 0, 0, 0, 0, 0, 0, 1, 0, 0, 0, 1]",5,cMajor,Piano Sonata K280 i F major.mid by Mozart.csv
95,96.0 to 96.75,7,"[1, 0, 1, 0, 0, 0, 1, 0, 0, 2, 0, 1]",9,dMajor,Piano Sonata K280 i F major.mid by Mozart.csv
96,97.0 to 97.75,7,"[1, 0, 1, 0, 0, 0, 1, 0, 0, 2, 0, 1]",9,dMajor,Piano Sonata K280 i F major.mid by Mozart.csv
97,98.0 to 98.75,1,"[1, 0, 0, 0, 0, 0, 1, 2, 0, 0, 0, 2]",4,gMajor,Piano Sonata K280 i F major.mid by Mozart.csv
98,99.0 to 99.875,2,"[1, 0, 0, 0, 0, 0, 0, 0, 0, 2, 0, 0]",3,fMajor,Piano Sonata K280 i F major.mid by Mozart.csv
99,100.0 to 100.875,7,"[1, 0, 1, 0, 0, 0, 1, 0, 0, 1, 0, 1]",9,dMajor,Piano Sonata K280 i F major.mid by Mozart.csv
100,101.0 to 101.0,5,"[0, 0, 0, 0, 0, 0, 0, 1, 0, 0, 0, 1]",5,gMajor,Piano Sonata K280 i F major.mid by Mozart.csv
101,102.0 to 102.75,4,"[1, 0, 1, 0, 0, 0, 0, 0, 0, 0, 0, 2]",5,gMajor,Piano Sonata K280 i F major.mid by Mozart.csv
102,103.0 to 103.6666667,4,"[0, 0, 1, 0, 0, 0, 0, 0, 0, 1, 0, 1]",5,dMajor,Piano Sonata K280 i F major.mid by Mozart.csv
103,104.0 to 104.6666667,6,"[0, 0, 1, 0, 0, 1, 0, 1, 0, 0, 0, 0]",0,gMajor,Piano Sonata K280 i F major.mid by Mozart.csv
104,105.0 to 105.75,0,"[2, 0, 0, 1, 0, 1, 0, 0, 0, 0, 0, 0]",6,fMajor,Piano Sonata K280 i F major.mid by Mozart.csv
105,106.0 to 106.6666667,17,"[0, 0, 0, 0, 1, 0, 0, 0, 1, 1, 0, 0]",2,eMajor,Piano Sonata K280 i F major.mid by Mozart.csv
106,107.0 to 107.6666667,2,"[1, 0, 0, 0, 0, 0, 0, 0, 0, 1, 0, 1]",3,fMajor,Piano Sonata K280 i F major.mid by Mozart.csv
107,108.0 to 108.75,12,"[0, 2, 1, 0, 1, 0, 0, 0, 0, 0, 0, 0]",1,aMajor,Piano Sonata K280 i F major.mid by Mozart.csv
108,109.0 to 109.6666667,4,"[0, 1, 0, 0, 1, 0, 0, 0, 0, 0, 0, 1]",2,eMajor,Piano Sonata K280 i F major.mid by Mozart.csv
109,110.0 to 110.6666667,17,"[0, 0, 0, 0, 1, 0, 0, 1, 0, 1, 0, 0]",1,cMajor,Piano Sonata K280 i F major.mid by Mozart.csv
110,111.0 to 111.75,6,"[0, 0, 2, 0, 0, 1, 0, 1, 0, 0, 0, 0]",0,b-Major,Piano Sonata K280 i F major.mid by Mozart.csv
111,112.0 to 112.6666667,4,"[0, 0, 0, 0, 0, 0, 1, 0, 0, 0, 1, 1]",8,f#Major,Piano Sonata K280 i F major.mid by Mozart.csv
112,113.0 to 113.6666667,4,"[0, 1, 1, 0, 0, 0, 0, 0, 0, 0, 0, 1]",5,gMajor,Piano Sonata K280 i F major.mid by Mozart.csv
113,114.0 to 114.75,11,"[0, 0, 0, 2, 1, 0, 1, 0, 0, 0, 0, 0]",8,bMajor,Piano Sonata K280 i F major.mid by Mozart.csv
114,115.0 to 115.6666667,11,"[1, 0, 0, 1, 0, 0, 1, 0, 0, 0, 0, 0]",8,g#Major,Piano Sonata K280 i F major.mid by Mozart.csv
115,116.0 to 116.6666667,4,"[0, 0, 0, 0, 0, 0, 1, 0, 0, 1, 0, 1]",8,dMajor,Piano Sonata K280 i F major.mid by Mozart.csv
116,117.0 to 117.9166667,8,"[0, 0, 0, 0, 2, 0, 1, 1, 0, 0, 0, 0]",1,gMinor,Piano Sonata K280 i F major.mid by Mozart.csv
117,118.0 to 118.75,9,"[1, 0, 0, 1, 1, 0, 0, 0, 0, 0, 0, 0]",6,cMajor,Piano Sonata K280 i F major.mid by Mozart.csv
118,119.0 to 119.75,4,"[0, 1, 1, 0, 0, 0, 0, 0, 0, 0, 0, 1]",5,gMajor,Piano Sonata K280 i F major.mid by Mozart.csv
119,120.0 to 120.9166667,3,"[1, 0, 0, 0, 0, 0, 0, 0, 1, 1, 0, 0]",3,fMajor,Piano Sonata K280 i F major.mid by Mozart.csv
120,121.0 to 121.75,15,"[1, 0, 0, 0, 1, 0, 0, 0, 0, 0, 0, 1]",6,cMajor,Piano Sonata K280 i F major.mid by Mozart.csv
121,122.0 to 122.75,4,"[0, 0, 1, 0, 0, 0, 0, 0, 0, 0, 1, 1]",5,gMajor,Piano Sonata K280 i F major.mid by Mozart.csv
122,123.0 to 123.75,2,"[1, 0, 1, 0, 0, 0, 0, 0, 0, 2, 0, 1]",9,dMajor,Piano Sonata K280 i F major.mid by Mozart.csv
123,124.0 to 124.0,5,"[0, 0, 1, 0, 0, 0, 0, 1, 0, 0, 0, 1]",5,gMajor,Piano Sonata K280 i F major.mid by Mozart.csv
124,125.0 to 125.875,16,"[1, 0, 0, 0, 1, 0, 1, 1, 0, 0, 0, 0]",1,cMajor,Piano Sonata K280 i F major.mid by Mozart.csv
125,126.0 to 126.75,1,"[0, 0, 1, 0, 0, 0, 0, 3, 0, 0, 0, 1]",4,gMajor,Piano Sonata K280 i F major.mid by Mozart.csv
126,127.0 to 127.75,16,"[0, 0, 0, 0, 0, 0, 1, 1, 0, 1, 0, 1]",8,dMajor,Piano Sonata K280 i F major.mid by Mozart.csv
127,128.0 to 128.75,5,"[1, 0, 0, 0, 0, 0, 0, 1, 0, 1, 0, 1]",3,fMajor,Piano Sonata K280 i F major.mid by Mozart.csv
128,129.0 to 129.75,7,"[1, 0, 0, 0, 0, 0, 2, 0, 0, 2, 0, 0]",9,dMajor,Piano Sonata K280 i F major.mid by Mozart.csv
129,130.0 to 130.75,2,"[1, 0, 0, 0, 0, 0, 0, 0, 1, 1, 0, 1]",3,eMajor,Piano Sonata K280 i F major.mid by Mozart.csv
130,131.0 to 131.75,4,"[1, 0, 1, 0, 0, 0, 0, 0, 0, 1, 0, 1]",5,gMajor,Piano Sonata K280 i F major.mid by Mozart.csv
131,132.0 to 132.75,1,"[0, 0, 1, 0, 0, 0, 0, 2, 0, 0, 0, 2]",4,gMajor,Piano Sonata K280 i F major.mid by Mozart.csv
132,133.0 to 133.75,4,"[1, 0, 1, 0, 0, 0, 0, 0, 0, 0, 1, 1]",5,gMajor,Piano Sonata K280 i F major.mid by Mozart.csv
133,134.0 to 134.75,15,"[1, 0, 1, 0, 1, 0, 0, 0, 0, 0, 0, 1]",5,eMajor,Piano Sonata K280 i F major.mid by Mozart.csv
134,135.0 to 135.75,2,"[2, 0, 0, 0, 1, 0, 0, 0, 1, 1, 0, 1]",6,cMinor,Piano Sonata K280 i F major.mid by Mozart.csv
135,136.0 to 136.75,2,"[2, 0, 0, 0, 1, 0, 0, 0, 1, 1, 0, 1]",6,cMinor,Piano Sonata K280 i F major.mid by Mozart.csv
136,137.0 to 137.75,15,"[2, 0, 1, 0, 1, 0, 0, 0, 0, 1, 0, 1]",6,cMinor,Piano Sonata K280 i F major.mid by Mozart.csv
137,138.0 to 138.875,13,"[2, 0, 0, 0, 2, 0, 0, 1, 0, 1, 0, 1]",6,cMajor,Piano Sonata K280 i F major.mid by Mozart.csv
138,139.0 to 139.875,5,"[0, 0, 1, 0, 0, 0, 0, 1, 0, 1, 0, 1]",5,gMajor,Piano Sonata K280 i F major.mid by Mozart.csv
139,140.0 to 140.875,4,"[0, 0, 0, 0, 0, 0, 1, 0, 0, 1, 0, 1]",8,dMajor,Piano Sonata K280 i F major.mid by Mozart.csv
140,141.0 to 141.75,1,"[0, 0, 2, 0, 0, 0, 0, 3, 0, 0, 0, 3]",4,gMajor,Piano Sonata K280 i F major.mid by Mozart.csv
141,142.0 to 142.75,16,"[0, 0, 0, 0, 0, 0, 1, 1, 0, 1, 0, 1]",8,dMajor,Piano Sonata K280 i F major.mid by Mozart.csv
142,143.0 to 143.75,5,"[1, 0, 0, 0, 0, 0, 0, 1, 0, 1, 0, 1]",3,fMajor,Piano Sonata K280 i F major.mid by Mozart.csv
143,144.0 to 144.75,7,"[1, 0, 0, 0, 0, 0, 2, 0, 0, 2, 0, 0]",9,dMajor,Piano Sonata K280 i F major.mid by Mozart.csv
144,145.0 to 145.75,2,"[1, 0, 0, 0, 0, 0, 0, 0, 1, 1, 0, 1]",3,eMajor,Piano Sonata K280 i F major.mid by Mozart.csv
145,146.0 to 146.75,4,"[1, 0, 1, 0, 0, 0, 0, 0, 0, 1, 0, 1]",5,gMajor,Piano Sonata K280 i F major.mid by Mozart.csv
146,147.0 to 147.75,1,"[0, 0, 1, 0, 0, 0, 0, 2, 0, 0, 0, 2]",4,gMajor,Piano Sonata K280 i F major.mid by Mozart.csv
147,148.0 to 148.75,4,"[1, 0, 1, 0, 0, 0, 0, 0, 0, 0, 1, 1]",5,gMajor,Piano Sonata K280 i F major.mid by Mozart.csv
148,149.0 to 149.75,15,"[1, 0, 1, 0, 1, 0, 0, 0, 0, 0, 0, 1]",5,eMajor,Piano Sonata K280 i F major.mid by Mozart.csv
149,150.0 to 150.75,2,"[2, 0, 0, 0, 1, 0, 0, 0, 0, 2, 0, 0]",6,cMinor,Piano Sonata K280 i F major.mid by Mozart.csv
150,151.0 to 151.75,8,"[1, 0, 0, 0, 2, 0, 0, 0, 0, 1, 0, 0]",6,cMinor,Piano Sonata K280 i F major.mid by Mozart.csv
151,152.0 to 152.75,2,"[1, 0, 0, 0, 1, 0, 0, 0, 0, 2, 0, 0]",3,cMinor,Piano Sonata K280 i F major.mid by Mozart.csv
152,153.0 to 153.75,0,"[2, 0, 0, 0, 1, 0, 0, 0, 0, 1, 0, 0]",6,cMinor,Piano Sonata K280 i F major.mid by Mozart.csv
153,154.0 to 154.75,8,"[1, 0, 0, 0, 2, 0, 0, 0, 0, 1, 0, 0]",6,cMinor,Piano Sonata K280 i F major.mid by Mozart.csv
154,155.0 to 155.75,16,"[1, 0, 0, 1, 0, 0, 1, 1, 0, 0, 0, 0]",8,e-Minor,Piano Sonata K280 i F major.mid by Mozart.csv
155,156.0 to 156.875,15,"[1, 0, 0, 0, 1, 0, 0, 1, 0, 1, 0, 1]",6,cMajor,Piano Sonata K280 i F major.mid by Mozart.csv
156,157.0 to 157.875,5,"[0, 0, 1, 0, 0, 0, 0, 1, 0, 1, 0, 1]",5,gMajor,Piano Sonata K280 i F major.mid by Mozart.csv
157,158.0 to 158.875,4,"[0, 0, 0, 0, 0, 0, 1, 0, 0, 1, 0, 1]",8,dMajor,Piano Sonata K280 i F major.mid by Mozart.csv
158,159.0 to 159.875,1,"[0, 0, 1, 0, 0, 0, 0, 2, 0, 0, 0, 2]",4,gMajor,Piano Sonata K280 i F major.mid by Mozart.csv
159,160.0 to 160.75,19,"[0, 0, 2, 0, 0, 0, 0, 1, 0, 0, 0, 1]",5,gMajor,Piano Sonata K280 i F major.mid by Mozart.csv
160,161.0 to 161.875,16,"[1, 0, 1, 0, 1, 0, 1, 1, 0, 1, 0, 0]",1,cMajor,Piano Sonata K280 i F major.mid by Mozart.csv
161,162.0 to 162.875,1,"[0, 0, 1, 0, 0, 0, 0, 2, 0, 0, 0, 2]",4,gMajor,Piano Sonata K280 i F major.mid by Mozart.csv
162,163.0 to 163.75,19,"[0, 0, 2, 0, 0, 0, 0, 1, 0, 0, 0, 1]",5,gMajor,Piano Sonata K280 i F major.mid by Mozart.csv
163,164.0 to 164.875,16,"[1, 0, 1, 0, 1, 0, 1, 1, 0, 1, 0, 0]",1,cMajor,Piano Sonata K280 i F major.mid by Mozart.csv
164,165.0 to 165.0,1,"[0, 0, 0, 0, 0, 0, 0, 2, 0, 0, 0, 1]",4,gMajor,Piano Sonata K280 i F major.mid by Mozart.csv
165,166.0 to 166.0,19,"[0, 0, 2, 0, 0, 0, 0, 2, 0, 0, 0, 2]",4,gMajor,Piano Sonata K280 i F major.mid by Mozart.csv
166,168.0 to 168.0,13,"[3, 0, 0, 0, 1, 0, 0, 2, 0, 0, 0, 0]",7,cMajor,Piano Sonata K280 i F major.mid by Mozart.csv
167,169.0 to 169.0,10,"[0, 0, 0, 0, 1, 0, 0, 2, 0, 0, 0, 0]",1,cMajor,Piano Sonata K280 i F major.mid by Mozart.csv
168,170.0 to 170.0,8,"[0, 0, 0, 0, 2, 0, 0, 1, 0, 0, 0, 0]",1,cMajor,Piano Sonata K280 i F major.mid by Mozart.csv
169,171.0 to 171.75,9,"[1, 0, 0, 0, 1, 0, 0, 1, 0, 0, 0, 0]",1,cMajor,Piano Sonata K280 i F major.mid by Mozart.csv
170,172.0 to 172.75,9,"[1, 0, 0, 0, 1, 0, 0, 1, 0, 1, 0, 0]",1,cMajor,Piano Sonata K280 i F major.mid by Mozart.csv
171,173.0 to 173.75,16,"[1, 0, 1, 0, 1, 0, 1, 1, 0, 0, 0, 0]",1,cMajor,Piano Sonata K280 i F major.mid by Mozart.csv
172,174.0 to 174.75,0,"[2, 0, 0, 0, 1, 0, 0, 0, 0, 0, 0, 0]",6,cMajor,Piano Sonata K280 i F major.mid by Mozart.csv
173,175.0 to 175.75,4,"[1, 0, 1, 0, 0, 1, 0, 0, 0, 0, 0, 1]",5,gMajor,Piano Sonata K280 i F major.mid by Mozart.csv
174,176.0 to 176.75,9,"[1, 0, 0, 0, 1, 0, 0, 1, 0, 0, 1, 0]",1,cMajor,Piano Sonata K280 i F major.mid by Mozart.csv
175,177.0 to 177.75,2,"[1, 0, 0, 0, 0, 1, 0, 0, 0, 2, 0, 0]",3,fMajor,Piano Sonata K280 i F major.mid by Mozart.csv
176,178.0 to 178.5,2,"[1, 0, 0, 0, 0, 1, 0, 0, 0, 1, 0, 0]",3,fMajor,Piano Sonata K280 i F major.mid by Mozart.csv
177,179.0 to 179.5,2,"[1, 0, 0, 0, 0, 1, 0, 0, 0, 1, 0, 0]",3,fMajor,Piano Sonata K280 i F major.mid by Mozart.csv
178,180.0 to 180.5,5,"[1, 0, 1, 0, 0, 1, 0, 1, 0, 0, 0, 1]",5,gMajor,Piano Sonata K280 i F major.mid by Mozart.csv
179,181.0 to 181.75,4,"[1, 0, 1, 0, 0, 1, 0, 0, 0, 0, 0, 1]",5,gMajor,Piano Sonata K280 i F major.mid by Mozart.csv
180,182.0 to 182.5,4,"[1, 0, 1, 0, 0, 0, 0, 0, 0, 0, 0, 1]",5,gMajor,Piano Sonata K280 i F major.mid by Mozart.csv
181,183.0 to 183.5,0,"[2, 0, 0, 0, 1, 0, 0, 1, 0, 1, 0, 0]",7,cMajor,Piano Sonata K280 i F major.mid by Mozart.csv
182,184.0 to 184.75,0,"[2, 0, 0, 0, 1, 0, 0, 1, 0, 0, 0, 0]",7,cMajor,Piano Sonata K280 i F major.mid by Mozart.csv
183,185.0 to 185.5,0,"[2, 0, 0, 0, 1, 0, 0, 0, 0, 0, 0, 0]",6,cMajor,Piano Sonata K280 i F major.mid by Mozart.csv
184,186.0 to 186.75,19,"[0, 0, 2, 0, 1, 1, 0, 1, 0, 0, 0, 1]",0,gMajor,Piano Sonata K280 i F major.mid by Mozart.csv
185,187.0 to 187.75,4,"[1, 0, 1, 0, 0, 0, 0, 0, 0, 0, 0, 1]",5,gMajor,Piano Sonata K280 i F major.mid by Mozart.csv
186,188.0 to 188.75,5,"[0, 0, 0, 0, 0, 1, 0, 1, 0, 1, 0, 1]",3,fMajor,Piano Sonata K280 i F major.mid by Mozart.csv
187,189.0 to 189.75,13,"[2, 0, 0, 0, 2, 0, 0, 1, 0, 0, 0, 0]",7,cMajor,Piano Sonata K280 i F major.mid by Mozart.csv
188,190.0 to 190.75,5,"[1, 0, 1, 0, 0, 1, 0, 1, 0, 0, 0, 1]",5,gMajor,Piano Sonata K280 i F major.mid by Mozart.csv
189,191.0 to 191.875,15,"[1, 0, 0, 0, 1, 0, 0, 1, 0, 0, 0, 1]",1,cMajor,Piano Sonata K280 i F major.mid by Mozart.csv
190,192.0 to 192.5,2,"[1, 0, 0, 0, 0, 1, 0, 0, 0, 1, 0, 0]",3,fMajor,Piano Sonata K280 i F major.mid by Mozart.csv
191,193.0 to 193.5,6,"[0, 0, 1, 0, 0, 2, 0, 0, 0, 0, 0, 0]",0,b-Major,Piano Sonata K280 i F major.mid by Mozart.csv
192,194.0 to 194.5,5,"[0, 0, 1, 0, 0, 0, 0, 1, 0, 0, 0, 1]",5,gMajor,Piano Sonata K280 i F major.mid by Mozart.csv
193,195.0 to 195.75,19,"[0, 0, 2, 0, 1, 1, 0, 1, 0, 0, 0, 1]",0,gMajor,Piano Sonata K280 i F major.mid by Mozart.csv
194,196.0 to 196.75,4,"[1, 0, 1, 0, 0, 0, 0, 0, 0, 0, 0, 1]",5,gMajor,Piano Sonata K280 i F major.mid by Mozart.csv
195,197.0 to 197.75,5,"[0, 0, 0, 0, 0, 1, 0, 1, 0, 1, 0, 1]",3,fMajor,Piano Sonata K280 i F major.mid by Mozart.csv
196,198.0 to 198.75,8,"[1, 0, 0, 0, 3, 0, 0, 1, 0, 0, 0, 0]",1,cMajor,Piano Sonata K280 i F major.mid by Mozart.csv
197,199.0 to 199.75,6,"[0, 0, 2, 0, 1, 1, 0, 0, 0, 0, 0, 1]",0,gMajor,Piano Sonata K280 i F major.mid by Mozart.csv
198,200.0 to 200.875,0,"[2, 0, 1, 0, 1, 0, 0, 1, 0, 0, 0, 0]",7,cMajor,Piano Sonata K280 i F major.mid by Mozart.csv
199,201.0 to 201.5,2,"[1, 0, 0, 0, 0, 1, 0, 0, 0, 1, 0, 0]",3,fMajor,Piano Sonata K280 i F major.mid by Mozart.csv
200,202.0 to 202.5,6,"[0, 0, 1, 0, 0, 2, 0, 0, 0, 0, 0, 0]",0,b-Major,Piano Sonata K280 i F major.mid by Mozart.csv
201,203.0 to 203.5,5,"[0, 0, 1, 0, 0, 0, 0, 1, 0, 0, 0, 1]",5,gMajor,Piano Sonata K280 i F major.mid by Mozart.csv
202,204.0 to 204.75,0,"[3, 0, 0, 0, 1, 0, 0, 1, 0, 0, 0, 0]",7,cMajor,Piano Sonata K280 i F major.mid by Mozart.csv
203,205.0 to 205.6666667,9,"[1, 0, 0, 0, 1, 0, 0, 1, 0, 0, 0, 0]",1,cMajor,Piano Sonata K280 i F major.mid by Mozart.csv
204,206.0 to 206.75,1,"[0, 0, 1, 0, 0, 1, 0, 2, 0, 0, 0, 1]",4,gMajor,Piano Sonata K280 i F major.mid by Mozart.csv
205,207.0 to 207.75,0,"[3, 0, 0, 0, 1, 0, 0, 1, 0, 0, 0, 0]",7,cMajor,Piano Sonata K280 i F major.mid by Mozart.csv
206,208.0 to 208.6666667,5,"[0, 0, 1, 0, 0, 0, 0, 1, 0, 0, 0, 1]",5,gMajor,Piano Sonata K280 i F major.mid by Mozart.csv
207,209.0 to 209.6666667,9,"[1, 0, 0, 0, 1, 0, 0, 1, 0, 0, 0, 0]",1,cMajor,Piano Sonata K280 i F major.mid by Mozart.csv
208,210.0 to 210.75,1,"[0, 0, 1, 0, 0, 0, 0, 3, 0, 0, 0, 1]",4,gMajor,Piano Sonata K280 i F major.mid by Mozart.csv
209,211.0 to 211.6666667,4,"[0, 0, 1, 0, 0, 1, 0, 0, 0, 0, 0, 1]",5,gMajor,Piano Sonata K280 i F major.mid by Mozart.csv
210,212.0 to 212.75,0,"[3, 0, 0, 0, 1, 0, 0, 1, 0, 0, 0, 0]",7,cMajor,Piano Sonata K280 i F major.mid by Mozart.csv
211,213.0 to 213.75,1,"[0, 0, 1, 0, 0, 0, 0, 2, 0, 0, 0, 1]",4,gMajor,Piano Sonata K280 i F major.mid by Mozart.csv
212,214.0 to 214.6666667,9,"[1, 0, 0, 0, 1, 0, 0, 1, 0, 0, 0, 0]",1,cMajor,Piano Sonata K280 i F major.mid by Mozart.csv
213,215.0 to 215.6666667,6,"[0, 0, 1, 0, 0, 1, 0, 1, 0, 0, 0, 0]",0,gMajor,Piano Sonata K280 i F major.mid by Mozart.csv
214,216.0 to 216.75,0,"[3, 0, 0, 0, 1, 0, 0, 1, 0, 0, 0, 0]",7,cMajor,Piano Sonata K280 i F major.mid by Mozart.csv
215,217.0 to 217.6666667,2,"[1, 0, 0, 0, 1, 0, 0, 0, 0, 1, 0, 0]",6,cMinor,Piano Sonata K280 i F major.mid by Mozart.csv
216,218.0 to 218.6666667,9,"[1, 0, 0, 0, 1, 0, 0, 1, 0, 0, 0, 0]",1,cMajor,Piano Sonata K280 i F major.mid by Mozart.csv
217,219.0 to 219.75,2,"[2, 0, 0, 1, 0, 0, 1, 0, 0, 1, 0, 0]",9,fMajor,Piano Sonata K280 i F major.mid by Mozart.csv
218,220.0 to 220.75,5,"[0, 0, 1, 0, 0, 0, 0, 1, 0, 0, 0, 3]",4,gMajor,Piano Sonata K280 i F major.mid by Mozart.csv
219,221.0 to 221.6666667,14,"[0, 0, 0, 0, 0, 1, 0, 1, 0, 0, 1, 0]",0,e-Major,Piano Sonata K280 i F major.mid by Mozart.csv
220,222.0 to 222.75,14,"[0, 1, 0, 0, 1, 0, 0, 1, 0, 0, 2, 0]",1,b-Minor,Piano Sonata K280 i F major.mid by Mozart.csv
221,223.0 to 223.75,2,"[1, 0, 0, 0, 0, 1, 0, 0, 0, 3, 0, 0]",3,fMajor,Piano Sonata K280 i F major.mid by Mozart.csv
222,224.0 to 224.6666667,2,"[1, 0, 0, 0, 1, 0, 0, 0, 0, 1, 0, 0]",6,cMinor,Piano Sonata K280 i F major.mid by Mozart.csv
223,225.0 to 225.75,7,"[1, 0, 0, 1, 0, 0, 1, 0, 0, 2, 0, 0]",9,dMajor,Piano Sonata K280 i F major.mid by Mozart.csv
224,226.0 to 226.75,3,"[0, 0, 0, 0, 1, 0, 0, 0, 3, 0, 0, 1]",2,eMajor,Piano Sonata K280 i F major.mid by Mozart.csv
225,227.0 to 227.6666667,9,"[0, 0, 1, 0, 1, 0, 0, 1, 0, 0, 0, 0]",1,cMajor,Piano Sonata K280 i F major.mid by Mozart.csv
226,228.0 to 228.75,10,"[0, 1, 0, 0, 1, 0, 0, 2, 0, 0, 1, 0]",1,cMajor,Piano Sonata K280 i F major.mid by Mozart.csv
227,229.0 to 229.75,7,"[0, 0, 1, 0, 0, 0, 3, 0, 0, 1, 0, 0]",8,dMajor,Piano Sonata K280 i F major.mid by Mozart.csv
228,230.0 to 230.6666667,2,"[1, 0, 0, 0, 0, 1, 0, 0, 0, 1, 0, 0]",3,fMajor,Piano Sonata K280 i F major.mid by Mozart.csv
229,231.0 to 231.75,6,"[0, 0, 1, 0, 0, 2, 0, 0, 1, 0, 0, 1]",0,c#Major,Piano Sonata K280 i F major.mid by Mozart.csv
230,232.0 to 232.75,8,"[1, 0, 0, 0, 3, 0, 0, 1, 0, 0, 0, 0]",1,cMajor,Piano Sonata K280 i F major.mid by Mozart.csv
231,233.0 to 233.6666667,9,"[1, 0, 0, 0, 1, 0, 0, 1, 0, 0, 0, 0]",1,cMajor,Piano Sonata K280 i F major.mid by Mozart.csv
232,234.0 to 234.75,18,"[0, 0, 1, 0, 1, 3, 0, 0, 0, 0, 0, 0]",0,b-Major,Piano Sonata K280 i F major.mid by Mozart.csv
233,235.0 to 235.6666667,3,"[0, 0, 0, 0, 0, 1, 0, 0, 1, 1, 0, 0]",3,c#Major,Piano Sonata K280 i F major.mid by Mozart.csv
234,236.0 to 236.6666667,17,"[0, 1, 1, 0, 0, 0, 0, 0, 0, 1, 0, 0]",3,dMajor,Piano Sonata K280 i F major.mid by Mozart.csv
235,237.0 to 237.6666667,6,"[0, 0, 1, 0, 1, 1, 0, 0, 0, 0, 0, 0]",0,b-Major,Piano Sonata K280 i F major.mid by Mozart.csv
236,238.0 to 238.6666667,3,"[0, 0, 0, 0, 0, 1, 0, 0, 1, 1, 0, 0]",3,c#Major,Piano Sonata K280 i F major.mid by Mozart.csv
237,239.0 to 239.6666667,17,"[0, 0, 0, 0, 1, 1, 0, 0, 0, 1, 0, 0]",3,fMajor,Piano Sonata K280 i F major.mid by Mozart.csv
238,240.0 to 240.6666667,6,"[0, 1, 1, 0, 0, 1, 0, 0, 0, 0, 0, 0]",0,c#Major,Piano Sonata K280 i F major.mid by Mozart.csv
239,241.0 to 241.6666667,3,"[0, 0, 1, 0, 0, 0, 0, 0, 1, 1, 0, 0]",3,dMajor,Piano Sonata K280 i F major.mid by Mozart.csv
240,242.0 to 242.75,18,"[0, 0, 1, 0, 0, 3, 0, 0, 0, 1, 0, 0]",0,fMinor,Piano Sonata K280 i F major.mid by Mozart.csv
241,243.0 to 243.0,9,"[1, 0, 0, 0, 1, 0, 0, 1, 0, 0, 0, 0]",1,cMajor,Piano Sonata K280 i F major.mid by Mozart.csv
242,244.0 to 244.0,4,"[0, 0, 1, 0, 0, 0, 0, 0, 0, 0, 0, 1]",5,gMajor,Piano Sonata K280 i F major.mid by Mozart.csv
243,246.0 to 246.0,10,"[0, 0, 0, 0, 0, 0, 0, 2, 0, 0, 0, 0]",4,cMajor,Piano Sonata K280 i F major.mid by Mozart.csv
244,247.0 to 247.0,4,"[0, 0, 0, 0, 0, 0, 0, 0, 0, 0, 0, 2]",5,eMajor,Piano Sonata K280 i F major.mid by Mozart.csv
245,248.0 to 248.0,12,"[0, 0, 2, 0, 0, 0, 0, 0, 0, 0, 0, 0]",5,dMajor,Piano Sonata K280 i F major.mid by Mozart.csv
246,249.0 to 249.75,4,"[0, 0, 1, 0, 1, 0, 0, 0, 0, 0, 0, 1]",5,eMajor,Piano Sonata K280 i F major.mid by Mozart.csv
247,250.0 to 250.75,4,"[0, 0, 1, 0, 1, 0, 0, 0, 0, 0, 0, 1]",5,eMajor,Piano Sonata K280 i F major.mid by Mozart.csv
248,251.0 to 251.75,2,"[1, 0, 1, 0, 0, 0, 0, 0, 0, 1, 0, 0]",3,dMajor,Piano Sonata K280 i F major.mid by Mozart.csv
249,252.0 to 252.75,15,"[1, 0, 1, 0, 1, 0, 0, 1, 0, 0, 0, 2]",5,gMajor,Piano Sonata K280 i F major.mid by Mozart.csv
250,253.0 to 253.75,15,"[1, 0, 1, 0, 1, 0, 0, 1, 0, 0, 0, 2]",5,gMajor,Piano Sonata K280 i F major.mid by Mozart.csv
251,254.0 to 254.75,7,"[1, 0, 1, 0, 0, 0, 1, 0, 0, 2, 0, 1]",9,dMajor,Piano Sonata K280 i F major.mid by Mozart.csv
252,255.0 to 255.875,5,"[0, 0, 1, 0, 0, 0, 0, 1, 0, 0, 0, 1]",5,gMajor,Piano Sonata K280 i F major.mid by Mozart.csv
253,256.0 to 256.875,1,"[0, 0, 1, 0, 0, 0, 0, 2, 0, 1, 0, 1]",4,gMajor,Piano Sonata K280 i F major.mid by Mozart.csv
254,257.0 to 257.0,16,"[0, 0, 0, 0, 0, 0, 1, 0, 0, 1, 0, 0]",8,dMajor,Piano Sonata K280 i F major.mid by Mozart.csv
255,258.0 to 258.0,12,"[0, 0, 2, 0, 0, 0, 0, 0, 0, 0, 0, 0]",5,dMajor,Piano Sonata K280 i F major.mid by Mozart.csv
256,259.0 to 259.0,16,"[0, 0, 0, 0, 0, 0, 2, 0, 0, 0, 0, 0]",8,dMajor,Piano Sonata K280 i F major.mid by Mozart.csv
257,260.0 to 260.0,17,"[0, 0, 0, 0, 0, 0, 0, 0, 0, 2, 0, 0]",3,dMajor,Piano Sonata K280 i F major.mid by Mozart.csv
258,261.0 to 261.75,2,"[1, 0, 1, 0, 0, 0, 0, 0, 0, 1, 0, 0]",3,dMajor,Piano Sonata K280 i F major.mid by Mozart.csv
259,262.0 to 262.75,2,"[1, 0, 1, 0, 0, 0, 0, 0, 0, 1, 0, 0]",3,dMajor,Piano Sonata K280 i F major.mid by Mozart.csv
260,263.0 to 263.75,5,"[1, 0, 0, 0, 0, 0, 0, 1, 0, 0, 0, 1]",5,cMajor,Piano Sonata K280 i F major.mid by Mozart.csv
261,264.0 to 264.75,7,"[1, 0, 1, 0, 0, 0, 1, 0, 0, 2, 0, 1]",9,dMajor,Piano Sonata K280 i F major.mid by Mozart.csv
262,265.0 to 265.75,7,"[1, 0, 1, 0, 0, 0, 1, 0, 0, 2, 0, 1]",9,dMajor,Piano Sonata K280 i F major.mid by Mozart.csv
263,266.0 to 266.75,1,"[1, 0, 0, 0, 0, 0, 1, 2, 0, 0, 0, 2]",4,gMajor,Piano Sonata K280 i F major.mid by Mozart.csv
264,267.0 to 267.875,2,"[1, 0, 0, 0, 0, 0, 0, 0, 0, 2, 0, 0]",3,fMajor,Piano Sonata K280 i F major.mid by Mozart.csv
265,268.0 to 268.875,7,"[1, 0, 1, 0, 0, 0, 1, 0, 0, 1, 0, 1]",9,dMajor,Piano Sonata K280 i F major.mid by Mozart.csv
266,269.0 to 269.0,5,"[0, 0, 0, 0, 0, 0, 0, 1, 0, 0, 0, 1]",5,gMajor,Piano Sonata K280 i F major.mid by Mozart.csv
267,270.0 to 270.75,4,"[1, 0, 1, 0, 0, 0, 0, 0, 0, 0, 0, 2]",5,gMajor,Piano Sonata K280 i F major.mid by Mozart.csv
268,271.0 to 271.6666667,4,"[0, 0, 1, 0, 0, 0, 0, 0, 0, 1, 0, 1]",5,dMajor,Piano Sonata K280 i F major.mid by Mozart.csv
269,272.0 to 272.6666667,6,"[0, 0, 1, 0, 0, 1, 0, 1, 0, 0, 0, 0]",0,gMajor,Piano Sonata K280 i F major.mid by Mozart.csv
270,273.0 to 273.75,0,"[2, 0, 0, 1, 0, 1, 0, 0, 0, 0, 0, 0]",6,fMajor,Piano Sonata K280 i F major.mid by Mozart.csv
271,274.0 to 274.6666667,17,"[0, 0, 0, 0, 1, 0, 0, 0, 1, 1, 0, 0]",2,eMajor,Piano Sonata K280 i F major.mid by Mozart.csv
272,275.0 to 275.6666667,2,"[1, 0, 0, 0, 0, 0, 0, 0, 0, 1, 0, 1]",3,fMajor,Piano Sonata K280 i F major.mid by Mozart.csv
273,276.0 to 276.75,12,"[0, 2, 1, 0, 1, 0, 0, 0, 0, 0, 0, 0]",1,aMajor,Piano Sonata K280 i F major.mid by Mozart.csv
274,277.0 to 277.6666667,4,"[0, 1, 0, 0, 1, 0, 0, 0, 0, 0, 0, 1]",2,eMajor,Piano Sonata K280 i F major.mid by Mozart.csv
275,278.0 to 278.6666667,17,"[0, 0, 0, 0, 1, 0, 0, 1, 0, 1, 0, 0]",1,cMajor,Piano Sonata K280 i F major.mid by Mozart.csv
276,279.0 to 279.75,6,"[0, 0, 2, 0, 0, 1, 0, 1, 0, 0, 0, 0]",0,b-Major,Piano Sonata K280 i F major.mid by Mozart.csv
277,280.0 to 280.6666667,4,"[0, 0, 0, 0, 0, 0, 1, 0, 0, 0, 1, 1]",8,f#Major,Piano Sonata K280 i F major.mid by Mozart.csv
278,281.0 to 281.6666667,4,"[0, 1, 1, 0, 0, 0, 0, 0, 0, 0, 0, 1]",5,gMajor,Piano Sonata K280 i F major.mid by Mozart.csv
279,282.0 to 282.75,11,"[0, 0, 0, 2, 1, 0, 1, 0, 0, 0, 0, 0]",8,bMajor,Piano Sonata K280 i F major.mid by Mozart.csv
280,283.0 to 283.6666667,11,"[1, 0, 0, 1, 0, 0, 1, 0, 0, 0, 0, 0]",8,g#Major,Piano Sonata K280 i F major.mid by Mozart.csv
281,284.0 to 284.6666667,4,"[0, 0, 0, 0, 0, 0, 1, 0, 0, 1, 0, 1]",8,dMajor,Piano Sonata K280 i F major.mid by Mozart.csv
282,285.0 to 285.9166667,8,"[0, 0, 0, 0, 2, 0, 1, 1, 0, 0, 0, 0]",1,gMinor,Piano Sonata K280 i F major.mid by Mozart.csv
283,286.0 to 286.75,9,"[1, 0, 0, 1, 1, 0, 0, 0, 0, 0, 0, 0]",6,cMajor,Piano Sonata K280 i F major.mid by Mozart.csv
284,287.0 to 287.75,4,"[0, 1, 1, 0, 0, 0, 0, 0, 0, 0, 0, 1]",5,gMajor,Piano Sonata K280 i F major.mid by Mozart.csv
285,288.0 to 288.9166667,3,"[1, 0, 0, 0, 0, 0, 0, 0, 1, 1, 0, 0]",3,fMajor,Piano Sonata K280 i F major.mid by Mozart.csv
286,289.0 to 289.75,15,"[1, 0, 0, 0, 1, 0, 0, 0, 0, 0, 0, 1]",6,cMajor,Piano Sonata K280 i F major.mid by Mozart.csv
287,290.0 to 290.75,4,"[0, 0, 1, 0, 0, 0, 0, 0, 0, 0, 1, 1]",5,gMajor,Piano Sonata K280 i F major.mid by Mozart.csv
288,291.0 to 291.75,2,"[1, 0, 1, 0, 0, 0, 0, 0, 0, 2, 0, 1]",9,dMajor,Piano Sonata K280 i F major.mid by Mozart.csv
289,292.0 to 292.0,5,"[0, 0, 1, 0, 0, 0, 0, 1, 0, 0, 0, 1]",5,gMajor,Piano Sonata K280 i F major.mid by Mozart.csv
290,293.0 to 293.875,16,"[1, 0, 0, 0, 1, 0, 1, 1, 0, 0, 0, 0]",1,cMajor,Piano Sonata K280 i F major.mid by Mozart.csv
291,294.0 to 294.75,1,"[0, 0, 1, 0, 0, 0, 0, 3, 0, 0, 0, 1]",4,gMajor,Piano Sonata K280 i F major.mid by Mozart.csv
292,295.0 to 295.75,16,"[0, 0, 0, 0, 0, 0, 1, 1, 0, 1, 0, 1]",8,dMajor,Piano Sonata K280 i F major.mid by Mozart.csv
293,296.0 to 296.75,5,"[1, 0, 0, 0, 0, 0, 0, 1, 0, 1, 0, 1]",3,fMajor,Piano Sonata K280 i F major.mid by Mozart.csv
294,297.0 to 297.75,7,"[1, 0, 0, 0, 0, 0, 2, 0, 0, 2, 0, 0]",9,dMajor,Piano Sonata K280 i F major.mid by Mozart.csv
295,298.0 to 298.75,2,"[1, 0, 0, 0, 0, 0, 0, 0, 1, 1, 0, 1]",3,eMajor,Piano Sonata K280 i F major.mid by Mozart.csv
296,299.0 to 299.75,4,"[1, 0, 1, 0, 0, 0, 0, 0, 0, 1, 0, 1]",5,gMajor,Piano Sonata K280 i F major.mid by Mozart.csv
297,300.0 to 300.75,1,"[0, 0, 1, 0, 0, 0, 0, 2, 0, 0, 0, 2]",4,gMajor,Piano Sonata K280 i F major.mid by Mozart.csv
298,301.0 to 301.75,4,"[1, 0, 1, 0, 0, 0, 0, 0, 0, 0, 1, 1]",5,gMajor,Piano Sonata K280 i F major.mid by Mozart.csv
299,302.0 to 302.75,15,"[1, 0, 1, 0, 1, 0, 0, 0, 0, 0, 0, 1]",5,eMajor,Piano Sonata K280 i F major.mid by Mozart.csv
300,303.0 to 303.75,2,"[2, 0, 0, 0, 1, 0, 0, 0, 1, 1, 0, 1]",6,cMinor,Piano Sonata K280 i F major.mid by Mozart.csv
301,304.0 to 304.75,2,"[2, 0, 0, 0, 1, 0, 0, 0, 1, 1, 0, 1]",6,cMinor,Piano Sonata K280 i F major.mid by Mozart.csv
302,305.0 to 305.75,15,"[2, 0, 1, 0, 1, 0, 0, 0, 0, 1, 0, 1]",6,cMinor,Piano Sonata K280 i F major.mid by Mozart.csv
303,306.0 to 306.875,13,"[2, 0, 0, 0, 2, 0, 0, 1, 0, 1, 0, 1]",6,cMajor,Piano Sonata K280 i F major.mid by Mozart.csv
304,307.0 to 307.875,5,"[0, 0, 1, 0, 0, 0, 0, 1, 0, 1, 0, 1]",5,gMajor,Piano Sonata K280 i F major.mid by Mozart.csv
305,308.0 to 308.875,4,"[0, 0, 0, 0, 0, 0, 1, 0, 0, 1, 0, 1]",8,dMajor,Piano Sonata K280 i F major.mid by Mozart.csv
306,309.0 to 309.75,1,"[0, 0, 2, 0, 0, 0, 0, 3, 0, 0, 0, 3]",4,gMajor,Piano Sonata K280 i F major.mid by Mozart.csv
307,310.0 to 310.75,16,"[0, 0, 0, 0, 0, 0, 1, 1, 0, 1, 0, 1]",8,dMajor,Piano Sonata K280 i F major.mid by Mozart.csv
308,311.0 to 311.75,5,"[1, 0, 0, 0, 0, 0, 0, 1, 0, 1, 0, 1]",3,fMajor,Piano Sonata K280 i F major.mid by Mozart.csv
309,312.0 to 312.75,7,"[1, 0, 0, 0, 0, 0, 2, 0, 0, 2, 0, 0]",9,dMajor,Piano Sonata K280 i F major.mid by Mozart.csv
310,313.0 to 313.75,2,"[1, 0, 0, 0, 0, 0, 0, 0, 1, 1, 0, 1]",3,eMajor,Piano Sonata K280 i F major.mid by Mozart.csv
311,314.0 to 314.75,4,"[1, 0, 1, 0, 0, 0, 0, 0, 0, 1, 0, 1]",5,gMajor,Piano Sonata K280 i F major.mid by Mozart.csv
312,315.0 to 315.75,1,"[0, 0, 1, 0, 0, 0, 0, 2, 0, 0, 0, 2]",4,gMajor,Piano Sonata K280 i F major.mid by Mozart.csv
313,316.0 to 316.75,4,"[1, 0, 1, 0, 0, 0, 0, 0, 0, 0, 1, 1]",5,gMajor,Piano Sonata K280 i F major.mid by Mozart.csv
314,317.0 to 317.75,15,"[1, 0, 1, 0, 1, 0, 0, 0, 0, 0, 0, 1]",5,eMajor,Piano Sonata K280 i F major.mid by Mozart.csv
315,318.0 to 318.75,2,"[2, 0, 0, 0, 1, 0, 0, 0, 0, 2, 0, 0]",6,cMinor,Piano Sonata K280 i F major.mid by Mozart.csv
316,319.0 to 319.75,8,"[1, 0, 0, 0, 2, 0, 0, 0, 0, 1, 0, 0]",6,cMinor,Piano Sonata K280 i F major.mid by Mozart.csv
317,320.0 to 320.75,2,"[1, 0, 0, 0, 1, 0, 0, 0, 0, 2, 0, 0]",3,cMinor,Piano Sonata K280 i F major.mid by Mozart.csv
318,321.0 to 321.75,0,"[2, 0, 0, 0, 1, 0, 0, 0, 0, 1, 0, 0]",6,cMinor,Piano Sonata K280 i F major.mid by Mozart.csv
319,322.0 to 322.75,8,"[1, 0, 0, 0, 2, 0, 0, 0, 0, 1, 0, 0]",6,cMinor,Piano Sonata K280 i F major.mid by Mozart.csv
320,323.0 to 323.75,16,"[1, 0, 0, 1, 0, 0, 1, 1, 0, 0, 0, 0]",8,e-Minor,Piano Sonata K280 i F major.mid by Mozart.csv
321,324.0 to 324.875,15,"[1, 0, 0, 0, 1, 0, 0, 1, 0, 1, 0, 1]",6,cMajor,Piano Sonata K280 i F major.mid by Mozart.csv
322,325.0 to 325.875,5,"[0, 0, 1, 0, 0, 0, 0, 1, 0, 1, 0, 1]",5,gMajor,Piano Sonata K280 i F major.mid by Mozart.csv
323,326.0 to 326.875,4,"[0, 0, 0, 0, 0, 0, 1, 0, 0, 1, 0, 1]",8,dMajor,Piano Sonata K280 i F major.mid by Mozart.csv
324,327.0 to 327.875,1,"[0, 0, 1, 0, 0, 0, 0, 2, 0, 0, 0, 2]",4,gMajor,Piano Sonata K280 i F major.mid by Mozart.csv
325,328.0 to 328.75,19,"[0, 0, 2, 0, 0, 0, 0, 1, 0, 0, 0, 1]",5,gMajor,Piano Sonata K280 i F major.mid by Mozart.csv
326,329.0 to 329.875,16,"[1, 0, 1, 0, 1, 0, 1, 1, 0, 1, 0, 0]",1,cMajor,Piano Sonata K280 i F major.mid by Mozart.csv
327,330.0 to 330.875,1,"[0, 0, 1, 0, 0, 0, 0, 2, 0, 0, 0, 2]",4,gMajor,Piano Sonata K280 i F major.mid by Mozart.csv
328,331.0 to 331.75,19,"[0, 0, 2, 0, 0, 0, 0, 1, 0, 0, 0, 1]",5,gMajor,Piano Sonata K280 i F major.mid by Mozart.csv
329,332.0 to 332.875,16,"[1, 0, 1, 0, 1, 0, 1, 1, 0, 1, 0, 0]",1,cMajor,Piano Sonata K280 i F major.mid by Mozart.csv
330,333.0 to 333.0,1,"[0, 0, 0, 0, 0, 0, 0, 2, 0, 0, 0, 1]",4,gMajor,Piano Sonata K280 i F major.mid by Mozart.csv
331,334.0 to 334.0,19,"[0, 0, 2, 0, 0, 0, 0, 2, 0, 0, 0, 2]",4,gMajor,Piano Sonata K280 i F major.mid by Mozart.csv
332,336.0 to 336.75,5,"[0, 0, 1, 0, 0, 0, 1, 1, 0, 0, 0, 1]",5,gMajor,Piano Sonata K280 i F major.mid by Mozart.csv
333,337.0 to 337.6666667,14,"[0, 0, 0, 0, 0, 0, 0, 1, 0, 0, 1, 1]",5,e-Major,Piano Sonata K280 i F major.mid by Mozart.csv
334,338.0 to 338.6666667,4,"[0, 1, 1, 0, 0, 0, 0, 0, 0, 0, 0, 1]",5,gMajor,Piano Sonata K280 i F major.mid by Mozart.csv
335,339.0 to 339.0,12,"[0, 0, 1, 0, 0, 0, 0, 0, 0, 0, 0, 0]",5,dMajor,Piano Sonata K280 i F major.mid by Mozart.csv
336,340.0 to 340.75,4,"[0, 0, 1, 0, 0, 0, 0, 0, 1, 0, 0, 1]",2,eMajor,Piano Sonata K280 i F major.mid by Mozart.csv
337,341.0 to 341.75,4,"[0, 0, 1, 0, 0, 0, 0, 0, 1, 0, 0, 1]",2,eMajor,Piano Sonata K280 i F major.mid by Mozart.csv
338,342.0 to 342.75,2,"[1, 1, 1, 0, 0, 0, 0, 0, 0, 1, 0, 0]",3,dMajor,Piano Sonata K280 i F major.mid by Mozart.csv
339,343.0 to 343.6666667,6,"[0, 0, 1, 0, 0, 1, 1, 0, 0, 0, 0, 0]",0,dMajor,Piano Sonata K280 i F major.mid by Mozart.csv
340,344.0 to 344.6666667,3,"[0, 0, 0, 0, 0, 0, 1, 0, 1, 1, 0, 0]",8,dMajor,Piano Sonata K280 i F major.mid by Mozart.csv
341,345.0 to 345.0,17,"[0, 0, 0, 0, 0, 0, 0, 0, 0, 1, 0, 0]",3,dMajor,Piano Sonata K280 i F major.mid by Mozart.csv
342,346.0 to 346.75,7,"[1, 0, 0, 0, 0, 0, 1, 0, 0, 2, 0, 0]",9,dMajor,Piano Sonata K280 i F major.mid by Mozart.csv
343,347.0 to 347.75,7,"[1, 0, 0, 0, 0, 0, 1, 0, 0, 2, 0, 0]",9,dMajor,Piano Sonata K280 i F major.mid by Mozart.csv
344,348.0 to 348.0,5,"[0, 0, 1, 0, 0, 0, 0, 1, 0, 0, 0, 1]",5,gMajor,Piano Sonata K280 i F major.mid by Mozart.csv
345,349.0 to 349.75,10,"[0, 0, 1, 0, 0, 0, 0, 2, 0, 0, 0, 0]",4,gMajor,Piano Sonata K280 i F major.mid by Mozart.csv
346,350.0 to 350.75,9,"[0, 0, 0, 0, 1, 0, 0, 1, 0, 0, 0, 1]",1,gMinor,Piano Sonata K280 i F major.mid by Mozart.csv
347,351.0 to 351.75,9,"[1, 0, 0, 0, 0, 0, 0, 1, 0, 0, 0, 0]",1,cMajor,Piano Sonata K280 i F major.mid by Mozart.csv
348,352.0 to 352.75,2,"[1, 0, 0, 0, 1, 0, 0, 0, 0, 1, 0, 0]",6,cMinor,Piano Sonata K280 i F major.mid by Mozart.csv
349,353.0 to 353.75,12,"[1, 0, 1, 0, 0, 0, 1, 0, 0, 0, 0, 0]",8,dMajor,Piano Sonata K280 i F major.mid by Mozart.csv
350,354.0 to 354.0,4,"[0, 0, 1, 0, 0, 0, 0, 0, 0, 0, 0, 1]",5,gMajor,Piano Sonata K280 i F major.mid by Mozart.csv
351,355.0 to 355.75,5,"[0, 0, 1, 0, 0, 0, 0, 1, 0, 1, 0, 1]",5,gMajor,Piano Sonata K280 i F major.mid by Mozart.csv
352,356.0 to 356.75,16,"[1, 0, 0, 0, 0, 0, 1, 1, 0, 1, 0, 0]",8,cMajor,Piano Sonata K280 i F major.mid by Mozart.csv
353,357.0 to 357.75,4,"[0, 0, 1, 0, 0, 1, 0, 0, 1, 0, 0, 1]",2,gMajor,Piano Sonata K280 i F major.mid by Mozart.csv
354,358.0 to 358.75,4,"[0, 0, 1, 0, 1, 0, 0, 0, 1, 0, 0, 2]",2,eMajor,Piano Sonata K280 i F major.mid by Mozart.csv
355,359.0 to 359.75,4,"[0, 0, 1, 0, 0, 0, 0, 0, 0, 0, 0, 1]",5,gMajor,Piano Sonata K280 i F major.mid by Mozart.csv
356,360.0 to 360.0,12,"[0, 0, 1, 0, 0, 0, 0, 0, 0, 0, 0, 0]",5,dMajor,Piano Sonata K280 i F major.mid by Mozart.csv
357,361.0 to 361.75,5,"[0, 0, 1, 0, 0, 0, 0, 1, 0, 1, 0, 1]",5,gMajor,Piano Sonata K280 i F major.mid by Mozart.csv
358,362.0 to 362.75,16,"[1, 0, 0, 0, 0, 0, 1, 1, 0, 1, 0, 0]",8,cMajor,Piano Sonata K280 i F major.mid by Mozart.csv
359,363.0 to 363.75,4,"[0, 0, 1, 0, 0, 1, 0, 0, 1, 0, 0, 1]",2,gMajor,Piano Sonata K280 i F major.mid by Mozart.csv
360,364.0 to 364.625,4,"[0, 0, 0, 0, 1, 0, 0, 0, 1, 0, 0, 1]",2,eMajor,Piano Sonata K280 i F major.mid by Mozart.csv
361,366.0 to 366.0,17,"[0, 0, 0, 0, 0, 0, 0, 0, 0, 2, 0, 0]",3,dMajor,Piano Sonata K280 i F major.mid by Mozart.csv
362,367.0 to 367.0,0,"[2, 0, 0, 0, 0, 0, 0, 0, 0, 0, 0, 0]",6,cMajor,Piano Sonata K280 i F major.mid by Mozart.csv
363,368.0 to 368.0,8,"[0, 0, 0, 0, 2, 0, 0, 0, 0, 0, 0, 0]",1,cMajor,Piano Sonata K280 i F major.mid by Mozart.csv
364,369.0 to 369.75,9,"[1, 0, 0, 0, 1, 1, 0, 0, 0, 0, 0, 0]",6,cMajor,Piano Sonata K280 i F major.mid by Mozart.csv
365,370.0 to 370.75,4,"[0, 0, 1, 0, 1, 0, 0, 0, 0, 0, 0, 1]",5,eMajor,Piano Sonata K280 i F major.mid by Mozart.csv
366,371.0 to 371.75,2,"[1, 0, 1, 0, 0, 0, 0, 0, 0, 1, 0, 0]",3,dMajor,Piano Sonata K280 i F major.mid by Mozart.csv
367,372.0 to 372.0,6,"[0, 0, 3, 0, 0, 2, 0, 0, 0, 1, 0, 0]",0,fMinor,Piano Sonata K280 i F major.mid by Mozart.csv
368,373.0 to 373.0,18,"[0, 0, 0, 0, 0, 2, 0, 0, 0, 0, 0, 0]",0,c#Major,Piano Sonata K280 i F major.mid by Mozart.csv
369,374.0 to 374.0,17,"[0, 0, 0, 0, 0, 0, 0, 0, 0, 2, 0, 0]",3,dMajor,Piano Sonata K280 i F major.mid by Mozart.csv
370,375.0 to 375.75,14,"[0, 0, 0, 0, 0, 1, 0, 0, 0, 1, 1, 0]",3,fMajor,Piano Sonata K280 i F major.mid by Mozart.csv
371,376.0 to 376.75,17,"[0, 0, 0, 0, 1, 0, 0, 1, 0, 1, 0, 0]",1,cMajor,Piano Sonata K280 i F major.mid by Mozart.csv
372,377.0 to 377.75,6,"[0, 0, 1, 0, 0, 1, 0, 1, 0, 0, 0, 0]",0,gMajor,Piano Sonata K280 i F major.mid by Mozart.csv
373,378.0 to 378.0,1,"[0, 0, 1, 0, 0, 0, 0, 3, 0, 0, 0, 2]",4,gMajor,Piano Sonata K280 i F major.mid by Mozart.csv
374,379.0 to 379.0,4,"[0, 0, 0, 0, 0, 0, 0, 0, 0, 0, 0, 2]",5,eMajor,Piano Sonata K280 i F major.mid by Mozart.csv
375,380.0 to 380.0,12,"[0, 0, 2, 0, 0, 0, 0, 0, 0, 0, 0, 0]",5,dMajor,Piano Sonata K280 i F major.mid by Mozart.csv
376,381.0 to 381.75,4,"[0, 0, 1, 0, 1, 0, 0, 0, 0, 0, 0, 1]",5,eMajor,Piano Sonata K280 i F major.mid by Mozart.csv
377,382.0 to 382.75,2,"[1, 0, 1, 0, 0, 0, 0, 0, 0, 1, 0, 0]",3,dMajor,Piano Sonata K280 i F major.mid by Mozart.csv
378,383.0 to 383.75,5,"[1, 0, 0, 0, 0, 0, 0, 1, 0, 0, 0, 1]",5,cMajor,Piano Sonata K280 i F major.mid by Mozart.csv
379,384.0 to 384.0,13,"[3, 0, 0, 0, 2, 0, 0, 1, 0, 0, 0, 0]",7,cMajor,Piano Sonata K280 i F major.mid by Mozart.csv
380,385.0 to 385.0,8,"[0, 0, 0, 0, 2, 0, 0, 0, 0, 0, 0, 0]",1,cMajor,Piano Sonata K280 i F major.mid by Mozart.csv
381,386.0 to 386.0,10,"[0, 0, 0, 0, 0, 0, 0, 2, 0, 0, 0, 0]",4,cMajor,Piano Sonata K280 i F major.mid by Mozart.csv
382,387.0 to 387.75,17,"[0, 0, 0, 0, 1, 0, 0, 1, 0, 1, 0, 0]",1,cMajor,Piano Sonata K280 i F major.mid by Mozart.csv
383,388.0 to 388.75,6,"[0, 0, 1, 0, 0, 1, 0, 1, 0, 0, 0, 0]",0,gMajor,Piano Sonata K280 i F major.mid by Mozart.csv
384,389.0 to 389.75,9,"[1, 0, 0, 0, 1, 1, 0, 0, 0, 0, 0, 0]",6,cMajor,Piano Sonata K280 i F major.mid by Mozart.csv
385,390.0 to 390.0,18,"[1, 0, 0, 1, 0, 2, 0, 0, 0, 2, 0, 0]",3,fMajor,Piano Sonata K280 i F major.mid by Mozart.csv
386,391.0 to 391.0,4,"[0, 0, 0, 0, 0, 0, 0, 0, 1, 0, 0, 1]",2,eMajor,Piano Sonata K280 i F major.mid by Mozart.csv
387,392.0 to 392.0,2,"[1, 0, 0, 0, 0, 0, 0, 0, 0, 1, 0, 0]",3,fMajor,Piano Sonata K280 i F major.mid by Mozart.csv
388,393.0 to 393.0,8,"[1, 0, 0, 0, 3, 0, 0, 0, 0, 2, 0, 0]",6,cMinor,Piano Sonata K280 i F major.mid by Mozart.csv
389,394.0 to 394.0,4,"[0, 0, 0, 0, 0, 0, 0, 0, 1, 0, 0, 1]",2,eMajor,Piano Sonata K280 i F major.mid by Mozart.csv
390,395.0 to 395.0,2,"[1, 0, 0, 0, 0, 0, 0, 0, 0, 1, 0, 0]",3,fMajor,Piano Sonata K280 i F major.mid by Mozart.csv
391,396.0 to 396.0,7,"[1, 0, 0, 2, 0, 0, 1, 0, 0, 2, 0, 0]",9,dMajor,Piano Sonata K280 i F major.mid by Mozart.csv
392,397.0 to 397.0,4,"[0, 0, 0, 0, 0, 0, 0, 0, 1, 0, 0, 1]",2,eMajor,Piano Sonata K280 i F major.mid by Mozart.csv
393,398.0 to 398.0,2,"[1, 0, 0, 0, 0, 0, 0, 0, 0, 1, 0, 0]",3,fMajor,Piano Sonata K280 i F major.mid by Mozart.csv
394,399.0 to 399.9166667,8,"[0, 0, 0, 0, 3, 0, 0, 0, 1, 0, 0, 1]",2,eMajor,Piano Sonata K280 i F major.mid by Mozart.csv
395,400.0 to 400.9166667,8,"[1, 0, 0, 0, 2, 1, 0, 0, 0, 1, 0, 0]",6,cMinor,Piano Sonata K280 i F major.mid by Mozart.csv
396,401.0 to 401.9166667,8,"[1, 0, 0, 1, 2, 0, 0, 0, 0, 1, 0, 0]",6,cMinor,Piano Sonata K280 i F major.mid by Mozart.csv
397,402.0 to 402.9166667,8,"[0, 0, 0, 0, 3, 0, 0, 0, 1, 0, 0, 1]",2,eMajor,Piano Sonata K280 i F major.mid by Mozart.csv
398,403.0 to 403.9166667,8,"[1, 0, 0, 0, 2, 1, 0, 0, 0, 1, 0, 0]",6,cMinor,Piano Sonata K280 i F major.mid by Mozart.csv
399,404.0 to 404.6666667,8,"[1, 0, 0, 1, 2, 0, 0, 0, 0, 1, 0, 0]",6,cMinor,Piano Sonata K280 i F major.mid by Mozart.csv
400,405.0 to 405.0,4,"[0, 0, 0, 0, 1, 0, 0, 0, 1, 0, 0, 1]",2,eMajor,Piano Sonata K280 i F major.mid by Mozart.csv
401,406.0 to 406.5,9,"[0, 0, 0, 0, 1, 1, 0, 0, 0, 0, 0, 0]",0,cMajor,Piano Sonata K280 i F major.mid by Mozart.csv
402,407.0 to 407.0,9,"[0, 0, 0, 0, 1, 0, 0, 0, 0, 0, 0, 0]",1,cMajor,Piano Sonata K280 i F major.mid by Mozart.csv
403,408.0 to 408.0,2,"[1, 0, 0, 1, 0, 0, 0, 0, 0, 1, 0, 0]",3,fMajor,Piano Sonata K280 i F major.mid by Mozart.csv
404,409.0 to 409.5,16,"[0, 0, 0, 0, 0, 0, 1, 1, 0, 0, 0, 0]",8,cMajor,Piano Sonata K280 i F major.mid by Mozart.csv
405,410.0 to 410.0,16,"[0, 0, 0, 0, 0, 0, 1, 0, 0, 0, 0, 0]",8,dMajor,Piano Sonata K280 i F major.mid by Mozart.csv
406,411.0 to 411.0,5,"[0, 0, 1, 0, 0, 0, 0, 1, 0, 0, 0, 1]",5,gMajor,Piano Sonata K280 i F major.mid by Mozart.csv
407,412.0 to 412.5,9,"[0, 0, 0, 0, 0, 1, 0, 1, 0, 0, 0, 0]",0,cMajor,Piano Sonata K280 i F major.mid by Mozart.csv
408,413.0 to 413.0,9,"[0, 0, 0, 0, 0, 1, 0, 0, 0, 0, 0, 0]",0,c#Major,Piano Sonata K280 i F major.mid by Mozart.csv
409,414.0 to 414.0,13,"[3, 0, 0, 0, 1, 0, 0, 2, 0, 0, 0, 0]",7,cMajor,Piano Sonata K280 i F major.mid by Mozart.csv
410,415.0 to 415.0,10,"[0, 0, 0, 0, 1, 0, 0, 2, 0, 0, 0, 0]",1,cMajor,Piano Sonata K280 i F major.mid by Mozart.csv
411,416.0 to 416.0,8,"[0, 0, 0, 0, 2, 0, 0, 1, 0, 0, 0, 0]",1,cMajor,Piano Sonata K280 i F major.mid by Mozart.csv
412,417.0 to 417.75,9,"[1, 0, 0, 0, 1, 0, 0, 1, 0, 0, 0, 0]",1,cMajor,Piano Sonata K280 i F major.mid by Mozart.csv
413,418.0 to 418.75,9,"[1, 0, 0, 0, 1, 0, 0, 1, 0, 1, 0, 0]",1,cMajor,Piano Sonata K280 i F major.mid by Mozart.csv
414,419.0 to 419.75,16,"[1, 0, 1, 0, 1, 0, 1, 1, 0, 0, 0, 0]",1,cMajor,Piano Sonata K280 i F major.mid by Mozart.csv
415,420.0 to 420.75,0,"[2, 0, 0, 0, 1, 0, 0, 0, 0, 0, 0, 0]",6,cMajor,Piano Sonata K280 i F major.mid by Mozart.csv
416,421.0 to 421.75,4,"[1, 0, 1, 0, 0, 1, 0, 0, 0, 0, 0, 1]",5,gMajor,Piano Sonata K280 i F major.mid by Mozart.csv
417,422.0 to 422.75,9,"[1, 0, 0, 0, 1, 0, 0, 1, 0, 0, 1, 0]",1,cMajor,Piano Sonata K280 i F major.mid by Mozart.csv
418,423.0 to 423.75,2,"[1, 0, 0, 0, 0, 1, 0, 0, 0, 2, 0, 0]",3,fMajor,Piano Sonata K280 i F major.mid by Mozart.csv
419,424.0 to 424.5,2,"[1, 0, 0, 0, 0, 1, 0, 0, 0, 1, 0, 0]",3,fMajor,Piano Sonata K280 i F major.mid by Mozart.csv
420,425.0 to 425.5,2,"[1, 0, 0, 0, 0, 1, 0, 0, 0, 1, 0, 0]",3,fMajor,Piano Sonata K280 i F major.mid by Mozart.csv
421,426.0 to 426.5,5,"[1, 0, 1, 0, 0, 1, 0, 1, 0, 0, 0, 1]",5,gMajor,Piano Sonata K280 i F major.mid by Mozart.csv
422,427.0 to 427.75,4,"[1, 0, 1, 0, 0, 1, 0, 0, 0, 0, 0, 1]",5,gMajor,Piano Sonata K280 i F major.mid by Mozart.csv
423,428.0 to 428.5,4,"[1, 0, 1, 0, 0, 0, 0, 0, 0, 0, 0, 1]",5,gMajor,Piano Sonata K280 i F major.mid by Mozart.csv
424,429.0 to 429.5,0,"[2, 0, 0, 0, 1, 0, 0, 1, 0, 1, 0, 0]",7,cMajor,Piano Sonata K280 i F major.mid by Mozart.csv
425,430.0 to 430.75,0,"[2, 0, 0, 0, 1, 0, 0, 1, 0, 0, 0, 0]",7,cMajor,Piano Sonata K280 i F major.mid by Mozart.csv
426,431.0 to 431.5,0,"[2, 0, 0, 0, 1, 0, 0, 0, 0, 0, 0, 0]",6,cMajor,Piano Sonata K280 i F major.mid by Mozart.csv
427,432.0 to 432.75,19,"[0, 0, 2, 0, 1, 1, 0, 1, 0, 0, 0, 1]",0,gMajor,Piano Sonata K280 i F major.mid by Mozart.csv
428,433.0 to 433.75,4,"[1, 0, 1, 0, 0, 0, 0, 0, 0, 0, 0, 1]",5,gMajor,Piano Sonata K280 i F major.mid by Mozart.csv
429,434.0 to 434.75,5,"[0, 0, 0, 0, 0, 1, 0, 1, 0, 1, 0, 1]",3,fMajor,Piano Sonata K280 i F major.mid by Mozart.csv
430,435.0 to 435.75,13,"[2, 0, 0, 0, 2, 0, 0, 1, 0, 0, 0, 0]",7,cMajor,Piano Sonata K280 i F major.mid by Mozart.csv
431,436.0 to 436.75,5,"[1, 0, 1, 0, 0, 1, 0, 1, 0, 0, 0, 1]",5,gMajor,Piano Sonata K280 i F major.mid by Mozart.csv
432,437.0 to 437.875,15,"[1, 0, 0, 0, 1, 0, 0, 1, 0, 0, 0, 1]",1,cMajor,Piano Sonata K280 i F major.mid by Mozart.csv
433,438.0 to 438.5,2,"[1, 0, 0, 0, 0, 1, 0, 0, 0, 1, 0, 0]",3,fMajor,Piano Sonata K280 i F major.mid by Mozart.csv
434,439.0 to 439.5,6,"[0, 0, 1, 0, 0, 2, 0, 0, 0, 0, 0, 0]",0,b-Major,Piano Sonata K280 i F major.mid by Mozart.csv
435,440.0 to 440.5,5,"[0, 0, 1, 0, 0, 0, 0, 1, 0, 0, 0, 1]",5,gMajor,Piano Sonata K280 i F major.mid by Mozart.csv
436,441.0 to 441.75,19,"[0, 0, 2, 0, 1, 1, 0, 1, 0, 0, 0, 1]",0,gMajor,Piano Sonata K280 i F major.mid by Mozart.csv
437,442.0 to 442.75,4,"[1, 0, 1, 0, 0, 0, 0, 0, 0, 0, 0, 1]",5,gMajor,Piano Sonata K280 i F major.mid by Mozart.csv
438,443.0 to 443.75,5,"[0, 0, 0, 0, 0, 1, 0, 1, 0, 1, 0, 1]",3,fMajor,Piano Sonata K280 i F major.mid by Mozart.csv
439,444.0 to 444.75,8,"[1, 0, 0, 0, 3, 0, 0, 1, 0, 0, 0, 0]",1,cMajor,Piano Sonata K280 i F major.mid by Mozart.csv
440,445.0 to 445.75,6,"[0, 0, 2, 0, 1, 1, 0, 0, 0, 0, 0, 1]",0,gMajor,Piano Sonata K280 i F major.mid by Mozart.csv
441,446.0 to 446.875,0,"[2, 0, 1, 0, 1, 0, 0, 1, 0, 0, 0, 0]",7,cMajor,Piano Sonata K280 i F major.mid by Mozart.csv
442,447.0 to 447.5,2,"[1, 0, 0, 0, 0, 1, 0, 0, 0, 1, 0, 0]",3,fMajor,Piano Sonata K280 i F major.mid by Mozart.csv
443,448.0 to 448.5,6,"[0, 0, 1, 0, 0, 2, 0, 0, 0, 0, 0, 0]",0,b-Major,Piano Sonata K280 i F major.mid by Mozart.csv
444,449.0 to 449.5,5,"[0, 0, 1, 0, 0, 0, 0, 1, 0, 0, 0, 1]",5,gMajor,Piano Sonata K280 i F major.mid by Mozart.csv
445,450.0 to 450.75,0,"[3, 0, 0, 0, 1, 0, 0, 1, 0, 0, 0, 0]",7,cMajor,Piano Sonata K280 i F major.mid by Mozart.csv
446,451.0 to 451.6666667,9,"[1, 0, 0, 0, 1, 0, 0, 1, 0, 0, 0, 0]",1,cMajor,Piano Sonata K280 i F major.mid by Mozart.csv
447,452.0 to 452.75,1,"[0, 0, 1, 0, 0, 1, 0, 2, 0, 0, 0, 1]",4,gMajor,Piano Sonata K280 i F major.mid by Mozart.csv
448,453.0 to 453.75,0,"[3, 0, 0, 0, 1, 0, 0, 1, 0, 0, 0, 0]",7,cMajor,Piano Sonata K280 i F major.mid by Mozart.csv
449,454.0 to 454.6666667,5,"[0, 0, 1, 0, 0, 0, 0, 1, 0, 0, 0, 1]",5,gMajor,Piano Sonata K280 i F major.mid by Mozart.csv
450,455.0 to 455.6666667,9,"[1, 0, 0, 0, 1, 0, 0, 1, 0, 0, 0, 0]",1,cMajor,Piano Sonata K280 i F major.mid by Mozart.csv
451,456.0 to 456.75,1,"[0, 0, 1, 0, 0, 0, 0, 3, 0, 0, 0, 1]",4,gMajor,Piano Sonata K280 i F major.mid by Mozart.csv
452,457.0 to 457.6666667,4,"[0, 0, 1, 0, 0, 1, 0, 0, 0, 0, 0, 1]",5,gMajor,Piano Sonata K280 i F major.mid by Mozart.csv
453,458.0 to 458.75,0,"[3, 0, 0, 0, 1, 0, 0, 1, 0, 0, 0, 0]",7,cMajor,Piano Sonata K280 i F major.mid by Mozart.csv
454,459.0 to 459.75,1,"[0, 0, 1, 0, 0, 0, 0, 2, 0, 0, 0, 1]",4,gMajor,Piano Sonata K280 i F major.mid by Mozart.csv
455,460.0 to 460.6666667,9,"[1, 0, 0, 0, 1, 0, 0, 1, 0, 0, 0, 0]",1,cMajor,Piano Sonata K280 i F major.mid by Mozart.csv
456,461.0 to 461.6666667,6,"[0, 0, 1, 0, 0, 1, 0, 1, 0, 0, 0, 0]",0,gMajor,Piano Sonata K280 i F major.mid by Mozart.csv
457,462.0 to 462.75,0,"[3, 0, 0, 0, 1, 0, 0, 1, 0, 0, 0, 0]",7,cMajor,Piano Sonata K280 i F major.mid by Mozart.csv
458,463.0 to 463.6666667,2,"[1, 0, 0, 0, 1, 0, 0, 0, 0, 1, 0, 0]",6,cMinor,Piano Sonata K280 i F major.mid by Mozart.csv
459,464.0 to 464.6666667,9,"[1, 0, 0, 0, 1, 0, 0, 1, 0, 0, 0, 0]",1,cMajor,Piano Sonata K280 i F major.mid by Mozart.csv
460,465.0 to 465.75,2,"[2, 0, 0, 1, 0, 0, 1, 0, 0, 1, 0, 0]",9,fMajor,Piano Sonata K280 i F major.mid by Mozart.csv
461,466.0 to 466.75,5,"[0, 0, 1, 0, 0, 0, 0, 1, 0, 0, 0, 3]",4,gMajor,Piano Sonata K280 i F major.mid by Mozart.csv
462,467.0 to 467.6666667,14,"[0, 0, 0, 0, 0, 1, 0, 1, 0, 0, 1, 0]",0,e-Major,Piano Sonata K280 i F major.mid by Mozart.csv
463,468.0 to 468.75,14,"[0, 1, 0, 0, 1, 0, 0, 1, 0, 0, 2, 0]",1,b-Minor,Piano Sonata K280 i F major.mid by Mozart.csv
464,469.0 to 469.75,2,"[1, 0, 0, 0, 0, 1, 0, 0, 0, 3, 0, 0]",3,fMajor,Piano Sonata K280 i F major.mid by Mozart.csv
465,470.0 to 470.6666667,2,"[1, 0, 0, 0, 1, 0, 0, 0, 0, 1, 0, 0]",6,cMinor,Piano Sonata K280 i F major.mid by Mozart.csv
466,471.0 to 471.75,7,"[1, 0, 0, 1, 0, 0, 1, 0, 0, 2, 0, 0]",9,dMajor,Piano Sonata K280 i F major.mid by Mozart.csv
467,472.0 to 472.75,3,"[0, 0, 0, 0, 1, 0, 0, 0, 3, 0, 0, 1]",2,eMajor,Piano Sonata K280 i F major.mid by Mozart.csv
468,473.0 to 473.6666667,9,"[0, 0, 1, 0, 1, 0, 0, 1, 0, 0, 0, 0]",1,cMajor,Piano Sonata K280 i F major.mid by Mozart.csv
469,474.0 to 474.75,10,"[0, 1, 0, 0, 1, 0, 0, 2, 0, 0, 1, 0]",1,cMajor,Piano Sonata K280 i F major.mid by Mozart.csv
470,475.0 to 475.75,7,"[0, 0, 1, 0, 0, 0, 3, 0, 0, 1, 0, 0]",8,dMajor,Piano Sonata K280 i F major.mid by Mozart.csv
471,476.0 to 476.6666667,2,"[1, 0, 0, 0, 0, 1, 0, 0, 0, 1, 0, 0]",3,fMajor,Piano Sonata K280 i F major.mid by Mozart.csv
472,477.0 to 477.75,6,"[0, 0, 1, 0, 0, 2, 0, 0, 1, 0, 0, 1]",0,c#Major,Piano Sonata K280 i F major.mid by Mozart.csv
473,478.0 to 478.75,8,"[1, 0, 0, 0, 3, 0, 0, 1, 0, 0, 0, 0]",1,cMajor,Piano Sonata K280 i F major.mid by Mozart.csv
474,479.0 to 479.6666667,9,"[1, 0, 0, 0, 1, 0, 0, 1, 0, 0, 0, 0]",1,cMajor,Piano Sonata K280 i F major.mid by Mozart.csv
475,480.0 to 480.75,18,"[0, 0, 1, 0, 1, 3, 0, 0, 0, 0, 0, 0]",0,b-Major,Piano Sonata K280 i F major.mid by Mozart.csv
476,481.0 to 481.6666667,3,"[0, 0, 0, 0, 0, 1, 0, 0, 1, 1, 0, 0]",3,c#Major,Piano Sonata K280 i F major.mid by Mozart.csv
477,482.0 to 482.6666667,17,"[0, 1, 1, 0, 0, 0, 0, 0, 0, 1, 0, 0]",3,dMajor,Piano Sonata K280 i F major.mid by Mozart.csv
478,483.0 to 483.6666667,6,"[0, 0, 1, 0, 1, 1, 0, 0, 0, 0, 0, 0]",0,b-Major,Piano Sonata K280 i F major.mid by Mozart.csv
479,484.0 to 484.6666667,3,"[0, 0, 0, 0, 0, 1, 0, 0, 1, 1, 0, 0]",3,c#Major,Piano Sonata K280 i F major.mid by Mozart.csv
480,485.0 to 485.6666667,17,"[0, 0, 0, 0, 1, 1, 0, 0, 0, 1, 0, 0]",3,fMajor,Piano Sonata K280 i F major.mid by Mozart.csv
481,486.0 to 486.6666667,6,"[0, 1, 1, 0, 0, 1, 0, 0, 0, 0, 0, 0]",0,c#Major,Piano Sonata K280 i F major.mid by Mozart.csv
482,487.0 to 487.6666667,3,"[0, 0, 1, 0, 0, 0, 0, 0, 1, 1, 0, 0]",3,dMajor,Piano Sonata K280 i F major.mid by Mozart.csv
483,488.0 to 488.75,18,"[0, 0, 1, 0, 0, 3, 0, 0, 0, 1, 0, 0]",0,fMinor,Piano Sonata K280 i F major.mid by Mozart.csv
484,489.0 to 489.0,9,"[1, 0, 0, 0, 1, 0, 0, 1, 0, 0, 0, 0]",1,cMajor,Piano Sonata K280 i F major.mid by Mozart.csv
485,490.0 to 490.0,4,"[0, 0, 1, 0, 0, 0, 0, 0, 0, 0, 0, 1]",5,gMajor,Piano Sonata K280 i F major.mid by Mozart.csv
486,492.0 to 492.0,0,"[2, 0, 0, 0, 0, 0, 0, 0, 0, 0, 0, 0]",6,cMajor,Piano Sonata K280 i F major.mid by Mozart.csv
487,493.0 to 493.0,8,"[0, 0, 0, 0, 2, 0, 0, 0, 0, 0, 0, 0]",1,cMajor,Piano Sonata K280 i F major.mid by Mozart.csv
488,494.0 to 494.0,10,"[0, 0, 0, 0, 0, 0, 0, 2, 0, 0, 0, 0]",4,cMajor,Piano Sonata K280 i F major.mid by Mozart.csv
489,495.0 to 495.75,17,"[0, 0, 0, 0, 1, 0, 0, 1, 0, 1, 0, 0]",1,cMajor,Piano Sonata K280 i F major.mid by Mozart.csv
490,496.0 to 496.75,17,"[0, 0, 0, 0, 1, 0, 0, 1, 0, 1, 0, 0]",1,cMajor,Piano Sonata K280 i F major.mid by Mozart.csv
491,497.0 to 497.75,6,"[0, 0, 1, 0, 0, 1, 0, 1, 0, 0, 0, 0]",0,gMajor,Piano Sonata K280 i F major.mid by Mozart.csv
492,498.0 to 498.75,8,"[1, 0, 0, 0, 2, 1, 0, 1, 0, 1, 0, 0]",1,cMajor,Piano Sonata K280 i F major.mid by Mozart.csv
493,499.0 to 499.75,8,"[1, 0, 0, 0, 2, 1, 0, 1, 0, 1, 0, 0]",1,cMajor,Piano Sonata K280 i F major.mid by Mozart.csv
494,500.0 to 500.75,19,"[0, 0, 2, 0, 1, 1, 0, 1, 0, 0, 0, 1]",0,gMajor,Piano Sonata K280 i F major.mid by Mozart.csv
495,501.0 to 501.875,9,"[1, 0, 0, 0, 1, 0, 0, 1, 0, 0, 0, 0]",1,cMajor,Piano Sonata K280 i F major.mid by Mozart.csv
496,502.0 to 502.875,0,"[2, 0, 1, 0, 1, 0, 0, 1, 0, 0, 0, 0]",7,cMajor,Piano Sonata K280 i F major.mid by Mozart.csv
497,503.0 to 503.0,4,"[0, 0, 1, 0, 0, 0, 0, 0, 0, 0, 0, 1]",5,gMajor,Piano Sonata K280 i F major.mid by Mozart.csv
498,504.0 to 504.0,10,"[0, 0, 0, 0, 0, 0, 0, 2, 0, 0, 0, 0]",4,cMajor,Piano Sonata K280 i F major.mid by Mozart.csv
499,505.0 to 505.0,4,"[0, 0, 0, 0, 0, 0, 0, 0, 0, 0, 0, 2]",5,eMajor,Piano Sonata K280 i F major.mid by Mozart.csv
500,506.0 to 506.0,12,"[0, 0, 2, 0, 0, 0, 0, 0, 0, 0, 0, 0]",5,dMajor,Piano Sonata K280 i F major.mid by Mozart.csv
501,507.0 to 507.75,6,"[0, 0, 1, 0, 0, 1, 0, 1, 0, 0, 0, 0]",0,gMajor,Piano Sonata K280 i F major.mid by Mozart.csv
502,508.0 to 508.75,6,"[0, 0, 1, 0, 0, 1, 0, 1, 0, 0, 0, 0]",0,gMajor,Piano Sonata K280 i F major.mid by Mozart.csv
503,509.0 to 509.75,9,"[1, 0, 0, 0, 1, 1, 0, 0, 0, 0, 0, 0]",6,cMajor,Piano Sonata K280 i F major.mid by Mozart.csv
504,510.0 to 510.75,19,"[0, 0, 2, 0, 1, 1, 0, 1, 0, 0, 0, 1]",0,gMajor,Piano Sonata K280 i F major.mid by Mozart.csv
505,511.0 to 511.75,19,"[0, 0, 2, 0, 1, 1, 0, 1, 0, 0, 0, 1]",0,gMajor,Piano Sonata K280 i F major.mid by Mozart.csv
506,512.0 to 512.75,15,"[2, 0, 0, 0, 2, 1, 0, 0, 0, 0, 0, 1]",6,cMajor,Piano Sonata K280 i F major.mid by Mozart.csv
507,513.0 to 513.875,6,"[0, 0, 2, 0, 0, 1, 0, 0, 0, 0, 0, 0]",0,b-Major,Piano Sonata K280 i F major.mid by Mozart.csv
508,514.0 to 514.875,5,"[0, 0, 1, 0, 1, 1, 0, 1, 0, 0, 0, 1]",0,gMinor,Piano Sonata K280 i F major.mid by Mozart.csv
509,515.0 to 515.0,9,"[1, 0, 0, 0, 1, 0, 0, 0, 0, 0, 0, 0]",6,cMajor,Piano Sonata K280 i F major.mid by Mozart.csv
510,516.0 to 516.75,0,"[2, 0, 0, 0, 0, 1, 0, 1, 0, 0, 0, 0]",7,fMajor,Piano Sonata K280 i F major.mid by Mozart.csv
511,517.0 to 517.75,8,"[0, 0, 1, 0, 3, 1, 0, 0, 0, 0, 0, 0]",1,cMajor,Piano Sonata K280 i F major.mid by Mozart.csv
512,518.0 to 518.75,1,"[1, 0, 1, 0, 0, 0, 0, 2, 0, 0, 0, 1]",4,gMajor,Piano Sonata K280 i F major.mid by Mozart.csv
513,519.0 to 519.75,17,"[0, 0, 0, 0, 0, 0, 0, 1, 0, 3, 0, 0]",3,dMajor,Piano Sonata K280 i F major.mid by Mozart.csv
514,520.0 to 520.75,0,"[2, 0, 0, 0, 1, 1, 0, 1, 0, 0, 0, 0]",7,cMajor,Piano Sonata K280 i F major.mid by Mozart.csv
515,521.0 to 521.75,6,"[1, 0, 1, 0, 1, 2, 0, 0, 0, 0, 0, 0]",0,fMajor,Piano Sonata K280 i F major.mid by Mozart.csv
516,522.0 to 522.75,4,"[0, 0, 0, 0, 1, 1, 0, 0, 0, 0, 0, 2]",2,eMajor,Piano Sonata K280 i F major.mid by Mozart.csv
517,523.0 to 523.75,12,"[1, 0, 3, 0, 1, 0, 0, 0, 0, 0, 0, 0]",5,dMajor,Piano Sonata K280 i F major.mid by Mozart.csv
518,524.0 to 524.75,18,"[1, 0, 0, 0, 0, 2, 0, 0, 0, 1, 0, 1]",3,fMajor,Piano Sonata K280 i F major.mid by Mozart.csv
519,525.0 to 525.75,10,"[0, 0, 0, 0, 0, 1, 0, 3, 0, 0, 0, 0]",4,gMajor,Piano Sonata K280 i F major.mid by Mozart.csv
520,526.0 to 526.75,4,"[0, 0, 1, 0, 1, 1, 0, 0, 0, 0, 0, 2]",5,eMajor,Piano Sonata K280 i F major.mid by Mozart.csv
521,527.0 to 527.75,8,"[1, 0, 1, 0, 2, 0, 0, 0, 0, 0, 0, 1]",6,cMajor,Piano Sonata K280 i F major.mid by Mozart.csv
522,528.0 to 528.75,17,"[0, 0, 1, 0, 1, 0, 0, 0, 0, 2, 0, 0]",3,dMajor,Piano Sonata K280 i F major.mid by Mozart.csv
523,529.0 to 529.75,5,"[1, 0, 1, 0, 0, 0, 0, 1, 0, 1, 0, 2]",5,gMajor,Piano Sonata K280 i F major.mid by Mozart.csv
524,530.0 to 530.75,10,"[0, 0, 0, 0, 1, 1, 0, 2, 0, 1, 0, 1]",4,gMinor,Piano Sonata K280 i F major.mid by Mozart.csv
525,531.0 to 531.75,8,"[1, 0, 1, 0, 2, 1, 0, 1, 0, 0, 0, 0]",1,cMajor,Piano Sonata K280 i F major.mid by Mozart.csv
526,532.0 to 532.75,15,"[2, 0, 1, 0, 1, 0, 0, 0, 0, 1, 0, 1]",6,cMinor,Piano Sonata K280 i F major.mid by Mozart.csv
527,533.0 to 533.75,2,"[1, 0, 0, 0, 0, 1, 0, 1, 0, 2, 0, 1]",3,fMajor,Piano Sonata K280 i F major.mid by Mozart.csv
528,534.0 to 534.75,10,"[0, 0, 0, 0, 2, 1, 0, 2, 0, 0, 0, 0]",1,cMajor,Piano Sonata K280 i F major.mid by Mozart.csv
529,535.0 to 535.6666667,9,"[0, 0, 1, 0, 1, 0, 0, 1, 0, 0, 0, 0]",1,cMajor,Piano Sonata K280 i F major.mid by Mozart.csv
530,536.0 to 536.6666667,14,"[1, 0, 0, 0, 0, 0, 0, 1, 0, 0, 1, 0]",1,cMajor,Piano Sonata K280 i F major.mid by Mozart.csv
531,537.0 to 537.75,3,"[0, 0, 0, 0, 0, 2, 0, 0, 1, 0, 1, 0]",0,c#Major,Piano Sonata K280 i F major.mid by Mozart.csv
532,538.0 to 538.6666667000002,17,"[0, 1, 1, 0, 0, 0, 0, 0, 0, 1, 0, 0]",3,dMajor,Piano Sonata K280 i F major.mid by Mozart.csv
533,539.0 to 539.6666667000002,6,"[0, 0, 1, 0, 1, 1, 0, 0, 0, 0, 0, 0]",0,b-Major,Piano Sonata K280 i F major.mid by Mozart.csv
534,540.0 to 540.75,16,"[0, 0, 0, 0, 0, 0, 2, 1, 0, 1, 0, 0]",8,dMajor,Piano Sonata K280 i F major.mid by Mozart.csv
535,541.0 to 541.6666667000002,16,"[0, 0, 0, 0, 1, 0, 1, 0, 0, 1, 0, 0]",8,dMajor,Piano Sonata K280 i F major.mid by Mozart.csv
536,542.0 to 542.6666667000002,2,"[1, 0, 1, 0, 0, 0, 0, 0, 0, 1, 0, 0]",3,dMajor,Piano Sonata K280 i F major.mid by Mozart.csv
537,543.0 to 543.75,10,"[1, 0, 0, 0, 0, 0, 0, 2, 0, 0, 1, 0]",1,cMajor,Piano Sonata K280 i F major.mid by Mozart.csv
538,544.0 to 544.6666667000002,4,"[0, 0, 0, 1, 1, 0, 0, 0, 0, 0, 0, 1]",2,eMajor,Piano Sonata K280 i F major.mid by Mozart.csv
539,545.0 to 545.6666667000002,16,"[0, 0, 0, 0, 1, 0, 1, 1, 0, 0, 0, 0]",1,cMajor,Piano Sonata K280 i F major.mid by Mozart.csv
540,546.0 to 546.75,3,"[0, 0, 0, 0, 0, 0, 0, 0, 2, 1, 0, 1]",2,eMajor,Piano Sonata K280 i F major.mid by Mozart.csv
541,547.0 to 547.6666667000002,3,"[0, 0, 0, 0, 0, 1, 0, 0, 1, 0, 0, 1]",2,c#Major,Piano Sonata K280 i F major.mid by Mozart.csv
542,548.0 to 548.6666667000002,4,"[0, 0, 1, 0, 1, 0, 0, 0, 0, 0, 0, 1]",5,eMajor,Piano Sonata K280 i F major.mid by Mozart.csv
543,549.0 to 549.9166667000002,2,"[1, 0, 0, 0, 0, 0, 0, 0, 0, 2, 0, 1]",3,fMajor,Piano Sonata K280 i F major.mid by Mozart.csv
544,550.0 to 550.75,3,"[0, 0, 0, 0, 0, 1, 0, 0, 1, 1, 0, 0]",3,c#Major,Piano Sonata K280 i F major.mid by Mozart.csv
545,551.0 to 551.75,16,"[0, 0, 0, 0, 1, 0, 1, 1, 0, 0, 0, 0]",1,cMajor,Piano Sonata K280 i F major.mid by Mozart.csv
546,552.0 to 552.9166667000002,6,"[0, 1, 1, 0, 0, 1, 0, 0, 0, 0, 0, 0]",0,c#Major,Piano Sonata K280 i F major.mid by Mozart.csv
547,553.0 to 553.75,17,"[0, 0, 0, 0, 1, 1, 0, 0, 0, 1, 0, 0]",3,fMajor,Piano Sonata K280 i F major.mid by Mozart.csv
548,554.0 to 554.75,9,"[0, 0, 0, 1, 1, 0, 0, 1, 0, 0, 0, 0]",1,cMajor,Piano Sonata K280 i F major.mid by Mozart.csv
549,555.0 to 555.75,6,"[1, 0, 2, 0, 1, 2, 0, 1, 0, 0, 0, 0]",0,b-Major,Piano Sonata K280 i F major.mid by Mozart.csv
550,556.0 to 556.875,15,"[1, 0, 0, 0, 1, 0, 0, 1, 0, 0, 0, 1]",1,cMajor,Piano Sonata K280 i F major.mid by Mozart.csv
551,557.0 to 557.875,2,"[1, 0, 0, 0, 0, 1, 0, 0, 0, 1, 0, 1]",3,fMajor,Piano Sonata K280 i F major.mid by Mozart.csv
552,558.0 to 558.75,0,"[2, 0, 0, 0, 1, 0, 0, 1, 0, 0, 0, 0]",7,cMajor,Piano Sonata K280 i F major.mid by Mozart.csv
553,559.0 to 559.75,15,"[1, 0, 1, 0, 1, 0, 0, 0, 0, 0, 0, 1]",5,eMajor,Piano Sonata K280 i F major.mid by Mozart.csv
554,560.0 to 560.75,6,"[1, 0, 1, 0, 1, 1, 0, 0, 0, 0, 0, 0]",0,cMajor,Piano Sonata K280 i F major.mid by Mozart.csv
555,561.0 to 561.75,6,"[0, 0, 2, 0, 0, 1, 0, 0, 0, 1, 0, 1]",0,fMinor,Piano Sonata K280 i F major.mid by Mozart.csv
556,562.0 to 562.75,6,"[0, 1, 1, 0, 1, 1, 0, 0, 0, 0, 0, 0]",0,c#Major,Piano Sonata K280 i F major.mid by Mozart.csv
557,563.0 to 563.75,6,"[0, 0, 1, 0, 1, 1, 0, 1, 0, 0, 0, 0]",0,cMajor,Piano Sonata K280 i F major.mid by Mozart.csv
558,564.0 to 564.75,13,"[2, 0, 0, 0, 2, 0, 0, 1, 0, 0, 0, 0]",7,cMajor,Piano Sonata K280 i F major.mid by Mozart.csv
559,565.0 to 565.75,9,"[0, 0, 0, 1, 1, 1, 0, 1, 0, 0, 0, 0]",1,cMajor,Piano Sonata K280 i F major.mid by Mozart.csv
560,566.0 to 566.75,17,"[0, 0, 0, 0, 1, 1, 0, 1, 0, 1, 0, 0]",1,cMajor,Piano Sonata K280 i F major.mid by Mozart.csv
561,567.0 to 567.75,18,"[0, 1, 1, 0, 1, 2, 0, 0, 0, 1, 0, 0]",0,fMinor,Piano Sonata K280 i F major.mid by Mozart.csv
562,568.0 to 568.75,18,"[0, 1, 1, 0, 1, 2, 0, 0, 0, 1, 0, 0]",0,fMinor,Piano Sonata K280 i F major.mid by Mozart.csv
563,569.0 to 569.75,18,"[0, 0, 1, 0, 1, 2, 0, 1, 0, 1, 0, 0]",0,fMinor,Piano Sonata K280 i F major.mid by Mozart.csv
564,570.0 to 570.875,18,"[1, 0, 1, 0, 1, 2, 0, 0, 0, 2, 0, 0]",3,fMajor,Piano Sonata K280 i F major.mid by Mozart.csv
565,571.0 to 571.875,9,"[1, 0, 1, 0, 1, 0, 0, 1, 0, 0, 0, 0]",1,cMajor,Piano Sonata K280 i F major.mid by Mozart.csv
566,572.0 to 572.875,4,"[0, 0, 1, 0, 1, 0, 0, 0, 0, 0, 0, 1]",5,eMajor,Piano Sonata K280 i F major.mid by Mozart.csv
567,573.0 to 573.75,13,"[3, 0, 0, 0, 2, 0, 0, 2, 0, 0, 0, 0]",7,cMajor,Piano Sonata K280 i F major.mid by Mozart.csv
568,574.0 to 574.75,15,"[1, 0, 1, 0, 1, 0, 0, 0, 0, 0, 0, 1]",5,eMajor,Piano Sonata K280 i F major.mid by Mozart.csv
569,575.0 to 575.75,6,"[1, 0, 1, 0, 1, 1, 0, 0, 0, 0, 0, 0]",0,cMajor,Piano Sonata K280 i F major.mid by Mozart.csv
570,576.0 to 576.75,19,"[0, 0, 2, 0, 0, 1, 0, 0, 0, 0, 0, 2]",5,gMajor,Piano Sonata K280 i F major.mid by Mozart.csv
571,577.0 to 577.75,6,"[0, 1, 1, 0, 1, 1, 0, 0, 0, 0, 0, 0]",0,c#Major,Piano Sonata K280 i F major.mid by Mozart.csv
572,578.0 to 578.75,6,"[0, 0, 1, 0, 1, 1, 0, 1, 0, 0, 0, 0]",0,cMajor,Piano Sonata K280 i F major.mid by Mozart.csv
573,579.0 to 579.75,13,"[2, 0, 0, 0, 2, 0, 0, 1, 0, 0, 0, 0]",7,cMajor,Piano Sonata K280 i F major.mid by Mozart.csv
574,580.0 to 580.75,9,"[0, 0, 0, 1, 1, 1, 0, 1, 0, 0, 0, 0]",1,cMajor,Piano Sonata K280 i F major.mid by Mozart.csv
575,581.0 to 581.75,17,"[0, 0, 0, 0, 1, 1, 0, 1, 0, 1, 0, 0]",1,cMajor,Piano Sonata K280 i F major.mid by Mozart.csv
576,582.0 to 582.75,6,"[0, 0, 2, 0, 0, 2, 0, 0, 0, 1, 0, 0]",0,fMinor,Piano Sonata K280 i F major.mid by Mozart.csv
577,583.0 to 583.75,6,"[0, 0, 1, 0, 0, 1, 0, 0, 0, 1, 0, 0]",0,fMinor,Piano Sonata K280 i F major.mid by Mozart.csv
578,584.0 to 584.5,6,"[0, 0, 2, 0, 0, 1, 0, 0, 0, 1, 0, 0]",0,fMinor,Piano Sonata K280 i F major.mid by Mozart.csv
579,585.0 to 585.75,18,"[0, 0, 1, 0, 0, 2, 0, 0, 0, 1, 0, 0]",0,fMinor,Piano Sonata K280 i F major.mid by Mozart.csv
580,586.0 to 586.75,17,"[0, 0, 1, 0, 0, 1, 0, 0, 0, 2, 0, 0]",3,fMinor,Piano Sonata K280 i F major.mid by Mozart.csv
581,587.0 to 587.75,3,"[1, 0, 0, 0, 0, 1, 0, 0, 1, 0, 0, 1]",2,g#Minor,Piano Sonata K280 i F major.mid by Mozart.csv
582,588.0 to 588.75,6,"[0, 0, 1, 0, 1, 1, 0, 0, 0, 1, 0, 0]",0,fMinor,Piano Sonata K280 i F major.mid by Mozart.csv
583,589.0 to 589.875,0,"[2, 0, 1, 0, 1, 0, 0, 1, 0, 0, 0, 0]",7,cMajor,Piano Sonata K280 i F major.mid by Mozart.csv
584,590.0 to 590.875,4,"[0, 0, 1, 0, 1, 0, 0, 0, 0, 0, 0, 1]",5,eMajor,Piano Sonata K280 i F major.mid by Mozart.csv
585,591.0 to 591.875,13,"[2, 0, 0, 0, 2, 0, 0, 1, 0, 0, 0, 0]",7,cMajor,Piano Sonata K280 i F major.mid by Mozart.csv
586,592.0 to 592.75,10,"[1, 0, 0, 0, 1, 0, 0, 2, 0, 0, 0, 0]",1,cMajor,Piano Sonata K280 i F major.mid by Mozart.csv
587,593.0 to 593.875,5,"[1, 0, 1, 0, 0, 1, 0, 1, 0, 1, 0, 1]",5,fMajor,Piano Sonata K280 i F major.mid by Mozart.csv
588,594.0 to 594.875,13,"[2, 0, 0, 0, 2, 0, 0, 1, 0, 0, 0, 0]",7,cMajor,Piano Sonata K280 i F major.mid by Mozart.csv
589,595.0 to 595.75,10,"[1, 0, 0, 0, 1, 0, 0, 2, 0, 0, 0, 0]",1,cMajor,Piano Sonata K280 i F major.mid by Mozart.csv
590,596.0 to 596.875,5,"[1, 0, 1, 0, 0, 1, 0, 1, 0, 1, 0, 1]",5,fMajor,Piano Sonata K280 i F major.mid by Mozart.csv
591,597.0 to 597.0,0,"[2, 0, 0, 0, 1, 0, 0, 0, 0, 0, 0, 0]",6,cMajor,Piano Sonata K280 i F major.mid by Mozart.csv
592,598.0 to 598.0,0,"[3, 0, 0, 0, 1, 0, 0, 1, 0, 0, 0, 0]",7,cMajor,Piano Sonata K280 i F major.mid by Mozart.csv
