index,offsetRange,CentroidLabelIndex_entireUnits,"[C,C#,D,E-,E,F,F#,G,G#,A,B-,B]",CentroidLabelIndex_individualUnit,triadLabel,filename
0,0.0 to 0.916666667,10,"[1, 0, 0, 0, 1, 0, 1, 2, 0, 0, 0, 0]",3,cMajor,Piano Sonata K279 ii F major.mid by Mozart.csv
1,1.0 to 1.875,16,"[0, 0, 1, 0, 0, 1, 1, 2, 0, 1, 0, 0]",1,dMajor,Piano Sonata K279 ii F major.mid by Mozart.csv
2,2.0 to 2.666666667,9,"[1, 0, 0, 0, 1, 0, 0, 1, 0, 0, 0, 0]",3,cMajor,Piano Sonata K279 ii F major.mid by Mozart.csv
3,3.0 to 3.75,5,"[0, 0, 1, 0, 0, 1, 0, 1, 0, 0, 0, 1]",2,gMajor,Piano Sonata K279 ii F major.mid by Mozart.csv
4,4.0 to 4.75,5,"[0, 0, 1, 0, 0, 1, 0, 1, 0, 0, 0, 1]",2,gMajor,Piano Sonata K279 ii F major.mid by Mozart.csv
5,5.0 to 5.875,8,"[1, 0, 0, 0, 2, 0, 0, 1, 0, 0, 0, 0]",3,cMajor,Piano Sonata K279 ii F major.mid by Mozart.csv
6,6.0 to 6.666666667,6,"[0, 0, 2, 0, 0, 2, 0, 0, 0, 1, 0, 0]",4,fMinor,Piano Sonata K279 ii F major.mid by Mozart.csv
7,7.0 to 7.666666667,13,"[2, 0, 0, 0, 2, 0, 0, 1, 0, 0, 0, 0]",3,cMajor,Piano Sonata K279 ii F major.mid by Mozart.csv
8,8.0 to 8.666666667000001,19,"[0, 0, 2, 0, 0, 1, 0, 1, 0, 0, 0, 1]",2,gMajor,Piano Sonata K279 ii F major.mid by Mozart.csv
9,9.0 to 9.75,18,"[1, 0, 0, 0, 0, 2, 0, 0, 0, 1, 0, 0]",4,fMajor,Piano Sonata K279 ii F major.mid by Mozart.csv
10,10.0 to 10.75,5,"[0, 0, 1, 0, 0, 1, 0, 1, 0, 0, 0, 1]",2,gMajor,Piano Sonata K279 ii F major.mid by Mozart.csv
11,11.0 to 11.875,8,"[1, 0, 0, 0, 2, 0, 0, 1, 0, 0, 0, 0]",3,cMajor,Piano Sonata K279 ii F major.mid by Mozart.csv
12,12.0 to 12.66666667,6,"[0, 0, 2, 0, 1, 2, 0, 0, 0, 1, 0, 0]",4,fMinor,Piano Sonata K279 ii F major.mid by Mozart.csv
13,13.0 to 13.66666667,13,"[2, 0, 0, 0, 2, 0, 0, 1, 0, 0, 0, 0]",3,cMajor,Piano Sonata K279 ii F major.mid by Mozart.csv
14,14.0 to 14.66666667,19,"[0, 0, 2, 0, 0, 1, 0, 1, 0, 0, 0, 1]",2,gMajor,Piano Sonata K279 ii F major.mid by Mozart.csv
15,15.0 to 15.91666667,9,"[1, 0, 0, 0, 1, 0, 0, 1, 0, 0, 0, 0]",3,cMajor,Piano Sonata K279 ii F major.mid by Mozart.csv
16,16.0 to 16.75,0,"[2, 0, 0, 0, 0, 0, 0, 0, 0, 0, 0, 1]",7,cMajor,Piano Sonata K279 ii F major.mid by Mozart.csv
17,17.0 to 17.66666667,6,"[1, 0, 1, 0, 0, 1, 0, 0, 0, 0, 0, 0]",6,fMajor,Piano Sonata K279 ii F major.mid by Mozart.csv
18,18.0 to 18.75,1,"[1, 1, 1, 0, 1, 0, 0, 2, 0, 0, 1, 1]",1,gMajor,Piano Sonata K279 ii F major.mid by Mozart.csv
19,19.0 to 19.66666667,4,"[0, 1, 1, 0, 0, 0, 0, 0, 0, 0, 0, 1]",6,gMajor,Piano Sonata K279 ii F major.mid by Mozart.csv
20,20.0 to 20.66666667,9,"[0, 0, 1, 0, 1, 0, 0, 1, 0, 0, 0, 0]",8,cMajor,Piano Sonata K279 ii F major.mid by Mozart.csv
21,21.0 to 21.91666667,0,"[3, 0, 1, 1, 1, 1, 0, 0, 0, 0, 0, 1]",7,cMajor,Piano Sonata K279 ii F major.mid by Mozart.csv
22,22.0 to 22.75,2,"[1, 0, 0, 0, 1, 0, 0, 0, 0, 2, 2, 0]",5,cMinor,Piano Sonata K279 ii F major.mid by Mozart.csv
23,23.0 to 23.91666667,10,"[0, 0, 0, 0, 2, 2, 0, 3, 0, 0, 1, 0]",1,cMajor,Piano Sonata K279 ii F major.mid by Mozart.csv
24,24.0 to 24.91666667,18,"[0, 0, 0, 0, 0, 2, 0, 1, 1, 1, 0, 0]",4,fMajor,Piano Sonata K279 ii F major.mid by Mozart.csv
25,25.0 to 25.75,18,"[0, 0, 0, 0, 1, 2, 0, 1, 0, 0, 0, 0]",4,cMajor,Piano Sonata K279 ii F major.mid by Mozart.csv
26,26.0 to 26.75,12,"[1, 0, 1, 0, 1, 0, 1, 0, 0, 0, 0, 0]",0,cMajor,Piano Sonata K279 ii F major.mid by Mozart.csv
27,27.0 to 27.75,1,"[0, 0, 1, 0, 0, 0, 0, 2, 0, 0, 0, 1]",1,gMajor,Piano Sonata K279 ii F major.mid by Mozart.csv
28,28.0 to 28.66666667,12,"[0, 0, 1, 0, 0, 0, 0, 0, 0, 0, 0, 0]",6,dMajor,Piano Sonata K279 ii F major.mid by Mozart.csv
29,29.0 to 29.66666667,12,"[0, 0, 1, 0, 0, 0, 0, 0, 0, 0, 0, 0]",6,dMajor,Piano Sonata K279 ii F major.mid by Mozart.csv
30,30.0 to 30.66666667,7,"[1, 0, 1, 0, 0, 0, 1, 0, 0, 2, 0, 0]",5,dMajor,Piano Sonata K279 ii F major.mid by Mozart.csv
31,31.0 to 31.66666667,7,"[1, 0, 0, 0, 0, 0, 1, 1, 0, 2, 0, 1]",5,dMajor,Piano Sonata K279 ii F major.mid by Mozart.csv
32,32.0 to 32.66666667,7,"[1, 0, 0, 0, 0, 0, 1, 1, 0, 2, 0, 1]",5,dMajor,Piano Sonata K279 ii F major.mid by Mozart.csv
33,33.0 to 33.66666667,19,"[0, 0, 2, 0, 0, 0, 0, 1, 0, 0, 0, 2]",2,gMajor,Piano Sonata K279 ii F major.mid by Mozart.csv
34,34.0 to 34.66666667,5,"[1, 0, 1, 0, 0, 0, 0, 1, 0, 1, 0, 2]",9,gMajor,Piano Sonata K279 ii F major.mid by Mozart.csv
35,35.0 to 35.66666667,5,"[1, 0, 1, 0, 0, 0, 0, 1, 0, 1, 0, 2]",9,gMajor,Piano Sonata K279 ii F major.mid by Mozart.csv
36,36.0 to 36.66666667,7,"[1, 0, 1, 0, 0, 0, 1, 0, 0, 2, 0, 0]",5,dMajor,Piano Sonata K279 ii F major.mid by Mozart.csv
37,37.0 to 37.66666667,7,"[1, 0, 0, 0, 0, 0, 1, 1, 0, 2, 0, 1]",5,dMajor,Piano Sonata K279 ii F major.mid by Mozart.csv
38,38.0 to 38.66666667,7,"[1, 0, 0, 0, 0, 0, 1, 1, 0, 2, 0, 1]",5,dMajor,Piano Sonata K279 ii F major.mid by Mozart.csv
39,39.0 to 39.75,5,"[1, 0, 0, 0, 0, 0, 0, 1, 0, 0, 0, 1]",9,cMajor,Piano Sonata K279 ii F major.mid by Mozart.csv
40,40.0 to 40.66666667,11,"[0, 1, 1, 1, 0, 0, 0, 0, 0, 0, 0, 0]",6,c#Major,Piano Sonata K279 ii F major.mid by Mozart.csv
41,41.0 to 41.66666667,16,"[0, 0, 0, 0, 1, 0, 1, 1, 0, 0, 0, 0]",8,cMajor,Piano Sonata K279 ii F major.mid by Mozart.csv
42,42.0 to 42.0,17,"[0, 1, 0, 0, 1, 0, 0, 1, 0, 1, 0, 0]",8,aMajor,Piano Sonata K279 ii F major.mid by Mozart.csv
43,43.0 to 43.75,6,"[0, 0, 2, 0, 1, 1, 0, 0, 0, 1, 0, 0]",4,fMinor,Piano Sonata K279 ii F major.mid by Mozart.csv
44,44.0 to 44.875,2,"[2, 0, 1, 0, 0, 1, 0, 0, 0, 1, 0, 1]",7,fMajor,Piano Sonata K279 ii F major.mid by Mozart.csv
45,45.0 to 45.875,15,"[1, 0, 1, 1, 1, 0, 0, 1, 0, 0, 0, 1]",9,cMajor,Piano Sonata K279 ii F major.mid by Mozart.csv
46,46.0 to 46.75,1,"[0, 0, 1, 0, 0, 0, 0, 2, 0, 0, 0, 1]",1,gMajor,Piano Sonata K279 ii F major.mid by Mozart.csv
47,47.0 to 47.91666667,16,"[1, 0, 1, 0, 1, 0, 1, 1, 0, 1, 0, 0]",0,cMajor,Piano Sonata K279 ii F major.mid by Mozart.csv
48,48.0 to 48.75,5,"[1, 0, 0, 0, 0, 0, 0, 1, 0, 0, 0, 1]",9,cMajor,Piano Sonata K279 ii F major.mid by Mozart.csv
49,49.0 to 49.66666667,11,"[0, 1, 1, 1, 0, 0, 0, 0, 0, 0, 0, 0]",6,c#Major,Piano Sonata K279 ii F major.mid by Mozart.csv
50,50.0 to 50.66666667,16,"[0, 0, 0, 0, 1, 1, 1, 0, 0, 0, 0, 0]",0,cMajor,Piano Sonata K279 ii F major.mid by Mozart.csv
51,51.0 to 51.75,17,"[0, 2, 0, 0, 0, 0, 1, 1, 0, 1, 1, 0]",8,f#Major,Piano Sonata K279 ii F major.mid by Mozart.csv
52,52.0 to 52.75,12,"[0, 0, 2, 0, 0, 0, 1, 1, 0, 1, 1, 0]",0,dMajor,Piano Sonata K279 ii F major.mid by Mozart.csv
53,53.0 to 53.75,16,"[1, 0, 0, 1, 1, 0, 2, 0, 0, 0, 0, 1]",0,bMajor,Piano Sonata K279 ii F major.mid by Mozart.csv
54,54.0 to 54.75,1,"[1, 0, 1, 0, 1, 0, 0, 2, 0, 0, 0, 1]",1,cMajor,Piano Sonata K279 ii F major.mid by Mozart.csv
55,55.0 to 55.75,11,"[1, 0, 1, 2, 0, 0, 0, 0, 0, 1, 0, 1]",6,g#Major,Piano Sonata K279 ii F major.mid by Mozart.csv
56,56.0 to 56.75,8,"[1, 0, 0, 0, 2, 0, 0, 1, 0, 1, 0, 1]",3,cMajor,Piano Sonata K279 ii F major.mid by Mozart.csv
57,57.0 to 57.75,2,"[2, 0, 0, 0, 1, 0, 0, 0, 0, 1, 0, 1]",7,cMinor,Piano Sonata K279 ii F major.mid by Mozart.csv
58,58.0 to 58.75,19,"[0, 0, 2, 0, 0, 0, 0, 1, 0, 1, 0, 1]",2,gMajor,Piano Sonata K279 ii F major.mid by Mozart.csv
59,59.0 to 59.75,16,"[1, 0, 0, 0, 0, 0, 1, 1, 0, 1, 0, 0]",5,cMajor,Piano Sonata K279 ii F major.mid by Mozart.csv
60,60.0 to 60.75,16,"[0, 0, 1, 0, 0, 0, 2, 2, 0, 0, 0, 1]",1,gMajor,Piano Sonata K279 ii F major.mid by Mozart.csv
61,61.0 to 61.75,2,"[1, 0, 0, 0, 0, 0, 0, 0, 2, 3, 0, 0]",5,fMajor,Piano Sonata K279 ii F major.mid by Mozart.csv
62,62.0 to 62.75,5,"[0, 0, 0, 0, 0, 0, 0, 1, 0, 0, 2, 3]",9,gMajor,Piano Sonata K279 ii F major.mid by Mozart.csv
63,63.0 to 63.66666667,15,"[1, 0, 0, 0, 1, 0, 0, 1, 0, 1, 0, 1]",9,cMajor,Piano Sonata K279 ii F major.mid by Mozart.csv
64,64.0 to 64.66666667,9,"[1, 0, 0, 0, 1, 0, 0, 1, 0, 0, 0, 0]",3,cMajor,Piano Sonata K279 ii F major.mid by Mozart.csv
65,65.0 to 65.66666667,9,"[1, 0, 0, 0, 1, 0, 0, 1, 0, 0, 0, 0]",3,cMajor,Piano Sonata K279 ii F major.mid by Mozart.csv
66,66.0 to 66.66666667,17,"[0, 1, 0, 0, 1, 0, 0, 1, 0, 1, 1, 0]",8,aMajor,Piano Sonata K279 ii F major.mid by Mozart.csv
67,67.0 to 67.66666667,9,"[0, 1, 0, 0, 1, 0, 0, 1, 0, 0, 0, 0]",8,cMajor,Piano Sonata K279 ii F major.mid by Mozart.csv
68,68.0 to 68.66666667,9,"[0, 1, 0, 0, 1, 0, 0, 1, 0, 0, 0, 0]",8,cMajor,Piano Sonata K279 ii F major.mid by Mozart.csv
69,69.0 to 69.66666667,5,"[0, 0, 1, 0, 0, 0, 0, 1, 0, 0, 1, 2]",9,gMajor,Piano Sonata K279 ii F major.mid by Mozart.csv
70,70.0 to 70.66666667,5,"[0, 0, 1, 0, 0, 0, 0, 1, 0, 0, 0, 1]",2,gMajor,Piano Sonata K279 ii F major.mid by Mozart.csv
71,71.0 to 71.66666667,19,"[0, 1, 2, 0, 0, 0, 0, 1, 0, 0, 0, 1]",2,gMajor,Piano Sonata K279 ii F major.mid by Mozart.csv
72,72.0 to 72.875,10,"[0, 1, 0, 0, 1, 0, 0, 2, 0, 1, 0, 1]",8,gMinor,Piano Sonata K279 ii F major.mid by Mozart.csv
73,73.0 to 73.91666667,5,"[0, 0, 1, 0, 0, 0, 0, 1, 0, 1, 0, 1]",2,gMajor,Piano Sonata K279 ii F major.mid by Mozart.csv
74,74.0 to 74.91666667,5,"[0, 0, 1, 0, 0, 0, 1, 1, 0, 1, 0, 1]",0,dMajor,Piano Sonata K279 ii F major.mid by Mozart.csv
75,75.0 to 75.91666667,1,"[0, 0, 1, 0, 0, 0, 0, 3, 0, 1, 0, 1]",1,gMajor,Piano Sonata K279 ii F major.mid by Mozart.csv
76,76.0 to 76.91666667,5,"[0, 1, 1, 0, 1, 0, 0, 1, 0, 0, 0, 1]",8,gMajor,Piano Sonata K279 ii F major.mid by Mozart.csv
77,77.0 to 77.66666667,7,"[2, 0, 1, 0, 0, 0, 1, 0, 0, 2, 0, 0]",5,dMajor,Piano Sonata K279 ii F major.mid by Mozart.csv
78,78.0 to 78.91666667,1,"[0, 0, 1, 0, 0, 0, 0, 3, 0, 0, 0, 1]",1,gMajor,Piano Sonata K279 ii F major.mid by Mozart.csv
79,79.0 to 79.91666667,5,"[0, 1, 1, 0, 1, 0, 0, 1, 0, 0, 0, 1]",8,gMajor,Piano Sonata K279 ii F major.mid by Mozart.csv
80,80.0 to 80.75,7,"[2, 0, 1, 0, 0, 0, 1, 0, 0, 1, 0, 0]",5,fMajor,Piano Sonata K279 ii F major.mid by Mozart.csv
81,81.0 to 81.0,16,"[1, 0, 0, 0, 0, 0, 1, 1, 0, 1, 0, 0]",5,cMajor,Piano Sonata K279 ii F major.mid by Mozart.csv
82,82.625 to 82.625,9,"[0, 0, 0, 0, 0, 0, 0, 1, 0, 0, 0, 0]",8,cMajor,Piano Sonata K279 ii F major.mid by Mozart.csv
83,83.0 to 83.75,1,"[0, 0, 1, 0, 1, 0, 0, 2, 0, 0, 0, 1]",1,gMajor,Piano Sonata K279 ii F major.mid by Mozart.csv
84,84.0 to 84.91666667,10,"[1, 0, 0, 0, 1, 0, 1, 2, 0, 0, 0, 0]",3,cMajor,Piano Sonata K279 ii F major.mid by Mozart.csv
85,85.0 to 85.875,16,"[0, 0, 1, 0, 0, 1, 1, 2, 0, 1, 0, 0]",1,dMajor,Piano Sonata K279 ii F major.mid by Mozart.csv
86,86.0 to 86.66666667,9,"[1, 0, 0, 0, 1, 0, 0, 1, 0, 0, 0, 0]",3,cMajor,Piano Sonata K279 ii F major.mid by Mozart.csv
87,87.0 to 87.75,5,"[0, 0, 1, 0, 0, 1, 0, 1, 0, 0, 0, 1]",2,gMajor,Piano Sonata K279 ii F major.mid by Mozart.csv
88,88.0 to 88.75,5,"[0, 0, 1, 0, 0, 1, 0, 1, 0, 0, 0, 1]",2,gMajor,Piano Sonata K279 ii F major.mid by Mozart.csv
89,89.0 to 89.875,8,"[1, 0, 0, 0, 2, 0, 0, 1, 0, 0, 0, 0]",3,cMajor,Piano Sonata K279 ii F major.mid by Mozart.csv
90,90.0 to 90.66666667,6,"[0, 0, 2, 0, 0, 2, 0, 0, 0, 1, 0, 0]",4,fMinor,Piano Sonata K279 ii F major.mid by Mozart.csv
91,91.0 to 91.66666667,13,"[2, 0, 0, 0, 2, 0, 0, 1, 0, 0, 0, 0]",3,cMajor,Piano Sonata K279 ii F major.mid by Mozart.csv
92,92.0 to 92.66666667,19,"[0, 0, 2, 0, 0, 1, 0, 1, 0, 0, 0, 1]",2,gMajor,Piano Sonata K279 ii F major.mid by Mozart.csv
93,93.0 to 93.75,18,"[1, 0, 0, 0, 0, 2, 0, 0, 0, 1, 0, 0]",4,fMajor,Piano Sonata K279 ii F major.mid by Mozart.csv
94,94.0 to 94.75,5,"[0, 0, 1, 0, 0, 1, 0, 1, 0, 0, 0, 1]",2,gMajor,Piano Sonata K279 ii F major.mid by Mozart.csv
95,95.0 to 95.875,8,"[1, 0, 0, 0, 2, 0, 0, 1, 0, 0, 0, 0]",3,cMajor,Piano Sonata K279 ii F major.mid by Mozart.csv
96,96.0 to 96.66666667,6,"[0, 0, 2, 0, 1, 2, 0, 0, 0, 1, 0, 0]",4,fMinor,Piano Sonata K279 ii F major.mid by Mozart.csv
97,97.0 to 97.66666667,13,"[2, 0, 0, 0, 2, 0, 0, 1, 0, 0, 0, 0]",3,cMajor,Piano Sonata K279 ii F major.mid by Mozart.csv
98,98.0 to 98.66666667,19,"[0, 0, 2, 0, 0, 1, 0, 1, 0, 0, 0, 1]",2,gMajor,Piano Sonata K279 ii F major.mid by Mozart.csv
99,99.0 to 99.91666667,9,"[1, 0, 0, 0, 1, 0, 0, 1, 0, 0, 0, 0]",3,cMajor,Piano Sonata K279 ii F major.mid by Mozart.csv
100,100.0 to 100.75,0,"[2, 0, 0, 0, 0, 0, 0, 0, 0, 0, 0, 1]",7,cMajor,Piano Sonata K279 ii F major.mid by Mozart.csv
101,101.0 to 101.6666667,6,"[1, 0, 1, 0, 0, 1, 0, 0, 0, 0, 0, 0]",6,fMajor,Piano Sonata K279 ii F major.mid by Mozart.csv
102,102.0 to 102.75,1,"[1, 1, 1, 0, 1, 0, 0, 2, 0, 0, 1, 1]",1,gMajor,Piano Sonata K279 ii F major.mid by Mozart.csv
103,103.0 to 103.6666667,4,"[0, 1, 1, 0, 0, 0, 0, 0, 0, 0, 0, 1]",6,gMajor,Piano Sonata K279 ii F major.mid by Mozart.csv
104,104.0 to 104.6666667,9,"[0, 0, 1, 0, 1, 0, 0, 1, 0, 0, 0, 0]",8,cMajor,Piano Sonata K279 ii F major.mid by Mozart.csv
105,105.0 to 105.9166667,0,"[3, 0, 1, 1, 1, 1, 0, 0, 0, 0, 0, 1]",7,cMajor,Piano Sonata K279 ii F major.mid by Mozart.csv
106,106.0 to 106.75,2,"[1, 0, 0, 0, 1, 0, 0, 0, 0, 2, 2, 0]",5,cMinor,Piano Sonata K279 ii F major.mid by Mozart.csv
107,107.0 to 107.9166667,10,"[0, 0, 0, 0, 2, 2, 0, 3, 0, 0, 1, 0]",1,cMajor,Piano Sonata K279 ii F major.mid by Mozart.csv
108,108.0 to 108.9166667,18,"[0, 0, 0, 0, 0, 2, 0, 1, 1, 1, 0, 0]",4,fMajor,Piano Sonata K279 ii F major.mid by Mozart.csv
109,109.0 to 109.75,18,"[0, 0, 0, 0, 1, 2, 0, 1, 0, 0, 0, 0]",4,cMajor,Piano Sonata K279 ii F major.mid by Mozart.csv
110,110.0 to 110.75,12,"[1, 0, 1, 0, 1, 0, 1, 0, 0, 0, 0, 0]",0,cMajor,Piano Sonata K279 ii F major.mid by Mozart.csv
111,111.0 to 111.75,1,"[0, 0, 1, 0, 0, 0, 0, 2, 0, 0, 0, 1]",1,gMajor,Piano Sonata K279 ii F major.mid by Mozart.csv
112,112.0 to 112.6666667,12,"[0, 0, 1, 0, 0, 0, 0, 0, 0, 0, 0, 0]",6,dMajor,Piano Sonata K279 ii F major.mid by Mozart.csv
113,113.0 to 113.6666667,12,"[0, 0, 1, 0, 0, 0, 0, 0, 0, 0, 0, 0]",6,dMajor,Piano Sonata K279 ii F major.mid by Mozart.csv
114,114.0 to 114.6666667,7,"[1, 0, 1, 0, 0, 0, 1, 0, 0, 2, 0, 0]",5,dMajor,Piano Sonata K279 ii F major.mid by Mozart.csv
115,115.0 to 115.6666667,7,"[1, 0, 0, 0, 0, 0, 1, 1, 0, 2, 0, 1]",5,dMajor,Piano Sonata K279 ii F major.mid by Mozart.csv
116,116.0 to 116.6666667,7,"[1, 0, 0, 0, 0, 0, 1, 1, 0, 2, 0, 1]",5,dMajor,Piano Sonata K279 ii F major.mid by Mozart.csv
117,117.0 to 117.6666667,19,"[0, 0, 2, 0, 0, 0, 0, 1, 0, 0, 0, 2]",2,gMajor,Piano Sonata K279 ii F major.mid by Mozart.csv
118,118.0 to 118.6666667,5,"[1, 0, 1, 0, 0, 0, 0, 1, 0, 1, 0, 2]",9,gMajor,Piano Sonata K279 ii F major.mid by Mozart.csv
119,119.0 to 119.6666667,5,"[1, 0, 1, 0, 0, 0, 0, 1, 0, 1, 0, 2]",9,gMajor,Piano Sonata K279 ii F major.mid by Mozart.csv
120,120.0 to 120.6666667,7,"[1, 0, 1, 0, 0, 0, 1, 0, 0, 2, 0, 0]",5,dMajor,Piano Sonata K279 ii F major.mid by Mozart.csv
121,121.0 to 121.6666667,7,"[1, 0, 0, 0, 0, 0, 1, 1, 0, 2, 0, 1]",5,dMajor,Piano Sonata K279 ii F major.mid by Mozart.csv
122,122.0 to 122.6666667,7,"[1, 0, 0, 0, 0, 0, 1, 1, 0, 2, 0, 1]",5,dMajor,Piano Sonata K279 ii F major.mid by Mozart.csv
123,123.0 to 123.75,5,"[1, 0, 0, 0, 0, 0, 0, 1, 0, 0, 0, 1]",9,cMajor,Piano Sonata K279 ii F major.mid by Mozart.csv
124,124.0 to 124.6666667,11,"[0, 1, 1, 1, 0, 0, 0, 0, 0, 0, 0, 0]",6,c#Major,Piano Sonata K279 ii F major.mid by Mozart.csv
125,125.0 to 125.6666667,16,"[0, 0, 0, 0, 1, 0, 1, 1, 0, 0, 0, 0]",8,cMajor,Piano Sonata K279 ii F major.mid by Mozart.csv
126,126.0 to 126.0,17,"[0, 1, 0, 0, 1, 0, 0, 1, 0, 1, 0, 0]",8,aMajor,Piano Sonata K279 ii F major.mid by Mozart.csv
127,127.0 to 127.75,6,"[0, 0, 2, 0, 1, 1, 0, 0, 0, 1, 0, 0]",4,fMinor,Piano Sonata K279 ii F major.mid by Mozart.csv
128,128.0 to 128.875,2,"[2, 0, 1, 0, 0, 1, 0, 0, 0, 1, 0, 1]",7,fMajor,Piano Sonata K279 ii F major.mid by Mozart.csv
129,129.0 to 129.875,15,"[1, 0, 1, 1, 1, 0, 0, 1, 0, 0, 0, 1]",9,cMajor,Piano Sonata K279 ii F major.mid by Mozart.csv
130,130.0 to 130.75,1,"[0, 0, 1, 0, 0, 0, 0, 2, 0, 0, 0, 1]",1,gMajor,Piano Sonata K279 ii F major.mid by Mozart.csv
131,131.0 to 131.9166667,16,"[1, 0, 1, 0, 1, 0, 1, 1, 0, 1, 0, 0]",0,cMajor,Piano Sonata K279 ii F major.mid by Mozart.csv
132,132.0 to 132.75,5,"[1, 0, 0, 0, 0, 0, 0, 1, 0, 0, 0, 1]",9,cMajor,Piano Sonata K279 ii F major.mid by Mozart.csv
133,133.0 to 133.6666667,11,"[0, 1, 1, 1, 0, 0, 0, 0, 0, 0, 0, 0]",6,c#Major,Piano Sonata K279 ii F major.mid by Mozart.csv
134,134.0 to 134.66666669999998,16,"[0, 0, 0, 0, 1, 1, 1, 0, 0, 0, 0, 0]",0,cMajor,Piano Sonata K279 ii F major.mid by Mozart.csv
135,135.0 to 135.75,17,"[0, 2, 0, 0, 0, 0, 1, 1, 0, 1, 1, 0]",8,f#Major,Piano Sonata K279 ii F major.mid by Mozart.csv
136,136.0 to 136.75,12,"[0, 0, 2, 0, 0, 0, 1, 1, 0, 1, 1, 0]",0,dMajor,Piano Sonata K279 ii F major.mid by Mozart.csv
137,137.0 to 137.75,16,"[1, 0, 0, 1, 1, 0, 2, 0, 0, 0, 0, 1]",0,bMajor,Piano Sonata K279 ii F major.mid by Mozart.csv
138,138.0 to 138.75,1,"[1, 0, 1, 0, 1, 0, 0, 2, 0, 0, 0, 1]",1,cMajor,Piano Sonata K279 ii F major.mid by Mozart.csv
139,139.0 to 139.75,11,"[1, 0, 1, 2, 0, 0, 0, 0, 0, 1, 0, 1]",6,g#Major,Piano Sonata K279 ii F major.mid by Mozart.csv
140,140.0 to 140.75,8,"[1, 0, 0, 0, 2, 0, 0, 1, 0, 1, 0, 1]",3,cMajor,Piano Sonata K279 ii F major.mid by Mozart.csv
141,141.0 to 141.75,2,"[2, 0, 0, 0, 1, 0, 0, 0, 0, 1, 0, 1]",7,cMinor,Piano Sonata K279 ii F major.mid by Mozart.csv
142,142.0 to 142.75,19,"[0, 0, 2, 0, 0, 0, 0, 1, 0, 1, 0, 1]",2,gMajor,Piano Sonata K279 ii F major.mid by Mozart.csv
143,143.0 to 143.75,16,"[1, 0, 0, 0, 0, 0, 1, 1, 0, 1, 0, 0]",5,cMajor,Piano Sonata K279 ii F major.mid by Mozart.csv
144,144.0 to 144.75,16,"[0, 0, 1, 0, 0, 0, 2, 2, 0, 0, 0, 1]",1,gMajor,Piano Sonata K279 ii F major.mid by Mozart.csv
145,145.0 to 145.75,2,"[1, 0, 0, 0, 0, 0, 0, 0, 2, 3, 0, 0]",5,fMajor,Piano Sonata K279 ii F major.mid by Mozart.csv
146,146.0 to 146.75,5,"[0, 0, 0, 0, 0, 0, 0, 1, 0, 0, 2, 3]",9,gMajor,Piano Sonata K279 ii F major.mid by Mozart.csv
147,147.0 to 147.66666669999995,15,"[1, 0, 0, 0, 1, 0, 0, 1, 0, 1, 0, 1]",9,cMajor,Piano Sonata K279 ii F major.mid by Mozart.csv
148,148.0 to 148.66666669999995,9,"[1, 0, 0, 0, 1, 0, 0, 1, 0, 0, 0, 0]",3,cMajor,Piano Sonata K279 ii F major.mid by Mozart.csv
149,149.0 to 149.66666669999995,9,"[1, 0, 0, 0, 1, 0, 0, 1, 0, 0, 0, 0]",3,cMajor,Piano Sonata K279 ii F major.mid by Mozart.csv
150,150.0 to 150.66666669999995,17,"[0, 1, 0, 0, 1, 0, 0, 1, 0, 1, 1, 0]",8,aMajor,Piano Sonata K279 ii F major.mid by Mozart.csv
151,151.0 to 151.66666669999995,9,"[0, 1, 0, 0, 1, 0, 0, 1, 0, 0, 0, 0]",8,cMajor,Piano Sonata K279 ii F major.mid by Mozart.csv
152,152.0 to 152.66666669999995,9,"[0, 1, 0, 0, 1, 0, 0, 1, 0, 0, 0, 0]",8,cMajor,Piano Sonata K279 ii F major.mid by Mozart.csv
153,153.0 to 153.66666669999995,5,"[0, 0, 1, 0, 0, 0, 0, 1, 0, 0, 1, 2]",9,gMajor,Piano Sonata K279 ii F major.mid by Mozart.csv
154,154.0 to 154.66666669999995,5,"[0, 0, 1, 0, 0, 0, 0, 1, 0, 0, 0, 1]",2,gMajor,Piano Sonata K279 ii F major.mid by Mozart.csv
155,155.0 to 155.66666669999995,19,"[0, 1, 2, 0, 0, 0, 0, 1, 0, 0, 0, 1]",2,gMajor,Piano Sonata K279 ii F major.mid by Mozart.csv
156,156.0 to 156.875,10,"[0, 1, 0, 0, 1, 0, 0, 2, 0, 1, 0, 1]",8,gMinor,Piano Sonata K279 ii F major.mid by Mozart.csv
157,157.0 to 157.91666669999995,5,"[0, 0, 1, 0, 0, 0, 0, 1, 0, 1, 0, 1]",2,gMajor,Piano Sonata K279 ii F major.mid by Mozart.csv
158,158.0 to 158.91666669999995,5,"[0, 0, 1, 0, 0, 0, 1, 1, 0, 1, 0, 1]",0,dMajor,Piano Sonata K279 ii F major.mid by Mozart.csv
159,159.0 to 159.91666669999995,1,"[0, 0, 1, 0, 0, 0, 0, 3, 0, 1, 0, 1]",1,gMajor,Piano Sonata K279 ii F major.mid by Mozart.csv
160,160.0 to 160.91666669999995,5,"[0, 1, 1, 0, 1, 0, 0, 1, 0, 0, 0, 1]",8,gMajor,Piano Sonata K279 ii F major.mid by Mozart.csv
161,161.0 to 161.66666669999995,7,"[2, 0, 1, 0, 0, 0, 1, 0, 0, 2, 0, 0]",5,dMajor,Piano Sonata K279 ii F major.mid by Mozart.csv
162,162.0 to 162.91666669999995,1,"[0, 0, 1, 0, 0, 0, 0, 3, 0, 0, 0, 1]",1,gMajor,Piano Sonata K279 ii F major.mid by Mozart.csv
163,163.0 to 163.91666669999995,5,"[0, 1, 1, 0, 1, 0, 0, 1, 0, 0, 0, 1]",8,gMajor,Piano Sonata K279 ii F major.mid by Mozart.csv
164,164.0 to 164.75,7,"[2, 0, 1, 0, 0, 0, 1, 0, 0, 1, 0, 0]",5,fMajor,Piano Sonata K279 ii F major.mid by Mozart.csv
165,165.0 to 165.0,16,"[1, 0, 0, 0, 0, 0, 1, 1, 0, 1, 0, 0]",5,cMajor,Piano Sonata K279 ii F major.mid by Mozart.csv
166,166.625 to 166.625,9,"[0, 0, 0, 0, 0, 0, 0, 1, 0, 0, 0, 0]",8,cMajor,Piano Sonata K279 ii F major.mid by Mozart.csv
167,167.0 to 167.75,1,"[0, 0, 1, 0, 1, 0, 0, 2, 0, 0, 0, 1]",1,gMajor,Piano Sonata K279 ii F major.mid by Mozart.csv
168,168.0 to 168.75,19,"[0, 0, 2, 0, 0, 0, 0, 1, 0, 0, 0, 1]",2,gMajor,Piano Sonata K279 ii F major.mid by Mozart.csv
169,169.0 to 169.75,19,"[0, 0, 2, 0, 0, 0, 0, 1, 0, 0, 0, 1]",2,gMajor,Piano Sonata K279 ii F major.mid by Mozart.csv
170,170.0 to 170.75,19,"[0, 0, 2, 0, 0, 0, 0, 1, 0, 0, 0, 1]",2,gMajor,Piano Sonata K279 ii F major.mid by Mozart.csv
171,171.0 to 171.91666669999995,12,"[0, 1, 2, 0, 1, 0, 1, 0, 0, 1, 0, 0]",0,dMajor,Piano Sonata K279 ii F major.mid by Mozart.csv
172,172.0 to 172.75,12,"[0, 0, 2, 0, 0, 0, 1, 0, 0, 1, 0, 0]",0,dMajor,Piano Sonata K279 ii F major.mid by Mozart.csv
173,173.0 to 173.91666669999995,12,"[0, 0, 2, 0, 0, 0, 1, 0, 0, 1, 0, 0]",0,dMajor,Piano Sonata K279 ii F major.mid by Mozart.csv
174,174.0 to 174.91666669999995,6,"[0, 0, 2, 0, 0, 1, 0, 0, 0, 1, 0, 0]",4,fMinor,Piano Sonata K279 ii F major.mid by Mozart.csv
175,175.0 to 175.66666669999995,6,"[0, 0, 2, 0, 1, 2, 0, 0, 0, 1, 0, 0]",4,fMinor,Piano Sonata K279 ii F major.mid by Mozart.csv
176,176.0 to 176.66666669999995,6,"[1, 0, 2, 0, 0, 1, 0, 0, 0, 1, 0, 1]",2,fMinor,Piano Sonata K279 ii F major.mid by Mozart.csv
177,177.0 to 177.75,2,"[1, 0, 0, 0, 1, 0, 0, 0, 0, 2, 0, 0]",5,cMinor,Piano Sonata K279 ii F major.mid by Mozart.csv
178,178.0 to 178.75,3,"[0, 0, 0, 0, 1, 0, 0, 0, 2, 0, 0, 1]",9,eMajor,Piano Sonata K279 ii F major.mid by Mozart.csv
179,179.0 to 179.91666669999995,8,"[0, 0, 0, 0, 2, 0, 0, 0, 1, 0, 0, 1]",9,eMajor,Piano Sonata K279 ii F major.mid by Mozart.csv
180,180.0 to 180.75,3,"[0, 0, 1, 0, 0, 1, 0, 0, 2, 0, 0, 1]",2,c#Major,Piano Sonata K279 ii F major.mid by Mozart.csv
181,181.0 to 181.75,2,"[1, 0, 0, 0, 2, 0, 0, 0, 0, 2, 0, 0]",5,cMinor,Piano Sonata K279 ii F major.mid by Mozart.csv
182,182.0 to 182.875,0,"[2, 0, 0, 0, 1, 0, 0, 0, 0, 1, 0, 0]",5,cMinor,Piano Sonata K279 ii F major.mid by Mozart.csv
183,183.0 to 183.6666667,19,"[0, 0, 2, 0, 0, 1, 0, 0, 0, 0, 0, 2]",2,gMajor,Piano Sonata K279 ii F major.mid by Mozart.csv
184,184.0 to 184.6666667,2,"[2, 0, 0, 0, 1, 0, 0, 0, 0, 2, 0, 0]",5,cMinor,Piano Sonata K279 ii F major.mid by Mozart.csv
185,185.0 to 185.6666667,4,"[0, 0, 0, 0, 1, 0, 0, 0, 2, 0, 0, 2]",9,eMajor,Piano Sonata K279 ii F major.mid by Mozart.csv
186,186.0 to 186.75,4,"[0, 0, 1, 0, 0, 0, 0, 0, 2, 0, 0, 2]",9,eMajor,Piano Sonata K279 ii F major.mid by Mozart.csv
187,187.0 to 187.75,2,"[2, 0, 0, 0, 1, 0, 0, 0, 0, 2, 0, 0]",5,cMinor,Piano Sonata K279 ii F major.mid by Mozart.csv
188,188.0 to 188.9166667,0,"[2, 0, 0, 0, 1, 0, 0, 0, 0, 1, 0, 0]",5,cMinor,Piano Sonata K279 ii F major.mid by Mozart.csv
189,189.0 to 189.6666667,19,"[0, 0, 2, 0, 0, 1, 0, 0, 0, 0, 0, 2]",2,gMajor,Piano Sonata K279 ii F major.mid by Mozart.csv
190,190.0 to 190.6666667,2,"[2, 0, 0, 0, 1, 0, 0, 0, 0, 2, 0, 0]",5,cMinor,Piano Sonata K279 ii F major.mid by Mozart.csv
191,191.0 to 191.6666667,4,"[0, 0, 0, 0, 1, 0, 0, 0, 2, 0, 0, 2]",9,eMajor,Piano Sonata K279 ii F major.mid by Mozart.csv
192,192.0 to 192.75,14,"[0, 1, 0, 0, 1, 0, 0, 1, 0, 0, 1, 0]",8,f#Major,Piano Sonata K279 ii F major.mid by Mozart.csv
193,193.0 to 193.9166667,9,"[1, 1, 0, 0, 1, 0, 0, 1, 0, 0, 1, 0]",8,cMajor,Piano Sonata K279 ii F major.mid by Mozart.csv
194,194.0 to 194.9166667,17,"[1, 1, 0, 0, 1, 0, 0, 1, 0, 1, 1, 0]",8,cMajor,Piano Sonata K279 ii F major.mid by Mozart.csv
195,195.0 to 195.9166667,18,"[0, 0, 1, 0, 1, 2, 0, 0, 0, 2, 0, 0]",4,fMinor,Piano Sonata K279 ii F major.mid by Mozart.csv
196,196.0 to 196.75,6,"[0, 1, 1, 0, 0, 1, 0, 0, 0, 0, 0, 0]",6,c#Major,Piano Sonata K279 ii F major.mid by Mozart.csv
197,197.0 to 197.75,3,"[0, 0, 1, 0, 1, 1, 0, 0, 1, 1, 0, 0]",4,fMinor,Piano Sonata K279 ii F major.mid by Mozart.csv
198,198.0 to 198.9166667,18,"[0, 0, 0, 0, 1, 2, 0, 0, 0, 1, 0, 0]",4,fMajor,Piano Sonata K279 ii F major.mid by Mozart.csv
199,199.0 to 199.75,6,"[0, 1, 1, 0, 1, 2, 0, 0, 0, 0, 0, 0]",4,c#Major,Piano Sonata K279 ii F major.mid by Mozart.csv
200,200.0 to 200.75,3,"[0, 0, 1, 0, 0, 1, 0, 0, 1, 1, 0, 0]",4,fMinor,Piano Sonata K279 ii F major.mid by Mozart.csv
201,201.0 to 201.6666667,6,"[0, 0, 1, 0, 0, 1, 0, 0, 0, 1, 0, 0]",4,fMinor,Piano Sonata K279 ii F major.mid by Mozart.csv
202,202.0 to 202.6666667,6,"[0, 0, 1, 0, 0, 1, 0, 0, 0, 1, 0, 0]",4,fMinor,Piano Sonata K279 ii F major.mid by Mozart.csv
203,203.0 to 203.6666667,6,"[0, 0, 1, 0, 0, 1, 0, 0, 0, 1, 0, 0]",4,fMinor,Piano Sonata K279 ii F major.mid by Mozart.csv
204,204.0 to 204.75,0,"[2, 0, 0, 0, 1, 0, 0, 1, 0, 0, 0, 0]",3,cMajor,Piano Sonata K279 ii F major.mid by Mozart.csv
205,205.0 to 205.75,4,"[1, 0, 1, 0, 0, 1, 0, 0, 0, 0, 0, 1]",2,gMajor,Piano Sonata K279 ii F major.mid by Mozart.csv
206,206.0 to 206.6666667,6,"[0, 0, 1, 0, 1, 1, 0, 0, 0, 0, 0, 0]",4,b-Major,Piano Sonata K279 ii F major.mid by Mozart.csv
207,207.0 to 207.75,16,"[0, 0, 0, 0, 0, 0, 1, 1, 0, 1, 0, 0]",8,dMajor,Piano Sonata K279 ii F major.mid by Mozart.csv
208,208.0 to 208.75,6,"[0, 0, 1, 0, 1, 1, 0, 1, 0, 0, 0, 0]",4,cMajor,Piano Sonata K279 ii F major.mid by Mozart.csv
209,209.0 to 209.75,4,"[1, 0, 1, 0, 0, 0, 0, 0, 0, 1, 0, 1]",9,gMajor,Piano Sonata K279 ii F major.mid by Mozart.csv
210,210.0 to 210.9166667,10,"[1, 0, 0, 0, 1, 0, 1, 2, 0, 0, 0, 0]",3,cMajor,Piano Sonata K279 ii F major.mid by Mozart.csv
211,211.0 to 211.9166667,10,"[0, 0, 1, 0, 0, 1, 0, 2, 0, 1, 0, 0]",1,fMinor,Piano Sonata K279 ii F major.mid by Mozart.csv
212,212.0 to 212.75,10,"[1, 0, 0, 0, 1, 0, 0, 2, 0, 0, 0, 0]",3,cMajor,Piano Sonata K279 ii F major.mid by Mozart.csv
213,213.0 to 213.75,5,"[0, 0, 1, 0, 0, 1, 0, 1, 0, 0, 0, 1]",2,gMajor,Piano Sonata K279 ii F major.mid by Mozart.csv
214,214.0 to 214.75,5,"[0, 0, 1, 0, 0, 1, 0, 1, 0, 0, 0, 1]",2,gMajor,Piano Sonata K279 ii F major.mid by Mozart.csv
215,215.0 to 215.875,8,"[1, 0, 0, 0, 2, 0, 0, 1, 0, 0, 0, 0]",3,cMajor,Piano Sonata K279 ii F major.mid by Mozart.csv
216,216.0 to 216.6666667,6,"[0, 0, 2, 0, 0, 2, 0, 0, 0, 1, 0, 0]",4,fMinor,Piano Sonata K279 ii F major.mid by Mozart.csv
217,217.0 to 217.6666667,13,"[2, 0, 0, 0, 2, 0, 0, 1, 0, 0, 0, 0]",3,cMajor,Piano Sonata K279 ii F major.mid by Mozart.csv
218,218.0 to 218.6666667,19,"[0, 0, 2, 0, 0, 1, 0, 1, 0, 0, 0, 1]",2,gMajor,Piano Sonata K279 ii F major.mid by Mozart.csv
219,219.0 to 219.75,4,"[0, 0, 1, 0, 0, 1, 0, 0, 1, 0, 0, 1]",2,gMajor,Piano Sonata K279 ii F major.mid by Mozart.csv
220,220.0 to 220.75,4,"[0, 0, 1, 0, 0, 1, 0, 0, 1, 0, 0, 1]",2,gMajor,Piano Sonata K279 ii F major.mid by Mozart.csv
221,221.0 to 221.9166667,4,"[0, 0, 1, 0, 0, 1, 0, 0, 1, 0, 0, 1]",2,gMajor,Piano Sonata K279 ii F major.mid by Mozart.csv
222,222.0 to 222.75,5,"[0, 0, 1, 0, 0, 1, 0, 1, 0, 0, 0, 1]",2,gMajor,Piano Sonata K279 ii F major.mid by Mozart.csv
223,223.0 to 223.75,4,"[0, 0, 1, 0, 0, 1, 0, 0, 1, 0, 0, 1]",2,gMajor,Piano Sonata K279 ii F major.mid by Mozart.csv
224,224.0 to 224.875,8,"[1, 0, 0, 0, 2, 0, 0, 0, 0, 1, 0, 0]",3,cMinor,Piano Sonata K279 ii F major.mid by Mozart.csv
225,225.0 to 225.6666667,7,"[1, 0, 1, 0, 1, 0, 1, 0, 0, 1, 0, 0]",0,cMinor,Piano Sonata K279 ii F major.mid by Mozart.csv
226,226.0 to 226.6666667,7,"[1, 0, 0, 0, 0, 0, 1, 0, 0, 1, 0, 0]",5,dMajor,Piano Sonata K279 ii F major.mid by Mozart.csv
227,227.0 to 227.6666667,7,"[1, 0, 0, 0, 0, 0, 1, 0, 0, 1, 0, 0]",5,dMajor,Piano Sonata K279 ii F major.mid by Mozart.csv
228,228.0 to 228.6666667,7,"[2, 0, 0, 0, 0, 0, 2, 0, 0, 1, 0, 0]",5,fMajor,Piano Sonata K279 ii F major.mid by Mozart.csv
229,229.0 to 229.6666667,7,"[1, 0, 0, 0, 0, 0, 1, 0, 0, 1, 0, 0]",5,dMajor,Piano Sonata K279 ii F major.mid by Mozart.csv
230,230.0 to 230.6666667,7,"[1, 0, 0, 0, 0, 0, 1, 0, 0, 1, 0, 0]",5,dMajor,Piano Sonata K279 ii F major.mid by Mozart.csv
231,231.0 to 231.75,1,"[0, 0, 1, 0, 0, 0, 0, 4, 0, 0, 0, 1]",1,gMajor,Piano Sonata K279 ii F major.mid by Mozart.csv
232,232.0 to 232.6666667,9,"[0, 0, 0, 0, 0, 0, 0, 1, 0, 0, 0, 0]",8,cMajor,Piano Sonata K279 ii F major.mid by Mozart.csv
233,233.0 to 233.6666667,9,"[0, 0, 0, 0, 0, 0, 0, 1, 0, 0, 0, 0]",8,cMajor,Piano Sonata K279 ii F major.mid by Mozart.csv
234,234.0 to 234.6666667,19,"[0, 0, 2, 0, 0, 1, 0, 1, 0, 0, 0, 1]",2,gMajor,Piano Sonata K279 ii F major.mid by Mozart.csv
235,235.0 to 235.6666667,6,"[1, 0, 2, 0, 1, 1, 0, 0, 0, 0, 0, 1]",2,gMajor,Piano Sonata K279 ii F major.mid by Mozart.csv
236,236.0 to 236.6666667,6,"[1, 0, 2, 0, 1, 1, 0, 0, 0, 0, 0, 1]",2,gMajor,Piano Sonata K279 ii F major.mid by Mozart.csv
237,237.0 to 237.6666667,13,"[1, 0, 0, 0, 2, 0, 0, 2, 0, 0, 0, 0]",3,cMajor,Piano Sonata K279 ii F major.mid by Mozart.csv
238,238.0 to 238.6666667,8,"[1, 0, 1, 0, 2, 1, 0, 1, 0, 0, 0, 0]",3,cMajor,Piano Sonata K279 ii F major.mid by Mozart.csv
239,239.0 to 239.6666667,8,"[1, 0, 1, 0, 2, 1, 0, 1, 0, 0, 0, 0]",3,cMajor,Piano Sonata K279 ii F major.mid by Mozart.csv
240,240.0 to 240.6666667,19,"[0, 0, 2, 0, 0, 1, 0, 1, 0, 0, 0, 1]",2,gMajor,Piano Sonata K279 ii F major.mid by Mozart.csv
241,241.0 to 241.6666667,6,"[1, 0, 2, 0, 1, 1, 0, 0, 0, 0, 0, 1]",2,gMajor,Piano Sonata K279 ii F major.mid by Mozart.csv
242,242.0 to 242.6666667,6,"[1, 0, 2, 0, 1, 1, 0, 0, 0, 0, 0, 1]",2,gMajor,Piano Sonata K279 ii F major.mid by Mozart.csv
243,243.0 to 243.75,9,"[1, 0, 0, 0, 1, 1, 0, 0, 0, 0, 0, 0]",3,cMajor,Piano Sonata K279 ii F major.mid by Mozart.csv
244,244.0 to 244.6666667,16,"[0, 0, 0, 0, 0, 0, 1, 1, 1, 0, 0, 0]",8,cMajor,Piano Sonata K279 ii F major.mid by Mozart.csv
245,245.0 to 245.6666667,2,"[1, 0, 0, 0, 0, 0, 0, 0, 0, 1, 0, 1]",9,fMajor,Piano Sonata K279 ii F major.mid by Mozart.csv
246,246.0 to 246.0,7,"[1, 0, 1, 0, 0, 0, 1, 0, 0, 1, 0, 0]",0,dMajor,Piano Sonata K279 ii F major.mid by Mozart.csv
247,247.0 to 247.75,1,"[0, 0, 1, 0, 0, 0, 0, 2, 0, 1, 0, 1]",1,gMajor,Piano Sonata K279 ii F major.mid by Mozart.csv
248,248.0 to 248.875,6,"[0, 0, 1, 0, 1, 2, 0, 1, 0, 0, 0, 1]",4,gMajor,Piano Sonata K279 ii F major.mid by Mozart.csv
249,249.0 to 249.875,2,"[1, 0, 0, 0, 1, 1, 0, 1, 1, 1, 0, 0]",3,cMajor,Piano Sonata K279 ii F major.mid by Mozart.csv
250,250.0 to 250.75,0,"[2, 0, 0, 0, 1, 0, 0, 1, 0, 0, 0, 0]",3,cMajor,Piano Sonata K279 ii F major.mid by Mozart.csv
251,251.0 to 251.9166667,5,"[1, 0, 1, 0, 0, 1, 0, 1, 0, 1, 0, 1]",2,fMajor,Piano Sonata K279 ii F major.mid by Mozart.csv
252,252.0 to 252.75,9,"[1, 0, 0, 0, 1, 1, 0, 0, 0, 0, 0, 0]",3,cMajor,Piano Sonata K279 ii F major.mid by Mozart.csv
253,253.0 to 253.6666667,16,"[0, 0, 0, 0, 0, 0, 1, 1, 1, 0, 0, 0]",8,cMajor,Piano Sonata K279 ii F major.mid by Mozart.csv
254,254.0 to 254.6666667,2,"[1, 0, 0, 0, 0, 0, 0, 0, 0, 1, 0, 1]",9,fMajor,Piano Sonata K279 ii F major.mid by Mozart.csv
255,255.0 to 255.75,7,"[1, 0, 1, 1, 0, 0, 2, 0, 0, 0, 0, 1]",0,bMajor,Piano Sonata K279 ii F major.mid by Mozart.csv
256,256.0 to 256.75,1,"[1, 0, 1, 1, 0, 0, 0, 2, 0, 0, 0, 1]",1,gMajor,Piano Sonata K279 ii F major.mid by Mozart.csv
257,257.0 to 257.75,4,"[0, 0, 0, 0, 1, 1, 0, 0, 1, 1, 0, 2]",9,eMajor,Piano Sonata K279 ii F major.mid by Mozart.csv
258,258.0 to 258.75,0,"[2, 0, 0, 0, 1, 1, 0, 1, 0, 1, 0, 0]",3,cMajor,Piano Sonata K279 ii F major.mid by Mozart.csv
259,259.0 to 259.75,3,"[0, 0, 1, 0, 1, 1, 0, 1, 2, 0, 0, 0]",4,c#Major,Piano Sonata K279 ii F major.mid by Mozart.csv
260,260.0 to 260.75,2,"[1, 0, 1, 0, 1, 1, 0, 0, 0, 2, 0, 0]",4,fMajor,Piano Sonata K279 ii F major.mid by Mozart.csv
261,261.0 to 261.75,18,"[0, 0, 1, 0, 1, 2, 0, 0, 0, 1, 0, 0]",4,fMinor,Piano Sonata K279 ii F major.mid by Mozart.csv
262,262.0 to 262.75,10,"[1, 0, 1, 0, 1, 0, 0, 2, 0, 0, 0, 0]",1,cMajor,Piano Sonata K279 ii F major.mid by Mozart.csv
263,263.0 to 263.75,4,"[1, 0, 1, 0, 0, 1, 0, 0, 0, 0, 0, 1]",2,gMajor,Piano Sonata K279 ii F major.mid by Mozart.csv
264,264.0 to 264.75,15,"[2, 0, 0, 0, 1, 0, 0, 1, 0, 0, 0, 2]",9,cMajor,Piano Sonata K279 ii F major.mid by Mozart.csv
265,265.0 to 265.75,12,"[0, 2, 3, 0, 0, 1, 0, 0, 0, 0, 0, 0]",6,b-Major,Piano Sonata K279 ii F major.mid by Mozart.csv
266,266.0 to 266.75,8,"[1, 0, 0, 2, 3, 0, 0, 0, 0, 0, 0, 0]",3,cMajor,Piano Sonata K279 ii F major.mid by Mozart.csv
267,267.0 to 267.75,18,"[0, 0, 1, 0, 1, 2, 0, 0, 0, 1, 0, 0]",4,fMinor,Piano Sonata K279 ii F major.mid by Mozart.csv
268,268.0 to 268.75,10,"[1, 0, 1, 0, 1, 0, 0, 2, 0, 0, 0, 0]",1,cMajor,Piano Sonata K279 ii F major.mid by Mozart.csv
269,269.0 to 269.75,4,"[1, 0, 1, 0, 0, 1, 0, 0, 0, 0, 0, 1]",2,gMajor,Piano Sonata K279 ii F major.mid by Mozart.csv
270,270.0 to 270.75,15,"[1, 0, 0, 0, 1, 0, 0, 1, 0, 0, 0, 1]",3,cMajor,Piano Sonata K279 ii F major.mid by Mozart.csv
271,271.0 to 271.75,6,"[0, 1, 2, 0, 0, 1, 0, 0, 0, 0, 0, 0]",6,b-Major,Piano Sonata K279 ii F major.mid by Mozart.csv
272,272.0 to 272.75,8,"[1, 0, 0, 1, 2, 0, 0, 0, 0, 0, 0, 0]",3,cMajor,Piano Sonata K279 ii F major.mid by Mozart.csv
273,273.0 to 273.6666667,2,"[1, 0, 1, 0, 1, 1, 0, 0, 0, 1, 0, 0]",4,cMinor,Piano Sonata K279 ii F major.mid by Mozart.csv
274,274.0 to 274.6666667,2,"[1, 0, 0, 0, 0, 1, 0, 0, 0, 1, 0, 0]",5,fMajor,Piano Sonata K279 ii F major.mid by Mozart.csv
275,275.0 to 275.6666667,2,"[1, 0, 0, 0, 0, 1, 0, 0, 0, 1, 0, 0]",5,fMajor,Piano Sonata K279 ii F major.mid by Mozart.csv
276,276.0 to 276.6666667,7,"[1, 0, 1, 1, 0, 0, 1, 0, 0, 1, 0, 0]",0,dMajor,Piano Sonata K279 ii F major.mid by Mozart.csv
277,277.0 to 277.6666667,7,"[1, 0, 0, 0, 0, 0, 1, 0, 0, 1, 0, 0]",5,dMajor,Piano Sonata K279 ii F major.mid by Mozart.csv
278,278.0 to 278.6666667,7,"[1, 0, 0, 0, 0, 0, 1, 0, 0, 1, 0, 0]",5,dMajor,Piano Sonata K279 ii F major.mid by Mozart.csv
279,279.0 to 279.6666667,9,"[1, 0, 0, 1, 1, 0, 0, 1, 0, 0, 0, 0]",3,cMajor,Piano Sonata K279 ii F major.mid by Mozart.csv
280,280.0 to 280.6666667,9,"[1, 0, 0, 0, 1, 0, 0, 1, 0, 0, 0, 0]",3,cMajor,Piano Sonata K279 ii F major.mid by Mozart.csv
281,281.0 to 281.6666667,10,"[1, 0, 0, 0, 1, 0, 1, 2, 0, 0, 0, 0]",3,cMajor,Piano Sonata K279 ii F major.mid by Mozart.csv
282,282.0 to 282.875,12,"[2, 0, 2, 0, 1, 0, 1, 0, 0, 0, 0, 0]",0,cMajor,Piano Sonata K279 ii F major.mid by Mozart.csv
283,283.0 to 283.9166667,12,"[1, 0, 2, 0, 1, 0, 0, 1, 0, 0, 0, 0]",0,gMajor,Piano Sonata K279 ii F major.mid by Mozart.csv
284,284.0 to 284.75,15,"[1, 0, 1, 0, 1, 1, 0, 1, 0, 0, 0, 1]",2,cMajor,Piano Sonata K279 ii F major.mid by Mozart.csv
285,285.0 to 285.75,13,"[2, 0, 0, 0, 2, 0, 0, 1, 0, 0, 0, 0]",3,cMajor,Piano Sonata K279 ii F major.mid by Mozart.csv
286,286.0 to 286.75,0,"[3, 0, 0, 0, 0, 0, 0, 0, 0, 0, 0, 1]",7,cMajor,Piano Sonata K279 ii F major.mid by Mozart.csv
287,287.0 to 287.6666667,6,"[1, 0, 1, 0, 0, 1, 0, 0, 0, 0, 0, 0]",6,fMajor,Piano Sonata K279 ii F major.mid by Mozart.csv
288,288.0 to 288.75,1,"[1, 1, 1, 0, 1, 0, 0, 2, 0, 0, 1, 1]",1,gMajor,Piano Sonata K279 ii F major.mid by Mozart.csv
289,289.0 to 289.6666667,4,"[0, 1, 1, 0, 0, 0, 0, 0, 0, 0, 0, 1]",6,gMajor,Piano Sonata K279 ii F major.mid by Mozart.csv
290,290.0 to 290.6666667,9,"[0, 0, 1, 0, 1, 0, 0, 1, 0, 0, 0, 0]",8,cMajor,Piano Sonata K279 ii F major.mid by Mozart.csv
291,291.0 to 291.9166667,0,"[3, 0, 1, 1, 1, 1, 0, 0, 0, 0, 0, 1]",7,cMajor,Piano Sonata K279 ii F major.mid by Mozart.csv
292,292.0 to 292.75,2,"[1, 0, 0, 0, 1, 0, 0, 0, 0, 2, 2, 0]",5,cMinor,Piano Sonata K279 ii F major.mid by Mozart.csv
293,293.0 to 293.9166667,10,"[0, 0, 0, 0, 2, 2, 0, 3, 0, 0, 1, 0]",1,cMajor,Piano Sonata K279 ii F major.mid by Mozart.csv
294,294.0 to 294.75,18,"[0, 0, 0, 0, 1, 3, 0, 2, 0, 1, 1, 0]",4,fMajor,Piano Sonata K279 ii F major.mid by Mozart.csv
295,295.0 to 295.75,10,"[1, 0, 1, 0, 2, 1, 0, 4, 0, 0, 1, 0]",1,cMajor,Piano Sonata K279 ii F major.mid by Mozart.csv
296,296.0 to 296.75,19,"[1, 0, 2, 0, 1, 1, 0, 2, 0, 0, 0, 1]",1,gMajor,Piano Sonata K279 ii F major.mid by Mozart.csv
297,297.0 to 297.75,0,"[3, 0, 0, 0, 1, 0, 0, 1, 0, 0, 0, 0]",3,cMajor,Piano Sonata K279 ii F major.mid by Mozart.csv
298,298.0 to 298.9166667,16,"[1, 0, 0, 0, 1, 0, 1, 1, 0, 1, 0, 0]",5,cMajor,Piano Sonata K279 ii F major.mid by Mozart.csv
299,299.0 to 299.6666667,6,"[0, 0, 2, 0, 0, 2, 0, 1, 0, 0, 0, 1]",2,gMajor,Piano Sonata K279 ii F major.mid by Mozart.csv
300,300.0 to 300.9166667,0,"[3, 0, 0, 0, 1, 0, 0, 1, 0, 0, 0, 0]",3,cMajor,Piano Sonata K279 ii F major.mid by Mozart.csv
301,301.0 to 301.9166667,16,"[1, 0, 0, 0, 1, 0, 1, 1, 0, 1, 0, 0]",5,cMajor,Piano Sonata K279 ii F major.mid by Mozart.csv
302,302.0 to 302.75,1,"[0, 0, 1, 0, 0, 2, 0, 2, 0, 0, 0, 1]",1,gMajor,Piano Sonata K279 ii F major.mid by Mozart.csv
303,303.0 to 303.0,4,"[1, 0, 1, 0, 0, 1, 0, 0, 0, 0, 0, 1]",2,gMajor,Piano Sonata K279 ii F major.mid by Mozart.csv
304,304.625 to 304.625,9,"[1, 0, 0, 0, 0, 0, 0, 0, 0, 0, 0, 0]",6,cMajor,Piano Sonata K279 ii F major.mid by Mozart.csv
305,305.0 to 305.0,0,"[2, 0, 0, 0, 1, 0, 0, 1, 0, 0, 0, 0]",3,cMajor,Piano Sonata K279 ii F major.mid by Mozart.csv
