index,offsetRange,CentroidLabelIndex_entireUnits,"[C,C#,D,E-,E,F,F#,G,G#,A,B-,B]",CentroidLabelIndex_individualUnit,triadLabel,filename
0,0.0 to 0.875,9,"[1, 0, 1, 0, 1, 0, 0, 1, 0, 0, 0, 0]",1,cMajor,Piano Sonata K576 iii D major.mid by Mozart.csv
1,1.0 to 1.625,15,"[1, 0, 0, 0, 1, 0, 0, 1, 0, 0, 0, 1]",3,cMajor,Piano Sonata K576 iii D major.mid by Mozart.csv
2,2.0 to 2.75,6,"[0, 1, 1, 0, 0, 1, 0, 0, 0, 1, 0, 0]",6,fMinor,Piano Sonata K576 iii D major.mid by Mozart.csv
3,3.0 to 3.5,6,"[0, 0, 1, 0, 0, 1, 0, 0, 0, 1, 0, 0]",6,fMinor,Piano Sonata K576 iii D major.mid by Mozart.csv
4,4.0 to 4.875,5,"[0, 0, 1, 0, 1, 0, 0, 1, 0, 0, 0, 1]",3,gMajor,Piano Sonata K576 iii D major.mid by Mozart.csv
5,5.0 to 5.5,5,"[1, 0, 1, 0, 0, 0, 0, 1, 0, 0, 0, 1]",1,gMajor,Piano Sonata K576 iii D major.mid by Mozart.csv
6,6.0 to 6.625,9,"[1, 0, 0, 1, 1, 0, 0, 1, 0, 0, 0, 0]",3,cMajor,Piano Sonata K576 iii D major.mid by Mozart.csv
7,7.0 to 7.5,9,"[1, 0, 0, 0, 1, 0, 0, 1, 0, 0, 0, 0]",3,cMajor,Piano Sonata K576 iii D major.mid by Mozart.csv
8,8.0 to 8.875,10,"[0, 0, 1, 0, 1, 1, 0, 2, 0, 1, 0, 0]",5,cMajor,Piano Sonata K576 iii D major.mid by Mozart.csv
9,9.0 to 9.5,0,"[2, 0, 0, 0, 1, 0, 0, 1, 0, 0, 0, 0]",4,cMajor,Piano Sonata K576 iii D major.mid by Mozart.csv
10,10.0 to 10.875,10,"[0, 0, 1, 0, 2, 1, 0, 2, 0, 0, 0, 0]",5,cMajor,Piano Sonata K576 iii D major.mid by Mozart.csv
11,11.0 to 11.5,5,"[0, 0, 1, 0, 0, 1, 0, 1, 0, 0, 0, 1]",2,gMajor,Piano Sonata K576 iii D major.mid by Mozart.csv
12,12.0 to 12.5,9,"[1, 0, 0, 0, 1, 0, 0, 1, 0, 0, 0, 0]",3,cMajor,Piano Sonata K576 iii D major.mid by Mozart.csv
13,13.0 to 13.5,5,"[0, 0, 1, 0, 0, 0, 0, 1, 0, 0, 0, 1]",2,gMajor,Piano Sonata K576 iii D major.mid by Mozart.csv
14,14.0 to 14.875,5,"[1, 0, 1, 0, 0, 0, 0, 1, 0, 1, 0, 1]",0,gMajor,Piano Sonata K576 iii D major.mid by Mozart.csv
15,15.0 to 15.5,1,"[0, 0, 0, 0, 0, 0, 0, 2, 0, 0, 0, 1]",2,gMajor,Piano Sonata K576 iii D major.mid by Mozart.csv
16,16.0 to 16.875,15,"[2, 0, 2, 0, 1, 0, 0, 0, 0, 0, 0, 1]",1,cMajor,Piano Sonata K576 iii D major.mid by Mozart.csv
17,17.0 to 17.875,15,"[2, 0, 0, 0, 0, 0, 0, 1, 0, 1, 0, 2]",4,cMajor,Piano Sonata K576 iii D major.mid by Mozart.csv
18,18.0 to 18.875,17,"[0, 1, 1, 0, 1, 1, 0, 1, 0, 1, 0, 0]",6,aMajor,Piano Sonata K576 iii D major.mid by Mozart.csv
19,19.0 to 19.875,6,"[1, 0, 2, 0, 1, 1, 0, 0, 0, 0, 0, 0]",1,b-Major,Piano Sonata K576 iii D major.mid by Mozart.csv
20,20.0 to 20.875,12,"[1, 0, 2, 0, 1, 0, 0, 0, 0, 1, 0, 1]",1,dMajor,Piano Sonata K576 iii D major.mid by Mozart.csv
21,21.0 to 21.875,6,"[1, 0, 2, 0, 1, 1, 0, 1, 0, 1, 0, 0]",5,fMinor,Piano Sonata K576 iii D major.mid by Mozart.csv
22,22.0 to 22.875,8,"[1, 0, 0, 1, 2, 1, 0, 1, 0, 1, 0, 1]",5,gMinor,Piano Sonata K576 iii D major.mid by Mozart.csv
23,23.0 to 23.875,8,"[1, 0, 1, 0, 2, 1, 0, 1, 0, 1, 0, 0]",5,cMajor,Piano Sonata K576 iii D major.mid by Mozart.csv
24,24.0 to 24.875,13,"[2, 0, 1, 0, 2, 0, 0, 1, 0, 0, 1, 0]",7,cMajor,Piano Sonata K576 iii D major.mid by Mozart.csv
25,25.0 to 25.875,2,"[1, 0, 0, 0, 1, 1, 0, 0, 0, 2, 0, 0]",6,fMajor,Piano Sonata K576 iii D major.mid by Mozart.csv
26,26.0 to 26.875,1,"[0, 0, 1, 0, 0, 1, 0, 2, 0, 1, 0, 2]",2,gMajor,Piano Sonata K576 iii D major.mid by Mozart.csv
27,27.0 to 27.875,8,"[1, 0, 0, 0, 2, 1, 0, 1, 0, 1, 0, 1]",5,cMajor,Piano Sonata K576 iii D major.mid by Mozart.csv
28,28.0 to 28.875,18,"[0, 1, 1, 0, 0, 3, 0, 0, 0, 1, 0, 0]",6,fMinor,Piano Sonata K576 iii D major.mid by Mozart.csv
29,29.0 to 29.875,15,"[1, 0, 2, 0, 2, 1, 0, 2, 0, 1, 0, 1]",5,cMajor,Piano Sonata K576 iii D major.mid by Mozart.csv
30,30.0 to 30.875,0,"[3, 0, 0, 0, 1, 0, 0, 1, 0, 0, 0, 0]",4,cMajor,Piano Sonata K576 iii D major.mid by Mozart.csv
31,31.0 to 31.875,0,"[3, 0, 0, 0, 1, 0, 0, 1, 0, 0, 0, 0]",4,cMajor,Piano Sonata K576 iii D major.mid by Mozart.csv
32,32.0 to 32.91666667,5,"[1, 0, 1, 0, 0, 2, 0, 1, 0, 0, 0, 2]",9,gMajor,Piano Sonata K576 iii D major.mid by Mozart.csv
33,33.0 to 33.875,6,"[1, 0, 2, 0, 0, 2, 0, 0, 0, 0, 0, 2]",9,b-Major,Piano Sonata K576 iii D major.mid by Mozart.csv
34,34.0 to 34.875,0,"[3, 0, 0, 0, 1, 0, 0, 1, 0, 0, 0, 0]",4,cMajor,Piano Sonata K576 iii D major.mid by Mozart.csv
35,35.0 to 35.875,0,"[4, 0, 0, 0, 1, 0, 0, 1, 0, 0, 0, 0]",4,cMajor,Piano Sonata K576 iii D major.mid by Mozart.csv
36,36.0 to 36.91666667,5,"[1, 0, 1, 0, 0, 2, 0, 1, 0, 0, 0, 2]",9,gMajor,Piano Sonata K576 iii D major.mid by Mozart.csv
37,37.0 to 37.875,6,"[1, 0, 2, 0, 0, 2, 0, 0, 0, 0, 0, 2]",9,b-Major,Piano Sonata K576 iii D major.mid by Mozart.csv
38,38.0 to 38.875,15,"[2, 0, 1, 0, 1, 1, 0, 1, 0, 0, 0, 1]",4,cMajor,Piano Sonata K576 iii D major.mid by Mozart.csv
39,39.0 to 39.875,19,"[1, 0, 2, 0, 1, 2, 0, 2, 0, 0, 0, 1]",9,gMajor,Piano Sonata K576 iii D major.mid by Mozart.csv
40,40.0 to 40.875,15,"[2, 0, 1, 0, 2, 1, 0, 1, 0, 0, 0, 1]",5,cMajor,Piano Sonata K576 iii D major.mid by Mozart.csv
41,41.0 to 41.875,19,"[1, 0, 2, 0, 1, 2, 0, 2, 0, 0, 0, 1]",9,gMajor,Piano Sonata K576 iii D major.mid by Mozart.csv
42,42.0 to 42.91666667,13,"[3, 0, 0, 0, 1, 0, 0, 3, 0, 0, 0, 0]",7,cMajor,Piano Sonata K576 iii D major.mid by Mozart.csv
43,43.0 to 43.875,13,"[3, 0, 0, 0, 3, 0, 0, 1, 0, 0, 0, 0]",7,cMajor,Piano Sonata K576 iii D major.mid by Mozart.csv
44,44.0 to 44.875,1,"[0, 0, 2, 0, 0, 0, 0, 3, 0, 0, 0, 2]",2,gMajor,Piano Sonata K576 iii D major.mid by Mozart.csv
45,45.0 to 45.875,13,"[3, 0, 0, 0, 3, 0, 0, 3, 0, 0, 0, 0]",7,cMajor,Piano Sonata K576 iii D major.mid by Mozart.csv
46,46.0 to 46.875,1,"[0, 0, 2, 0, 0, 0, 0, 3, 0, 0, 0, 3]",2,gMajor,Piano Sonata K576 iii D major.mid by Mozart.csv
47,47.0 to 47.875,13,"[3, 0, 0, 0, 1, 0, 0, 2, 0, 0, 0, 0]",7,cMajor,Piano Sonata K576 iii D major.mid by Mozart.csv
48,48.0 to 48.5,1,"[0, 0, 0, 0, 0, 0, 0, 3, 0, 0, 0, 1]",2,gMajor,Piano Sonata K576 iii D major.mid by Mozart.csv
49,50.0 to 50.875,17,"[0, 0, 0, 0, 0, 0, 0, 1, 0, 1, 0, 0]",3,cMajor,Piano Sonata K576 iii D major.mid by Mozart.csv
50,51.0 to 51.5,16,"[0, 0, 0, 0, 0, 0, 1, 1, 0, 0, 0, 0]",3,cMajor,Piano Sonata K576 iii D major.mid by Mozart.csv
51,52.0 to 52.875,2,"[1, 0, 0, 0, 1, 0, 0, 0, 1, 1, 0, 0]",3,cMinor,Piano Sonata K576 iii D major.mid by Mozart.csv
52,53.0 to 53.5,16,"[0, 0, 0, 0, 0, 0, 1, 1, 0, 1, 0, 0]",3,dMajor,Piano Sonata K576 iii D major.mid by Mozart.csv
53,54.0 to 54.875,4,"[0, 0, 0, 0, 0, 0, 0, 0, 0, 1, 0, 1]",3,dMajor,Piano Sonata K576 iii D major.mid by Mozart.csv
54,55.0 to 55.5,17,"[0, 0, 0, 0, 0, 0, 0, 1, 0, 1, 0, 0]",3,cMajor,Piano Sonata K576 iii D major.mid by Mozart.csv
55,56.0 to 56.875,4,"[0, 0, 1, 0, 0, 0, 1, 0, 0, 0, 1, 1]",1,dMinor,Piano Sonata K576 iii D major.mid by Mozart.csv
56,57.0 to 57.5,4,"[0, 0, 0, 0, 0, 0, 0, 0, 1, 1, 0, 1]",3,eMajor,Piano Sonata K576 iii D major.mid by Mozart.csv
57,58.0 to 58.875,2,"[1, 0, 0, 0, 1, 0, 0, 0, 1, 1, 0, 0]",3,cMinor,Piano Sonata K576 iii D major.mid by Mozart.csv
58,59.0 to 59.5,15,"[2, 0, 1, 0, 0, 0, 0, 0, 0, 1, 0, 2]",4,fMajor,Piano Sonata K576 iii D major.mid by Mozart.csv
59,60.0 to 60.83333333,6,"[0, 0, 1, 0, 1, 1, 0, 0, 1, 0, 0, 0]",1,c#Major,Piano Sonata K576 iii D major.mid by Mozart.csv
60,61.0 to 61.625,2,"[2, 0, 0, 0, 0, 0, 0, 0, 0, 1, 0, 0]",4,fMajor,Piano Sonata K576 iii D major.mid by Mozart.csv
61,62.0 to 62.5,12,"[1, 0, 1, 1, 0, 0, 1, 0, 0, 0, 0, 0]",1,dMajor,Piano Sonata K576 iii D major.mid by Mozart.csv
62,63.0 to 63.75,5,"[0, 0, 1, 0, 0, 0, 0, 1, 0, 0, 0, 2]",2,gMajor,Piano Sonata K576 iii D major.mid by Mozart.csv
63,64.0 to 64.83333333,17,"[0, 0, 0, 0, 1, 0, 0, 1, 0, 1, 1, 1]",3,gMinor,Piano Sonata K576 iii D major.mid by Mozart.csv
64,65.0 to 65.625,10,"[0, 1, 0, 1, 0, 0, 0, 2, 0, 1, 0, 0]",3,e-Minor,Piano Sonata K576 iii D major.mid by Mozart.csv
65,66.0 to 66.875,12,"[0, 0, 2, 0, 1, 0, 1, 0, 0, 0, 0, 0]",1,dMajor,Piano Sonata K576 iii D major.mid by Mozart.csv
66,67.0 to 67.5,12,"[0, 1, 2, 0, 0, 0, 1, 0, 0, 0, 0, 0]",1,dMajor,Piano Sonata K576 iii D major.mid by Mozart.csv
67,68.0 to 68.875,12,"[0, 1, 2, 1, 1, 0, 0, 1, 0, 0, 0, 0]",1,gMajor,Piano Sonata K576 iii D major.mid by Mozart.csv
68,69.0 to 69.625,8,"[0, 0, 2, 0, 2, 0, 0, 1, 0, 0, 0, 0]",5,gMajor,Piano Sonata K576 iii D major.mid by Mozart.csv
69,70.0 to 70.875,7,"[1, 0, 2, 0, 0, 0, 1, 1, 0, 1, 0, 0]",0,dMajor,Piano Sonata K576 iii D major.mid by Mozart.csv
70,71.0 to 71.625,7,"[1, 0, 1, 0, 1, 0, 1, 0, 0, 1, 0, 0]",1,cMinor,Piano Sonata K576 iii D major.mid by Mozart.csv
71,72.0 to 72.875,19,"[0, 0, 2, 0, 0, 0, 1, 1, 0, 1, 0, 1]",0,dMajor,Piano Sonata K576 iii D major.mid by Mozart.csv
72,73.0 to 73.625,19,"[1, 0, 2, 0, 0, 0, 0, 1, 0, 0, 0, 1]",1,gMajor,Piano Sonata K576 iii D major.mid by Mozart.csv
73,74.0 to 74.875,7,"[0, 0, 1, 0, 0, 0, 1, 0, 0, 2, 0, 2]",0,dMajor,Piano Sonata K576 iii D major.mid by Mozart.csv
74,75.0 to 75.625,7,"[0, 0, 1, 0, 0, 0, 1, 1, 0, 2, 0, 0]",0,dMajor,Piano Sonata K576 iii D major.mid by Mozart.csv
75,76.0 to 76.875,19,"[1, 0, 2, 0, 0, 0, 0, 1, 0, 1, 0, 1]",0,gMajor,Piano Sonata K576 iii D major.mid by Mozart.csv
76,77.0 to 77.75,12,"[0, 0, 2, 0, 0, 0, 1, 0, 1, 1, 0, 1]",0,dMajor,Piano Sonata K576 iii D major.mid by Mozart.csv
77,78.0 to 78.875,7,"[2, 0, 2, 0, 0, 0, 1, 0, 0, 2, 0, 0]",0,dMajor,Piano Sonata K576 iii D major.mid by Mozart.csv
78,79.0 to 79.875,7,"[1, 0, 1, 0, 0, 0, 2, 0, 0, 2, 0, 0]",0,dMajor,Piano Sonata K576 iii D major.mid by Mozart.csv
79,80.0 to 80.91666667,7,"[2, 0, 1, 0, 0, 0, 1, 0, 0, 2, 0, 0]",0,dMajor,Piano Sonata K576 iii D major.mid by Mozart.csv
80,81.0 to 81.875,7,"[1, 0, 1, 0, 0, 0, 2, 0, 0, 2, 0, 0]",0,dMajor,Piano Sonata K576 iii D major.mid by Mozart.csv
81,82.0 to 82.875,1,"[1, 0, 0, 0, 0, 0, 0, 2, 0, 2, 0, 1]",0,cMajor,Piano Sonata K576 iii D major.mid by Mozart.csv
82,83.0 to 83.875,16,"[0, 0, 0, 0, 2, 0, 2, 1, 0, 1, 0, 0]",3,cMajor,Piano Sonata K576 iii D major.mid by Mozart.csv
83,84.0 to 84.875,12,"[2, 0, 2, 0, 1, 0, 1, 0, 0, 0, 0, 0]",1,cMajor,Piano Sonata K576 iii D major.mid by Mozart.csv
84,85.0 to 85.875,2,"[1, 0, 1, 0, 0, 0, 0, 0, 0, 2, 0, 2]",0,dMajor,Piano Sonata K576 iii D major.mid by Mozart.csv
85,86.0 to 86.875,1,"[0, 0, 1, 0, 0, 0, 0, 2, 0, 0, 0, 2]",2,gMajor,Piano Sonata K576 iii D major.mid by Mozart.csv
86,87.0 to 87.91666667,7,"[2, 0, 2, 0, 0, 0, 1, 0, 0, 1, 0, 0]",0,dMajor,Piano Sonata K576 iii D major.mid by Mozart.csv
87,88.0 to 88.875,19,"[0, 0, 2, 0, 0, 0, 0, 1, 0, 0, 0, 2]",2,gMajor,Piano Sonata K576 iii D major.mid by Mozart.csv
88,89.0 to 89.91666667,7,"[2, 0, 2, 0, 0, 0, 1, 0, 0, 1, 0, 0]",0,dMajor,Piano Sonata K576 iii D major.mid by Mozart.csv
89,90.0 to 90.875,19,"[0, 0, 2, 0, 0, 1, 0, 1, 0, 1, 0, 2]",9,gMajor,Piano Sonata K576 iii D major.mid by Mozart.csv
90,91.0 to 91.875,15,"[2, 0, 1, 0, 1, 0, 0, 0, 1, 1, 0, 1]",4,cMinor,Piano Sonata K576 iii D major.mid by Mozart.csv
91,92.0 to 92.875,5,"[1, 0, 1, 0, 0, 0, 1, 1, 0, 1, 0, 2]",0,gMajor,Piano Sonata K576 iii D major.mid by Mozart.csv
92,93.0 to 93.875,2,"[1, 0, 0, 0, 1, 0, 1, 1, 0, 2, 0, 1]",0,cMinor,Piano Sonata K576 iii D major.mid by Mozart.csv
93,94.0 to 94.875,16,"[0, 0, 0, 1, 1, 0, 1, 2, 0, 1, 0, 1]",3,gMinor,Piano Sonata K576 iii D major.mid by Mozart.csv
94,95.0 to 95.875,16,"[1, 1, 1, 0, 1, 0, 1, 1, 0, 1, 0, 0]",0,cMajor,Piano Sonata K576 iii D major.mid by Mozart.csv
95,96.0 to 96.875,15,"[2, 0, 1, 0, 1, 0, 0, 1, 0, 0, 0, 2]",4,cMajor,Piano Sonata K576 iii D major.mid by Mozart.csv
96,97.0 to 97.91666667,19,"[1, 0, 3, 0, 0, 0, 1, 1, 0, 1, 0, 1]",0,dMajor,Piano Sonata K576 iii D major.mid by Mozart.csv
97,98.0 to 98.33333333,10,"[0, 0, 0, 0, 0, 0, 0, 2, 0, 0, 0, 0]",3,cMajor,Piano Sonata K576 iii D major.mid by Mozart.csv
98,99.0 to 99.75,5,"[0, 0, 1, 1, 0, 0, 1, 1, 0, 1, 0, 1]",0,dMajor,Piano Sonata K576 iii D major.mid by Mozart.csv
99,100.0 to 100.625,8,"[0, 0, 1, 0, 2, 0, 1, 1, 0, 0, 0, 1]",5,gMinor,Piano Sonata K576 iii D major.mid by Mozart.csv
100,101.0 to 101.625,15,"[2, 0, 1, 0, 1, 0, 0, 1, 0, 0, 0, 1]",4,cMajor,Piano Sonata K576 iii D major.mid by Mozart.csv
101,102.0 to 102.875,1,"[1, 0, 1, 0, 0, 0, 1, 2, 0, 1, 0, 1]",0,gMajor,Piano Sonata K576 iii D major.mid by Mozart.csv
102,103.0 to 103.625,12,"[0, 0, 2, 0, 0, 0, 0, 0, 0, 0, 0, 1]",1,gMajor,Piano Sonata K576 iii D major.mid by Mozart.csv
103,104.0 to 104.75,19,"[1, 0, 2, 0, 1, 0, 1, 1, 0, 0, 0, 1]",1,gMajor,Piano Sonata K576 iii D major.mid by Mozart.csv
104,105.0 to 105.75,15,"[1, 1, 0, 0, 1, 0, 0, 1, 0, 1, 0, 1]",3,cMajor,Piano Sonata K576 iii D major.mid by Mozart.csv
105,106.0 to 106.5,5,"[0, 0, 1, 0, 0, 0, 1, 1, 0, 1, 0, 1]",0,dMajor,Piano Sonata K576 iii D major.mid by Mozart.csv
106,107.0 to 107.875,7,"[1, 1, 2, 0, 0, 0, 1, 1, 0, 1, 0, 1]",0,gMajor,Piano Sonata K576 iii D major.mid by Mozart.csv
107,108.0 to 108.875,5,"[0, 0, 1, 0, 1, 0, 1, 1, 0, 1, 1, 2]",2,gMajor,Piano Sonata K576 iii D major.mid by Mozart.csv
108,109.0 to 109.875,15,"[1, 0, 1, 0, 1, 1, 1, 1, 0, 1, 0, 1]",5,dMajor,Piano Sonata K576 iii D major.mid by Mozart.csv
109,110.0 to 110.875,1,"[1, 0, 1, 0, 0, 0, 1, 2, 0, 1, 0, 1]",0,gMajor,Piano Sonata K576 iii D major.mid by Mozart.csv
110,111.0 to 111.5,5,"[0, 0, 1, 0, 0, 0, 0, 1, 0, 0, 0, 1]",2,gMajor,Piano Sonata K576 iii D major.mid by Mozart.csv
111,112.0 to 112.75,0,"[3, 0, 1, 0, 1, 0, 0, 1, 0, 1, 0, 0]",4,cMajor,Piano Sonata K576 iii D major.mid by Mozart.csv
112,113.0 to 113.875,5,"[0, 0, 1, 0, 0, 0, 1, 1, 0, 1, 0, 2]",2,gMajor,Piano Sonata K576 iii D major.mid by Mozart.csv
113,114.0 to 114.875,1,"[0, 0, 2, 0, 0, 0, 0, 3, 0, 0, 0, 2]",2,gMajor,Piano Sonata K576 iii D major.mid by Mozart.csv
114,115.0 to 115.875,19,"[0, 0, 2, 0, 0, 0, 0, 2, 0, 0, 0, 2]",2,gMajor,Piano Sonata K576 iii D major.mid by Mozart.csv
115,116.0 to 116.875,7,"[2, 0, 1, 0, 0, 0, 1, 1, 0, 1, 0, 0]",0,cMajor,Piano Sonata K576 iii D major.mid by Mozart.csv
116,117.0 to 117.9166667,7,"[2, 0, 0, 0, 0, 0, 2, 0, 0, 2, 0, 0]",0,dMajor,Piano Sonata K576 iii D major.mid by Mozart.csv
117,118.0 to 118.875,19,"[0, 0, 2, 0, 0, 0, 0, 2, 0, 0, 0, 2]",2,gMajor,Piano Sonata K576 iii D major.mid by Mozart.csv
118,119.0 to 119.875,19,"[0, 0, 2, 0, 0, 1, 0, 2, 0, 0, 0, 2]",2,gMajor,Piano Sonata K576 iii D major.mid by Mozart.csv
119,120.0 to 120.875,13,"[2, 0, 1, 0, 2, 0, 0, 2, 0, 0, 0, 0]",7,cMajor,Piano Sonata K576 iii D major.mid by Mozart.csv
120,121.0 to 121.875,13,"[2, 0, 0, 0, 2, 0, 0, 2, 0, 0, 0, 0]",7,cMajor,Piano Sonata K576 iii D major.mid by Mozart.csv
121,122.0 to 122.9166667,19,"[0, 0, 2, 0, 0, 0, 0, 2, 0, 0, 0, 2]",2,gMajor,Piano Sonata K576 iii D major.mid by Mozart.csv
122,123.0 to 123.875,5,"[0, 0, 1, 0, 0, 1, 1, 1, 0, 0, 0, 2]",2,gMajor,Piano Sonata K576 iii D major.mid by Mozart.csv
123,124.0 to 124.875,12,"[1, 0, 1, 0, 1, 0, 1, 0, 0, 0, 0, 0]",1,cMajor,Piano Sonata K576 iii D major.mid by Mozart.csv
124,125.0 to 125.875,7,"[0, 0, 1, 0, 0, 0, 1, 0, 0, 1, 0, 1]",0,dMajor,Piano Sonata K576 iii D major.mid by Mozart.csv
125,126.0 to 126.875,16,"[0, 0, 1, 0, 1, 0, 1, 1, 0, 0, 0, 0]",3,cMajor,Piano Sonata K576 iii D major.mid by Mozart.csv
126,127.0 to 127.875,15,"[1, 0, 1, 0, 1, 0, 0, 0, 0, 0, 0, 1]",1,eMajor,Piano Sonata K576 iii D major.mid by Mozart.csv
127,128.0 to 128.875,9,"[1, 0, 1, 0, 1, 0, 0, 1, 0, 0, 0, 0]",1,cMajor,Piano Sonata K576 iii D major.mid by Mozart.csv
128,129.0 to 129.625,15,"[1, 0, 0, 0, 1, 0, 0, 1, 0, 0, 0, 1]",3,cMajor,Piano Sonata K576 iii D major.mid by Mozart.csv
129,130.0 to 130.5,6,"[0, 1, 1, 0, 0, 1, 0, 0, 0, 1, 0, 0]",6,fMinor,Piano Sonata K576 iii D major.mid by Mozart.csv
130,131.0 to 131.5,6,"[0, 0, 1, 0, 0, 1, 0, 0, 0, 1, 0, 0]",6,fMinor,Piano Sonata K576 iii D major.mid by Mozart.csv
131,132.0 to 132.875,5,"[0, 0, 1, 0, 1, 0, 0, 1, 0, 0, 0, 1]",3,gMajor,Piano Sonata K576 iii D major.mid by Mozart.csv
132,133.0 to 133.625,5,"[1, 0, 1, 0, 0, 0, 0, 1, 0, 0, 0, 1]",1,gMajor,Piano Sonata K576 iii D major.mid by Mozart.csv
133,134.0 to 134.75,9,"[1, 0, 0, 1, 1, 0, 0, 1, 0, 0, 0, 0]",3,cMajor,Piano Sonata K576 iii D major.mid by Mozart.csv
134,135.0 to 135.5,9,"[1, 0, 0, 0, 1, 0, 0, 1, 0, 0, 0, 0]",3,cMajor,Piano Sonata K576 iii D major.mid by Mozart.csv
135,136.0 to 136.875,10,"[0, 0, 1, 0, 1, 1, 0, 2, 0, 1, 0, 0]",5,cMajor,Piano Sonata K576 iii D major.mid by Mozart.csv
136,137.0 to 137.5,0,"[2, 0, 0, 0, 1, 0, 0, 1, 0, 0, 0, 0]",4,cMajor,Piano Sonata K576 iii D major.mid by Mozart.csv
137,138.0 to 138.875,10,"[0, 0, 1, 0, 2, 1, 0, 2, 0, 0, 0, 0]",5,cMajor,Piano Sonata K576 iii D major.mid by Mozart.csv
138,139.0 to 139.5,5,"[0, 0, 1, 0, 0, 1, 0, 1, 0, 0, 0, 1]",2,gMajor,Piano Sonata K576 iii D major.mid by Mozart.csv
139,140.0 to 140.5,9,"[1, 0, 0, 0, 1, 0, 0, 1, 0, 0, 0, 0]",3,cMajor,Piano Sonata K576 iii D major.mid by Mozart.csv
140,141.0 to 141.875,5,"[0, 0, 1, 0, 0, 0, 0, 1, 0, 0, 0, 1]",2,gMajor,Piano Sonata K576 iii D major.mid by Mozart.csv
141,142.0 to 142.875,5,"[1, 0, 1, 0, 0, 0, 0, 1, 0, 1, 0, 1]",0,gMajor,Piano Sonata K576 iii D major.mid by Mozart.csv
142,143.0 to 143.25,1,"[0, 0, 0, 0, 0, 0, 0, 2, 0, 0, 0, 1]",2,gMajor,Piano Sonata K576 iii D major.mid by Mozart.csv
143,144.0 to 144.875,15,"[2, 0, 2, 0, 1, 0, 0, 0, 0, 0, 0, 1]",1,cMajor,Piano Sonata K576 iii D major.mid by Mozart.csv
144,145.0 to 145.875,15,"[2, 0, 0, 0, 0, 0, 0, 1, 0, 1, 0, 2]",4,cMajor,Piano Sonata K576 iii D major.mid by Mozart.csv
145,146.0 to 146.875,17,"[0, 1, 1, 0, 1, 1, 0, 1, 0, 1, 0, 0]",6,aMajor,Piano Sonata K576 iii D major.mid by Mozart.csv
146,147.0 to 147.875,6,"[1, 0, 2, 0, 1, 1, 0, 0, 0, 0, 0, 0]",1,b-Major,Piano Sonata K576 iii D major.mid by Mozart.csv
147,148.0 to 148.875,12,"[1, 0, 2, 0, 1, 0, 0, 0, 0, 1, 0, 1]",1,dMajor,Piano Sonata K576 iii D major.mid by Mozart.csv
148,149.0 to 149.875,6,"[1, 0, 2, 0, 1, 1, 0, 1, 0, 1, 0, 0]",5,fMinor,Piano Sonata K576 iii D major.mid by Mozart.csv
149,150.0 to 150.875,8,"[1, 0, 0, 1, 2, 1, 0, 1, 0, 1, 0, 1]",5,gMinor,Piano Sonata K576 iii D major.mid by Mozart.csv
150,151.0 to 151.875,8,"[1, 0, 1, 0, 2, 1, 0, 1, 0, 1, 0, 0]",5,cMajor,Piano Sonata K576 iii D major.mid by Mozart.csv
151,152.0 to 152.875,0,"[2, 0, 1, 0, 2, 0, 0, 0, 0, 0, 1, 0]",4,cMajor,Piano Sonata K576 iii D major.mid by Mozart.csv
152,153.0 to 153.875,2,"[1, 0, 0, 0, 1, 1, 0, 0, 0, 2, 0, 0]",6,fMajor,Piano Sonata K576 iii D major.mid by Mozart.csv
153,154.0 to 154.875,1,"[0, 0, 0, 0, 0, 1, 0, 2, 0, 1, 0, 2]",2,gMajor,Piano Sonata K576 iii D major.mid by Mozart.csv
154,155.0 to 155.875,8,"[1, 0, 0, 0, 2, 1, 0, 1, 0, 1, 0, 1]",5,cMajor,Piano Sonata K576 iii D major.mid by Mozart.csv
155,156.0 to 156.875,18,"[0, 1, 1, 0, 0, 3, 0, 0, 0, 1, 0, 0]",6,fMinor,Piano Sonata K576 iii D major.mid by Mozart.csv
156,157.0 to 157.875,15,"[1, 0, 2, 0, 2, 1, 0, 2, 0, 1, 0, 1]",5,cMajor,Piano Sonata K576 iii D major.mid by Mozart.csv
157,158.0 to 158.875,0,"[3, 0, 0, 0, 1, 0, 0, 1, 0, 0, 0, 0]",4,cMajor,Piano Sonata K576 iii D major.mid by Mozart.csv
158,159.0 to 159.875,0,"[3, 0, 0, 0, 1, 0, 0, 1, 0, 0, 0, 0]",4,cMajor,Piano Sonata K576 iii D major.mid by Mozart.csv
159,160.0 to 160.875,5,"[1, 0, 1, 0, 0, 2, 0, 1, 0, 0, 0, 2]",9,gMajor,Piano Sonata K576 iii D major.mid by Mozart.csv
160,161.0 to 161.875,6,"[1, 0, 2, 0, 0, 2, 0, 0, 0, 0, 0, 2]",9,b-Major,Piano Sonata K576 iii D major.mid by Mozart.csv
161,162.0 to 162.875,0,"[3, 0, 0, 1, 0, 0, 0, 1, 0, 0, 0, 0]",4,e-Minor,Piano Sonata K576 iii D major.mid by Mozart.csv
162,163.0 to 163.875,0,"[4, 0, 0, 1, 0, 0, 0, 1, 0, 0, 0, 0]",4,e-Minor,Piano Sonata K576 iii D major.mid by Mozart.csv
163,164.0 to 164.875,5,"[1, 0, 1, 0, 0, 2, 0, 1, 0, 0, 0, 2]",9,gMajor,Piano Sonata K576 iii D major.mid by Mozart.csv
164,165.0 to 165.875,19,"[1, 0, 2, 0, 0, 1, 0, 0, 0, 0, 0, 2]",9,gMajor,Piano Sonata K576 iii D major.mid by Mozart.csv
165,166.0 to 166.875,15,"[2, 0, 1, 1, 0, 1, 0, 1, 0, 0, 0, 1]",4,e-Minor,Piano Sonata K576 iii D major.mid by Mozart.csv
166,167.0 to 167.875,19,"[1, 0, 2, 1, 0, 2, 0, 2, 0, 0, 0, 1]",9,gMajor,Piano Sonata K576 iii D major.mid by Mozart.csv
167,168.0 to 168.875,11,"[2, 0, 1, 2, 0, 1, 0, 1, 0, 0, 0, 1]",4,e-Minor,Piano Sonata K576 iii D major.mid by Mozart.csv
168,169.0 to 169.875,3,"[1, 0, 1, 1, 0, 2, 0, 1, 2, 0, 1, 0]",8,g#Minor,Piano Sonata K576 iii D major.mid by Mozart.csv
169,170.0 to 170.875,11,"[0, 0, 1, 2, 0, 1, 0, 2, 1, 0, 1, 0]",8,e-Major,Piano Sonata K576 iii D major.mid by Mozart.csv
170,171.0 to 171.875,3,"[0, 0, 1, 1, 0, 2, 0, 1, 2, 0, 2, 0]",8,b-Major,Piano Sonata K576 iii D major.mid by Mozart.csv
171,172.0 to 172.875,11,"[0, 0, 1, 2, 0, 2, 0, 2, 2, 0, 2, 0]",8,e-Major,Piano Sonata K576 iii D major.mid by Mozart.csv
172,173.0 to 173.875,7,"[2, 0, 1, 1, 0, 0, 1, 1, 0, 2, 1, 0]",0,dMajor,Piano Sonata K576 iii D major.mid by Mozart.csv
173,174.0 to 174.875,16,"[1, 0, 1, 0, 0, 0, 1, 2, 0, 1, 1, 0]",0,b-Minor,Piano Sonata K576 iii D major.mid by Mozart.csv
174,175.0 to 175.875,7,"[2, 0, 1, 1, 0, 0, 1, 1, 0, 1, 1, 0]",0,e-Minor,Piano Sonata K576 iii D major.mid by Mozart.csv
175,176.0 to 176.875,5,"[0, 1, 1, 0, 1, 0, 0, 1, 0, 0, 0, 2]",2,gMajor,Piano Sonata K576 iii D major.mid by Mozart.csv
176,177.0 to 177.875,2,"[1, 0, 1, 0, 0, 1, 0, 0, 1, 2, 0, 1]",0,fMajor,Piano Sonata K576 iii D major.mid by Mozart.csv
177,178.0 to 178.875,1,"[0, 0, 1, 1, 0, 1, 0, 2, 1, 0, 1, 1]",8,gMajor,Piano Sonata K576 iii D major.mid by Mozart.csv
178,179.0 to 179.875,11,"[1, 1, 0, 2, 1, 0, 0, 2, 0, 0, 1, 0]",8,e-Major,Piano Sonata K576 iii D major.mid by Mozart.csv
179,180.0 to 180.875,3,"[1, 0, 0, 0, 0, 2, 0, 0, 2, 0, 0, 0]",6,g#Minor,Piano Sonata K576 iii D major.mid by Mozart.csv
180,181.0 to 181.875,11,"[1, 0, 0, 1, 0, 1, 0, 1, 1, 1, 1, 0]",8,e-Major,Piano Sonata K576 iii D major.mid by Mozart.csv
181,182.0 to 182.875,6,"[0, 0, 3, 0, 0, 2, 0, 0, 0, 0, 2, 0]",9,b-Major,Piano Sonata K576 iii D major.mid by Mozart.csv
182,183.0 to 183.875,11,"[1, 0, 0, 3, 0, 1, 0, 3, 0, 0, 3, 0]",8,e-Major,Piano Sonata K576 iii D major.mid by Mozart.csv
183,184.0 to 184.875,14,"[0, 0, 3, 0, 0, 1, 0, 0, 0, 0, 3, 0]",1,b-Major,Piano Sonata K576 iii D major.mid by Mozart.csv
184,185.0 to 185.875,11,"[0, 0, 0, 3, 0, 0, 0, 1, 0, 0, 2, 0]",8,e-Major,Piano Sonata K576 iii D major.mid by Mozart.csv
185,186.0 to 186.5,14,"[0, 0, 1, 0, 0, 0, 0, 0, 0, 0, 3, 0]",1,b-Major,Piano Sonata K576 iii D major.mid by Mozart.csv
186,188.0 to 188.875,11,"[0, 0, 0, 1, 0, 1, 0, 0, 0, 0, 0, 0]",3,c#Major,Piano Sonata K576 iii D major.mid by Mozart.csv
187,189.0 to 189.5,11,"[0, 0, 1, 1, 0, 0, 0, 0, 0, 0, 0, 0]",1,g#Major,Piano Sonata K576 iii D major.mid by Mozart.csv
188,190.0 to 190.875,3,"[1, 0, 0, 0, 1, 1, 0, 0, 1, 0, 0, 0]",3,g#Minor,Piano Sonata K576 iii D major.mid by Mozart.csv
189,191.0 to 191.5,6,"[0, 0, 1, 1, 0, 1, 0, 0, 0, 0, 0, 0]",1,b-Major,Piano Sonata K576 iii D major.mid by Mozart.csv
190,192.0 to 192.875,9,"[0, 0, 0, 0, 0, 1, 0, 1, 0, 0, 0, 0]",3,cMajor,Piano Sonata K576 iii D major.mid by Mozart.csv
191,193.0 to 193.5,9,"[0, 0, 0, 0, 1, 1, 0, 0, 0, 0, 0, 0]",3,cMajor,Piano Sonata K576 iii D major.mid by Mozart.csv
192,194.0 to 194.75,14,"[0, 0, 1, 0, 0, 0, 1, 1, 0, 0, 1, 0]",1,b-Minor,Piano Sonata K576 iii D major.mid by Mozart.csv
193,195.0 to 195.5,9,"[0, 0, 0, 0, 1, 1, 0, 1, 0, 0, 0, 0]",3,cMajor,Piano Sonata K576 iii D major.mid by Mozart.csv
194,196.0 to 196.875,10,"[1, 0, 0, 0, 0, 1, 0, 2, 1, 0, 1, 0]",8,cMajor,Piano Sonata K576 iii D major.mid by Mozart.csv
195,197.0 to 197.875,18,"[1, 1, 0, 1, 1, 2, 0, 1, 0, 0, 0, 0]",6,cMajor,Piano Sonata K576 iii D major.mid by Mozart.csv
196,198.0 to 198.875,14,"[1, 1, 0, 0, 0, 0, 1, 1, 1, 0, 1, 0]",3,f#Major,Piano Sonata K576 iii D major.mid by Mozart.csv
197,199.0 to 199.875,10,"[0, 0, 0, 0, 0, 1, 0, 2, 1, 0, 1, 0]",8,e-Major,Piano Sonata K576 iii D major.mid by Mozart.csv
198,200.0 to 200.875,14,"[1, 1, 0, 0, 1, 0, 0, 1, 1, 0, 1, 0]",3,cMajor,Piano Sonata K576 iii D major.mid by Mozart.csv
199,201.0 to 201.875,10,"[0, 0, 0, 0, 1, 2, 0, 2, 1, 0, 1, 0]",8,b-Minor,Piano Sonata K576 iii D major.mid by Mozart.csv
200,202.0 to 202.875,2,"[1, 0, 1, 1, 0, 0, 0, 1, 1, 2, 1, 0]",0,dMajor,Piano Sonata K576 iii D major.mid by Mozart.csv
201,203.0 to 203.875,7,"[1, 0, 1, 1, 0, 0, 1, 0, 0, 2, 1, 0]",0,dMajor,Piano Sonata K576 iii D major.mid by Mozart.csv
202,204.0 to 204.875,17,"[0, 0, 0, 0, 0, 0, 0, 1, 0, 1, 0, 0]",3,cMajor,Piano Sonata K576 iii D major.mid by Mozart.csv
203,205.0 to 205.5,16,"[0, 0, 0, 0, 0, 0, 1, 1, 0, 0, 0, 0]",3,cMajor,Piano Sonata K576 iii D major.mid by Mozart.csv
204,206.0 to 206.875,3,"[1, 0, 1, 0, 0, 0, 0, 0, 1, 1, 0, 0]",1,dMajor,Piano Sonata K576 iii D major.mid by Mozart.csv
205,207.0 to 207.5,5,"[1, 0, 0, 0, 0, 0, 0, 1, 0, 1, 0, 1]",3,fMajor,Piano Sonata K576 iii D major.mid by Mozart.csv
206,208.0 to 208.875,7,"[0, 1, 1, 0, 0, 0, 1, 0, 0, 1, 1, 0]",0,dMajor,Piano Sonata K576 iii D major.mid by Mozart.csv
207,209.0 to 209.625,16,"[0, 0, 1, 0, 0, 0, 1, 1, 0, 1, 0, 0]",0,dMajor,Piano Sonata K576 iii D major.mid by Mozart.csv
208,210.0 to 210.875,11,"[0, 0, 0, 1, 1, 0, 1, 0, 0, 0, 1, 1]",3,bMajor,Piano Sonata K576 iii D major.mid by Mozart.csv
209,211.0 to 211.875,17,"[0, 1, 0, 1, 0, 0, 0, 0, 0, 1, 0, 1]",3,bMajor,Piano Sonata K576 iii D major.mid by Mozart.csv
210,212.0 to 212.875,2,"[1, 0, 0, 1, 1, 0, 0, 0, 1, 1, 0, 1]",3,eMajor,Piano Sonata K576 iii D major.mid by Mozart.csv
211,213.0 to 213.625,4,"[0, 0, 0, 0, 1, 0, 0, 0, 1, 1, 0, 1]",3,eMajor,Piano Sonata K576 iii D major.mid by Mozart.csv
212,214.0 to 214.9166667,2,"[1, 0, 0, 0, 2, 0, 0, 0, 0, 2, 0, 1]",3,cMinor,Piano Sonata K576 iii D major.mid by Mozart.csv
213,215.0 to 215.875,2,"[2, 0, 0, 0, 1, 0, 0, 0, 1, 2, 0, 0]",4,cMinor,Piano Sonata K576 iii D major.mid by Mozart.csv
214,216.0 to 216.875,18,"[0, 0, 2, 0, 0, 3, 0, 1, 0, 1, 0, 0]",6,fMinor,Piano Sonata K576 iii D major.mid by Mozart.csv
215,217.0 to 217.875,18,"[0, 0, 1, 0, 1, 2, 0, 0, 0, 2, 0, 0]",6,fMinor,Piano Sonata K576 iii D major.mid by Mozart.csv
216,218.0 to 218.875,19,"[0, 0, 2, 0, 0, 0, 0, 2, 0, 1, 0, 1]",2,gMajor,Piano Sonata K576 iii D major.mid by Mozart.csv
217,219.0 to 219.875,1,"[0, 0, 1, 0, 0, 0, 1, 2, 0, 0, 0, 2]",2,gMajor,Piano Sonata K576 iii D major.mid by Mozart.csv
218,220.0 to 220.875,13,"[2, 0, 0, 0, 3, 1, 0, 1, 0, 0, 0, 0]",7,cMajor,Piano Sonata K576 iii D major.mid by Mozart.csv
219,221.0 to 221.875,13,"[1, 0, 1, 0, 2, 0, 0, 2, 0, 0, 0, 0]",5,cMajor,Piano Sonata K576 iii D major.mid by Mozart.csv
220,222.0 to 222.875,18,"[0, 0, 1, 0, 0, 2, 0, 0, 0, 1, 0, 0]",6,fMinor,Piano Sonata K576 iii D major.mid by Mozart.csv
221,223.0 to 223.875,18,"[0, 0, 1, 0, 0, 2, 0, 0, 0, 1, 0, 0]",6,fMinor,Piano Sonata K576 iii D major.mid by Mozart.csv
222,224.0 to 224.875,18,"[0, 0, 0, 0, 1, 2, 0, 1, 0, 1, 1, 0]",6,fMajor,Piano Sonata K576 iii D major.mid by Mozart.csv
223,225.0 to 225.875,16,"[1, 0, 1, 0, 1, 1, 1, 1, 0, 0, 0, 0]",5,cMajor,Piano Sonata K576 iii D major.mid by Mozart.csv
224,226.0 to 226.875,19,"[0, 0, 2, 0, 0, 0, 0, 2, 0, 0, 0, 3]",2,gMajor,Piano Sonata K576 iii D major.mid by Mozart.csv
225,227.0 to 227.875,13,"[3, 0, 0, 0, 3, 0, 0, 3, 0, 0, 0, 0]",7,cMajor,Piano Sonata K576 iii D major.mid by Mozart.csv
226,228.0 to 228.875,1,"[0, 0, 1, 0, 0, 0, 0, 3, 0, 0, 0, 3]",2,gMajor,Piano Sonata K576 iii D major.mid by Mozart.csv
227,229.0 to 229.875,13,"[3, 0, 0, 0, 1, 0, 0, 2, 0, 0, 0, 0]",7,cMajor,Piano Sonata K576 iii D major.mid by Mozart.csv
228,230.0 to 230.75,1,"[0, 0, 0, 0, 0, 0, 0, 3, 0, 0, 0, 1]",2,gMajor,Piano Sonata K576 iii D major.mid by Mozart.csv
229,232.0 to 232.875,12,"[1, 0, 1, 0, 0, 0, 0, 0, 0, 0, 0, 0]",1,cMajor,Piano Sonata K576 iii D major.mid by Mozart.csv
230,233.0 to 233.5,4,"[1, 0, 0, 0, 0, 0, 0, 0, 0, 0, 0, 1]",3,gMajor,Piano Sonata K576 iii D major.mid by Mozart.csv
231,234.0 to 234.875,6,"[0, 1, 1, 0, 0, 1, 0, 0, 0, 1, 0, 0]",6,fMinor,Piano Sonata K576 iii D major.mid by Mozart.csv
232,235.0 to 235.5,4,"[1, 0, 1, 0, 0, 0, 0, 0, 0, 0, 0, 1]",1,gMajor,Piano Sonata K576 iii D major.mid by Mozart.csv
233,236.0 to 236.875,12,"[0, 0, 1, 0, 1, 0, 0, 0, 0, 0, 0, 0]",1,cMajor,Piano Sonata K576 iii D major.mid by Mozart.csv
234,237.0 to 237.5,12,"[1, 0, 1, 0, 0, 0, 0, 0, 0, 0, 0, 0]",1,cMajor,Piano Sonata K576 iii D major.mid by Mozart.csv
235,238.0 to 238.8333333,9,"[0, 0, 0, 1, 1, 0, 0, 1, 0, 0, 0, 1]",3,gMinor,Piano Sonata K576 iii D major.mid by Mozart.csv
236,239.0 to 239.5,12,"[0, 1, 1, 0, 1, 0, 0, 0, 0, 0, 0, 0]",1,aMajor,Piano Sonata K576 iii D major.mid by Mozart.csv
237,240.0 to 240.875,6,"[0, 1, 1, 0, 0, 1, 0, 0, 0, 1, 0, 0]",6,fMinor,Piano Sonata K576 iii D major.mid by Mozart.csv
238,241.0 to 241.625,6,"[0, 0, 1, 0, 2, 2, 0, 1, 0, 0, 0, 0]",5,cMajor,Piano Sonata K576 iii D major.mid by Mozart.csv
239,242.0 to 242.5,14,"[0, 1, 0, 0, 0, 0, 0, 1, 0, 1, 1, 0]",3,f#Major,Piano Sonata K576 iii D major.mid by Mozart.csv
240,243.0 to 243.625,6,"[0, 0, 1, 0, 0, 2, 0, 0, 0, 0, 0, 0]",6,b-Major,Piano Sonata K576 iii D major.mid by Mozart.csv
241,244.0 to 244.875,5,"[0, 0, 0, 0, 0, 1, 0, 1, 1, 0, 0, 1]",3,eMajor,Piano Sonata K576 iii D major.mid by Mozart.csv
242,245.0 to 245.75,8,"[1, 0, 0, 0, 2, 0, 0, 1, 0, 0, 0, 0]",3,cMajor,Piano Sonata K576 iii D major.mid by Mozart.csv
243,246.0 to 246.75,2,"[1, 0, 1, 1, 1, 0, 0, 0, 0, 1, 0, 0]",1,cMinor,Piano Sonata K576 iii D major.mid by Mozart.csv
244,247.0 to 247.6666667,0,"[2, 0, 1, 0, 0, 0, 1, 0, 1, 0, 0, 0]",1,g#Major,Piano Sonata K576 iii D major.mid by Mozart.csv
245,248.0 to 248.875,1,"[0, 0, 0, 0, 0, 0, 0, 2, 0, 1, 0, 1]",2,gMajor,Piano Sonata K576 iii D major.mid by Mozart.csv
246,249.0 to 249.5,16,"[0, 0, 0, 0, 0, 0, 1, 1, 0, 0, 0, 0]",3,cMajor,Piano Sonata K576 iii D major.mid by Mozart.csv
247,250.0 to 250.875,16,"[1, 0, 0, 0, 0, 0, 1, 2, 1, 1, 0, 0]",3,cMajor,Piano Sonata K576 iii D major.mid by Mozart.csv
248,251.0 to 251.75,17,"[1, 0, 0, 0, 0, 0, 0, 2, 0, 2, 0, 0]",0,e-Minor,Piano Sonata K576 iii D major.mid by Mozart.csv
249,252.0 to 252.875,1,"[1, 0, 1, 0, 0, 1, 0, 2, 0, 0, 0, 1]",2,gMajor,Piano Sonata K576 iii D major.mid by Mozart.csv
250,253.0 to 253.625,5,"[0, 0, 1, 0, 0, 1, 0, 1, 0, 1, 0, 1]",6,fMinor,Piano Sonata K576 iii D major.mid by Mozart.csv
251,254.0 to 254.875,1,"[1, 0, 1, 0, 1, 0, 0, 2, 0, 0, 0, 1]",5,cMajor,Piano Sonata K576 iii D major.mid by Mozart.csv
252,255.0 to 255.6666667,10,"[1, 0, 0, 0, 1, 1, 0, 2, 0, 0, 0, 0]",5,cMajor,Piano Sonata K576 iii D major.mid by Mozart.csv
253,256.0 to 256.875,19,"[0, 0, 2, 0, 2, 0, 0, 1, 0, 0, 0, 1]",5,gMajor,Piano Sonata K576 iii D major.mid by Mozart.csv
254,257.0 to 257.625,19,"[1, 0, 2, 0, 0, 0, 0, 1, 0, 0, 0, 1]",1,gMajor,Piano Sonata K576 iii D major.mid by Mozart.csv
255,258.0 to 258.875,10,"[1, 0, 1, 0, 1, 1, 0, 2, 0, 0, 0, 0]",5,cMajor,Piano Sonata K576 iii D major.mid by Mozart.csv
256,259.0 to 259.625,1,"[0, 1, 1, 0, 1, 0, 0, 2, 0, 0, 0, 1]",2,gMajor,Piano Sonata K576 iii D major.mid by Mozart.csv
257,260.0 to 260.875,19,"[0, 0, 2, 0, 0, 2, 0, 2, 0, 0, 0, 1]",9,gMajor,Piano Sonata K576 iii D major.mid by Mozart.csv
258,261.0 to 261.875,19,"[0, 0, 2, 0, 0, 1, 0, 1, 0, 0, 0, 2]",9,gMajor,Piano Sonata K576 iii D major.mid by Mozart.csv
259,262.0 to 262.875,6,"[0, 0, 2, 0, 0, 2, 0, 1, 0, 0, 0, 1]",9,gMajor,Piano Sonata K576 iii D major.mid by Mozart.csv
260,263.0 to 263.875,19,"[0, 0, 2, 0, 0, 1, 0, 1, 0, 0, 0, 2]",9,gMajor,Piano Sonata K576 iii D major.mid by Mozart.csv
261,264.0 to 264.875,6,"[2, 0, 2, 0, 1, 1, 0, 0, 0, 0, 0, 0]",1,cMajor,Piano Sonata K576 iii D major.mid by Mozart.csv
262,265.0 to 265.875,2,"[1, 0, 1, 0, 0, 0, 0, 0, 0, 2, 0, 2]",0,dMajor,Piano Sonata K576 iii D major.mid by Mozart.csv
263,266.0 to 266.875,18,"[0, 0, 0, 0, 0, 2, 0, 2, 0, 1, 0, 1]",6,fMajor,Piano Sonata K576 iii D major.mid by Mozart.csv
264,267.0 to 267.875,6,"[0, 0, 2, 0, 2, 1, 0, 1, 0, 0, 0, 0]",5,cMajor,Piano Sonata K576 iii D major.mid by Mozart.csv
265,268.0 to 268.875,13,"[2, 0, 0, 0, 2, 0, 0, 1, 0, 0, 0, 0]",7,cMajor,Piano Sonata K576 iii D major.mid by Mozart.csv
266,269.0 to 269.875,1,"[0, 0, 1, 0, 0, 2, 0, 2, 0, 0, 0, 1]",9,gMajor,Piano Sonata K576 iii D major.mid by Mozart.csv
267,270.0 to 270.875,13,"[1, 0, 0, 0, 2, 0, 0, 2, 0, 0, 0, 0]",7,cMajor,Piano Sonata K576 iii D major.mid by Mozart.csv
268,271.0 to 271.875,1,"[0, 0, 1, 0, 0, 2, 0, 2, 0, 0, 0, 1]",9,gMajor,Piano Sonata K576 iii D major.mid by Mozart.csv
269,272.0 to 272.875,13,"[1, 0, 0, 0, 2, 0, 0, 2, 0, 0, 1, 0]",7,cMajor,Piano Sonata K576 iii D major.mid by Mozart.csv
270,273.0 to 273.9166667,18,"[0, 1, 1, 0, 1, 2, 0, 1, 0, 1, 0, 0]",6,fMinor,Piano Sonata K576 iii D major.mid by Mozart.csv
271,274.0 to 274.875,15,"[1, 0, 1, 0, 2, 1, 0, 1, 0, 0, 0, 1]",5,cMajor,Piano Sonata K576 iii D major.mid by Mozart.csv
272,275.0 to 275.875,6,"[1, 0, 2, 0, 1, 1, 0, 0, 0, 1, 0, 1]",1,fMinor,Piano Sonata K576 iii D major.mid by Mozart.csv
273,276.0 to 276.9166667,15,"[2, 0, 1, 0, 1, 0, 0, 0, 1, 1, 0, 1]",4,cMinor,Piano Sonata K576 iii D major.mid by Mozart.csv
274,277.0 to 277.875,7,"[1, 0, 1, 0, 0, 1, 1, 1, 0, 1, 0, 1]",0,gMajor,Piano Sonata K576 iii D major.mid by Mozart.csv
275,278.0 to 278.875,18,"[2, 0, 0, 0, 1, 2, 0, 1, 0, 1, 0, 0]",4,fMajor,Piano Sonata K576 iii D major.mid by Mozart.csv
276,279.0 to 279.875,1,"[1, 0, 1, 0, 1, 1, 0, 3, 0, 0, 0, 1]",5,gMajor,Piano Sonata K576 iii D major.mid by Mozart.csv
277,280.0 to 280.0,0,"[2, 0, 0, 0, 0, 0, 0, 0, 0, 0, 0, 0]",4,cMajor,Piano Sonata K576 iii D major.mid by Mozart.csv
278,281.0 to 281.75,15,"[1, 0, 1, 0, 1, 0, 0, 1, 1, 0, 0, 1]",1,cMajor,Piano Sonata K576 iii D major.mid by Mozart.csv
279,282.0 to 282.75,2,"[1, 0, 0, 0, 1, 0, 0, 1, 0, 2, 0, 1]",0,cMinor,Piano Sonata K576 iii D major.mid by Mozart.csv
280,283.0 to 283.625,18,"[1, 0, 0, 0, 1, 2, 0, 1, 0, 1, 0, 0]",6,fMajor,Piano Sonata K576 iii D major.mid by Mozart.csv
281,284.0 to 284.875,15,"[2, 0, 1, 0, 1, 1, 0, 1, 0, 0, 0, 1]",4,cMajor,Piano Sonata K576 iii D major.mid by Mozart.csv
282,285.0 to 285.75,10,"[0, 0, 0, 0, 1, 0, 0, 2, 0, 0, 0, 0]",3,cMajor,Piano Sonata K576 iii D major.mid by Mozart.csv
283,286.0 to 286.75,10,"[1, 0, 0, 0, 1, 1, 0, 2, 0, 1, 0, 1]",5,cMajor,Piano Sonata K576 iii D major.mid by Mozart.csv
284,287.0 to 287.75,7,"[1, 0, 1, 0, 1, 1, 1, 0, 0, 1, 0, 0]",1,dMajor,Piano Sonata K576 iii D major.mid by Mozart.csv
285,288.0 to 288.5,15,"[1, 0, 1, 0, 1, 0, 0, 1, 0, 0, 0, 1]",1,cMajor,Piano Sonata K576 iii D major.mid by Mozart.csv
286,289.0 to 289.875,1,"[1, 0, 1, 0, 1, 1, 1, 2, 0, 0, 0, 1]",5,gMajor,Piano Sonata K576 iii D major.mid by Mozart.csv
287,290.0 to 290.875,15,"[1, 0, 1, 1, 2, 0, 0, 1, 0, 1, 0, 1]",5,gMinor,Piano Sonata K576 iii D major.mid by Mozart.csv
288,291.0 to 291.875,15,"[2, 0, 0, 0, 1, 1, 0, 1, 0, 1, 1, 1]",4,fMajor,Piano Sonata K576 iii D major.mid by Mozart.csv
289,292.0 to 292.625,15,"[2, 0, 1, 0, 1, 1, 0, 1, 0, 0, 0, 1]",4,cMajor,Piano Sonata K576 iii D major.mid by Mozart.csv
290,293.0 to 293.5,9,"[1, 0, 0, 0, 1, 0, 0, 1, 0, 0, 0, 0]",3,cMajor,Piano Sonata K576 iii D major.mid by Mozart.csv
291,294.0 to 294.75,18,"[1, 0, 1, 0, 0, 3, 0, 1, 0, 1, 0, 0]",6,fMajor,Piano Sonata K576 iii D major.mid by Mozart.csv
292,295.0 to 295.75,15,"[1, 0, 1, 0, 2, 0, 0, 1, 0, 0, 0, 1]",5,cMajor,Piano Sonata K576 iii D major.mid by Mozart.csv
293,296.0 to 296.875,13,"[3, 0, 0, 0, 2, 0, 0, 2, 0, 0, 0, 0]",7,cMajor,Piano Sonata K576 iii D major.mid by Mozart.csv
294,297.0 to 297.875,13,"[3, 0, 0, 0, 2, 0, 0, 2, 0, 0, 0, 0]",7,cMajor,Piano Sonata K576 iii D major.mid by Mozart.csv
295,298.0 to 298.875,6,"[1, 0, 2, 0, 0, 2, 0, 1, 0, 0, 0, 1]",9,b-Major,Piano Sonata K576 iii D major.mid by Mozart.csv
296,299.0 to 299.875,19,"[0, 0, 2, 0, 0, 2, 0, 0, 0, 0, 0, 3]",9,gMajor,Piano Sonata K576 iii D major.mid by Mozart.csv
297,300.0 to 300.875,13,"[2, 0, 0, 0, 3, 0, 0, 2, 0, 0, 0, 0]",7,cMajor,Piano Sonata K576 iii D major.mid by Mozart.csv
298,301.0 to 301.875,13,"[2, 0, 0, 0, 1, 0, 0, 2, 0, 0, 2, 0]",7,cMajor,Piano Sonata K576 iii D major.mid by Mozart.csv
299,302.0 to 302.875,17,"[0, 2, 0, 0, 1, 0, 0, 1, 0, 2, 0, 0]",3,aMajor,Piano Sonata K576 iii D major.mid by Mozart.csv
300,303.0 to 303.875,7,"[1, 0, 2, 0, 0, 0, 2, 0, 0, 1, 0, 0]",0,dMajor,Piano Sonata K576 iii D major.mid by Mozart.csv
301,304.0 to 304.875,1,"[0, 0, 1, 0, 0, 1, 0, 2, 0, 0, 0, 2]",2,gMajor,Piano Sonata K576 iii D major.mid by Mozart.csv
302,305.0 to 305.875,13,"[2, 0, 0, 0, 2, 0, 0, 1, 0, 0, 1, 0]",7,cMajor,Piano Sonata K576 iii D major.mid by Mozart.csv
303,306.0 to 306.875,10,"[1, 0, 0, 0, 1, 1, 0, 2, 0, 1, 0, 1]",5,cMajor,Piano Sonata K576 iii D major.mid by Mozart.csv
304,307.0 to 307.875,7,"[1, 0, 1, 0, 1, 1, 1, 0, 0, 1, 0, 0]",1,dMajor,Piano Sonata K576 iii D major.mid by Mozart.csv
305,308.0 to 308.875,1,"[0, 0, 1, 0, 0, 0, 0, 3, 0, 0, 0, 1]",2,gMajor,Piano Sonata K576 iii D major.mid by Mozart.csv
306,309.0 to 309.875,19,"[0, 0, 2, 0, 0, 0, 0, 1, 0, 0, 0, 1]",2,gMajor,Piano Sonata K576 iii D major.mid by Mozart.csv
307,310.0 to 310.875,13,"[3, 0, 0, 0, 1, 0, 0, 2, 0, 0, 0, 0]",7,cMajor,Piano Sonata K576 iii D major.mid by Mozart.csv
308,311.0 to 311.875,10,"[1, 0, 0, 0, 1, 0, 0, 2, 0, 0, 0, 0]",3,cMajor,Piano Sonata K576 iii D major.mid by Mozart.csv
309,312.0 to 312.875,1,"[0, 0, 2, 0, 0, 0, 0, 3, 0, 0, 0, 2]",2,gMajor,Piano Sonata K576 iii D major.mid by Mozart.csv
310,313.0 to 313.875,19,"[0, 0, 2, 0, 0, 0, 0, 1, 0, 0, 0, 1]",2,gMajor,Piano Sonata K576 iii D major.mid by Mozart.csv
311,314.0 to 314.875,0,"[3, 0, 0, 2, 0, 0, 0, 2, 0, 0, 0, 0]",4,e-Minor,Piano Sonata K576 iii D major.mid by Mozart.csv
312,315.0 to 315.875,10,"[1, 0, 0, 1, 0, 0, 0, 2, 0, 0, 0, 0]",3,e-Minor,Piano Sonata K576 iii D major.mid by Mozart.csv
313,316.0 to 316.875,1,"[0, 0, 1, 0, 0, 0, 0, 2, 0, 0, 0, 2]",2,gMajor,Piano Sonata K576 iii D major.mid by Mozart.csv
314,317.0 to 317.875,2,"[2, 0, 0, 0, 0, 0, 1, 1, 0, 2, 0, 0]",0,fMajor,Piano Sonata K576 iii D major.mid by Mozart.csv
315,318.0 to 318.875,19,"[0, 0, 2, 0, 0, 0, 0, 1, 0, 0, 0, 2]",2,gMajor,Piano Sonata K576 iii D major.mid by Mozart.csv
316,319.0 to 319.875,13,"[2, 0, 0, 0, 2, 0, 0, 1, 0, 0, 0, 1]",7,cMajor,Piano Sonata K576 iii D major.mid by Mozart.csv
317,320.0 to 320.875,1,"[1, 0, 1, 0, 1, 1, 0, 2, 0, 0, 0, 1]",5,cMajor,Piano Sonata K576 iii D major.mid by Mozart.csv
318,321.0 to 321.875,1,"[1, 0, 1, 0, 0, 1, 0, 2, 0, 1, 0, 1]",2,gMajor,Piano Sonata K576 iii D major.mid by Mozart.csv
319,322.0 to 322.875,1,"[0, 0, 1, 0, 0, 1, 0, 3, 0, 1, 0, 1]",2,gMajor,Piano Sonata K576 iii D major.mid by Mozart.csv
320,323.0 to 323.875,1,"[0, 0, 1, 0, 1, 1, 0, 3, 0, 0, 0, 1]",2,gMajor,Piano Sonata K576 iii D major.mid by Mozart.csv
321,324.0 to 324.875,9,"[1, 0, 1, 0, 1, 0, 0, 1, 0, 0, 0, 0]",1,cMajor,Piano Sonata K576 iii D major.mid by Mozart.csv
322,325.0 to 325.625,15,"[1, 0, 0, 0, 1, 0, 0, 1, 0, 0, 0, 1]",3,cMajor,Piano Sonata K576 iii D major.mid by Mozart.csv
323,326.0 to 326.75,6,"[0, 1, 1, 0, 0, 1, 0, 0, 0, 1, 0, 0]",6,fMinor,Piano Sonata K576 iii D major.mid by Mozart.csv
324,327.0 to 327.5,6,"[0, 0, 1, 0, 0, 1, 0, 0, 0, 1, 0, 0]",6,fMinor,Piano Sonata K576 iii D major.mid by Mozart.csv
325,328.0 to 328.875,5,"[0, 0, 1, 0, 1, 0, 0, 1, 0, 0, 0, 1]",3,gMajor,Piano Sonata K576 iii D major.mid by Mozart.csv
326,329.0 to 329.5,5,"[1, 0, 1, 0, 0, 0, 0, 1, 0, 0, 0, 1]",1,gMajor,Piano Sonata K576 iii D major.mid by Mozart.csv
327,330.0 to 330.75,9,"[1, 0, 0, 1, 1, 0, 0, 1, 0, 0, 0, 0]",3,cMajor,Piano Sonata K576 iii D major.mid by Mozart.csv
328,331.0 to 331.5,9,"[1, 0, 0, 0, 1, 0, 0, 1, 0, 0, 0, 0]",3,cMajor,Piano Sonata K576 iii D major.mid by Mozart.csv
329,332.0 to 332.875,10,"[0, 0, 1, 0, 1, 1, 0, 2, 0, 1, 0, 0]",5,cMajor,Piano Sonata K576 iii D major.mid by Mozart.csv
330,333.0 to 333.5,0,"[2, 0, 0, 0, 1, 0, 0, 1, 0, 0, 0, 0]",4,cMajor,Piano Sonata K576 iii D major.mid by Mozart.csv
331,334.0 to 334.875,10,"[0, 0, 1, 0, 2, 1, 0, 2, 0, 0, 0, 0]",5,cMajor,Piano Sonata K576 iii D major.mid by Mozart.csv
332,335.0 to 335.5,5,"[0, 0, 1, 0, 0, 1, 0, 1, 0, 0, 0, 1]",2,gMajor,Piano Sonata K576 iii D major.mid by Mozart.csv
333,336.0 to 336.5,9,"[1, 0, 0, 0, 1, 0, 0, 1, 0, 0, 0, 0]",3,cMajor,Piano Sonata K576 iii D major.mid by Mozart.csv
334,337.0 to 337.5,5,"[0, 0, 1, 0, 0, 0, 0, 1, 0, 0, 0, 1]",2,gMajor,Piano Sonata K576 iii D major.mid by Mozart.csv
335,338.0 to 338.875,5,"[1, 0, 1, 0, 0, 0, 0, 1, 0, 1, 0, 1]",0,gMajor,Piano Sonata K576 iii D major.mid by Mozart.csv
336,339.0 to 339.25,1,"[0, 0, 0, 0, 0, 0, 0, 2, 0, 0, 0, 1]",2,gMajor,Piano Sonata K576 iii D major.mid by Mozart.csv
337,340.0 to 340.875,15,"[2, 0, 2, 0, 1, 0, 0, 0, 0, 0, 0, 1]",1,cMajor,Piano Sonata K576 iii D major.mid by Mozart.csv
338,341.0 to 341.875,15,"[2, 0, 0, 0, 0, 0, 0, 1, 0, 1, 0, 2]",4,cMajor,Piano Sonata K576 iii D major.mid by Mozart.csv
339,342.0 to 342.875,17,"[0, 1, 1, 0, 1, 1, 0, 1, 0, 1, 0, 0]",6,aMajor,Piano Sonata K576 iii D major.mid by Mozart.csv
340,343.0 to 343.875,6,"[1, 0, 2, 0, 1, 1, 0, 0, 0, 0, 0, 0]",1,b-Major,Piano Sonata K576 iii D major.mid by Mozart.csv
341,344.0 to 344.875,12,"[1, 0, 2, 0, 1, 0, 0, 0, 0, 1, 0, 1]",1,dMajor,Piano Sonata K576 iii D major.mid by Mozart.csv
342,345.0 to 345.875,6,"[1, 0, 2, 0, 1, 1, 0, 1, 0, 1, 0, 0]",5,fMinor,Piano Sonata K576 iii D major.mid by Mozart.csv
343,346.0 to 346.875,8,"[1, 0, 0, 1, 2, 1, 0, 1, 0, 1, 0, 1]",5,gMinor,Piano Sonata K576 iii D major.mid by Mozart.csv
344,347.0 to 347.875,8,"[1, 0, 1, 0, 2, 1, 0, 1, 0, 1, 0, 0]",5,cMajor,Piano Sonata K576 iii D major.mid by Mozart.csv
345,348.0 to 348.875,13,"[2, 0, 1, 0, 2, 0, 0, 1, 0, 0, 1, 0]",7,cMajor,Piano Sonata K576 iii D major.mid by Mozart.csv
346,349.0 to 349.875,2,"[1, 0, 0, 0, 1, 1, 0, 0, 0, 2, 0, 0]",6,fMajor,Piano Sonata K576 iii D major.mid by Mozart.csv
347,350.0 to 350.875,1,"[0, 0, 1, 0, 0, 1, 0, 2, 0, 1, 0, 2]",2,gMajor,Piano Sonata K576 iii D major.mid by Mozart.csv
348,351.0 to 351.875,8,"[1, 0, 0, 0, 2, 1, 0, 1, 0, 1, 0, 1]",5,cMajor,Piano Sonata K576 iii D major.mid by Mozart.csv
349,352.0 to 352.875,18,"[0, 1, 1, 0, 0, 3, 0, 0, 0, 1, 0, 0]",6,fMinor,Piano Sonata K576 iii D major.mid by Mozart.csv
350,353.0 to 353.875,19,"[1, 0, 2, 0, 2, 1, 0, 2, 0, 0, 0, 1]",5,cMajor,Piano Sonata K576 iii D major.mid by Mozart.csv
351,354.0 to 354.875,13,"[3, 0, 0, 0, 2, 0, 0, 2, 0, 0, 0, 0]",7,cMajor,Piano Sonata K576 iii D major.mid by Mozart.csv
352,355.0 to 355.875,13,"[2, 0, 0, 0, 2, 1, 0, 2, 0, 1, 0, 1]",7,cMajor,Piano Sonata K576 iii D major.mid by Mozart.csv
353,356.0 to 356.875,18,"[1, 0, 2, 0, 0, 2, 0, 0, 0, 2, 0, 0]",6,fMinor,Piano Sonata K576 iii D major.mid by Mozart.csv
354,357.0 to 357.875,6,"[2, 0, 2, 0, 1, 2, 0, 1, 0, 1, 0, 0]",5,fMajor,Piano Sonata K576 iii D major.mid by Mozart.csv
355,358.0 to 358.875,13,"[2, 0, 0, 0, 2, 0, 0, 3, 0, 0, 0, 0]",7,cMajor,Piano Sonata K576 iii D major.mid by Mozart.csv
356,359.0 to 359.875,19,"[0, 0, 2, 0, 0, 2, 0, 2, 0, 0, 0, 1]",9,gMajor,Piano Sonata K576 iii D major.mid by Mozart.csv
357,360.0 to 360.875,13,"[3, 0, 0, 0, 2, 0, 0, 2, 0, 0, 0, 0]",7,cMajor,Piano Sonata K576 iii D major.mid by Mozart.csv
358,361.0 to 361.875,13,"[2, 0, 0, 0, 2, 1, 0, 2, 0, 1, 0, 1]",7,cMajor,Piano Sonata K576 iii D major.mid by Mozart.csv
359,362.0 to 362.875,18,"[1, 0, 2, 0, 0, 2, 0, 0, 0, 2, 0, 0]",6,fMinor,Piano Sonata K576 iii D major.mid by Mozart.csv
360,363.0 to 363.875,6,"[2, 0, 2, 0, 1, 2, 0, 1, 0, 1, 0, 0]",5,fMajor,Piano Sonata K576 iii D major.mid by Mozart.csv
361,364.0 to 364.875,13,"[2, 0, 0, 0, 2, 0, 0, 3, 0, 0, 0, 0]",7,cMajor,Piano Sonata K576 iii D major.mid by Mozart.csv
362,365.0 to 365.875,19,"[0, 0, 2, 0, 0, 2, 0, 2, 0, 0, 0, 1]",9,gMajor,Piano Sonata K576 iii D major.mid by Mozart.csv
363,366.0 to 366.875,0,"[3, 0, 0, 0, 0, 0, 0, 0, 0, 0, 0, 1]",4,cMajor,Piano Sonata K576 iii D major.mid by Mozart.csv
364,367.0 to 367.875,2,"[2, 0, 0, 0, 0, 1, 0, 0, 0, 1, 0, 1]",4,fMajor,Piano Sonata K576 iii D major.mid by Mozart.csv
365,368.0 to 368.875,15,"[2, 0, 0, 0, 1, 0, 0, 1, 0, 0, 0, 1]",4,cMajor,Piano Sonata K576 iii D major.mid by Mozart.csv
366,369.0 to 369.875,15,"[2, 0, 0, 0, 0, 1, 0, 0, 0, 0, 0, 2]",4,fMajor,Piano Sonata K576 iii D major.mid by Mozart.csv
367,370.0 to 370.875,0,"[3, 0, 0, 0, 1, 0, 0, 0, 0, 0, 0, 1]",4,cMajor,Piano Sonata K576 iii D major.mid by Mozart.csv
368,371.0 to 371.875,2,"[2, 0, 0, 0, 0, 1, 0, 0, 0, 1, 0, 1]",4,fMajor,Piano Sonata K576 iii D major.mid by Mozart.csv
369,372.0 to 372.875,15,"[2, 0, 0, 0, 1, 0, 0, 1, 0, 0, 0, 1]",4,cMajor,Piano Sonata K576 iii D major.mid by Mozart.csv
370,373.0 to 373.875,15,"[2, 0, 0, 0, 0, 1, 0, 0, 0, 0, 0, 2]",4,fMajor,Piano Sonata K576 iii D major.mid by Mozart.csv
371,374.0 to 374.0,0,"[2, 0, 0, 0, 1, 0, 0, 0, 0, 0, 0, 0]",4,cMajor,Piano Sonata K576 iii D major.mid by Mozart.csv
372,375.0 to 375.0,9,"[1, 0, 0, 0, 1, 0, 0, 1, 0, 0, 0, 0]",3,cMajor,Piano Sonata K576 iii D major.mid by Mozart.csv
373,376.0 to 376.0,0,"[2, 0, 0, 0, 1, 0, 0, 0, 0, 0, 0, 0]",4,cMajor,Piano Sonata K576 iii D major.mid by Mozart.csv
