index,offsetRange,CentroidLabelIndex_entireUnits,"[C,C#,D,E-,E,F,F#,G,G#,A,B-,B]",CentroidLabelIndex_individualUnit,triadLabel,filename
0,3.0 to 3.875,6,"[1, 0, 1, 0, 1, 1, 0, 0, 0, 0, 0, 0]",2,cMajor,Piano Sonata K309 ii F major.mid by Mozart.csv
1,4.0 to 4.75,13,"[1, 0, 0, 0, 2, 0, 0, 2, 0, 0, 0, 0]",5,cMajor,Piano Sonata K309 ii F major.mid by Mozart.csv
2,5.0 to 5.0,0,"[2, 0, 0, 0, 1, 0, 0, 0, 0, 0, 0, 0]",1,cMajor,Piano Sonata K309 ii F major.mid by Mozart.csv
3,6.0 to 6.875,5,"[0, 0, 0, 0, 0, 1, 0, 1, 0, 1, 0, 1]",4,fMajor,Piano Sonata K309 ii F major.mid by Mozart.csv
4,7.0 to 7.75,13,"[2, 0, 0, 0, 1, 0, 0, 2, 0, 0, 0, 0]",1,cMajor,Piano Sonata K309 ii F major.mid by Mozart.csv
5,8.0 to 8.0,8,"[0, 0, 0, 0, 2, 0, 0, 1, 0, 0, 0, 0]",5,cMajor,Piano Sonata K309 ii F major.mid by Mozart.csv
6,9.0 to 9.875,5,"[1, 0, 1, 0, 0, 0, 0, 1, 0, 0, 0, 1]",0,gMajor,Piano Sonata K309 ii F major.mid by Mozart.csv
7,10.0 to 10.875,15,"[1, 0, 1, 0, 1, 0, 0, 0, 0, 0, 0, 1]",2,eMajor,Piano Sonata K309 ii F major.mid by Mozart.csv
8,11.0 to 11.875,13,"[2, 0, 0, 0, 2, 0, 0, 1, 0, 1, 0, 0]",1,cMajor,Piano Sonata K309 ii F major.mid by Mozart.csv
9,12.0 to 12.875,1,"[0, 0, 1, 0, 1, 1, 0, 2, 0, 1, 0, 1]",4,gMajor,Piano Sonata K309 ii F major.mid by Mozart.csv
10,13.0 to 13.33333333,0,"[2, 0, 0, 0, 1, 0, 0, 0, 0, 0, 0, 0]",1,cMajor,Piano Sonata K309 ii F major.mid by Mozart.csv
11,14.0 to 14.75,16,"[0, 0, 0, 0, 1, 1, 1, 1, 0, 0, 0, 0]",7,cMajor,Piano Sonata K309 ii F major.mid by Mozart.csv
12,15.0 to 15.875,9,"[1, 0, 1, 0, 1, 0, 0, 1, 0, 0, 0, 0]",1,cMajor,Piano Sonata K309 ii F major.mid by Mozart.csv
13,16.0 to 16.83333333,5,"[0, 0, 1, 0, 0, 1, 0, 1, 0, 0, 0, 2]",0,gMajor,Piano Sonata K309 ii F major.mid by Mozart.csv
14,17.0 to 17.83333333,15,"[2, 0, 1, 0, 1, 0, 0, 0, 0, 1, 0, 1]",8,cMinor,Piano Sonata K309 ii F major.mid by Mozart.csv
15,18.0 to 18.875,17,"[0, 0, 1, 0, 0, 0, 0, 1, 0, 2, 0, 0]",3,dMajor,Piano Sonata K309 ii F major.mid by Mozart.csv
16,19.0 to 19.83333333,3,"[1, 0, 0, 0, 0, 1, 1, 0, 1, 0, 0, 0]",2,g#Minor,Piano Sonata K309 ii F major.mid by Mozart.csv
17,20.0 to 20.83333333,5,"[1, 0, 1, 0, 0, 2, 0, 1, 0, 0, 0, 2]",4,gMajor,Piano Sonata K309 ii F major.mid by Mozart.csv
18,21.0 to 21.875,8,"[1, 0, 1, 0, 2, 1, 0, 1, 0, 0, 0, 0]",6,cMajor,Piano Sonata K309 ii F major.mid by Mozart.csv
19,22.0 to 22.75,10,"[1, 0, 0, 0, 1, 0, 0, 2, 0, 0, 0, 0]",5,cMajor,Piano Sonata K309 ii F major.mid by Mozart.csv
20,23.0 to 23.83333333,18,"[1, 0, 0, 0, 0, 2, 0, 1, 0, 2, 0, 1]",4,fMajor,Piano Sonata K309 ii F major.mid by Mozart.csv
21,24.0 to 24.875,9,"[1, 0, 0, 0, 1, 1, 0, 1, 0, 0, 0, 0]",1,cMajor,Piano Sonata K309 ii F major.mid by Mozart.csv
22,25.0 to 25.66666667,4,"[0, 0, 1, 0, 0, 1, 0, 0, 0, 0, 0, 1]",2,gMajor,Piano Sonata K309 ii F major.mid by Mozart.csv
23,26.0 to 26.5,12,"[0, 0, 1, 0, 1, 0, 0, 0, 0, 0, 0, 0]",2,cMajor,Piano Sonata K309 ii F major.mid by Mozart.csv
24,27.0 to 27.875,0,"[2, 0, 1, 0, 1, 1, 0, 0, 0, 0, 0, 0]",1,cMajor,Piano Sonata K309 ii F major.mid by Mozart.csv
25,28.0 to 28.75,13,"[1, 0, 0, 0, 2, 0, 0, 2, 0, 0, 0, 0]",5,cMajor,Piano Sonata K309 ii F major.mid by Mozart.csv
26,29.0 to 29.0,0,"[2, 0, 0, 0, 1, 0, 0, 0, 0, 0, 0, 0]",1,cMajor,Piano Sonata K309 ii F major.mid by Mozart.csv
27,30.0 to 30.875,5,"[0, 0, 0, 0, 0, 1, 0, 1, 0, 1, 0, 1]",4,fMajor,Piano Sonata K309 ii F major.mid by Mozart.csv
28,31.0 to 31.75,13,"[2, 0, 0, 0, 1, 0, 0, 2, 0, 0, 0, 0]",1,cMajor,Piano Sonata K309 ii F major.mid by Mozart.csv
29,32.0 to 32.0,8,"[0, 0, 0, 0, 2, 0, 0, 1, 0, 0, 0, 0]",5,cMajor,Piano Sonata K309 ii F major.mid by Mozart.csv
30,33.0 to 33.875,6,"[0, 0, 1, 0, 1, 1, 0, 1, 0, 0, 0, 0]",2,cMajor,Piano Sonata K309 ii F major.mid by Mozart.csv
31,34.0 to 34.875,15,"[1, 0, 2, 0, 2, 1, 0, 1, 0, 0, 0, 1]",6,cMajor,Piano Sonata K309 ii F major.mid by Mozart.csv
32,35.0 to 35.875,17,"[1, 1, 0, 0, 1, 0, 0, 1, 0, 1, 0, 0]",1,cMajor,Piano Sonata K309 ii F major.mid by Mozart.csv
33,36.0 to 36.875,5,"[0, 0, 1, 0, 1, 1, 0, 1, 0, 0, 0, 1]",4,gMinor,Piano Sonata K309 ii F major.mid by Mozart.csv
34,37.0 to 37.0,9,"[1, 0, 0, 0, 1, 0, 0, 0, 0, 0, 0, 0]",1,cMajor,Piano Sonata K309 ii F major.mid by Mozart.csv
35,38.0 to 38.75,16,"[0, 0, 0, 0, 1, 1, 1, 1, 0, 0, 0, 0]",7,cMajor,Piano Sonata K309 ii F major.mid by Mozart.csv
36,39.0 to 39.875,9,"[1, 0, 1, 0, 1, 0, 0, 1, 0, 0, 0, 0]",1,cMajor,Piano Sonata K309 ii F major.mid by Mozart.csv
37,40.0 to 40.75,5,"[0, 0, 1, 0, 0, 0, 0, 1, 0, 0, 0, 2]",0,gMajor,Piano Sonata K309 ii F major.mid by Mozart.csv
38,41.0 to 41.75,4,"[1, 0, 1, 0, 0, 0, 0, 0, 0, 1, 0, 1]",3,gMajor,Piano Sonata K309 ii F major.mid by Mozart.csv
39,42.0 to 42.5,1,"[0, 0, 1, 0, 0, 1, 1, 2, 0, 1, 0, 1]",4,gMajor,Piano Sonata K309 ii F major.mid by Mozart.csv
40,43.75 to 43.75,4,"[0, 0, 1, 0, 0, 0, 0, 0, 0, 0, 0, 1]",2,gMajor,Piano Sonata K309 ii F major.mid by Mozart.csv
41,44.0 to 44.875,6,"[1, 0, 2, 0, 1, 1, 0, 1, 0, 0, 0, 0]",6,cMajor,Piano Sonata K309 ii F major.mid by Mozart.csv
42,45.0 to 45.75,18,"[1, 0, 0, 0, 1, 2, 0, 1, 0, 1, 0, 0]",7,fMajor,Piano Sonata K309 ii F major.mid by Mozart.csv
43,46.0 to 46.0,9,"[1, 0, 0, 0, 1, 0, 0, 1, 0, 0, 0, 0]",1,cMajor,Piano Sonata K309 ii F major.mid by Mozart.csv
44,47.0 to 47.75,6,"[1, 0, 1, 0, 0, 1, 0, 1, 0, 0, 0, 0]",2,cMajor,Piano Sonata K309 ii F major.mid by Mozart.csv
45,48.0 to 48.66666667,6,"[1, 0, 1, 0, 0, 1, 0, 0, 0, 0, 0, 0]",2,fMajor,Piano Sonata K309 ii F major.mid by Mozart.csv
46,49.0 to 49.5,10,"[1, 0, 0, 0, 1, 0, 0, 2, 0, 0, 0, 0]",5,cMajor,Piano Sonata K309 ii F major.mid by Mozart.csv
47,50.0 to 50.5,10,"[0, 0, 0, 0, 2, 0, 0, 2, 0, 0, 0, 0]",5,cMajor,Piano Sonata K309 ii F major.mid by Mozart.csv
48,51.0 to 51.875,0,"[2, 0, 1, 0, 1, 1, 0, 0, 0, 0, 0, 0]",1,cMajor,Piano Sonata K309 ii F major.mid by Mozart.csv
49,52.0 to 52.75,13,"[1, 0, 0, 0, 2, 0, 0, 2, 0, 0, 0, 0]",5,cMajor,Piano Sonata K309 ii F major.mid by Mozart.csv
50,53.0 to 53.0,0,"[2, 0, 0, 0, 1, 0, 0, 0, 0, 0, 0, 0]",1,cMajor,Piano Sonata K309 ii F major.mid by Mozart.csv
51,54.0 to 54.875,5,"[0, 0, 0, 0, 0, 1, 0, 1, 0, 1, 0, 1]",4,fMajor,Piano Sonata K309 ii F major.mid by Mozart.csv
52,55.0 to 55.75,13,"[2, 0, 0, 0, 1, 0, 0, 2, 0, 0, 0, 0]",1,cMajor,Piano Sonata K309 ii F major.mid by Mozart.csv
53,56.0 to 56.0,8,"[0, 0, 0, 0, 2, 0, 0, 1, 0, 0, 0, 0]",5,cMajor,Piano Sonata K309 ii F major.mid by Mozart.csv
54,57.0 to 57.875,5,"[1, 0, 1, 0, 0, 0, 0, 1, 0, 0, 0, 1]",0,gMajor,Piano Sonata K309 ii F major.mid by Mozart.csv
55,58.0 to 58.875,15,"[1, 0, 1, 0, 1, 0, 0, 0, 0, 0, 0, 1]",2,eMajor,Piano Sonata K309 ii F major.mid by Mozart.csv
56,59.0 to 59.875,10,"[1, 0, 0, 0, 1, 1, 0, 2, 0, 1, 0, 1]",4,cMajor,Piano Sonata K309 ii F major.mid by Mozart.csv
57,60.0 to 60.83333333,1,"[0, 0, 1, 0, 0, 1, 1, 2, 0, 0, 0, 1]",4,gMajor,Piano Sonata K309 ii F major.mid by Mozart.csv
58,61.0 to 61.33333333,9,"[1, 0, 0, 0, 1, 0, 0, 1, 0, 0, 0, 0]",1,cMajor,Piano Sonata K309 ii F major.mid by Mozart.csv
59,62.0 to 62.875,16,"[0, 0, 0, 0, 1, 1, 1, 1, 0, 0, 0, 0]",7,cMajor,Piano Sonata K309 ii F major.mid by Mozart.csv
60,63.0 to 63.875,0,"[2, 0, 1, 0, 1, 0, 0, 1, 0, 0, 0, 0]",1,cMajor,Piano Sonata K309 ii F major.mid by Mozart.csv
61,64.0 to 64.875,1,"[0, 0, 1, 0, 0, 1, 0, 2, 0, 0, 0, 2]",0,gMajor,Piano Sonata K309 ii F major.mid by Mozart.csv
62,65.0 to 65.875,15,"[2, 0, 1, 0, 1, 0, 0, 1, 0, 1, 0, 1]",8,cMajor,Piano Sonata K309 ii F major.mid by Mozart.csv
63,66.0 to 66.875,17,"[0, 0, 1, 0, 0, 0, 0, 1, 0, 2, 0, 0]",3,dMajor,Piano Sonata K309 ii F major.mid by Mozart.csv
64,67.0 to 67.83333333,3,"[1, 0, 0, 0, 0, 1, 1, 0, 1, 0, 0, 0]",2,g#Minor,Piano Sonata K309 ii F major.mid by Mozart.csv
65,68.0 to 68.875,15,"[1, 0, 1, 0, 1, 2, 0, 1, 0, 0, 0, 2]",4,gMajor,Piano Sonata K309 ii F major.mid by Mozart.csv
66,69.0 to 69.875,15,"[1, 0, 1, 0, 2, 1, 0, 1, 0, 0, 0, 1]",6,cMajor,Piano Sonata K309 ii F major.mid by Mozart.csv
67,70.0 to 70.875,15,"[2, 0, 0, 0, 1, 0, 0, 1, 0, 0, 1, 1]",1,cMajor,Piano Sonata K309 ii F major.mid by Mozart.csv
68,71.0 to 71.83333333,18,"[1, 0, 0, 0, 0, 2, 0, 1, 1, 1, 0, 0]",7,fMajor,Piano Sonata K309 ii F major.mid by Mozart.csv
69,72.0 to 72.875,9,"[1, 0, 0, 0, 1, 1, 0, 1, 0, 0, 0, 0]",1,cMajor,Piano Sonata K309 ii F major.mid by Mozart.csv
70,73.0 to 73.75,5,"[0, 0, 1, 0, 0, 1, 0, 1, 0, 0, 0, 1]",4,gMajor,Piano Sonata K309 ii F major.mid by Mozart.csv
71,74.0 to 74.75,6,"[0, 0, 1, 0, 1, 1, 0, 0, 0, 0, 0, 0]",2,b-Major,Piano Sonata K309 ii F major.mid by Mozart.csv
72,75.0 to 75.875,0,"[2, 0, 1, 0, 1, 1, 0, 0, 0, 0, 0, 0]",1,cMajor,Piano Sonata K309 ii F major.mid by Mozart.csv
73,76.0 to 76.875,8,"[1, 0, 0, 0, 2, 0, 1, 1, 0, 0, 0, 0]",5,cMajor,Piano Sonata K309 ii F major.mid by Mozart.csv
74,77.0 to 77.0,0,"[2, 0, 0, 0, 1, 0, 0, 0, 0, 0, 0, 0]",1,cMajor,Piano Sonata K309 ii F major.mid by Mozart.csv
75,78.0 to 78.875,5,"[0, 0, 0, 0, 0, 1, 0, 1, 0, 1, 0, 1]",4,fMajor,Piano Sonata K309 ii F major.mid by Mozart.csv
76,79.0 to 79.875,10,"[1, 0, 0, 0, 1, 0, 0, 2, 0, 0, 0, 1]",9,gMinor,Piano Sonata K309 ii F major.mid by Mozart.csv
77,80.0 to 80.0,8,"[0, 0, 0, 0, 2, 0, 0, 1, 0, 0, 0, 0]",5,cMajor,Piano Sonata K309 ii F major.mid by Mozart.csv
78,81.0 to 81.875,6,"[0, 0, 1, 0, 1, 1, 0, 1, 0, 0, 0, 0]",2,cMajor,Piano Sonata K309 ii F major.mid by Mozart.csv
79,82.0 to 82.875,15,"[1, 0, 2, 0, 2, 1, 0, 1, 0, 0, 0, 1]",6,cMajor,Piano Sonata K309 ii F major.mid by Mozart.csv
80,83.0 to 83.875,15,"[2, 0, 1, 0, 2, 0, 0, 1, 0, 1, 0, 1]",6,cMajor,Piano Sonata K309 ii F major.mid by Mozart.csv
81,84.0 to 84.875,19,"[0, 0, 2, 0, 0, 1, 0, 1, 0, 0, 0, 1]",4,gMajor,Piano Sonata K309 ii F major.mid by Mozart.csv
82,85.0 to 85.0,9,"[1, 0, 0, 0, 1, 0, 0, 0, 0, 0, 0, 0]",1,cMajor,Piano Sonata K309 ii F major.mid by Mozart.csv
83,86.0 to 86.875,16,"[0, 0, 0, 0, 1, 1, 1, 1, 1, 1, 0, 0]",7,cMajor,Piano Sonata K309 ii F major.mid by Mozart.csv
84,87.0 to 87.875,9,"[1, 0, 1, 0, 1, 0, 0, 1, 0, 0, 0, 0]",1,cMajor,Piano Sonata K309 ii F major.mid by Mozart.csv
85,88.0 to 88.75,5,"[0, 0, 1, 0, 0, 0, 0, 1, 0, 0, 0, 2]",0,gMajor,Piano Sonata K309 ii F major.mid by Mozart.csv
86,89.0 to 89.875,4,"[1, 1, 1, 0, 0, 0, 0, 0, 0, 1, 1, 1]",3,dMajor,Piano Sonata K309 ii F major.mid by Mozart.csv
87,90.0 to 90.5,19,"[0, 0, 2, 0, 0, 1, 0, 2, 0, 1, 0, 1]",4,gMajor,Piano Sonata K309 ii F major.mid by Mozart.csv
88,91.75 to 91.75,4,"[0, 0, 1, 0, 0, 0, 0, 0, 0, 0, 0, 1]",2,gMajor,Piano Sonata K309 ii F major.mid by Mozart.csv
89,92.0 to 92.875,6,"[1, 0, 2, 0, 1, 1, 0, 0, 0, 0, 0, 0]",2,b-Major,Piano Sonata K309 ii F major.mid by Mozart.csv
90,93.0 to 93.875,18,"[0, 0, 0, 0, 1, 2, 0, 1, 0, 1, 0, 0]",7,fMajor,Piano Sonata K309 ii F major.mid by Mozart.csv
91,94.0 to 94.875,9,"[1, 0, 0, 0, 1, 0, 0, 1, 0, 0, 0, 0]",1,cMajor,Piano Sonata K309 ii F major.mid by Mozart.csv
92,95.0 to 95.75,5,"[1, 0, 1, 0, 0, 1, 0, 1, 0, 0, 0, 1]",4,gMajor,Piano Sonata K309 ii F major.mid by Mozart.csv
93,96.0 to 96.0,4,"[1, 0, 1, 0, 0, 1, 0, 0, 0, 0, 0, 1]",2,gMajor,Piano Sonata K309 ii F major.mid by Mozart.csv
94,97.0 to 97.5,0,"[2, 0, 0, 0, 1, 0, 0, 0, 0, 0, 0, 0]",1,cMajor,Piano Sonata K309 ii F major.mid by Mozart.csv
95,98.0 to 98.5,4,"[0, 0, 0, 0, 0, 0, 0, 0, 0, 2, 0, 2]",3,dMajor,Piano Sonata K309 ii F major.mid by Mozart.csv
96,99.0 to 99.75,1,"[0, 0, 1, 0, 0, 0, 0, 3, 0, 0, 0, 2]",0,gMajor,Piano Sonata K309 ii F major.mid by Mozart.csv
97,100.0 to 100.6666667,5,"[0, 0, 1, 0, 0, 0, 0, 1, 0, 0, 0, 1]",0,gMajor,Piano Sonata K309 ii F major.mid by Mozart.csv
98,101.0 to 101.8333333,5,"[0, 1, 1, 0, 1, 0, 0, 1, 0, 0, 0, 1]",0,gMajor,Piano Sonata K309 ii F major.mid by Mozart.csv
99,102.0 to 102.6666667,2,"[1, 0, 0, 0, 0, 0, 0, 1, 0, 1, 0, 0]",3,cMajor,Piano Sonata K309 ii F major.mid by Mozart.csv
100,103.0 to 103.5,7,"[1, 0, 0, 0, 0, 0, 1, 0, 0, 1, 0, 0]",3,dMajor,Piano Sonata K309 ii F major.mid by Mozart.csv
101,104.0 to 104.8333333,2,"[2, 0, 0, 0, 0, 1, 1, 0, 0, 2, 0, 0]",3,fMajor,Piano Sonata K309 ii F major.mid by Mozart.csv
102,105.0 to 105.8333333,7,"[0, 0, 1, 0, 0, 0, 2, 0, 0, 1, 0, 0]",3,dMajor,Piano Sonata K309 ii F major.mid by Mozart.csv
103,106.0 to 106.8333333,7,"[1, 0, 2, 0, 0, 0, 2, 0, 0, 1, 0, 0]",3,dMajor,Piano Sonata K309 ii F major.mid by Mozart.csv
104,107.0 to 107.8333333,12,"[1, 1, 2, 0, 1, 0, 1, 0, 0, 0, 0, 0]",2,dMajor,Piano Sonata K309 ii F major.mid by Mozart.csv
105,108.0 to 108.6666667,10,"[0, 0, 0, 0, 0, 0, 0, 2, 0, 0, 1, 0]",9,e-Major,Piano Sonata K309 ii F major.mid by Mozart.csv
106,109.0 to 109.5,1,"[0, 0, 0, 0, 0, 0, 0, 2, 0, 0, 0, 1]",9,gMajor,Piano Sonata K309 ii F major.mid by Mozart.csv
107,110.0 to 110.8333333,1,"[0, 0, 1, 0, 0, 0, 0, 2, 0, 0, 0, 3]",0,gMajor,Piano Sonata K309 ii F major.mid by Mozart.csv
108,111.0 to 111.875,1,"[2, 0, 0, 0, 0, 0, 0, 2, 0, 1, 0, 1]",9,cMajor,Piano Sonata K309 ii F major.mid by Mozart.csv
109,112.0 to 112.8333333,10,"[1, 1, 0, 0, 0, 0, 0, 2, 0, 1, 1, 0]",9,cMajor,Piano Sonata K309 ii F major.mid by Mozart.csv
110,113.0 to 113.8333333,19,"[0, 0, 3, 0, 0, 0, 0, 2, 0, 0, 0, 1]",0,gMajor,Piano Sonata K309 ii F major.mid by Mozart.csv
111,114.0 to 114.8333333,13,"[1, 0, 0, 1, 2, 0, 0, 2, 0, 0, 0, 0]",5,cMajor,Piano Sonata K309 ii F major.mid by Mozart.csv
112,115.0 to 115.8333333,13,"[1, 0, 0, 0, 2, 0, 0, 2, 0, 0, 0, 0]",5,cMajor,Piano Sonata K309 ii F major.mid by Mozart.csv
113,116.0 to 116.8333333,5,"[0, 0, 1, 0, 0, 1, 0, 1, 0, 0, 0, 3]",0,gMajor,Piano Sonata K309 ii F major.mid by Mozart.csv
114,117.0 to 117.8333333,2,"[1, 0, 1, 0, 1, 0, 0, 1, 0, 2, 0, 1]",8,cMinor,Piano Sonata K309 ii F major.mid by Mozart.csv
115,118.0 to 118.0,5,"[0, 0, 1, 0, 0, 0, 0, 1, 0, 0, 0, 1]",0,gMajor,Piano Sonata K309 ii F major.mid by Mozart.csv
116,119.0 to 119.75,7,"[1, 0, 1, 0, 0, 0, 1, 1, 0, 1, 0, 0]",3,dMajor,Piano Sonata K309 ii F major.mid by Mozart.csv
117,120.0 to 120.5,1,"[0, 0, 0, 0, 0, 0, 0, 3, 0, 0, 0, 1]",9,gMajor,Piano Sonata K309 ii F major.mid by Mozart.csv
118,121.0 to 121.5,10,"[0, 0, 0, 0, 0, 1, 0, 2, 0, 0, 0, 0]",9,cMajor,Piano Sonata K309 ii F major.mid by Mozart.csv
119,122.0 to 122.8333333,9,"[0, 0, 1, 0, 1, 0, 0, 1, 1, 0, 0, 0]",2,cMajor,Piano Sonata K309 ii F major.mid by Mozart.csv
120,123.0 to 123.6666667,17,"[0, 1, 0, 0, 0, 0, 0, 1, 0, 2, 0, 0]",3,aMajor,Piano Sonata K309 ii F major.mid by Mozart.csv
121,124.0 to 124.875,18,"[0, 1, 0, 0, 1, 2, 0, 0, 0, 1, 0, 1]",7,c#Major,Piano Sonata K309 ii F major.mid by Mozart.csv
122,125.0 to 125.8333333,6,"[1, 0, 2, 0, 0, 1, 0, 0, 0, 1, 0, 0]",2,fMinor,Piano Sonata K309 ii F major.mid by Mozart.csv
123,126.0 to 126.6666667,1,"[0, 0, 0, 0, 0, 1, 0, 2, 0, 0, 0, 1]",9,gMajor,Piano Sonata K309 ii F major.mid by Mozart.csv
124,127.0 to 127.875,8,"[0, 0, 1, 0, 2, 0, 0, 1, 0, 1, 0, 1]",6,gMinor,Piano Sonata K309 ii F major.mid by Mozart.csv
125,128.0 to 128.8333333,15,"[2, 0, 0, 0, 1, 0, 0, 1, 0, 0, 0, 1]",1,cMajor,Piano Sonata K309 ii F major.mid by Mozart.csv
126,129.0 to 129.75,6,"[0, 1, 1, 0, 1, 1, 0, 0, 0, 1, 0, 0]",2,aMajor,Piano Sonata K309 ii F major.mid by Mozart.csv
127,130.0 to 130.75,1,"[0, 0, 1, 0, 0, 1, 0, 2, 0, 0, 0, 2]",0,gMajor,Piano Sonata K309 ii F major.mid by Mozart.csv
128,131.0 to 131.5,18,"[0, 1, 1, 0, 1, 2, 0, 1, 0, 1, 0, 0]",7,fMinor,Piano Sonata K309 ii F major.mid by Mozart.csv
129,132.0 to 132.6666667,10,"[1, 0, 0, 0, 1, 0, 0, 2, 0, 0, 0, 0]",5,cMajor,Piano Sonata K309 ii F major.mid by Mozart.csv
130,133.0 to 133.75,1,"[0, 0, 1, 0, 0, 2, 0, 2, 0, 0, 0, 1]",4,gMajor,Piano Sonata K309 ii F major.mid by Mozart.csv
131,134.0 to 134.75,12,"[0, 0, 2, 0, 2, 0, 0, 0, 0, 0, 0, 0]",2,cMajor,Piano Sonata K309 ii F major.mid by Mozart.csv
132,135.0 to 135.625,0,"[3, 0, 1, 0, 1, 1, 0, 0, 0, 0, 0, 0]",1,cMajor,Piano Sonata K309 ii F major.mid by Mozart.csv
133,136.0 to 136.875,8,"[1, 0, 1, 0, 2, 1, 0, 1, 0, 0, 0, 0]",6,cMajor,Piano Sonata K309 ii F major.mid by Mozart.csv
134,137.0 to 137.0,0,"[2, 0, 0, 0, 1, 0, 0, 0, 0, 0, 0, 0]",1,cMajor,Piano Sonata K309 ii F major.mid by Mozart.csv
135,138.0 to 138.625,5,"[0, 0, 0, 0, 0, 1, 0, 1, 0, 1, 0, 1]",4,fMajor,Piano Sonata K309 ii F major.mid by Mozart.csv
136,139.0 to 139.875,10,"[1, 0, 0, 0, 1, 1, 0, 2, 0, 1, 0, 1]",4,cMajor,Piano Sonata K309 ii F major.mid by Mozart.csv
137,140.0 to 140.0,8,"[0, 0, 0, 0, 2, 0, 0, 1, 0, 0, 0, 0]",5,cMajor,Piano Sonata K309 ii F major.mid by Mozart.csv
138,141.0 to 141.625,2,"[1, 0, 0, 0, 1, 0, 0, 0, 0, 1, 0, 0]",1,cMinor,Piano Sonata K309 ii F major.mid by Mozart.csv
139,142.0 to 142.625,9,"[0, 0, 0, 1, 1, 0, 0, 1, 0, 0, 0, 1]",5,gMinor,Piano Sonata K309 ii F major.mid by Mozart.csv
140,143.0 to 143.83333330000005,13,"[2, 0, 0, 0, 2, 0, 0, 1, 0, 1, 0, 0]",1,cMajor,Piano Sonata K309 ii F major.mid by Mozart.csv
141,144.0 to 144.83333330000005,7,"[1, 0, 1, 0, 0, 1, 1, 1, 0, 1, 0, 1]",4,gMajor,Piano Sonata K309 ii F major.mid by Mozart.csv
142,145.0 to 145.0,9,"[1, 0, 0, 0, 1, 0, 0, 1, 0, 0, 0, 0]",1,cMajor,Piano Sonata K309 ii F major.mid by Mozart.csv
143,146.0 to 146.75,16,"[0, 0, 0, 0, 2, 2, 2, 2, 0, 0, 0, 0]",7,cMajor,Piano Sonata K309 ii F major.mid by Mozart.csv
144,147.0 to 147.875,0,"[2, 0, 1, 0, 1, 0, 0, 1, 0, 0, 0, 0]",1,cMajor,Piano Sonata K309 ii F major.mid by Mozart.csv
145,148.0 to 148.75,5,"[0, 0, 1, 0, 0, 0, 0, 1, 0, 0, 0, 2]",0,gMajor,Piano Sonata K309 ii F major.mid by Mozart.csv
146,149.0 to 149.75,7,"[2, 0, 2, 0, 0, 0, 0, 0, 0, 2, 0, 2]",8,gMajor,Piano Sonata K309 ii F major.mid by Mozart.csv
147,150.0 to 150.5,18,"[1, 0, 1, 0, 0, 2, 0, 2, 0, 1, 0, 1]",4,fMajor,Piano Sonata K309 ii F major.mid by Mozart.csv
148,151.75 to 151.75,12,"[0, 0, 1, 0, 0, 0, 0, 0, 0, 0, 0, 0]",2,dMajor,Piano Sonata K309 ii F major.mid by Mozart.csv
149,152.0 to 152.875,13,"[1, 0, 1, 0, 2, 1, 0, 2, 0, 0, 0, 1]",6,cMajor,Piano Sonata K309 ii F major.mid by Mozart.csv
150,153.0 to 153.875,13,"[3, 0, 0, 0, 1, 1, 0, 2, 0, 1, 0, 0]",1,cMajor,Piano Sonata K309 ii F major.mid by Mozart.csv
151,154.0 to 154.875,8,"[1, 0, 0, 0, 2, 0, 0, 1, 0, 0, 0, 0]",5,cMajor,Piano Sonata K309 ii F major.mid by Mozart.csv
152,155.0 to 155.75,5,"[1, 0, 1, 0, 0, 1, 0, 1, 0, 0, 0, 1]",4,gMajor,Piano Sonata K309 ii F major.mid by Mozart.csv
153,156.0 to 156.66666669999995,15,"[2, 0, 1, 0, 1, 1, 0, 0, 0, 0, 0, 1]",1,cMajor,Piano Sonata K309 ii F major.mid by Mozart.csv
154,157.5 to 157.625,0,"[2, 0, 0, 0, 0, 0, 0, 0, 0, 0, 0, 0]",1,cMajor,Piano Sonata K309 ii F major.mid by Mozart.csv
155,158.0 to 158.625,4,"[0, 0, 0, 0, 0, 0, 0, 0, 0, 2, 0, 2]",3,dMajor,Piano Sonata K309 ii F major.mid by Mozart.csv
156,159.0 to 159.875,1,"[1, 0, 1, 0, 1, 0, 1, 2, 0, 0, 0, 1]",0,cMajor,Piano Sonata K309 ii F major.mid by Mozart.csv
157,160.0 to 160.875,1,"[1, 0, 0, 0, 0, 0, 1, 2, 0, 1, 0, 2]",0,gMajor,Piano Sonata K309 ii F major.mid by Mozart.csv
158,161.0 to 161.875,5,"[0, 1, 1, 0, 1, 0, 0, 1, 0, 0, 0, 1]",0,gMajor,Piano Sonata K309 ii F major.mid by Mozart.csv
159,162.0 to 162.875,2,"[1, 0, 0, 0, 0, 0, 0, 1, 0, 2, 0, 0]",3,fMajor,Piano Sonata K309 ii F major.mid by Mozart.csv
160,163.0 to 163.5,7,"[1, 0, 0, 0, 0, 0, 1, 0, 0, 1, 0, 0]",3,dMajor,Piano Sonata K309 ii F major.mid by Mozart.csv
161,164.0 to 164.83333330000005,2,"[2, 0, 0, 0, 0, 1, 0, 0, 0, 2, 0, 0]",3,fMajor,Piano Sonata K309 ii F major.mid by Mozart.csv
162,165.0 to 165.875,7,"[1, 0, 1, 0, 0, 0, 2, 0, 0, 1, 0, 0]",3,dMajor,Piano Sonata K309 ii F major.mid by Mozart.csv
163,166.0 to 166.875,7,"[1, 0, 1, 0, 0, 0, 2, 1, 0, 1, 0, 1]",3,dMajor,Piano Sonata K309 ii F major.mid by Mozart.csv
164,167.0 to 167.875,7,"[1, 0, 2, 0, 1, 0, 2, 1, 0, 1, 0, 0]",3,dMajor,Piano Sonata K309 ii F major.mid by Mozart.csv
165,168.0 to 168.83333330000005,1,"[1, 0, 0, 0, 0, 0, 0, 2, 0, 0, 1, 1]",9,e-Major,Piano Sonata K309 ii F major.mid by Mozart.csv
166,169.0 to 169.5,1,"[0, 0, 0, 0, 0, 0, 0, 2, 0, 0, 0, 1]",9,gMajor,Piano Sonata K309 ii F major.mid by Mozart.csv
167,170.0 to 170.875,1,"[1, 0, 1, 0, 1, 0, 1, 2, 0, 1, 0, 3]",0,gMajor,Piano Sonata K309 ii F major.mid by Mozart.csv
168,171.0 to 171.875,1,"[2, 0, 1, 0, 0, 0, 0, 2, 0, 1, 0, 1]",8,cMajor,Piano Sonata K309 ii F major.mid by Mozart.csv
169,172.0 to 172.875,10,"[1, 1, 0, 0, 0, 0, 0, 2, 0, 1, 1, 0]",9,cMajor,Piano Sonata K309 ii F major.mid by Mozart.csv
170,173.0 to 173.875,19,"[1, 0, 3, 0, 1, 0, 1, 2, 0, 1, 0, 1]",6,gMajor,Piano Sonata K309 ii F major.mid by Mozart.csv
171,174.0 to 174.875,13,"[1, 0, 1, 1, 2, 1, 0, 2, 0, 0, 0, 0]",6,cMajor,Piano Sonata K309 ii F major.mid by Mozart.csv
172,175.0 to 175.875,13,"[1, 1, 0, 0, 2, 0, 0, 2, 0, 0, 0, 0]",5,cMajor,Piano Sonata K309 ii F major.mid by Mozart.csv
173,176.0 to 176.875,1,"[1, 1, 1, 0, 1, 0, 1, 2, 0, 1, 0, 3]",0,gMajor,Piano Sonata K309 ii F major.mid by Mozart.csv
174,177.0 to 177.875,2,"[2, 0, 1, 1, 2, 0, 1, 0, 1, 2, 0, 1]",8,cMinor,Piano Sonata K309 ii F major.mid by Mozart.csv
175,178.0 to 178.875,5,"[0, 0, 1, 0, 0, 0, 0, 1, 0, 0, 0, 2]",0,gMajor,Piano Sonata K309 ii F major.mid by Mozart.csv
176,179.0 to 179.83333330000005,7,"[1, 0, 1, 0, 0, 0, 1, 1, 0, 1, 0, 0]",3,dMajor,Piano Sonata K309 ii F major.mid by Mozart.csv
177,180.0 to 180.8333333,1,"[0, 0, 0, 0, 0, 0, 0, 3, 0, 0, 0, 1]",9,gMajor,Piano Sonata K309 ii F major.mid by Mozart.csv
178,181.0 to 181.75,10,"[0, 0, 0, 0, 0, 1, 0, 2, 0, 1, 0, 0]",9,fMajor,Piano Sonata K309 ii F major.mid by Mozart.csv
179,182.0 to 182.8333333,6,"[0, 0, 1, 0, 1, 1, 0, 1, 1, 0, 0, 0]",2,cMajor,Piano Sonata K309 ii F major.mid by Mozart.csv
180,183.0 to 183.75,17,"[0, 1, 1, 0, 0, 0, 0, 0, 0, 2, 0, 1]",3,dMajor,Piano Sonata K309 ii F major.mid by Mozart.csv
181,184.0 to 184.875,18,"[0, 1, 0, 0, 1, 2, 0, 1, 0, 1, 0, 1]",7,gMinor,Piano Sonata K309 ii F major.mid by Mozart.csv
182,185.0 to 185.75,6,"[1, 0, 2, 0, 2, 2, 0, 0, 0, 1, 0, 0]",6,fMinor,Piano Sonata K309 ii F major.mid by Mozart.csv
183,186.0 to 186.75,1,"[1, 0, 0, 0, 0, 0, 0, 2, 0, 1, 0, 1]",9,gMajor,Piano Sonata K309 ii F major.mid by Mozart.csv
184,187.0 to 187.875,8,"[0, 0, 1, 0, 2, 1, 0, 1, 0, 1, 0, 1]",6,gMinor,Piano Sonata K309 ii F major.mid by Mozart.csv
185,188.0 to 188.75,15,"[2, 0, 2, 0, 2, 0, 0, 1, 0, 0, 0, 1]",6,cMajor,Piano Sonata K309 ii F major.mid by Mozart.csv
186,189.0 to 189.75,6,"[0, 1, 1, 0, 1, 1, 0, 0, 0, 1, 0, 0]",2,aMajor,Piano Sonata K309 ii F major.mid by Mozart.csv
187,190.0 to 190.8333333,1,"[0, 0, 1, 0, 0, 1, 0, 2, 0, 1, 0, 1]",4,gMajor,Piano Sonata K309 ii F major.mid by Mozart.csv
188,191.0 to 191.8333333,18,"[1, 0, 1, 0, 1, 2, 0, 1, 0, 1, 0, 0]",7,fMajor,Piano Sonata K309 ii F major.mid by Mozart.csv
189,192.0 to 192.875,10,"[1, 0, 1, 0, 1, 1, 0, 2, 0, 0, 0, 0]",6,cMajor,Piano Sonata K309 ii F major.mid by Mozart.csv
190,193.0 to 193.75,18,"[0, 0, 1, 0, 1, 2, 0, 1, 0, 1, 0, 1]",4,fMinor,Piano Sonata K309 ii F major.mid by Mozart.csv
191,194.0 to 194.75,12,"[1, 0, 2, 0, 2, 0, 0, 0, 0, 0, 0, 0]",6,cMajor,Piano Sonata K309 ii F major.mid by Mozart.csv
192,195.0 to 195.875,9,"[1, 0, 0, 1, 1, 1, 0, 1, 0, 0, 0, 0]",1,e-Minor,Piano Sonata K309 ii F major.mid by Mozart.csv
193,196.0 to 196.875,13,"[1, 0, 0, 0, 2, 0, 0, 2, 0, 0, 0, 0]",5,cMajor,Piano Sonata K309 ii F major.mid by Mozart.csv
194,197.0 to 197.0,0,"[2, 0, 0, 0, 1, 0, 0, 0, 0, 0, 0, 0]",1,cMajor,Piano Sonata K309 ii F major.mid by Mozart.csv
195,198.0 to 198.875,2,"[1, 0, 0, 0, 0, 0, 0, 0, 1, 1, 0, 1]",3,eMajor,Piano Sonata K309 ii F major.mid by Mozart.csv
196,199.0 to 199.875,13,"[2, 0, 0, 0, 1, 0, 0, 2, 0, 0, 0, 0]",1,cMajor,Piano Sonata K309 ii F major.mid by Mozart.csv
197,200.0 to 200.0,8,"[0, 0, 0, 0, 2, 0, 0, 1, 0, 0, 0, 0]",5,cMajor,Piano Sonata K309 ii F major.mid by Mozart.csv
198,201.0 to 201.875,15,"[1, 1, 1, 0, 1, 0, 0, 0, 0, 0, 0, 1]",2,eMajor,Piano Sonata K309 ii F major.mid by Mozart.csv
199,202.0 to 202.875,13,"[1, 0, 1, 0, 2, 1, 0, 2, 0, 0, 0, 1]",6,cMajor,Piano Sonata K309 ii F major.mid by Mozart.csv
200,203.0 to 203.875,13,"[1, 0, 1, 0, 3, 0, 0, 2, 0, 2, 0, 1]",6,cMajor,Piano Sonata K309 ii F major.mid by Mozart.csv
201,204.0 to 204.875,1,"[0, 0, 1, 0, 1, 1, 0, 2, 0, 1, 0, 1]",4,gMajor,Piano Sonata K309 ii F major.mid by Mozart.csv
202,205.0 to 205.0,0,"[2, 0, 0, 0, 1, 0, 0, 0, 0, 0, 0, 0]",1,cMajor,Piano Sonata K309 ii F major.mid by Mozart.csv
203,206.0 to 206.875,16,"[0, 0, 0, 0, 2, 2, 2, 2, 0, 0, 0, 0]",7,cMajor,Piano Sonata K309 ii F major.mid by Mozart.csv
204,207.0 to 207.875,0,"[2, 0, 1, 0, 1, 0, 0, 1, 0, 0, 0, 0]",1,cMajor,Piano Sonata K309 ii F major.mid by Mozart.csv
205,208.0 to 208.75,5,"[0, 0, 0, 0, 0, 1, 0, 1, 0, 0, 0, 3]",0,gMajor,Piano Sonata K309 ii F major.mid by Mozart.csv
206,209.0 to 209.875,15,"[2, 0, 2, 0, 1, 1, 0, 1, 0, 2, 0, 2]",8,gMajor,Piano Sonata K309 ii F major.mid by Mozart.csv
207,210.0 to 210.5,1,"[1, 0, 1, 0, 0, 2, 2, 3, 0, 1, 0, 2]",4,gMajor,Piano Sonata K309 ii F major.mid by Mozart.csv
208,211.5 to 211.5,0,"[2, 0, 0, 0, 2, 0, 0, 0, 0, 0, 0, 0]",1,cMajor,Piano Sonata K309 ii F major.mid by Mozart.csv
209,212.5 to 212.5,7,"[1, 0, 0, 1, 0, 0, 1, 0, 0, 1, 0, 0]",3,dMajor,Piano Sonata K309 ii F major.mid by Mozart.csv
210,213.5 to 213.5,10,"[1, 0, 0, 0, 1, 0, 0, 2, 0, 0, 0, 0]",5,cMajor,Piano Sonata K309 ii F major.mid by Mozart.csv
211,214.5 to 214.875,13,"[1, 0, 0, 0, 2, 0, 0, 2, 0, 0, 0, 0]",5,cMajor,Piano Sonata K309 ii F major.mid by Mozart.csv
212,215.0 to 215.8333333,5,"[1, 0, 1, 0, 0, 1, 0, 1, 0, 1, 0, 1]",4,fMajor,Piano Sonata K309 ii F major.mid by Mozart.csv
213,216.0 to 216.6666667,4,"[1, 0, 1, 1, 0, 1, 0, 0, 0, 0, 0, 1]",2,gMajor,Piano Sonata K309 ii F major.mid by Mozart.csv
214,217.0 to 217.0,0,"[2, 0, 0, 0, 2, 0, 0, 0, 0, 0, 0, 0]",1,cMajor,Piano Sonata K309 ii F major.mid by Mozart.csv
215,218.0 to 218.875,16,"[0, 0, 0, 0, 2, 2, 2, 2, 0, 0, 0, 0]",7,cMajor,Piano Sonata K309 ii F major.mid by Mozart.csv
216,219.0 to 219.875,1,"[2, 0, 1, 0, 0, 0, 0, 2, 0, 2, 0, 2]",8,gMajor,Piano Sonata K309 ii F major.mid by Mozart.csv
217,220.0 to 220.875,4,"[0, 0, 0, 0, 0, 0, 0, 0, 0, 0, 0, 2]",0,eMajor,Piano Sonata K309 ii F major.mid by Mozart.csv
218,221.0 to 221.875,2,"[2, 0, 0, 0, 0, 0, 0, 0, 0, 2, 0, 2]",8,fMajor,Piano Sonata K309 ii F major.mid by Mozart.csv
219,222.0 to 222.75,1,"[0, 0, 0, 0, 0, 2, 0, 4, 0, 3, 0, 2]",4,gMajor,Piano Sonata K309 ii F major.mid by Mozart.csv
220,223.75 to 223.75,4,"[0, 0, 1, 0, 0, 1, 0, 0, 0, 0, 0, 1]",2,gMajor,Piano Sonata K309 ii F major.mid by Mozart.csv
221,224.0 to 224.8333333,15,"[2, 0, 2, 0, 2, 2, 0, 1, 0, 0, 0, 1]",6,cMajor,Piano Sonata K309 ii F major.mid by Mozart.csv
222,225.0 to 225.8333333,6,"[1, 0, 2, 0, 2, 2, 0, 2, 0, 1, 0, 0]",6,cMajor,Piano Sonata K309 ii F major.mid by Mozart.csv
223,226.0 to 226.875,8,"[1, 0, 0, 0, 2, 0, 0, 1, 0, 0, 0, 0]",5,cMajor,Piano Sonata K309 ii F major.mid by Mozart.csv
224,227.0 to 227.75,5,"[1, 0, 1, 0, 0, 1, 0, 1, 0, 0, 0, 1]",4,gMajor,Piano Sonata K309 ii F major.mid by Mozart.csv
225,228.0 to 228.75,0,"[2, 0, 0, 0, 1, 1, 1, 1, 0, 0, 0, 0]",1,cMajor,Piano Sonata K309 ii F major.mid by Mozart.csv
226,229.0 to 229.75,9,"[1, 0, 1, 1, 1, 0, 0, 0, 0, 0, 0, 0]",2,cMajor,Piano Sonata K309 ii F major.mid by Mozart.csv
227,230.0 to 230.875,15,"[1, 0, 1, 0, 1, 1, 0, 1, 0, 0, 0, 1]",6,cMajor,Piano Sonata K309 ii F major.mid by Mozart.csv
228,231.0 to 231.75,0,"[2, 0, 0, 0, 1, 1, 1, 1, 0, 0, 0, 0]",1,cMajor,Piano Sonata K309 ii F major.mid by Mozart.csv
229,232.0 to 232.75,9,"[1, 0, 1, 1, 1, 0, 0, 0, 0, 0, 0, 0]",2,cMajor,Piano Sonata K309 ii F major.mid by Mozart.csv
230,233.0 to 233.875,15,"[1, 0, 1, 0, 1, 0, 0, 0, 0, 0, 0, 1]",2,eMajor,Piano Sonata K309 ii F major.mid by Mozart.csv
231,234.0 to 234.0,0,"[2, 0, 0, 0, 1, 0, 0, 0, 0, 0, 0, 0]",1,cMajor,Piano Sonata K309 ii F major.mid by Mozart.csv
232,235.0 to 235.6666667,8,"[1, 0, 0, 0, 3, 0, 0, 1, 0, 0, 0, 0]",5,cMajor,Piano Sonata K309 ii F major.mid by Mozart.csv
233,236.0 to 236.5,1,"[0, 0, 1, 0, 0, 1, 0, 2, 0, 0, 0, 1]",4,gMajor,Piano Sonata K309 ii F major.mid by Mozart.csv
234,237.0 to 237.0,5,"[1, 0, 1, 0, 0, 1, 0, 1, 0, 0, 0, 1]",4,gMajor,Piano Sonata K309 ii F major.mid by Mozart.csv
235,239.0 to 239.0,0,"[2, 0, 0, 0, 1, 0, 0, 1, 0, 0, 0, 0]",1,cMajor,Piano Sonata K309 ii F major.mid by Mozart.csv
