index,offsetRange,CentroidLabelIndex_entireUnits,"[C,C#,D,E-,E,F,F#,G,G#,A,B-,B]",CentroidLabelIndex_individualUnit,triadLabel,filename
0,4.0 to 4.75,9,"[1, 0, 0, 0, 1, 0, 0, 1, 0, 1, 0, 0]",8,cMajor,Piano Sonata K282 i Eb major.mid by Mozart.csv
1,5.0 to 5.875,9,"[1, 0, 0, 0, 1, 0, 0, 1, 0, 0, 0, 0]",8,cMajor,Piano Sonata K282 i Eb major.mid by Mozart.csv
2,6.0 to 6.625,5,"[0, 0, 1, 0, 0, 0, 0, 1, 0, 0, 0, 1]",6,gMajor,Piano Sonata K282 i Eb major.mid by Mozart.csv
3,7.0 to 7.625,2,"[1, 0, 0, 0, 1, 0, 1, 0, 0, 1, 0, 0]",8,cMinor,Piano Sonata K282 i Eb major.mid by Mozart.csv
4,8.0 to 8.75,1,"[1, 0, 0, 0, 0, 0, 0, 2, 0, 1, 0, 1]",4,gMajor,Piano Sonata K282 i Eb major.mid by Mozart.csv
5,9.0 to 9.75,1,"[0, 0, 0, 0, 0, 0, 0, 2, 0, 0, 0, 1]",4,gMajor,Piano Sonata K282 i Eb major.mid by Mozart.csv
6,10.0 to 10.625,17,"[0, 1, 0, 0, 0, 0, 0, 1, 0, 1, 0, 1]",4,aMajor,Piano Sonata K282 i Eb major.mid by Mozart.csv
7,11.0 to 11.75,6,"[0, 0, 2, 0, 0, 1, 0, 0, 0, 1, 0, 1]",2,fMinor,Piano Sonata K282 i Eb major.mid by Mozart.csv
8,12.0 to 12.66666667,5,"[0, 0, 0, 0, 0, 1, 0, 1, 0, 1, 0, 1]",4,fMajor,Piano Sonata K282 i Eb major.mid by Mozart.csv
9,13.0 to 13.875,0,"[2, 0, 0, 0, 1, 0, 0, 1, 0, 0, 0, 0]",7,cMajor,Piano Sonata K282 i Eb major.mid by Mozart.csv
10,14.0 to 14.5,9,"[1, 0, 1, 0, 0, 0, 0, 1, 0, 0, 0, 0]",8,cMajor,Piano Sonata K282 i Eb major.mid by Mozart.csv
11,15.0 to 15.875,1,"[0, 0, 0, 0, 0, 1, 0, 2, 0, 0, 0, 1]",4,gMajor,Piano Sonata K282 i Eb major.mid by Mozart.csv
12,16.0 to 16.75,13,"[2, 0, 0, 0, 2, 0, 0, 1, 0, 0, 0, 0]",7,cMajor,Piano Sonata K282 i Eb major.mid by Mozart.csv
13,17.0 to 17.75,13,"[2, 0, 0, 0, 1, 0, 0, 2, 0, 0, 0, 0]",7,cMajor,Piano Sonata K282 i Eb major.mid by Mozart.csv
14,18.0 to 18.875,13,"[3, 0, 1, 0, 2, 0, 0, 1, 0, 0, 0, 0]",7,cMajor,Piano Sonata K282 i Eb major.mid by Mozart.csv
15,19.0 to 19.75,13,"[3, 0, 1, 0, 2, 0, 0, 1, 0, 0, 0, 0]",7,cMajor,Piano Sonata K282 i Eb major.mid by Mozart.csv
16,20.0 to 20.875,19,"[1, 0, 3, 0, 0, 1, 0, 0, 0, 0, 0, 1]",2,gMajor,Piano Sonata K282 i Eb major.mid by Mozart.csv
17,21.0 to 21.875,19,"[0, 0, 2, 0, 0, 1, 0, 0, 0, 0, 0, 2]",2,gMajor,Piano Sonata K282 i Eb major.mid by Mozart.csv
18,22.0 to 22.875,6,"[0, 0, 3, 0, 1, 2, 0, 0, 0, 0, 0, 1]",2,b-Major,Piano Sonata K282 i Eb major.mid by Mozart.csv
19,23.0 to 23.75,6,"[0, 0, 3, 0, 1, 2, 0, 0, 0, 0, 0, 1]",2,b-Major,Piano Sonata K282 i Eb major.mid by Mozart.csv
20,24.0 to 24.875,8,"[1, 0, 1, 0, 3, 0, 0, 1, 0, 0, 0, 0]",7,cMajor,Piano Sonata K282 i Eb major.mid by Mozart.csv
21,25.0 to 25.83333333,13,"[2, 0, 0, 0, 2, 0, 0, 1, 0, 0, 0, 0]",7,cMajor,Piano Sonata K282 i Eb major.mid by Mozart.csv
22,26.0 to 26.875,11,"[2, 0, 1, 2, 0, 0, 0, 1, 0, 0, 0, 1]",0,e-Minor,Piano Sonata K282 i Eb major.mid by Mozart.csv
23,27.0 to 27.75,11,"[1, 0, 1, 3, 0, 0, 0, 1, 0, 0, 0, 0]",0,e-Minor,Piano Sonata K282 i Eb major.mid by Mozart.csv
24,28.0 to 28.875,7,"[1, 0, 1, 0, 0, 0, 2, 1, 0, 1, 0, 0]",3,dMajor,Piano Sonata K282 i Eb major.mid by Mozart.csv
25,29.0 to 29.75,7,"[1, 0, 1, 0, 0, 0, 1, 0, 0, 2, 0, 0]",9,dMajor,Piano Sonata K282 i Eb major.mid by Mozart.csv
26,30.0 to 30.83333333,14,"[1, 1, 0, 0, 1, 0, 0, 1, 0, 0, 2, 0]",1,cMajor,Piano Sonata K282 i Eb major.mid by Mozart.csv
27,31.0 to 31.75,10,"[0, 1, 0, 0, 1, 0, 0, 2, 0, 0, 1, 0]",1,cMajor,Piano Sonata K282 i Eb major.mid by Mozart.csv
28,32.0 to 32.75,14,"[0, 0, 1, 0, 0, 0, 1, 2, 0, 1, 2, 0]",3,b-Minor,Piano Sonata K282 i Eb major.mid by Mozart.csv
29,33.0 to 33.875,7,"[0, 2, 2, 0, 0, 0, 2, 2, 0, 2, 2, 0]",3,dMajor,Piano Sonata K282 i Eb major.mid by Mozart.csv
30,34.0 to 34.875,14,"[0, 1, 1, 0, 0, 0, 0, 1, 0, 0, 1, 0]",1,b-Minor,Piano Sonata K282 i Eb major.mid by Mozart.csv
31,35.0 to 35.5,12,"[0, 0, 2, 0, 0, 0, 1, 0, 0, 1, 0, 0]",3,dMajor,Piano Sonata K282 i Eb major.mid by Mozart.csv
32,36.0 to 36.75,5,"[0, 0, 1, 0, 0, 0, 0, 1, 0, 0, 0, 1]",6,gMajor,Piano Sonata K282 i Eb major.mid by Mozart.csv
33,37.0 to 37.75,19,"[0, 0, 2, 0, 0, 0, 0, 2, 0, 0, 0, 2]",6,gMajor,Piano Sonata K282 i Eb major.mid by Mozart.csv
34,38.0 to 38.75,7,"[2, 0, 2, 0, 0, 0, 1, 0, 0, 2, 0, 0]",9,dMajor,Piano Sonata K282 i Eb major.mid by Mozart.csv
35,39.0 to 39.875,7,"[2, 0, 1, 0, 0, 0, 1, 0, 0, 2, 0, 0]",9,dMajor,Piano Sonata K282 i Eb major.mid by Mozart.csv
36,40.0 to 40.75,19,"[0, 0, 2, 0, 1, 0, 0, 2, 0, 0, 0, 2]",6,gMajor,Piano Sonata K282 i Eb major.mid by Mozart.csv
37,41.0 to 41.75,19,"[0, 0, 2, 0, 0, 0, 0, 2, 0, 0, 0, 2]",6,gMajor,Piano Sonata K282 i Eb major.mid by Mozart.csv
38,42.0 to 42.75,7,"[2, 0, 2, 0, 0, 0, 1, 0, 0, 2, 0, 0]",9,dMajor,Piano Sonata K282 i Eb major.mid by Mozart.csv
39,43.0 to 43.875,7,"[2, 0, 1, 0, 0, 0, 1, 0, 0, 2, 0, 0]",9,dMajor,Piano Sonata K282 i Eb major.mid by Mozart.csv
40,44.0 to 44.75,19,"[0, 0, 2, 0, 1, 0, 0, 2, 0, 0, 0, 2]",6,gMajor,Piano Sonata K282 i Eb major.mid by Mozart.csv
41,45.0 to 45.875,7,"[1, 1, 1, 0, 0, 0, 1, 1, 0, 1, 0, 1]",3,gMajor,Piano Sonata K282 i Eb major.mid by Mozart.csv
42,46.0 to 46.875,19,"[0, 0, 2, 0, 0, 0, 0, 2, 0, 0, 0, 2]",6,gMajor,Piano Sonata K282 i Eb major.mid by Mozart.csv
43,47.0 to 47.875,19,"[0, 0, 2, 0, 0, 0, 0, 1, 0, 0, 0, 3]",6,gMajor,Piano Sonata K282 i Eb major.mid by Mozart.csv
44,48.0 to 48.875,0,"[3, 0, 0, 0, 2, 0, 0, 0, 0, 1, 0, 0]",7,cMinor,Piano Sonata K282 i Eb major.mid by Mozart.csv
45,49.0 to 49.875,2,"[3, 0, 0, 0, 1, 0, 0, 0, 0, 2, 0, 0]",9,cMinor,Piano Sonata K282 i Eb major.mid by Mozart.csv
46,50.0 to 50.875,19,"[0, 0, 3, 0, 0, 0, 0, 2, 0, 0, 0, 2]",6,gMajor,Piano Sonata K282 i Eb major.mid by Mozart.csv
47,51.0 to 51.875,7,"[2, 0, 1, 0, 0, 0, 2, 0, 0, 2, 0, 0]",9,dMajor,Piano Sonata K282 i Eb major.mid by Mozart.csv
48,52.0 to 52.75,5,"[0, 0, 0, 0, 1, 0, 1, 1, 0, 1, 0, 2]",4,gMinor,Piano Sonata K282 i Eb major.mid by Mozart.csv
49,53.0 to 53.875,15,"[1, 0, 1, 0, 1, 0, 1, 0, 0, 0, 0, 1]",8,dMinor,Piano Sonata K282 i Eb major.mid by Mozart.csv
50,54.0 to 54.875,1,"[0, 1, 1, 0, 1, 0, 0, 2, 0, 0, 0, 1]",6,gMajor,Piano Sonata K282 i Eb major.mid by Mozart.csv
51,55.0 to 55.875,5,"[0, 1, 1, 1, 0, 0, 0, 1, 0, 0, 0, 1]",6,gMajor,Piano Sonata K282 i Eb major.mid by Mozart.csv
52,56.0 to 56.875,15,"[1, 0, 0, 1, 1, 0, 0, 1, 1, 1, 0, 1]",8,eMajor,Piano Sonata K282 i Eb major.mid by Mozart.csv
53,57.0 to 57.875,14,"[1, 1, 0, 0, 0, 0, 0, 1, 1, 1, 1, 0]",1,cMajor,Piano Sonata K282 i Eb major.mid by Mozart.csv
54,58.0 to 58.75,19,"[1, 1, 2, 0, 0, 0, 0, 1, 0, 0, 0, 1]",6,gMajor,Piano Sonata K282 i Eb major.mid by Mozart.csv
55,59.0 to 59.875,7,"[1, 0, 1, 0, 0, 0, 1, 0, 0, 1, 0, 1]",3,dMajor,Piano Sonata K282 i Eb major.mid by Mozart.csv
56,60.0 to 60.75,1,"[1, 0, 1, 0, 0, 0, 0, 2, 0, 1, 0, 1]",4,gMajor,Piano Sonata K282 i Eb major.mid by Mozart.csv
57,61.0 to 61.75,7,"[1, 0, 1, 0, 1, 0, 2, 1, 0, 2, 0, 0]",9,dMajor,Piano Sonata K282 i Eb major.mid by Mozart.csv
58,62.0 to 62.875,1,"[1, 0, 1, 0, 0, 0, 0, 2, 0, 1, 0, 2]",4,gMajor,Piano Sonata K282 i Eb major.mid by Mozart.csv
59,63.0 to 63.875,6,"[1, 0, 1, 0, 1, 1, 0, 1, 0, 1, 0, 0]",8,cMajor,Piano Sonata K282 i Eb major.mid by Mozart.csv
60,64.0 to 64.75,9,"[1, 0, 0, 0, 1, 0, 0, 1, 0, 1, 0, 0]",8,cMajor,Piano Sonata K282 i Eb major.mid by Mozart.csv
61,65.0 to 65.625,9,"[1, 0, 0, 0, 1, 0, 0, 1, 0, 0, 0, 0]",8,cMajor,Piano Sonata K282 i Eb major.mid by Mozart.csv
62,66.0 to 66.625,5,"[0, 0, 1, 0, 0, 0, 0, 1, 0, 0, 0, 1]",6,gMajor,Piano Sonata K282 i Eb major.mid by Mozart.csv
63,67.0 to 67.66666667,2,"[1, 0, 0, 0, 1, 0, 1, 0, 0, 1, 0, 0]",8,cMinor,Piano Sonata K282 i Eb major.mid by Mozart.csv
64,68.0 to 68.75,1,"[1, 0, 0, 0, 0, 0, 0, 2, 0, 1, 0, 1]",4,gMajor,Piano Sonata K282 i Eb major.mid by Mozart.csv
65,69.0 to 69.875,1,"[0, 0, 0, 0, 0, 0, 0, 2, 0, 0, 0, 1]",4,gMajor,Piano Sonata K282 i Eb major.mid by Mozart.csv
66,70.0 to 70.5,17,"[0, 1, 0, 0, 0, 0, 0, 1, 0, 1, 0, 1]",4,aMajor,Piano Sonata K282 i Eb major.mid by Mozart.csv
67,71.0 to 71.75,6,"[0, 0, 2, 0, 0, 1, 0, 0, 0, 1, 0, 1]",2,fMinor,Piano Sonata K282 i Eb major.mid by Mozart.csv
68,72.0 to 72.75,5,"[0, 0, 0, 0, 0, 1, 0, 1, 0, 1, 0, 1]",4,fMajor,Piano Sonata K282 i Eb major.mid by Mozart.csv
69,73.0 to 73.875,0,"[2, 0, 0, 0, 1, 0, 0, 1, 0, 0, 0, 0]",7,cMajor,Piano Sonata K282 i Eb major.mid by Mozart.csv
70,74.0 to 74.75,9,"[1, 0, 1, 0, 0, 0, 0, 1, 0, 0, 0, 0]",8,cMajor,Piano Sonata K282 i Eb major.mid by Mozart.csv
71,75.0 to 75.875,1,"[0, 0, 1, 0, 0, 1, 0, 2, 0, 0, 0, 1]",6,gMajor,Piano Sonata K282 i Eb major.mid by Mozart.csv
72,76.0 to 76.75,13,"[2, 0, 0, 0, 2, 0, 0, 1, 0, 0, 0, 0]",7,cMajor,Piano Sonata K282 i Eb major.mid by Mozart.csv
73,77.0 to 77.75,13,"[2, 0, 0, 0, 1, 0, 0, 2, 0, 0, 0, 0]",7,cMajor,Piano Sonata K282 i Eb major.mid by Mozart.csv
74,78.0 to 78.75,13,"[3, 0, 1, 0, 2, 0, 0, 1, 0, 0, 0, 0]",7,cMajor,Piano Sonata K282 i Eb major.mid by Mozart.csv
75,79.0 to 79.75,13,"[3, 0, 1, 0, 2, 0, 0, 1, 0, 0, 0, 0]",7,cMajor,Piano Sonata K282 i Eb major.mid by Mozart.csv
76,80.0 to 80.875,19,"[1, 0, 3, 0, 0, 1, 0, 0, 0, 0, 0, 2]",2,gMajor,Piano Sonata K282 i Eb major.mid by Mozart.csv
77,81.0 to 81.75,19,"[0, 0, 2, 0, 0, 1, 0, 0, 0, 0, 0, 2]",2,gMajor,Piano Sonata K282 i Eb major.mid by Mozart.csv
78,82.0 to 82.75,6,"[0, 0, 3, 0, 1, 2, 0, 0, 0, 0, 0, 1]",2,b-Major,Piano Sonata K282 i Eb major.mid by Mozart.csv
79,83.0 to 83.75,6,"[0, 0, 3, 0, 1, 2, 0, 0, 0, 0, 0, 1]",2,b-Major,Piano Sonata K282 i Eb major.mid by Mozart.csv
80,84.0 to 84.875,13,"[2, 0, 1, 0, 3, 0, 0, 1, 0, 0, 0, 0]",7,cMajor,Piano Sonata K282 i Eb major.mid by Mozart.csv
81,85.0 to 85.75,13,"[2, 0, 0, 0, 2, 0, 0, 1, 0, 0, 0, 0]",7,cMajor,Piano Sonata K282 i Eb major.mid by Mozart.csv
82,86.0 to 86.875,11,"[2, 0, 1, 2, 0, 0, 0, 1, 0, 0, 0, 1]",0,e-Minor,Piano Sonata K282 i Eb major.mid by Mozart.csv
83,87.0 to 87.75,11,"[1, 0, 1, 3, 0, 0, 0, 1, 0, 0, 0, 0]",0,e-Minor,Piano Sonata K282 i Eb major.mid by Mozart.csv
84,88.0 to 88.75,7,"[1, 0, 1, 0, 0, 0, 2, 1, 0, 1, 0, 0]",3,dMajor,Piano Sonata K282 i Eb major.mid by Mozart.csv
85,89.0 to 89.75,7,"[1, 0, 1, 0, 0, 0, 1, 0, 0, 2, 0, 0]",9,dMajor,Piano Sonata K282 i Eb major.mid by Mozart.csv
86,90.0 to 90.75,14,"[1, 1, 0, 0, 1, 0, 0, 1, 0, 0, 2, 0]",1,cMajor,Piano Sonata K282 i Eb major.mid by Mozart.csv
87,91.0 to 91.75,10,"[0, 1, 0, 0, 1, 0, 0, 2, 0, 0, 1, 0]",1,cMajor,Piano Sonata K282 i Eb major.mid by Mozart.csv
88,92.0 to 92.875,14,"[0, 0, 1, 0, 0, 0, 1, 2, 0, 1, 2, 0]",3,b-Minor,Piano Sonata K282 i Eb major.mid by Mozart.csv
89,93.0 to 93.875,7,"[0, 2, 2, 0, 0, 0, 2, 2, 0, 2, 2, 0]",3,dMajor,Piano Sonata K282 i Eb major.mid by Mozart.csv
90,94.0 to 94.66666667,14,"[0, 1, 1, 0, 0, 0, 0, 1, 0, 0, 1, 0]",1,b-Minor,Piano Sonata K282 i Eb major.mid by Mozart.csv
91,95.0 to 95.0,12,"[0, 0, 2, 0, 0, 0, 1, 0, 0, 1, 0, 0]",3,dMajor,Piano Sonata K282 i Eb major.mid by Mozart.csv
92,96.0 to 96.75,5,"[0, 0, 1, 0, 0, 0, 0, 1, 0, 0, 0, 1]",6,gMajor,Piano Sonata K282 i Eb major.mid by Mozart.csv
93,97.0 to 97.75,19,"[0, 0, 2, 0, 0, 0, 0, 2, 0, 0, 0, 2]",6,gMajor,Piano Sonata K282 i Eb major.mid by Mozart.csv
94,98.0 to 98.75,7,"[2, 0, 2, 0, 0, 0, 1, 0, 0, 2, 0, 0]",9,dMajor,Piano Sonata K282 i Eb major.mid by Mozart.csv
95,99.0 to 99.875,7,"[2, 0, 1, 0, 0, 0, 1, 0, 0, 2, 0, 0]",9,dMajor,Piano Sonata K282 i Eb major.mid by Mozart.csv
96,100.0 to 100.75,19,"[0, 0, 2, 0, 1, 0, 0, 2, 0, 0, 0, 2]",6,gMajor,Piano Sonata K282 i Eb major.mid by Mozart.csv
97,101.0 to 101.75,19,"[0, 0, 2, 0, 0, 0, 0, 2, 0, 0, 0, 2]",6,gMajor,Piano Sonata K282 i Eb major.mid by Mozart.csv
98,102.0 to 102.75,7,"[2, 0, 2, 0, 0, 0, 1, 0, 0, 2, 0, 0]",9,dMajor,Piano Sonata K282 i Eb major.mid by Mozart.csv
99,103.0 to 103.875,7,"[2, 0, 1, 0, 0, 0, 1, 0, 0, 2, 0, 0]",9,dMajor,Piano Sonata K282 i Eb major.mid by Mozart.csv
100,104.0 to 104.75,19,"[0, 0, 2, 0, 1, 0, 0, 2, 0, 0, 0, 2]",6,gMajor,Piano Sonata K282 i Eb major.mid by Mozart.csv
101,105.0 to 105.875,7,"[1, 1, 1, 0, 0, 0, 1, 1, 0, 1, 0, 1]",3,gMajor,Piano Sonata K282 i Eb major.mid by Mozart.csv
102,106.0 to 106.75,19,"[0, 0, 2, 0, 0, 0, 0, 2, 0, 0, 0, 2]",6,gMajor,Piano Sonata K282 i Eb major.mid by Mozart.csv
103,107.0 to 107.875,19,"[0, 0, 2, 0, 0, 0, 0, 1, 0, 0, 0, 3]",6,gMajor,Piano Sonata K282 i Eb major.mid by Mozart.csv
104,108.0 to 108.875,0,"[3, 0, 0, 0, 2, 0, 0, 0, 0, 1, 0, 0]",7,cMinor,Piano Sonata K282 i Eb major.mid by Mozart.csv
105,109.0 to 109.875,2,"[3, 0, 0, 0, 1, 0, 0, 0, 0, 2, 0, 0]",9,cMinor,Piano Sonata K282 i Eb major.mid by Mozart.csv
106,110.0 to 110.875,19,"[0, 0, 3, 0, 0, 0, 0, 2, 0, 0, 0, 2]",6,gMajor,Piano Sonata K282 i Eb major.mid by Mozart.csv
107,111.0 to 111.875,7,"[2, 0, 1, 0, 0, 0, 2, 0, 0, 2, 0, 0]",9,dMajor,Piano Sonata K282 i Eb major.mid by Mozart.csv
108,112.0 to 112.75,5,"[0, 0, 0, 0, 1, 0, 1, 1, 0, 1, 0, 2]",4,gMinor,Piano Sonata K282 i Eb major.mid by Mozart.csv
109,113.0 to 113.875,15,"[1, 0, 1, 0, 1, 0, 1, 0, 0, 0, 0, 1]",8,dMinor,Piano Sonata K282 i Eb major.mid by Mozart.csv
110,114.0 to 114.875,1,"[0, 1, 1, 0, 1, 0, 0, 2, 0, 0, 0, 1]",6,gMajor,Piano Sonata K282 i Eb major.mid by Mozart.csv
111,115.0 to 115.875,5,"[0, 1, 1, 1, 0, 0, 0, 1, 0, 0, 0, 1]",6,gMajor,Piano Sonata K282 i Eb major.mid by Mozart.csv
112,116.0 to 116.875,15,"[1, 0, 0, 1, 1, 0, 0, 1, 1, 1, 0, 1]",8,eMajor,Piano Sonata K282 i Eb major.mid by Mozart.csv
113,117.0 to 117.875,14,"[1, 1, 0, 0, 0, 0, 0, 1, 1, 1, 1, 0]",1,cMajor,Piano Sonata K282 i Eb major.mid by Mozart.csv
114,118.0 to 118.75,19,"[1, 1, 2, 0, 0, 0, 0, 1, 0, 0, 0, 1]",6,gMajor,Piano Sonata K282 i Eb major.mid by Mozart.csv
115,119.0 to 119.875,7,"[1, 0, 1, 0, 0, 0, 1, 0, 0, 1, 0, 1]",3,dMajor,Piano Sonata K282 i Eb major.mid by Mozart.csv
116,120.0 to 120.75,1,"[1, 0, 1, 0, 0, 0, 0, 2, 0, 1, 0, 1]",4,gMajor,Piano Sonata K282 i Eb major.mid by Mozart.csv
117,121.0 to 121.75,7,"[1, 0, 1, 0, 1, 0, 2, 1, 0, 2, 0, 0]",9,dMajor,Piano Sonata K282 i Eb major.mid by Mozart.csv
118,122.0 to 122.875,1,"[1, 0, 1, 0, 0, 0, 0, 2, 0, 1, 0, 2]",4,gMajor,Piano Sonata K282 i Eb major.mid by Mozart.csv
119,123.0 to 123.875,6,"[1, 0, 1, 0, 1, 1, 0, 1, 0, 1, 0, 0]",8,cMajor,Piano Sonata K282 i Eb major.mid by Mozart.csv
120,124.0 to 124.75,17,"[0, 1, 0, 0, 1, 0, 0, 1, 0, 1, 1, 0]",1,aMajor,Piano Sonata K282 i Eb major.mid by Mozart.csv
121,125.0 to 125.625,10,"[0, 1, 0, 0, 1, 0, 0, 2, 0, 0, 1, 0]",1,cMajor,Piano Sonata K282 i Eb major.mid by Mozart.csv
122,126.0 to 126.6666667,8,"[0, 1, 0, 0, 2, 0, 0, 1, 0, 1, 0, 0]",1,aMajor,Piano Sonata K282 i Eb major.mid by Mozart.csv
123,127.0 to 127.5,17,"[0, 2, 0, 0, 1, 0, 0, 1, 0, 1, 0, 0]",1,aMajor,Piano Sonata K282 i Eb major.mid by Mozart.csv
124,128.0 to 128.6666667,16,"[0, 0, 1, 0, 0, 0, 1, 1, 0, 1, 0, 0]",3,dMajor,Piano Sonata K282 i Eb major.mid by Mozart.csv
125,129.0 to 129.625,7,"[0, 0, 1, 0, 0, 1, 1, 0, 0, 1, 0, 0]",3,dMajor,Piano Sonata K282 i Eb major.mid by Mozart.csv
126,130.0 to 130.75,2,"[1, 0, 0, 0, 1, 1, 0, 0, 0, 1, 0, 0]",8,fMajor,Piano Sonata K282 i Eb major.mid by Mozart.csv
127,131.0 to 131.75,3,"[1, 0, 0, 0, 1, 1, 0, 0, 1, 0, 0, 0]",8,g#Minor,Piano Sonata K282 i Eb major.mid by Mozart.csv
128,132.0 to 132.75,18,"[0, 0, 0, 0, 1, 2, 0, 1, 0, 0, 0, 1]",8,gMinor,Piano Sonata K282 i Eb major.mid by Mozart.csv
129,133.0 to 133.75,6,"[0, 1, 1, 0, 0, 1, 0, 1, 0, 0, 0, 0]",3,c#Major,Piano Sonata K282 i Eb major.mid by Mozart.csv
130,134.0 to 134.75,5,"[0, 0, 1, 0, 0, 0, 0, 1, 0, 0, 1, 1]",6,b-Minor,Piano Sonata K282 i Eb major.mid by Mozart.csv
131,135.0 to 135.75,5,"[0, 0, 1, 0, 1, 1, 0, 1, 0, 0, 0, 1]",6,gMinor,Piano Sonata K282 i Eb major.mid by Mozart.csv
132,136.0 to 136.75,15,"[1, 0, 0, 0, 1, 0, 0, 0, 0, 0, 0, 1]",8,cMajor,Piano Sonata K282 i Eb major.mid by Mozart.csv
133,137.0 to 137.75,2,"[1, 0, 0, 0, 1, 0, 0, 0, 0, 1, 1, 0]",8,cMinor,Piano Sonata K282 i Eb major.mid by Mozart.csv
134,138.0 to 138.75,3,"[1, 0, 0, 0, 0, 1, 0, 0, 1, 1, 0, 0]",5,fMajor,Piano Sonata K282 i Eb major.mid by Mozart.csv
135,139.0 to 139.75,16,"[1, 0, 0, 0, 0, 0, 1, 1, 1, 0, 0, 0]",8,cMajor,Piano Sonata K282 i Eb major.mid by Mozart.csv
136,140.0 to 140.875,1,"[0, 0, 0, 0, 0, 0, 1, 2, 0, 1, 0, 1]",4,gMajor,Piano Sonata K282 i Eb major.mid by Mozart.csv
137,141.0 to 141.875,2,"[2, 0, 0, 0, 0, 0, 1, 2, 0, 2, 0, 1]",4,cMajor,Piano Sonata K282 i Eb major.mid by Mozart.csv
138,142.0 to 142.875,1,"[0, 0, 0, 0, 0, 0, 1, 2, 0, 1, 0, 1]",4,gMajor,Piano Sonata K282 i Eb major.mid by Mozart.csv
139,143.0 to 143.875,2,"[2, 0, 0, 0, 0, 0, 1, 2, 0, 2, 0, 1]",4,cMajor,Piano Sonata K282 i Eb major.mid by Mozart.csv
140,144.0 to 144.5,16,"[1, 0, 0, 0, 0, 0, 1, 2, 0, 1, 0, 0]",4,e-Minor,Piano Sonata K282 i Eb major.mid by Mozart.csv
141,145.0 to 145.75,1,"[0, 0, 0, 0, 0, 0, 0, 2, 0, 0, 0, 1]",4,gMajor,Piano Sonata K282 i Eb major.mid by Mozart.csv
142,146.0 to 146.75,4,"[0, 0, 0, 0, 0, 0, 0, 0, 1, 1, 0, 1]",8,eMajor,Piano Sonata K282 i Eb major.mid by Mozart.csv
143,147.0 to 147.75,6,"[0, 0, 1, 0, 1, 1, 0, 1, 0, 0, 0, 0]",8,cMajor,Piano Sonata K282 i Eb major.mid by Mozart.csv
144,148.0 to 148.75,13,"[2, 0, 0, 0, 2, 0, 0, 1, 0, 0, 0, 0]",7,cMajor,Piano Sonata K282 i Eb major.mid by Mozart.csv
145,149.0 to 149.75,13,"[2, 0, 0, 0, 1, 0, 0, 2, 0, 0, 0, 0]",7,cMajor,Piano Sonata K282 i Eb major.mid by Mozart.csv
146,150.0 to 150.875,14,"[1, 0, 1, 0, 1, 0, 0, 1, 0, 0, 2, 1]",1,b-Minor,Piano Sonata K282 i Eb major.mid by Mozart.csv
147,151.0 to 151.875,14,"[1, 0, 0, 0, 2, 0, 0, 1, 0, 0, 2, 0]",1,cMajor,Piano Sonata K282 i Eb major.mid by Mozart.csv
148,152.0 to 152.75,18,"[1, 0, 0, 0, 0, 2, 0, 1, 0, 2, 0, 0]",5,fMajor,Piano Sonata K282 i Eb major.mid by Mozart.csv
149,153.0 to 153.75,2,"[1, 0, 0, 0, 0, 1, 0, 0, 0, 2, 0, 0]",5,fMajor,Piano Sonata K282 i Eb major.mid by Mozart.csv
150,154.0 to 154.875,15,"[2, 0, 1, 0, 2, 0, 0, 1, 0, 0, 0, 1]",7,cMajor,Piano Sonata K282 i Eb major.mid by Mozart.csv
151,155.0 to 155.75,13,"[2, 0, 0, 0, 2, 0, 0, 1, 0, 0, 1, 0]",7,cMajor,Piano Sonata K282 i Eb major.mid by Mozart.csv
152,156.0 to 156.75,18,"[1, 0, 0, 0, 0, 2, 0, 0, 1, 2, 0, 0]",5,fMajor,Piano Sonata K282 i Eb major.mid by Mozart.csv
153,157.0 to 157.75,18,"[1, 0, 0, 0, 0, 2, 0, 0, 0, 2, 0, 0]",5,fMajor,Piano Sonata K282 i Eb major.mid by Mozart.csv
154,158.0 to 158.75,5,"[1, 0, 1, 0, 0, 1, 0, 1, 0, 0, 0, 2]",6,gMajor,Piano Sonata K282 i Eb major.mid by Mozart.csv
155,159.0 to 159.75,1,"[0, 0, 1, 0, 0, 1, 0, 2, 0, 0, 0, 1]",6,gMajor,Piano Sonata K282 i Eb major.mid by Mozart.csv
156,160.0 to 160.75,13,"[2, 0, 1, 0, 2, 0, 0, 1, 0, 0, 0, 0]",7,cMajor,Piano Sonata K282 i Eb major.mid by Mozart.csv
157,161.0 to 161.75,13,"[2, 0, 0, 0, 2, 0, 0, 1, 0, 0, 0, 0]",7,cMajor,Piano Sonata K282 i Eb major.mid by Mozart.csv
158,162.0 to 162.875,11,"[1, 0, 1, 2, 0, 0, 1, 0, 0, 1, 0, 0]",0,dMajor,Piano Sonata K282 i Eb major.mid by Mozart.csv
159,163.0 to 163.75,2,"[2, 0, 0, 1, 0, 0, 1, 0, 0, 1, 0, 0]",9,fMajor,Piano Sonata K282 i Eb major.mid by Mozart.csv
160,164.0 to 164.83333330000005,11,"[2, 0, 1, 2, 0, 0, 0, 1, 0, 0, 0, 1]",0,e-Minor,Piano Sonata K282 i Eb major.mid by Mozart.csv
161,165.0 to 165.875,19,"[2, 0, 2, 2, 0, 0, 2, 2, 0, 0, 0, 2]",0,gMajor,Piano Sonata K282 i Eb major.mid by Mozart.csv
162,166.0 to 166.75,16,"[1, 0, 0, 1, 0, 0, 1, 1, 0, 0, 0, 0]",8,e-Minor,Piano Sonata K282 i Eb major.mid by Mozart.csv
163,167.0 to 167.375,1,"[0, 0, 1, 0, 0, 0, 0, 2, 0, 0, 0, 1]",6,gMajor,Piano Sonata K282 i Eb major.mid by Mozart.csv
164,168.0 to 168.75,9,"[1, 0, 0, 0, 1, 0, 0, 1, 0, 0, 0, 0]",8,cMajor,Piano Sonata K282 i Eb major.mid by Mozart.csv
165,169.0 to 169.75,13,"[2, 0, 0, 0, 2, 0, 0, 2, 0, 0, 0, 0]",7,cMajor,Piano Sonata K282 i Eb major.mid by Mozart.csv
166,170.0 to 170.75,19,"[0, 0, 2, 0, 0, 2, 0, 2, 0, 0, 0, 1]",2,gMajor,Piano Sonata K282 i Eb major.mid by Mozart.csv
167,171.0 to 171.75,6,"[0, 0, 2, 0, 0, 2, 0, 1, 0, 0, 0, 1]",2,gMajor,Piano Sonata K282 i Eb major.mid by Mozart.csv
168,172.0 to 172.75,13,"[2, 0, 0, 0, 2, 0, 0, 2, 0, 1, 0, 0]",7,cMajor,Piano Sonata K282 i Eb major.mid by Mozart.csv
169,173.0 to 173.75,13,"[2, 0, 0, 0, 2, 0, 0, 2, 0, 0, 0, 0]",7,cMajor,Piano Sonata K282 i Eb major.mid by Mozart.csv
170,174.0 to 174.75,19,"[0, 0, 2, 0, 0, 2, 0, 2, 0, 0, 0, 1]",2,gMajor,Piano Sonata K282 i Eb major.mid by Mozart.csv
171,175.0 to 175.875,6,"[0, 0, 2, 0, 0, 2, 0, 1, 0, 0, 0, 1]",2,gMajor,Piano Sonata K282 i Eb major.mid by Mozart.csv
172,176.0 to 176.75,13,"[2, 0, 0, 0, 2, 0, 0, 2, 0, 1, 0, 0]",7,cMajor,Piano Sonata K282 i Eb major.mid by Mozart.csv
173,177.0 to 177.875,15,"[1, 0, 1, 0, 1, 1, 1, 1, 0, 0, 0, 1]",8,dMinor,Piano Sonata K282 i Eb major.mid by Mozart.csv
174,178.0 to 178.875,13,"[2, 0, 0, 0, 2, 0, 0, 2, 0, 0, 0, 0]",7,cMajor,Piano Sonata K282 i Eb major.mid by Mozart.csv
175,179.0 to 179.875,13,"[1, 0, 0, 0, 3, 0, 0, 2, 0, 0, 0, 0]",7,cMajor,Piano Sonata K282 i Eb major.mid by Mozart.csv
176,180.0 to 180.75,18,"[0, 0, 1, 0, 0, 3, 0, 0, 0, 2, 0, 0]",5,fMinor,Piano Sonata K282 i Eb major.mid by Mozart.csv
177,181.0 to 181.875,18,"[0, 0, 2, 0, 0, 3, 0, 0, 0, 1, 0, 0]",2,fMinor,Piano Sonata K282 i Eb major.mid by Mozart.csv
178,182.0 to 182.875,13,"[2, 0, 0, 0, 2, 0, 0, 3, 0, 0, 0, 0]",7,cMajor,Piano Sonata K282 i Eb major.mid by Mozart.csv
179,183.0 to 183.875,19,"[0, 0, 2, 0, 0, 2, 0, 1, 0, 0, 0, 2]",2,gMajor,Piano Sonata K282 i Eb major.mid by Mozart.csv
180,184.0 to 184.75,8,"[1, 0, 1, 0, 2, 0, 0, 0, 0, 1, 0, 1]",8,cMinor,Piano Sonata K282 i Eb major.mid by Mozart.csv
181,185.0 to 185.875,17,"[0, 0, 0, 0, 1, 1, 0, 1, 0, 1, 0, 1]",8,gMinor,Piano Sonata K282 i Eb major.mid by Mozart.csv
182,186.0 to 186.875,16,"[1, 0, 0, 0, 1, 0, 1, 2, 0, 1, 0, 0]",4,cMajor,Piano Sonata K282 i Eb major.mid by Mozart.csv
183,187.0 to 187.875,16,"[1, 0, 0, 0, 1, 0, 1, 1, 1, 0, 0, 0]",8,cMajor,Piano Sonata K282 i Eb major.mid by Mozart.csv
184,188.0 to 188.875,6,"[1, 1, 1, 0, 1, 1, 0, 0, 0, 1, 0, 0]",8,fMajor,Piano Sonata K282 i Eb major.mid by Mozart.csv
185,189.0 to 189.875,11,"[1, 1, 1, 1, 0, 1, 1, 0, 0, 0, 0, 0]",0,c#Major,Piano Sonata K282 i Eb major.mid by Mozart.csv
186,190.0 to 190.75,10,"[1, 0, 0, 0, 1, 1, 1, 2, 0, 0, 0, 0]",8,cMajor,Piano Sonata K282 i Eb major.mid by Mozart.csv
187,191.0 to 191.875,15,"[1, 0, 1, 0, 1, 1, 0, 1, 0, 0, 0, 1]",8,cMajor,Piano Sonata K282 i Eb major.mid by Mozart.csv
188,192.0 to 192.75,0,"[2, 0, 1, 0, 1, 1, 0, 1, 0, 0, 0, 0]",7,cMajor,Piano Sonata K282 i Eb major.mid by Mozart.csv
189,193.0 to 193.75,19,"[1, 0, 2, 0, 0, 1, 0, 1, 0, 1, 0, 2]",2,gMajor,Piano Sonata K282 i Eb major.mid by Mozart.csv
190,194.0 to 194.875,0,"[3, 0, 1, 0, 1, 1, 0, 1, 0, 0, 0, 0]",7,cMajor,Piano Sonata K282 i Eb major.mid by Mozart.csv
191,195.0 to 195.875,5,"[1, 0, 1, 0, 0, 1, 0, 1, 0, 1, 0, 1]",4,fMajor,Piano Sonata K282 i Eb major.mid by Mozart.csv
192,196.0 to 196.75,17,"[0, 1, 0, 0, 1, 0, 0, 1, 0, 1, 1, 0]",1,aMajor,Piano Sonata K282 i Eb major.mid by Mozart.csv
193,197.0 to 197.625,10,"[0, 1, 0, 0, 1, 0, 0, 2, 0, 0, 1, 0]",1,cMajor,Piano Sonata K282 i Eb major.mid by Mozart.csv
194,198.0 to 198.6666667,8,"[0, 1, 0, 0, 2, 0, 0, 1, 0, 1, 0, 0]",1,aMajor,Piano Sonata K282 i Eb major.mid by Mozart.csv
195,199.0 to 199.5,17,"[0, 2, 0, 0, 1, 0, 0, 1, 0, 1, 0, 0]",1,aMajor,Piano Sonata K282 i Eb major.mid by Mozart.csv
196,200.0 to 200.6666667,16,"[0, 0, 1, 0, 0, 0, 1, 1, 0, 1, 0, 0]",3,dMajor,Piano Sonata K282 i Eb major.mid by Mozart.csv
197,201.0 to 201.625,7,"[0, 0, 1, 0, 0, 1, 1, 0, 0, 1, 0, 0]",3,dMajor,Piano Sonata K282 i Eb major.mid by Mozart.csv
198,202.0 to 202.75,2,"[1, 0, 0, 0, 1, 1, 0, 0, 0, 1, 0, 0]",8,fMajor,Piano Sonata K282 i Eb major.mid by Mozart.csv
199,203.0 to 203.75,3,"[1, 0, 0, 0, 1, 1, 0, 0, 1, 0, 0, 0]",8,g#Minor,Piano Sonata K282 i Eb major.mid by Mozart.csv
200,204.0 to 204.75,18,"[0, 0, 0, 0, 1, 2, 0, 1, 0, 0, 0, 1]",8,gMinor,Piano Sonata K282 i Eb major.mid by Mozart.csv
201,205.0 to 205.75,6,"[0, 1, 1, 0, 0, 1, 0, 1, 0, 0, 0, 0]",3,c#Major,Piano Sonata K282 i Eb major.mid by Mozart.csv
202,206.0 to 206.75,5,"[0, 0, 1, 0, 0, 0, 0, 1, 0, 0, 1, 1]",6,b-Minor,Piano Sonata K282 i Eb major.mid by Mozart.csv
203,207.0 to 207.75,5,"[0, 0, 1, 0, 1, 1, 0, 1, 0, 0, 0, 1]",6,gMinor,Piano Sonata K282 i Eb major.mid by Mozart.csv
204,208.0 to 208.75,15,"[1, 0, 0, 0, 1, 0, 0, 0, 0, 0, 0, 1]",8,cMajor,Piano Sonata K282 i Eb major.mid by Mozart.csv
205,209.0 to 209.75,2,"[1, 0, 0, 0, 1, 0, 0, 0, 0, 1, 1, 0]",8,cMinor,Piano Sonata K282 i Eb major.mid by Mozart.csv
206,210.0 to 210.75,3,"[1, 0, 0, 0, 0, 1, 0, 0, 1, 1, 0, 0]",5,fMajor,Piano Sonata K282 i Eb major.mid by Mozart.csv
207,211.0 to 211.75,16,"[1, 0, 0, 0, 0, 0, 1, 1, 1, 0, 0, 0]",8,cMajor,Piano Sonata K282 i Eb major.mid by Mozart.csv
208,212.0 to 212.875,1,"[0, 0, 0, 0, 0, 0, 1, 2, 0, 1, 0, 1]",4,gMajor,Piano Sonata K282 i Eb major.mid by Mozart.csv
209,213.0 to 213.875,2,"[2, 0, 0, 0, 0, 0, 1, 2, 0, 2, 0, 1]",4,cMajor,Piano Sonata K282 i Eb major.mid by Mozart.csv
210,214.0 to 214.875,1,"[0, 0, 0, 0, 0, 0, 1, 2, 0, 1, 0, 1]",4,gMajor,Piano Sonata K282 i Eb major.mid by Mozart.csv
211,215.0 to 215.875,2,"[2, 0, 0, 0, 0, 0, 1, 2, 0, 2, 0, 1]",4,cMajor,Piano Sonata K282 i Eb major.mid by Mozart.csv
212,216.0 to 216.5,16,"[1, 0, 0, 0, 0, 0, 1, 2, 0, 1, 0, 0]",4,e-Minor,Piano Sonata K282 i Eb major.mid by Mozart.csv
213,217.0 to 217.75,1,"[0, 0, 0, 0, 0, 0, 0, 2, 0, 0, 0, 1]",4,gMajor,Piano Sonata K282 i Eb major.mid by Mozart.csv
214,218.0 to 218.75,4,"[0, 0, 0, 0, 0, 0, 0, 0, 1, 1, 0, 1]",8,eMajor,Piano Sonata K282 i Eb major.mid by Mozart.csv
215,219.0 to 219.75,6,"[0, 0, 1, 0, 1, 1, 0, 1, 0, 0, 0, 0]",8,cMajor,Piano Sonata K282 i Eb major.mid by Mozart.csv
216,220.0 to 220.75,13,"[2, 0, 0, 0, 2, 0, 0, 1, 0, 0, 0, 0]",7,cMajor,Piano Sonata K282 i Eb major.mid by Mozart.csv
217,221.0 to 221.75,13,"[2, 0, 0, 0, 1, 0, 0, 2, 0, 0, 0, 0]",7,cMajor,Piano Sonata K282 i Eb major.mid by Mozart.csv
218,222.0 to 222.875,14,"[1, 0, 1, 0, 1, 0, 0, 1, 0, 0, 2, 1]",1,b-Minor,Piano Sonata K282 i Eb major.mid by Mozart.csv
219,223.0 to 223.875,14,"[1, 0, 0, 0, 2, 0, 0, 1, 0, 0, 2, 0]",1,cMajor,Piano Sonata K282 i Eb major.mid by Mozart.csv
220,224.0 to 224.75,18,"[1, 0, 0, 0, 0, 2, 0, 1, 0, 2, 0, 0]",5,fMajor,Piano Sonata K282 i Eb major.mid by Mozart.csv
221,225.0 to 225.75,2,"[1, 0, 0, 0, 0, 1, 0, 0, 0, 2, 0, 0]",5,fMajor,Piano Sonata K282 i Eb major.mid by Mozart.csv
222,226.0 to 226.875,15,"[2, 0, 1, 0, 2, 0, 0, 1, 0, 0, 0, 1]",7,cMajor,Piano Sonata K282 i Eb major.mid by Mozart.csv
223,227.0 to 227.75,13,"[2, 0, 0, 0, 2, 0, 0, 1, 0, 0, 1, 0]",7,cMajor,Piano Sonata K282 i Eb major.mid by Mozart.csv
224,228.0 to 228.75,18,"[1, 0, 0, 0, 0, 2, 0, 0, 1, 2, 0, 0]",5,fMajor,Piano Sonata K282 i Eb major.mid by Mozart.csv
225,229.0 to 229.75,18,"[1, 0, 0, 0, 0, 2, 0, 0, 0, 2, 0, 0]",5,fMajor,Piano Sonata K282 i Eb major.mid by Mozart.csv
226,230.0 to 230.75,5,"[1, 0, 1, 0, 0, 1, 0, 1, 0, 0, 0, 2]",6,gMajor,Piano Sonata K282 i Eb major.mid by Mozart.csv
227,231.0 to 231.75,1,"[0, 0, 1, 0, 0, 1, 0, 2, 0, 0, 0, 1]",6,gMajor,Piano Sonata K282 i Eb major.mid by Mozart.csv
228,232.0 to 232.75,13,"[2, 0, 1, 0, 2, 0, 0, 1, 0, 0, 0, 0]",7,cMajor,Piano Sonata K282 i Eb major.mid by Mozart.csv
229,233.0 to 233.75,13,"[2, 0, 0, 0, 2, 0, 0, 1, 0, 0, 0, 0]",7,cMajor,Piano Sonata K282 i Eb major.mid by Mozart.csv
230,234.0 to 234.875,11,"[1, 0, 1, 2, 0, 0, 1, 0, 0, 1, 0, 0]",0,dMajor,Piano Sonata K282 i Eb major.mid by Mozart.csv
231,235.0 to 235.75,2,"[2, 0, 0, 1, 0, 0, 1, 0, 0, 1, 0, 0]",9,fMajor,Piano Sonata K282 i Eb major.mid by Mozart.csv
232,236.0 to 236.8333333,11,"[2, 0, 1, 2, 0, 0, 0, 1, 0, 0, 0, 1]",0,e-Minor,Piano Sonata K282 i Eb major.mid by Mozart.csv
233,237.0 to 237.875,19,"[2, 0, 2, 2, 0, 0, 2, 2, 0, 0, 0, 2]",0,gMajor,Piano Sonata K282 i Eb major.mid by Mozart.csv
234,238.0 to 238.75,16,"[1, 0, 0, 1, 0, 0, 1, 1, 0, 0, 0, 0]",8,e-Minor,Piano Sonata K282 i Eb major.mid by Mozart.csv
235,239.0 to 239.375,1,"[0, 0, 1, 0, 0, 0, 0, 2, 0, 0, 0, 1]",6,gMajor,Piano Sonata K282 i Eb major.mid by Mozart.csv
236,240.0 to 240.75,9,"[1, 0, 0, 0, 1, 0, 0, 1, 0, 0, 0, 0]",8,cMajor,Piano Sonata K282 i Eb major.mid by Mozart.csv
237,241.0 to 241.75,13,"[2, 0, 0, 0, 2, 0, 0, 2, 0, 0, 0, 0]",7,cMajor,Piano Sonata K282 i Eb major.mid by Mozart.csv
238,242.0 to 242.75,19,"[0, 0, 2, 0, 0, 2, 0, 2, 0, 0, 0, 1]",2,gMajor,Piano Sonata K282 i Eb major.mid by Mozart.csv
239,243.0 to 243.75,6,"[0, 0, 2, 0, 0, 2, 0, 1, 0, 0, 0, 1]",2,gMajor,Piano Sonata K282 i Eb major.mid by Mozart.csv
240,244.0 to 244.75,13,"[2, 0, 0, 0, 2, 0, 0, 2, 0, 1, 0, 0]",7,cMajor,Piano Sonata K282 i Eb major.mid by Mozart.csv
241,245.0 to 245.75,13,"[2, 0, 0, 0, 2, 0, 0, 2, 0, 0, 0, 0]",7,cMajor,Piano Sonata K282 i Eb major.mid by Mozart.csv
242,246.0 to 246.75,19,"[0, 0, 2, 0, 0, 2, 0, 2, 0, 0, 0, 1]",2,gMajor,Piano Sonata K282 i Eb major.mid by Mozart.csv
243,247.0 to 247.875,6,"[0, 0, 2, 0, 0, 2, 0, 1, 0, 0, 0, 1]",2,gMajor,Piano Sonata K282 i Eb major.mid by Mozart.csv
244,248.0 to 248.75,13,"[2, 0, 0, 0, 2, 0, 0, 2, 0, 1, 0, 0]",7,cMajor,Piano Sonata K282 i Eb major.mid by Mozart.csv
245,249.0 to 249.875,15,"[1, 0, 1, 0, 1, 1, 1, 1, 0, 0, 0, 1]",8,dMinor,Piano Sonata K282 i Eb major.mid by Mozart.csv
246,250.0 to 250.875,13,"[2, 0, 0, 0, 2, 0, 0, 2, 0, 0, 0, 0]",7,cMajor,Piano Sonata K282 i Eb major.mid by Mozart.csv
247,251.0 to 251.875,13,"[1, 0, 0, 0, 3, 0, 0, 2, 0, 0, 0, 0]",7,cMajor,Piano Sonata K282 i Eb major.mid by Mozart.csv
248,252.0 to 252.75,18,"[0, 0, 1, 0, 0, 3, 0, 0, 0, 2, 0, 0]",5,fMinor,Piano Sonata K282 i Eb major.mid by Mozart.csv
249,253.0 to 253.875,18,"[0, 0, 2, 0, 0, 3, 0, 0, 0, 1, 0, 0]",2,fMinor,Piano Sonata K282 i Eb major.mid by Mozart.csv
250,254.0 to 254.875,13,"[2, 0, 0, 0, 2, 0, 0, 3, 0, 0, 0, 0]",7,cMajor,Piano Sonata K282 i Eb major.mid by Mozart.csv
251,255.0 to 255.875,19,"[0, 0, 2, 0, 0, 2, 0, 1, 0, 0, 0, 2]",2,gMajor,Piano Sonata K282 i Eb major.mid by Mozart.csv
252,256.0 to 256.75,8,"[1, 0, 1, 0, 2, 0, 0, 0, 0, 1, 0, 1]",8,cMinor,Piano Sonata K282 i Eb major.mid by Mozart.csv
253,257.0 to 257.875,17,"[0, 0, 0, 0, 1, 1, 0, 1, 0, 1, 0, 1]",8,gMinor,Piano Sonata K282 i Eb major.mid by Mozart.csv
254,258.0 to 258.875,16,"[1, 0, 0, 0, 1, 0, 1, 2, 0, 1, 0, 0]",4,cMajor,Piano Sonata K282 i Eb major.mid by Mozart.csv
255,259.0 to 259.875,16,"[1, 0, 0, 0, 1, 0, 1, 1, 1, 0, 0, 0]",8,cMajor,Piano Sonata K282 i Eb major.mid by Mozart.csv
256,260.0 to 260.875,6,"[1, 1, 1, 0, 1, 1, 0, 0, 0, 1, 0, 0]",8,fMajor,Piano Sonata K282 i Eb major.mid by Mozart.csv
257,261.0 to 261.875,11,"[1, 1, 1, 1, 0, 1, 1, 0, 0, 0, 0, 0]",0,c#Major,Piano Sonata K282 i Eb major.mid by Mozart.csv
258,262.0 to 262.75,10,"[1, 0, 0, 0, 1, 1, 1, 2, 0, 0, 0, 0]",8,cMajor,Piano Sonata K282 i Eb major.mid by Mozart.csv
259,263.0 to 263.875,15,"[1, 0, 1, 0, 1, 1, 0, 1, 0, 0, 0, 1]",8,cMajor,Piano Sonata K282 i Eb major.mid by Mozart.csv
260,264.0 to 264.75,0,"[2, 0, 1, 0, 1, 1, 0, 1, 0, 0, 0, 0]",7,cMajor,Piano Sonata K282 i Eb major.mid by Mozart.csv
261,265.0 to 265.75,19,"[1, 0, 2, 0, 0, 1, 0, 1, 0, 1, 0, 2]",2,gMajor,Piano Sonata K282 i Eb major.mid by Mozart.csv
262,266.0 to 266.875,0,"[3, 0, 1, 0, 1, 1, 0, 1, 0, 0, 0, 0]",7,cMajor,Piano Sonata K282 i Eb major.mid by Mozart.csv
263,267.0 to 267.875,5,"[1, 0, 1, 0, 0, 1, 0, 1, 0, 1, 0, 1]",4,fMajor,Piano Sonata K282 i Eb major.mid by Mozart.csv
264,268.0 to 268.75,9,"[1, 0, 0, 0, 1, 0, 0, 1, 0, 1, 0, 0]",8,cMajor,Piano Sonata K282 i Eb major.mid by Mozart.csv
265,269.0 to 269.6666667,9,"[1, 0, 0, 0, 1, 0, 0, 1, 0, 0, 0, 0]",8,cMajor,Piano Sonata K282 i Eb major.mid by Mozart.csv
266,270.0 to 270.8333333,5,"[0, 0, 1, 0, 0, 0, 0, 1, 1, 1, 0, 2]",6,gMajor,Piano Sonata K282 i Eb major.mid by Mozart.csv
267,271.0 to 271.75,8,"[1, 0, 1, 0, 2, 0, 0, 0, 0, 1, 0, 0]",8,cMinor,Piano Sonata K282 i Eb major.mid by Mozart.csv
268,272.0 to 272.625,1,"[1, 0, 1, 0, 0, 0, 0, 2, 0, 0, 0, 1]",6,gMajor,Piano Sonata K282 i Eb major.mid by Mozart.csv
269,273.0 to 273.6666667,4,"[0, 0, 0, 0, 0, 1, 0, 0, 0, 1, 0, 2]",4,eMajor,Piano Sonata K282 i Eb major.mid by Mozart.csv
270,274.0 to 274.875,13,"[2, 0, 0, 0, 2, 0, 0, 1, 1, 0, 0, 1]",7,cMajor,Piano Sonata K282 i Eb major.mid by Mozart.csv
271,275.0 to 275.875,18,"[1, 0, 1, 0, 1, 2, 0, 0, 0, 1, 0, 0]",5,fMajor,Piano Sonata K282 i Eb major.mid by Mozart.csv
272,276.0 to 276.875,9,"[1, 0, 0, 0, 1, 0, 0, 1, 0, 0, 0, 0]",8,cMajor,Piano Sonata K282 i Eb major.mid by Mozart.csv
273,277.0 to 277.875,15,"[1, 0, 1, 0, 2, 1, 0, 1, 0, 0, 0, 1]",8,cMajor,Piano Sonata K282 i Eb major.mid by Mozart.csv
274,278.0 to 278.75,4,"[1, 0, 1, 0, 0, 1, 0, 0, 0, 0, 0, 1]",8,gMajor,Piano Sonata K282 i Eb major.mid by Mozart.csv
275,279.0 to 279.0,0,"[2, 0, 0, 0, 1, 0, 0, 0, 0, 0, 0, 0]",8,cMajor,Piano Sonata K282 i Eb major.mid by Mozart.csv
