index,offsetRange,CentroidLabelIndex_entireUnits,"[C,C#,D,E-,E,F,F#,G,G#,A,B-,B]",CentroidLabelIndex_individualUnit,triadLabel,filename
0,0.0 to 0.875,0,"[2, 0, 0, 0, 1, 0, 0, 0, 0, 0, 0, 0]",5,cMajor,Piano Sonata K494 ii Bb major.mid by Mozart.csv
1,1.0 to 1.0,4,"[0, 0, 1, 0, 0, 1, 0, 0, 0, 0, 0, 1]",4,gMajor,Piano Sonata K494 ii Bb major.mid by Mozart.csv
2,2.0 to 2.0,9,"[1, 0, 0, 0, 1, 0, 0, 1, 0, 0, 0, 0]",3,cMajor,Piano Sonata K494 ii Bb major.mid by Mozart.csv
3,3.0 to 3.0,11,"[0, 0, 0, 1, 0, 0, 1, 0, 0, 1, 0, 0]",9,dMajor,Piano Sonata K494 ii Bb major.mid by Mozart.csv
4,4.0 to 4.0,7,"[0, 0, 1, 0, 0, 0, 1, 0, 0, 1, 0, 0]",2,dMajor,Piano Sonata K494 ii Bb major.mid by Mozart.csv
5,5.0 to 5.0,2,"[1, 0, 1, 0, 0, 0, 0, 0, 0, 1, 0, 0]",2,dMajor,Piano Sonata K494 ii Bb major.mid by Mozart.csv
6,6.0 to 6.375,9,"[1, 1, 1, 0, 1, 0, 0, 1, 0, 0, 0, 0]",8,cMajor,Piano Sonata K494 ii Bb major.mid by Mozart.csv
7,7.0 to 7.75,5,"[1, 0, 1, 0, 0, 0, 0, 1, 0, 0, 0, 2]",1,gMajor,Piano Sonata K494 ii Bb major.mid by Mozart.csv
8,8.0 to 8.75,1,"[1, 0, 0, 0, 0, 1, 0, 2, 0, 2, 0, 1]",2,fMajor,Piano Sonata K494 ii Bb major.mid by Mozart.csv
9,9.0 to 9.875,5,"[0, 0, 1, 0, 0, 1, 0, 1, 0, 0, 0, 1]",4,gMajor,Piano Sonata K494 ii Bb major.mid by Mozart.csv
10,10.0 to 10.875,9,"[1, 0, 0, 0, 1, 0, 0, 0, 0, 0, 0, 0]",5,cMajor,Piano Sonata K494 ii Bb major.mid by Mozart.csv
11,11.0 to 11.0,9,"[0, 0, 0, 0, 1, 0, 0, 1, 0, 0, 0, 0]",3,cMajor,Piano Sonata K494 ii Bb major.mid by Mozart.csv
12,12.0 to 12.5,12,"[0, 1, 2, 0, 2, 0, 0, 1, 0, 0, 0, 0]",8,cMajor,Piano Sonata K494 ii Bb major.mid by Mozart.csv
13,13.0 to 13.5,6,"[0, 0, 3, 0, 1, 1, 0, 1, 0, 0, 0, 0]",4,gMajor,Piano Sonata K494 ii Bb major.mid by Mozart.csv
14,14.0 to 14.5,12,"[0, 0, 3, 0, 0, 1, 0, 0, 0, 1, 0, 0]",4,fMinor,Piano Sonata K494 ii Bb major.mid by Mozart.csv
15,15.0 to 15.5,19,"[1, 0, 3, 0, 0, 1, 0, 0, 0, 0, 0, 1]",4,gMajor,Piano Sonata K494 ii Bb major.mid by Mozart.csv
16,16.0 to 16.5,9,"[1, 0, 1, 0, 1, 0, 0, 1, 0, 0, 0, 0]",8,cMajor,Piano Sonata K494 ii Bb major.mid by Mozart.csv
17,17.0 to 17.0,9,"[0, 0, 0, 0, 1, 0, 0, 1, 0, 0, 0, 0]",3,cMajor,Piano Sonata K494 ii Bb major.mid by Mozart.csv
18,18.0 to 18.5,18,"[0, 1, 0, 0, 1, 2, 0, 1, 0, 0, 0, 0]",0,c#Major,Piano Sonata K494 ii Bb major.mid by Mozart.csv
19,19.0 to 19.5,18,"[0, 0, 1, 0, 1, 3, 0, 1, 0, 0, 0, 0]",0,b-Major,Piano Sonata K494 ii Bb major.mid by Mozart.csv
20,20.0 to 20.5,18,"[0, 0, 1, 0, 0, 3, 0, 0, 0, 1, 0, 0]",0,fMinor,Piano Sonata K494 ii Bb major.mid by Mozart.csv
21,21.0 to 21.5,5,"[0, 0, 1, 0, 1, 1, 0, 1, 0, 0, 0, 1]",4,gMinor,Piano Sonata K494 ii Bb major.mid by Mozart.csv
22,22.0 to 22.5,0,"[2, 0, 0, 0, 2, 1, 0, 0, 0, 0, 0, 0]",5,cMajor,Piano Sonata K494 ii Bb major.mid by Mozart.csv
23,23.0 to 23.5,5,"[0, 0, 1, 0, 0, 0, 0, 1, 0, 1, 0, 2]",1,gMajor,Piano Sonata K494 ii Bb major.mid by Mozart.csv
24,24.0 to 24.5,2,"[1, 0, 1, 0, 1, 0, 0, 0, 0, 2, 0, 0]",2,cMinor,Piano Sonata K494 ii Bb major.mid by Mozart.csv
25,25.0 to 25.875,2,"[1, 0, 0, 0, 0, 0, 0, 0, 0, 3, 0, 1]",2,fMajor,Piano Sonata K494 ii Bb major.mid by Mozart.csv
26,26.0 to 26.5,7,"[1, 0, 1, 0, 0, 0, 1, 1, 0, 1, 0, 0]",2,dMajor,Piano Sonata K494 ii Bb major.mid by Mozart.csv
27,27.0 to 27.0,16,"[1, 0, 0, 0, 0, 0, 1, 1, 0, 1, 0, 0]",2,cMajor,Piano Sonata K494 ii Bb major.mid by Mozart.csv
28,28.0 to 28.0,1,"[0, 0, 0, 0, 0, 0, 0, 3, 0, 0, 0, 1]",3,gMajor,Piano Sonata K494 ii Bb major.mid by Mozart.csv
29,29.0 to 29.75,5,"[0, 0, 1, 0, 0, 1, 0, 1, 0, 1, 0, 1]",4,fMinor,Piano Sonata K494 ii Bb major.mid by Mozart.csv
30,30.0 to 30.0,0,"[2, 0, 0, 0, 1, 0, 0, 0, 0, 0, 0, 0]",5,cMajor,Piano Sonata K494 ii Bb major.mid by Mozart.csv
31,31.0 to 31.0,4,"[0, 0, 1, 0, 0, 1, 0, 0, 0, 0, 0, 1]",4,gMajor,Piano Sonata K494 ii Bb major.mid by Mozart.csv
32,32.0 to 32.0,9,"[1, 0, 0, 0, 1, 0, 0, 1, 0, 0, 0, 0]",3,cMajor,Piano Sonata K494 ii Bb major.mid by Mozart.csv
33,33.0 to 33.0,11,"[0, 0, 0, 1, 0, 0, 1, 0, 0, 1, 0, 0]",9,dMajor,Piano Sonata K494 ii Bb major.mid by Mozart.csv
34,34.0 to 34.0,7,"[0, 0, 1, 0, 0, 0, 1, 0, 0, 1, 0, 0]",2,dMajor,Piano Sonata K494 ii Bb major.mid by Mozart.csv
35,35.0 to 35.0,2,"[1, 0, 1, 0, 0, 0, 0, 0, 0, 1, 0, 0]",2,dMajor,Piano Sonata K494 ii Bb major.mid by Mozart.csv
36,36.0 to 36.375,9,"[1, 1, 1, 0, 1, 0, 0, 1, 0, 0, 0, 0]",8,cMajor,Piano Sonata K494 ii Bb major.mid by Mozart.csv
37,37.0 to 37.75,5,"[1, 0, 1, 0, 0, 0, 0, 1, 0, 0, 0, 2]",1,gMajor,Piano Sonata K494 ii Bb major.mid by Mozart.csv
38,38.0 to 38.75,1,"[1, 0, 0, 0, 0, 1, 0, 2, 0, 2, 0, 1]",2,fMajor,Piano Sonata K494 ii Bb major.mid by Mozart.csv
39,39.0 to 39.875,5,"[0, 0, 1, 0, 0, 1, 0, 1, 0, 0, 0, 1]",4,gMajor,Piano Sonata K494 ii Bb major.mid by Mozart.csv
40,40.0 to 40.875,9,"[1, 0, 0, 0, 1, 0, 0, 0, 0, 0, 0, 0]",5,cMajor,Piano Sonata K494 ii Bb major.mid by Mozart.csv
41,41.0 to 41.0,9,"[0, 0, 0, 0, 1, 0, 0, 1, 0, 0, 0, 0]",3,cMajor,Piano Sonata K494 ii Bb major.mid by Mozart.csv
42,42.0 to 42.5,12,"[0, 1, 2, 0, 2, 0, 0, 1, 0, 0, 0, 0]",8,cMajor,Piano Sonata K494 ii Bb major.mid by Mozart.csv
43,43.0 to 43.5,6,"[0, 0, 3, 0, 1, 1, 0, 1, 0, 0, 0, 0]",4,gMajor,Piano Sonata K494 ii Bb major.mid by Mozart.csv
44,44.0 to 44.5,12,"[0, 0, 3, 0, 0, 1, 0, 0, 0, 1, 0, 0]",4,fMinor,Piano Sonata K494 ii Bb major.mid by Mozart.csv
45,45.0 to 45.5,4,"[1, 0, 1, 0, 0, 1, 0, 0, 0, 0, 0, 1]",4,gMajor,Piano Sonata K494 ii Bb major.mid by Mozart.csv
46,46.0 to 46.5,9,"[1, 0, 1, 0, 1, 0, 0, 1, 0, 0, 0, 0]",8,cMajor,Piano Sonata K494 ii Bb major.mid by Mozart.csv
47,47.0 to 47.0,9,"[0, 0, 0, 0, 1, 0, 0, 1, 0, 0, 0, 0]",3,cMajor,Piano Sonata K494 ii Bb major.mid by Mozart.csv
48,48.0 to 48.5,18,"[0, 1, 0, 0, 1, 2, 0, 1, 0, 0, 0, 0]",0,c#Major,Piano Sonata K494 ii Bb major.mid by Mozart.csv
49,49.0 to 49.5,18,"[0, 0, 1, 0, 1, 3, 0, 1, 0, 0, 0, 0]",0,b-Major,Piano Sonata K494 ii Bb major.mid by Mozart.csv
50,50.0 to 50.5,18,"[0, 0, 1, 0, 0, 3, 0, 0, 0, 1, 0, 0]",0,fMinor,Piano Sonata K494 ii Bb major.mid by Mozart.csv
51,51.0 to 51.5,5,"[0, 0, 1, 0, 1, 1, 0, 1, 0, 0, 0, 1]",4,gMinor,Piano Sonata K494 ii Bb major.mid by Mozart.csv
52,52.0 to 52.5,0,"[2, 0, 0, 0, 2, 1, 0, 0, 0, 0, 0, 0]",5,cMajor,Piano Sonata K494 ii Bb major.mid by Mozart.csv
53,53.0 to 53.875,19,"[0, 0, 2, 0, 0, 0, 0, 1, 0, 1, 0, 1]",4,gMajor,Piano Sonata K494 ii Bb major.mid by Mozart.csv
54,54.0 to 54.5,7,"[2, 0, 2, 0, 0, 0, 1, 0, 0, 1, 0, 0]",2,dMajor,Piano Sonata K494 ii Bb major.mid by Mozart.csv
55,55.0 to 55.75,7,"[1, 0, 1, 0, 0, 0, 2, 1, 0, 2, 0, 1]",2,dMajor,Piano Sonata K494 ii Bb major.mid by Mozart.csv
56,56.0 to 56.5,7,"[1, 0, 2, 0, 1, 0, 1, 0, 0, 1, 0, 0]",2,dMajor,Piano Sonata K494 ii Bb major.mid by Mozart.csv
57,57.0 to 57.5,12,"[0, 0, 2, 0, 2, 0, 0, 0, 1, 0, 0, 1]",8,eMajor,Piano Sonata K494 ii Bb major.mid by Mozart.csv
58,58.0 to 58.75,4,"[1, 0, 1, 0, 1, 0, 0, 0, 2, 1, 0, 2]",1,eMajor,Piano Sonata K494 ii Bb major.mid by Mozart.csv
59,59.0 to 59.875,8,"[0, 0, 1, 0, 2, 1, 0, 0, 1, 0, 0, 1]",8,eMajor,Piano Sonata K494 ii Bb major.mid by Mozart.csv
60,60.0 to 60.5,8,"[1, 0, 0, 0, 2, 1, 0, 0, 0, 1, 0, 0]",5,cMinor,Piano Sonata K494 ii Bb major.mid by Mozart.csv
61,61.0 to 61.75,2,"[2, 0, 1, 0, 1, 0, 0, 0, 0, 2, 0, 1]",2,cMinor,Piano Sonata K494 ii Bb major.mid by Mozart.csv
62,62.0 to 62.75,2,"[2, 0, 0, 0, 1, 0, 0, 0, 1, 2, 0, 1]",2,cMinor,Piano Sonata K494 ii Bb major.mid by Mozart.csv
63,63.0 to 63.875,5,"[0, 0, 1, 0, 0, 0, 0, 1, 0, 1, 0, 1]",1,gMajor,Piano Sonata K494 ii Bb major.mid by Mozart.csv
64,64.0 to 64.875,7,"[0, 0, 1, 0, 0, 0, 1, 0, 0, 1, 0, 0]",2,dMajor,Piano Sonata K494 ii Bb major.mid by Mozart.csv
65,66.0 to 66.0,9,"[0, 0, 0, 0, 0, 0, 0, 1, 0, 0, 0, 0]",3,cMajor,Piano Sonata K494 ii Bb major.mid by Mozart.csv
66,67.0 to 67.0,16,"[0, 0, 0, 0, 0, 0, 1, 0, 0, 0, 0, 0]",9,dMajor,Piano Sonata K494 ii Bb major.mid by Mozart.csv
67,68.0 to 68.0,9,"[0, 0, 0, 0, 0, 0, 0, 1, 0, 0, 0, 0]",3,cMajor,Piano Sonata K494 ii Bb major.mid by Mozart.csv
68,69.0 to 69.75,12,"[0, 1, 2, 0, 0, 0, 0, 0, 0, 0, 1, 0]",8,b-Major,Piano Sonata K494 ii Bb major.mid by Mozart.csv
69,70.0 to 70.75,5,"[0, 1, 1, 0, 0, 0, 1, 1, 0, 0, 0, 1]",1,gMajor,Piano Sonata K494 ii Bb major.mid by Mozart.csv
70,71.0 to 71.75,19,"[0, 0, 2, 0, 0, 0, 0, 1, 0, 0, 1, 1]",4,gMajor,Piano Sonata K494 ii Bb major.mid by Mozart.csv
71,72.0 to 72.5,16,"[0, 0, 0, 0, 0, 0, 1, 1, 0, 1, 0, 0]",9,dMajor,Piano Sonata K494 ii Bb major.mid by Mozart.csv
72,73.0 to 73.5,3,"[0, 0, 0, 0, 0, 1, 1, 0, 1, 0, 0, 0]",9,c#Major,Piano Sonata K494 ii Bb major.mid by Mozart.csv
73,74.0 to 74.875,17,"[0, 0, 0, 0, 0, 1, 1, 0, 0, 1, 0, 0]",9,dMajor,Piano Sonata K494 ii Bb major.mid by Mozart.csv
74,75.0 to 75.75,4,"[0, 0, 1, 1, 1, 0, 1, 0, 0, 0, 0, 1]",8,bMajor,Piano Sonata K494 ii Bb major.mid by Mozart.csv
75,76.0 to 76.75,3,"[1, 0, 1, 0, 0, 1, 0, 0, 1, 1, 0, 0]",2,fMajor,Piano Sonata K494 ii Bb major.mid by Mozart.csv
76,77.0 to 77.75,7,"[1, 0, 1, 0, 0, 0, 1, 0, 0, 1, 0, 1]",2,dMajor,Piano Sonata K494 ii Bb major.mid by Mozart.csv
77,78.0 to 78.5,4,"[0, 0, 0, 0, 0, 0, 0, 0, 1, 1, 0, 1]",9,eMajor,Piano Sonata K494 ii Bb major.mid by Mozart.csv
78,79.0 to 79.5,14,"[0, 0, 0, 0, 0, 0, 0, 1, 1, 0, 1, 0]",9,e-Major,Piano Sonata K494 ii Bb major.mid by Mozart.csv
79,80.0 to 80.875,5,"[0, 0, 0, 0, 0, 0, 0, 1, 1, 0, 0, 1]",1,eMajor,Piano Sonata K494 ii Bb major.mid by Mozart.csv
80,81.0 to 81.75,6,"[0, 0, 2, 0, 0, 2, 0, 0, 1, 0, 0, 2]",4,b-Major,Piano Sonata K494 ii Bb major.mid by Mozart.csv
81,82.0 to 82.75,6,"[0, 0, 2, 0, 0, 2, 0, 0, 2, 0, 0, 2]",4,gMajor,Piano Sonata K494 ii Bb major.mid by Mozart.csv
82,83.0 to 83.75,19,"[0, 0, 2, 0, 0, 2, 0, 1, 1, 0, 0, 2]",4,gMajor,Piano Sonata K494 ii Bb major.mid by Mozart.csv
83,84.0 to 84.75,0,"[3, 0, 0, 0, 0, 2, 0, 0, 2, 0, 0, 0]",5,g#Minor,Piano Sonata K494 ii Bb major.mid by Mozart.csv
84,85.0 to 85.75,0,"[4, 0, 0, 0, 0, 2, 0, 0, 2, 0, 0, 0]",5,g#Minor,Piano Sonata K494 ii Bb major.mid by Mozart.csv
85,86.0 to 86.75,18,"[3, 0, 0, 0, 0, 3, 0, 0, 2, 0, 0, 0]",0,g#Minor,Piano Sonata K494 ii Bb major.mid by Mozart.csv
86,87.0 to 87.75,10,"[0, 2, 0, 0, 2, 0, 0, 2, 0, 0, 1, 0]",6,cMajor,Piano Sonata K494 ii Bb major.mid by Mozart.csv
87,88.0 to 88.75,8,"[0, 2, 0, 0, 3, 0, 0, 2, 0, 0, 1, 0]",6,cMajor,Piano Sonata K494 ii Bb major.mid by Mozart.csv
88,89.0 to 89.75,10,"[0, 2, 0, 0, 2, 0, 0, 3, 0, 0, 1, 0]",6,cMajor,Piano Sonata K494 ii Bb major.mid by Mozart.csv
89,90.0 to 90.75,5,"[0, 0, 1, 0, 0, 0, 0, 1, 0, 0, 0, 2]",1,gMajor,Piano Sonata K494 ii Bb major.mid by Mozart.csv
90,91.0 to 91.75,19,"[0, 0, 2, 0, 0, 0, 0, 1, 0, 0, 0, 1]",4,gMajor,Piano Sonata K494 ii Bb major.mid by Mozart.csv
91,92.0 to 92.75,8,"[1, 0, 0, 0, 2, 0, 0, 1, 0, 0, 0, 0]",3,cMajor,Piano Sonata K494 ii Bb major.mid by Mozart.csv
92,93.0 to 93.75,19,"[0, 0, 2, 0, 0, 0, 0, 1, 0, 0, 0, 1]",4,gMajor,Piano Sonata K494 ii Bb major.mid by Mozart.csv
93,94.0 to 94.75,5,"[0, 0, 1, 0, 0, 0, 0, 1, 0, 0, 0, 2]",1,gMajor,Piano Sonata K494 ii Bb major.mid by Mozart.csv
94,95.0 to 95.75,7,"[1, 0, 1, 0, 0, 0, 1, 0, 0, 1, 0, 0]",2,dMajor,Piano Sonata K494 ii Bb major.mid by Mozart.csv
95,96.0 to 96.5,1,"[0, 0, 1, 0, 0, 0, 0, 2, 0, 0, 0, 1]",1,gMajor,Piano Sonata K494 ii Bb major.mid by Mozart.csv
96,97.0 to 97.5,5,"[0, 0, 1, 0, 0, 0, 0, 1, 0, 0, 0, 1]",1,gMajor,Piano Sonata K494 ii Bb major.mid by Mozart.csv
97,98.0 to 98.875,7,"[1, 0, 1, 0, 1, 0, 1, 2, 0, 2, 0, 0]",2,cMajor,Piano Sonata K494 ii Bb major.mid by Mozart.csv
98,99.0 to 99.5,19,"[0, 0, 2, 0, 0, 0, 0, 1, 0, 0, 0, 1]",4,gMajor,Piano Sonata K494 ii Bb major.mid by Mozart.csv
99,100.0 to 100.875,19,"[1, 1, 2, 0, 1, 0, 0, 1, 0, 0, 0, 2]",1,gMajor,Piano Sonata K494 ii Bb major.mid by Mozart.csv
100,101.0 to 101.875,1,"[1, 0, 1, 0, 0, 0, 1, 2, 1, 1, 0, 1]",1,gMajor,Piano Sonata K494 ii Bb major.mid by Mozart.csv
101,102.0 to 102.875,7,"[1, 0, 1, 0, 0, 0, 1, 1, 0, 1, 0, 0]",2,dMajor,Piano Sonata K494 ii Bb major.mid by Mozart.csv
102,103.0 to 103.5,1,"[0, 0, 1, 0, 0, 0, 0, 2, 0, 0, 0, 2]",1,gMajor,Piano Sonata K494 ii Bb major.mid by Mozart.csv
103,104.0 to 104.875,7,"[1, 0, 1, 0, 1, 0, 1, 2, 0, 2, 0, 0]",2,cMajor,Piano Sonata K494 ii Bb major.mid by Mozart.csv
104,105.0 to 105.5,19,"[0, 0, 2, 0, 0, 0, 0, 1, 0, 0, 0, 1]",4,gMajor,Piano Sonata K494 ii Bb major.mid by Mozart.csv
105,106.0 to 106.9166667,19,"[1, 1, 2, 0, 1, 0, 0, 1, 0, 0, 0, 2]",1,gMajor,Piano Sonata K494 ii Bb major.mid by Mozart.csv
106,107.0 to 107.875,1,"[1, 0, 1, 0, 0, 0, 1, 2, 1, 1, 0, 1]",1,gMajor,Piano Sonata K494 ii Bb major.mid by Mozart.csv
107,108.0 to 108.0,16,"[1, 0, 0, 0, 1, 0, 1, 1, 0, 0, 0, 0]",3,cMajor,Piano Sonata K494 ii Bb major.mid by Mozart.csv
108,109.0 to 109.875,1,"[1, 1, 1, 0, 1, 0, 0, 2, 0, 0, 0, 2]",1,gMajor,Piano Sonata K494 ii Bb major.mid by Mozart.csv
109,110.0 to 110.875,16,"[0, 0, 0, 0, 0, 0, 1, 1, 1, 1, 0, 1]",1,eMajor,Piano Sonata K494 ii Bb major.mid by Mozart.csv
110,111.0 to 111.0,16,"[1, 0, 0, 1, 0, 0, 1, 1, 0, 0, 0, 0]",9,e-Minor,Piano Sonata K494 ii Bb major.mid by Mozart.csv
111,112.0 to 112.875,14,"[1, 1, 1, 1, 0, 0, 0, 2, 0, 0, 2, 0]",6,e-Major,Piano Sonata K494 ii Bb major.mid by Mozart.csv
112,113.0 to 113.875,14,"[0, 0, 0, 0, 0, 1, 0, 1, 1, 1, 1, 0]",9,c#Major,Piano Sonata K494 ii Bb major.mid by Mozart.csv
113,114.0 to 114.0,11,"[1, 0, 0, 1, 0, 0, 0, 1, 0, 1, 0, 0]",9,e-Minor,Piano Sonata K494 ii Bb major.mid by Mozart.csv
114,115.0 to 115.625,2,"[1, 0, 0, 1, 0, 1, 0, 0, 0, 1, 0, 0]",9,fMajor,Piano Sonata K494 ii Bb major.mid by Mozart.csv
115,116.0 to 116.625,2,"[1, 0, 0, 1, 0, 1, 0, 0, 0, 1, 0, 0]",9,fMajor,Piano Sonata K494 ii Bb major.mid by Mozart.csv
116,117.0 to 117.0,6,"[0, 0, 1, 0, 0, 1, 0, 0, 0, 0, 1, 0]",4,b-Major,Piano Sonata K494 ii Bb major.mid by Mozart.csv
117,118.25 to 118.875,14,"[1, 0, 2, 1, 0, 1, 0, 1, 0, 0, 2, 0]",4,b-Major,Piano Sonata K494 ii Bb major.mid by Mozart.csv
118,119.0 to 119.75,11,"[2, 0, 0, 2, 0, 0, 0, 1, 1, 0, 1, 0]",9,g#Major,Piano Sonata K494 ii Bb major.mid by Mozart.csv
119,120.0 to 120.5,5,"[0, 0, 1, 0, 0, 0, 0, 1, 0, 0, 1, 1]",1,b-Minor,Piano Sonata K494 ii Bb major.mid by Mozart.csv
120,121.0 to 121.875,7,"[1, 1, 1, 0, 0, 0, 1, 1, 0, 1, 0, 0]",2,dMajor,Piano Sonata K494 ii Bb major.mid by Mozart.csv
121,122.0 to 122.625,12,"[1, 0, 2, 0, 0, 0, 0, 0, 0, 1, 1, 0]",2,dMajor,Piano Sonata K494 ii Bb major.mid by Mozart.csv
122,123.0 to 123.625,1,"[0, 0, 1, 0, 0, 0, 0, 2, 0, 0, 0, 2]",1,gMajor,Piano Sonata K494 ii Bb major.mid by Mozart.csv
123,124.0 to 124.5,5,"[0, 0, 1, 0, 0, 0, 0, 1, 0, 0, 0, 2]",1,gMajor,Piano Sonata K494 ii Bb major.mid by Mozart.csv
124,125.0 to 125.875,2,"[3, 0, 0, 0, 1, 0, 1, 1, 0, 2, 0, 1]",5,cMinor,Piano Sonata K494 ii Bb major.mid by Mozart.csv
125,126.0 to 126.5,19,"[0, 0, 2, 0, 0, 0, 0, 1, 0, 0, 0, 1]",4,gMajor,Piano Sonata K494 ii Bb major.mid by Mozart.csv
126,127.0 to 127.75,19,"[0, 0, 2, 0, 1, 0, 0, 2, 0, 0, 0, 2]",1,gMajor,Piano Sonata K494 ii Bb major.mid by Mozart.csv
127,128.0 to 128.75,7,"[1, 0, 2, 0, 0, 0, 2, 0, 0, 2, 0, 0]",2,dMajor,Piano Sonata K494 ii Bb major.mid by Mozart.csv
128,129.0 to 129.5,5,"[0, 0, 1, 0, 0, 0, 0, 1, 0, 0, 0, 2]",1,gMajor,Piano Sonata K494 ii Bb major.mid by Mozart.csv
129,130.0 to 130.5,4,"[0, 0, 0, 1, 0, 0, 0, 0, 0, 1, 0, 2]",1,bMajor,Piano Sonata K494 ii Bb major.mid by Mozart.csv
130,131.0 to 131.875,13,"[1, 1, 0, 0, 2, 0, 1, 2, 0, 1, 1, 1]",6,cMajor,Piano Sonata K494 ii Bb major.mid by Mozart.csv
131,132.0 to 132.5,19,"[0, 0, 3, 0, 0, 0, 0, 0, 0, 0, 0, 1]",4,gMajor,Piano Sonata K494 ii Bb major.mid by Mozart.csv
132,133.0 to 133.875,19,"[1, 0, 2, 1, 1, 0, 1, 1, 0, 1, 0, 2]",1,gMajor,Piano Sonata K494 ii Bb major.mid by Mozart.csv
133,134.0 to 134.875,7,"[2, 0, 2, 0, 0, 0, 1, 1, 0, 2, 0, 1]",2,dMajor,Piano Sonata K494 ii Bb major.mid by Mozart.csv
134,135.0 to 135.0,2,"[1, 0, 1, 0, 0, 0, 0, 1, 0, 1, 0, 0]",2,dMajor,Piano Sonata K494 ii Bb major.mid by Mozart.csv
135,136.0 to 136.0,1,"[0, 0, 1, 0, 0, 0, 0, 2, 0, 0, 0, 1]",1,gMajor,Piano Sonata K494 ii Bb major.mid by Mozart.csv
136,138.0 to 138.0,10,"[0, 0, 0, 0, 0, 0, 0, 2, 0, 0, 0, 0]",3,cMajor,Piano Sonata K494 ii Bb major.mid by Mozart.csv
137,139.0 to 139.0,16,"[0, 0, 0, 0, 0, 0, 2, 0, 0, 0, 0, 0]",9,dMajor,Piano Sonata K494 ii Bb major.mid by Mozart.csv
138,140.0 to 140.0,1,"[0, 0, 0, 0, 0, 0, 0, 2, 0, 0, 0, 1]",3,gMajor,Piano Sonata K494 ii Bb major.mid by Mozart.csv
139,141.0 to 141.875,11,"[1, 0, 0, 2, 0, 0, 0, 1, 0, 1, 0, 1]",9,e-Minor,Piano Sonata K494 ii Bb major.mid by Mozart.csv
140,142.0 to 142.875,11,"[0, 0, 0, 3, 1, 0, 1, 1, 0, 0, 0, 0]",9,e-Major,Piano Sonata K494 ii Bb major.mid by Mozart.csv
141,143.0 to 143.875,11,"[1, 0, 1, 2, 0, 0, 0, 0, 0, 1, 0, 1]",9,g#Major,Piano Sonata K494 ii Bb major.mid by Mozart.csv
142,144.0 to 144.0,8,"[0, 0, 0, 0, 2, 0, 0, 1, 0, 0, 0, 0]",3,cMajor,Piano Sonata K494 ii Bb major.mid by Mozart.csv
143,145.0 to 145.0,11,"[0, 0, 0, 2, 0, 0, 0, 0, 0, 0, 0, 0]",9,e-Major,Piano Sonata K494 ii Bb major.mid by Mozart.csv
144,146.0 to 146.0,8,"[0, 0, 0, 0, 2, 0, 0, 1, 0, 0, 0, 0]",3,cMajor,Piano Sonata K494 ii Bb major.mid by Mozart.csv
145,147.0 to 147.91666669999995,5,"[0, 0, 0, 0, 1, 1, 1, 1, 0, 1, 0, 2]",1,gMinor,Piano Sonata K494 ii Bb major.mid by Mozart.csv
146,148.0 to 148.875,15,"[1, 1, 1, 0, 1, 0, 0, 0, 0, 0, 0, 3]",1,eMajor,Piano Sonata K494 ii Bb major.mid by Mozart.csv
147,149.0 to 149.875,5,"[0, 0, 0, 0, 0, 1, 0, 1, 1, 1, 0, 3]",1,eMajor,Piano Sonata K494 ii Bb major.mid by Mozart.csv
148,150.0 to 150.0,0,"[2, 0, 0, 0, 2, 0, 0, 0, 0, 0, 0, 0]",5,cMajor,Piano Sonata K494 ii Bb major.mid by Mozart.csv
149,151.0 to 151.0,11,"[0, 0, 0, 2, 0, 0, 0, 0, 0, 0, 0, 0]",9,e-Major,Piano Sonata K494 ii Bb major.mid by Mozart.csv
150,152.0 to 152.0,8,"[0, 0, 0, 0, 2, 0, 0, 1, 0, 0, 0, 0]",3,cMajor,Piano Sonata K494 ii Bb major.mid by Mozart.csv
151,153.0 to 153.875,5,"[0, 0, 0, 0, 1, 1, 1, 1, 0, 1, 0, 2]",1,gMinor,Piano Sonata K494 ii Bb major.mid by Mozart.csv
152,154.0 to 154.91666669999995,15,"[1, 1, 1, 0, 1, 0, 0, 0, 0, 0, 0, 3]",1,eMajor,Piano Sonata K494 ii Bb major.mid by Mozart.csv
153,155.0 to 155.875,5,"[0, 0, 0, 0, 0, 1, 0, 1, 1, 1, 0, 3]",1,eMajor,Piano Sonata K494 ii Bb major.mid by Mozart.csv
154,156.0 to 156.0,0,"[2, 0, 0, 0, 1, 0, 0, 0, 0, 0, 0, 0]",5,cMajor,Piano Sonata K494 ii Bb major.mid by Mozart.csv
155,157.0 to 157.0,4,"[0, 0, 0, 0, 0, 0, 0, 0, 0, 0, 0, 2]",1,eMajor,Piano Sonata K494 ii Bb major.mid by Mozart.csv
156,158.0 to 158.0,0,"[2, 0, 0, 0, 1, 0, 0, 0, 0, 0, 0, 0]",5,cMajor,Piano Sonata K494 ii Bb major.mid by Mozart.csv
157,159.0 to 159.875,15,"[1, 0, 1, 1, 1, 1, 0, 0, 1, 0, 0, 1]",8,eMajor,Piano Sonata K494 ii Bb major.mid by Mozart.csv
158,160.0 to 160.875,3,"[1, 0, 0, 0, 0, 0, 0, 0, 2, 1, 1, 2]",1,eMajor,Piano Sonata K494 ii Bb major.mid by Mozart.csv
159,161.0 to 161.875,5,"[0, 0, 1, 0, 1, 1, 0, 1, 1, 0, 0, 1]",4,eMajor,Piano Sonata K494 ii Bb major.mid by Mozart.csv
160,162.0 to 162.875,2,"[1, 0, 0, 0, 0, 1, 0, 1, 1, 1, 0, 1]",9,fMajor,Piano Sonata K494 ii Bb major.mid by Mozart.csv
161,163.0 to 163.875,0,"[2, 0, 1, 1, 1, 1, 0, 0, 0, 0, 0, 0]",5,cMajor,Piano Sonata K494 ii Bb major.mid by Mozart.csv
162,164.0 to 164.875,14,"[1, 1, 0, 0, 0, 0, 0, 1, 0, 1, 1, 0]",9,aMajor,Piano Sonata K494 ii Bb major.mid by Mozart.csv
163,165.0 to 165.875,6,"[0, 0, 2, 0, 1, 1, 0, 1, 0, 0, 0, 0]",4,gMajor,Piano Sonata K494 ii Bb major.mid by Mozart.csv
164,166.0 to 166.875,11,"[1, 0, 1, 1, 0, 0, 0, 0, 0, 0, 0, 0]",9,g#Major,Piano Sonata K494 ii Bb major.mid by Mozart.csv
165,167.0 to 167.625,4,"[0, 0, 0, 1, 0, 0, 0, 0, 0, 1, 0, 1]",9,bMajor,Piano Sonata K494 ii Bb major.mid by Mozart.csv
166,168.0 to 168.875,16,"[1, 0, 1, 1, 1, 0, 1, 1, 0, 0, 0, 0]",8,cMajor,Piano Sonata K494 ii Bb major.mid by Mozart.csv
167,169.0 to 169.875,1,"[1, 0, 0, 0, 0, 0, 0, 3, 0, 1, 1, 1]",3,cMajor,Piano Sonata K494 ii Bb major.mid by Mozart.csv
168,170.0 to 170.875,3,"[0, 0, 1, 0, 1, 1, 0, 1, 2, 0, 0, 0]",8,c#Major,Piano Sonata K494 ii Bb major.mid by Mozart.csv
169,171.0 to 171.875,2,"[1, 0, 1, 0, 0, 0, 0, 0, 0, 3, 0, 1]",2,dMajor,Piano Sonata K494 ii Bb major.mid by Mozart.csv
170,172.0 to 172.875,14,"[0, 0, 0, 0, 0, 0, 0, 1, 0, 1, 2, 0]",9,e-Major,Piano Sonata K494 ii Bb major.mid by Mozart.csv
171,173.0 to 173.875,14,"[0, 0, 0, 0, 1, 0, 1, 0, 0, 0, 2, 0]",8,f#Major,Piano Sonata K494 ii Bb major.mid by Mozart.csv
172,174.0 to 174.0,4,"[0, 0, 0, 1, 0, 0, 0, 0, 0, 0, 0, 2]",1,bMajor,Piano Sonata K494 ii Bb major.mid by Mozart.csv
173,176.0 to 176.0,10,"[0, 0, 0, 0, 0, 0, 0, 2, 0, 0, 0, 0]",3,cMajor,Piano Sonata K494 ii Bb major.mid by Mozart.csv
174,177.0 to 177.5,10,"[0, 1, 0, 0, 2, 0, 0, 2, 0, 1, 0, 0]",3,cMajor,Piano Sonata K494 ii Bb major.mid by Mozart.csv
175,178.0 to 178.5,16,"[0, 1, 0, 0, 0, 0, 2, 2, 0, 1, 0, 0]",3,aMinor,Piano Sonata K494 ii Bb major.mid by Mozart.csv
176,179.0 to 179.5,17,"[0, 1, 0, 0, 0, 0, 1, 0, 0, 4, 0, 0]",2,aMinor,Piano Sonata K494 ii Bb major.mid by Mozart.csv
177,180.0 to 180.5,7,"[0, 0, 1, 0, 0, 0, 2, 0, 0, 2, 0, 1]",2,dMajor,Piano Sonata K494 ii Bb major.mid by Mozart.csv
178,181.0 to 181.5,3,"[0, 0, 1, 0, 0, 0, 0, 0, 2, 2, 0, 1]",2,dMajor,Piano Sonata K494 ii Bb major.mid by Mozart.csv
179,182.0 to 182.5,4,"[0, 0, 1, 0, 0, 0, 0, 0, 1, 0, 0, 4]",1,eMajor,Piano Sonata K494 ii Bb major.mid by Mozart.csv
180,183.0 to 183.5,4,"[1, 0, 0, 0, 1, 0, 0, 0, 2, 0, 0, 2]",1,eMajor,Piano Sonata K494 ii Bb major.mid by Mozart.csv
181,184.0 to 184.5,2,"[1, 0, 0, 0, 1, 0, 0, 0, 0, 2, 0, 2]",2,cMinor,Piano Sonata K494 ii Bb major.mid by Mozart.csv
182,185.0 to 185.5,0,"[3, 0, 0, 0, 1, 0, 1, 0, 0, 1, 0, 0]",5,cMinor,Piano Sonata K494 ii Bb major.mid by Mozart.csv
183,186.0 to 186.5,9,"[1, 1, 0, 0, 1, 1, 0, 1, 0, 0, 1, 0]",8,cMajor,Piano Sonata K494 ii Bb major.mid by Mozart.csv
184,187.0 to 187.5,5,"[0, 1, 1, 0, 1, 1, 0, 1, 0, 0, 0, 1]",8,gMajor,Piano Sonata K494 ii Bb major.mid by Mozart.csv
185,188.0 to 188.5,6,"[0, 0, 1, 0, 0, 2, 0, 1, 1, 0, 0, 1]",4,c#Major,Piano Sonata K494 ii Bb major.mid by Mozart.csv
186,189.0 to 189.5,11,"[1, 0, 1, 1, 0, 1, 0, 1, 0, 1, 0, 0]",9,fMajor,Piano Sonata K494 ii Bb major.mid by Mozart.csv
187,190.0 to 190.5,16,"[0, 1, 0, 1, 1, 0, 1, 1, 0, 1, 0, 0]",3,aMajor,Piano Sonata K494 ii Bb major.mid by Mozart.csv
188,191.0 to 191.5,10,"[0, 1, 0, 0, 2, 0, 0, 2, 0, 1, 0, 0]",3,cMajor,Piano Sonata K494 ii Bb major.mid by Mozart.csv
189,192.0 to 192.5,17,"[0, 1, 0, 0, 1, 1, 0, 1, 0, 1, 0, 0]",3,aMajor,Piano Sonata K494 ii Bb major.mid by Mozart.csv
190,193.0 to 193.5,18,"[0, 0, 1, 0, 1, 2, 0, 1, 0, 1, 0, 0]",0,fMinor,Piano Sonata K494 ii Bb major.mid by Mozart.csv
191,194.0 to 194.5,18,"[0, 0, 1, 0, 0, 2, 0, 0, 0, 2, 1, 0]",0,fMinor,Piano Sonata K494 ii Bb major.mid by Mozart.csv
192,195.0 to 195.5,11,"[0, 0, 0, 1, 0, 1, 1, 1, 0, 1, 1, 0]",9,e-Major,Piano Sonata K494 ii Bb major.mid by Mozart.csv
193,196.0 to 196.5,10,"[0, 0, 0, 0, 1, 0, 1, 2, 0, 1, 1, 0]",3,cMajor,Piano Sonata K494 ii Bb major.mid by Mozart.csv
194,197.0 to 197.5,14,"[1, 0, 0, 0, 1, 0, 0, 2, 0, 0, 2, 0]",6,cMajor,Piano Sonata K494 ii Bb major.mid by Mozart.csv
195,198.0 to 198.5,3,"[1, 0, 0, 0, 0, 1, 0, 1, 1, 1, 1, 0]",9,fMajor,Piano Sonata K494 ii Bb major.mid by Mozart.csv
196,199.0 to 199.5,7,"[1, 0, 0, 0, 0, 0, 1, 1, 0, 2, 0, 1]",2,dMajor,Piano Sonata K494 ii Bb major.mid by Mozart.csv
197,200.0 to 200.5,7,"[2, 0, 1, 0, 0, 0, 1, 0, 0, 2, 0, 0]",2,dMajor,Piano Sonata K494 ii Bb major.mid by Mozart.csv
198,201.0 to 201.5,5,"[1, 0, 1, 0, 0, 0, 0, 1, 0, 1, 1, 1]",1,gMajor,Piano Sonata K494 ii Bb major.mid by Mozart.csv
199,202.0 to 202.5,4,"[0, 1, 1, 0, 0, 0, 0, 0, 1, 0, 1, 2]",1,eMajor,Piano Sonata K494 ii Bb major.mid by Mozart.csv
200,203.0 to 203.5,4,"[0, 0, 2, 0, 1, 0, 0, 0, 1, 0, 0, 2]",1,eMajor,Piano Sonata K494 ii Bb major.mid by Mozart.csv
201,204.0 to 204.5,15,"[1, 0, 1, 0, 1, 0, 0, 0, 1, 0, 0, 1]",8,eMajor,Piano Sonata K494 ii Bb major.mid by Mozart.csv
202,205.0 to 205.5,15,"[2, 0, 1, 0, 1, 0, 0, 0, 0, 1, 0, 1]",5,cMinor,Piano Sonata K494 ii Bb major.mid by Mozart.csv
203,206.0 to 206.5,0,"[2, 0, 0, 0, 2, 1, 0, 0, 0, 1, 0, 0]",5,cMinor,Piano Sonata K494 ii Bb major.mid by Mozart.csv
204,207.0 to 207.5,6,"[1, 1, 1, 0, 1, 1, 0, 0, 0, 0, 1, 0]",8,b-Major,Piano Sonata K494 ii Bb major.mid by Mozart.csv
205,208.0 to 208.5,15,"[2, 0, 2, 0, 2, 1, 0, 0, 0, 0, 0, 1]",5,cMajor,Piano Sonata K494 ii Bb major.mid by Mozart.csv
206,209.0 to 209.5,6,"[1, 0, 2, 0, 0, 1, 0, 0, 1, 0, 0, 1]",4,gMajor,Piano Sonata K494 ii Bb major.mid by Mozart.csv
207,210.0 to 210.0,6,"[0, 0, 1, 0, 0, 2, 0, 1, 0, 0, 0, 1]",4,gMajor,Piano Sonata K494 ii Bb major.mid by Mozart.csv
208,211.125 to 211.875,19,"[0, 0, 3, 0, 0, 2, 0, 2, 0, 0, 0, 2]",4,gMajor,Piano Sonata K494 ii Bb major.mid by Mozart.csv
209,212.0 to 212.875,1,"[0, 0, 1, 0, 0, 1, 0, 2, 0, 0, 0, 2]",1,gMajor,Piano Sonata K494 ii Bb major.mid by Mozart.csv
210,213.0 to 213.125,10,"[0, 0, 0, 0, 0, 0, 0, 2, 0, 0, 0, 0]",3,cMajor,Piano Sonata K494 ii Bb major.mid by Mozart.csv
211,216.0 to 216.0,0,"[2, 0, 0, 0, 1, 0, 0, 0, 0, 0, 0, 0]",5,cMajor,Piano Sonata K494 ii Bb major.mid by Mozart.csv
212,217.0 to 217.0,4,"[0, 0, 1, 0, 0, 1, 0, 0, 0, 0, 0, 1]",4,gMajor,Piano Sonata K494 ii Bb major.mid by Mozart.csv
213,218.0 to 218.0,9,"[1, 0, 0, 0, 1, 0, 0, 1, 0, 0, 0, 0]",3,cMajor,Piano Sonata K494 ii Bb major.mid by Mozart.csv
214,219.0 to 219.0,11,"[0, 0, 0, 1, 0, 0, 1, 0, 0, 1, 0, 0]",9,dMajor,Piano Sonata K494 ii Bb major.mid by Mozart.csv
215,220.0 to 220.0,7,"[0, 0, 1, 0, 0, 0, 1, 0, 0, 1, 0, 0]",2,dMajor,Piano Sonata K494 ii Bb major.mid by Mozart.csv
216,221.0 to 221.0,2,"[1, 0, 1, 0, 0, 0, 0, 0, 0, 1, 0, 0]",2,dMajor,Piano Sonata K494 ii Bb major.mid by Mozart.csv
217,222.0 to 222.375,0,"[2, 0, 1, 0, 1, 0, 0, 1, 0, 0, 0, 0]",5,cMajor,Piano Sonata K494 ii Bb major.mid by Mozart.csv
218,223.0 to 223.75,5,"[1, 0, 1, 0, 0, 0, 0, 1, 0, 0, 0, 2]",1,gMajor,Piano Sonata K494 ii Bb major.mid by Mozart.csv
219,224.0 to 224.75,1,"[1, 0, 0, 0, 0, 1, 0, 2, 0, 2, 0, 1]",2,fMajor,Piano Sonata K494 ii Bb major.mid by Mozart.csv
220,225.0 to 225.875,5,"[0, 0, 1, 0, 0, 1, 0, 1, 0, 0, 0, 1]",4,gMajor,Piano Sonata K494 ii Bb major.mid by Mozart.csv
221,226.0 to 226.875,9,"[1, 0, 0, 0, 1, 0, 0, 0, 0, 0, 0, 0]",5,cMajor,Piano Sonata K494 ii Bb major.mid by Mozart.csv
222,227.0 to 227.0,9,"[0, 0, 0, 0, 1, 0, 0, 1, 0, 0, 0, 0]",3,cMajor,Piano Sonata K494 ii Bb major.mid by Mozart.csv
223,228.0 to 228.5,12,"[0, 1, 2, 0, 2, 0, 0, 1, 0, 0, 0, 0]",8,cMajor,Piano Sonata K494 ii Bb major.mid by Mozart.csv
224,229.0 to 229.5,6,"[0, 0, 3, 0, 1, 1, 0, 1, 0, 0, 0, 0]",4,gMajor,Piano Sonata K494 ii Bb major.mid by Mozart.csv
225,230.0 to 230.5,12,"[0, 0, 3, 0, 0, 1, 0, 0, 0, 1, 0, 0]",4,fMinor,Piano Sonata K494 ii Bb major.mid by Mozart.csv
226,231.0 to 231.5,4,"[1, 0, 1, 0, 0, 1, 0, 0, 0, 0, 0, 1]",4,gMajor,Piano Sonata K494 ii Bb major.mid by Mozart.csv
227,232.0 to 232.5,9,"[1, 0, 1, 0, 1, 0, 0, 1, 0, 0, 0, 0]",8,cMajor,Piano Sonata K494 ii Bb major.mid by Mozart.csv
228,233.0 to 233.0,9,"[0, 0, 0, 0, 1, 0, 0, 1, 0, 0, 0, 0]",3,cMajor,Piano Sonata K494 ii Bb major.mid by Mozart.csv
229,234.0 to 234.5,18,"[0, 1, 0, 0, 1, 2, 0, 1, 0, 0, 0, 0]",0,c#Major,Piano Sonata K494 ii Bb major.mid by Mozart.csv
230,235.0 to 235.5,18,"[0, 0, 1, 0, 1, 3, 0, 1, 0, 0, 0, 0]",0,b-Major,Piano Sonata K494 ii Bb major.mid by Mozart.csv
231,236.0 to 236.5,18,"[0, 0, 1, 0, 0, 3, 0, 0, 0, 1, 0, 0]",0,fMinor,Piano Sonata K494 ii Bb major.mid by Mozart.csv
232,237.0 to 237.5,5,"[0, 0, 1, 0, 1, 1, 0, 1, 0, 0, 0, 1]",4,gMinor,Piano Sonata K494 ii Bb major.mid by Mozart.csv
233,238.0 to 238.5,0,"[2, 0, 0, 0, 2, 1, 0, 0, 0, 0, 0, 0]",5,cMajor,Piano Sonata K494 ii Bb major.mid by Mozart.csv
234,239.0 to 239.5,5,"[0, 0, 1, 0, 0, 0, 0, 1, 0, 1, 0, 2]",1,gMajor,Piano Sonata K494 ii Bb major.mid by Mozart.csv
235,240.0 to 240.5,2,"[1, 0, 1, 0, 1, 0, 0, 0, 0, 2, 0, 0]",2,cMinor,Piano Sonata K494 ii Bb major.mid by Mozart.csv
236,241.0 to 241.5,2,"[1, 0, 0, 0, 0, 0, 0, 0, 0, 3, 0, 1]",2,fMajor,Piano Sonata K494 ii Bb major.mid by Mozart.csv
237,242.0 to 242.5,7,"[1, 0, 1, 0, 0, 0, 1, 1, 0, 1, 0, 0]",2,dMajor,Piano Sonata K494 ii Bb major.mid by Mozart.csv
238,243.0 to 243.5,16,"[1, 0, 0, 0, 0, 0, 1, 1, 0, 1, 0, 0]",2,cMajor,Piano Sonata K494 ii Bb major.mid by Mozart.csv
239,244.0 to 244.0,1,"[0, 0, 0, 0, 0, 0, 0, 3, 0, 0, 0, 1]",3,gMajor,Piano Sonata K494 ii Bb major.mid by Mozart.csv
240,245.0 to 245.75,6,"[0, 0, 1, 0, 0, 1, 0, 1, 0, 1, 0, 0]",4,fMinor,Piano Sonata K494 ii Bb major.mid by Mozart.csv
241,246.0 to 246.0,9,"[1, 0, 0, 0, 0, 0, 0, 0, 0, 0, 0, 0]",9,cMajor,Piano Sonata K494 ii Bb major.mid by Mozart.csv
242,247.0 to 247.0,4,"[0, 0, 0, 0, 0, 0, 0, 0, 0, 0, 0, 1]",9,eMajor,Piano Sonata K494 ii Bb major.mid by Mozart.csv
243,248.0 to 248.0,11,"[1, 0, 0, 1, 0, 0, 0, 0, 0, 0, 0, 0]",9,g#Major,Piano Sonata K494 ii Bb major.mid by Mozart.csv
244,249.0 to 249.875,4,"[1, 1, 1, 1, 0, 0, 1, 0, 0, 0, 0, 1]",9,bMajor,Piano Sonata K494 ii Bb major.mid by Mozart.csv
245,250.0 to 250.875,16,"[0, 0, 0, 0, 0, 0, 2, 1, 1, 1, 0, 1]",2,dMajor,Piano Sonata K494 ii Bb major.mid by Mozart.csv
246,251.0 to 251.9166667,12,"[1, 0, 2, 1, 0, 1, 1, 0, 0, 0, 0, 0]",4,dMajor,Piano Sonata K494 ii Bb major.mid by Mozart.csv
247,252.0 to 252.875,15,"[2, 0, 1, 0, 1, 1, 0, 0, 0, 1, 0, 1]",5,fMajor,Piano Sonata K494 ii Bb major.mid by Mozart.csv
248,253.0 to 253.75,6,"[1, 0, 2, 0, 1, 1, 0, 0, 0, 0, 0, 1]",4,gMajor,Piano Sonata K494 ii Bb major.mid by Mozart.csv
249,254.0 to 254.875,5,"[0, 0, 1, 0, 0, 1, 0, 1, 0, 1, 0, 1]",4,fMinor,Piano Sonata K494 ii Bb major.mid by Mozart.csv
250,255.0 to 255.875,5,"[0, 1, 1, 0, 1, 1, 0, 1, 0, 0, 0, 1]",8,gMajor,Piano Sonata K494 ii Bb major.mid by Mozart.csv
251,256.0 to 256.5,10,"[1, 0, 0, 0, 1, 0, 0, 2, 0, 0, 0, 0]",3,cMajor,Piano Sonata K494 ii Bb major.mid by Mozart.csv
252,257.0 to 257.5,9,"[1, 0, 0, 0, 1, 0, 0, 0, 0, 0, 0, 0]",5,cMajor,Piano Sonata K494 ii Bb major.mid by Mozart.csv
253,258.0 to 258.5,1,"[0, 0, 1, 0, 0, 2, 0, 2, 0, 0, 0, 1]",4,gMajor,Piano Sonata K494 ii Bb major.mid by Mozart.csv
254,259.0 to 259.75,19,"[1, 0, 2, 0, 1, 1, 0, 1, 0, 0, 0, 2]",4,gMajor,Piano Sonata K494 ii Bb major.mid by Mozart.csv
255,260.0 to 260.6666667,1,"[0, 0, 1, 0, 0, 1, 0, 2, 0, 1, 0, 1]",4,gMajor,Piano Sonata K494 ii Bb major.mid by Mozart.csv
256,261.0 to 261.5,17,"[0, 1, 0, 0, 1, 0, 0, 2, 0, 2, 0, 0]",3,aMajor,Piano Sonata K494 ii Bb major.mid by Mozart.csv
257,262.0 to 262.75,17,"[0, 2, 1, 0, 2, 1, 0, 1, 0, 1, 0, 0]",8,aMajor,Piano Sonata K494 ii Bb major.mid by Mozart.csv
258,263.0 to 263.625,17,"[0, 1, 0, 0, 1, 0, 0, 1, 0, 2, 1, 0]",3,aMajor,Piano Sonata K494 ii Bb major.mid by Mozart.csv
259,264.0 to 264.5,17,"[0, 0, 1, 0, 0, 1, 0, 0, 0, 2, 1, 0]",2,fMinor,Piano Sonata K494 ii Bb major.mid by Mozart.csv
260,265.0 to 265.75,6,"[0, 0, 2, 0, 1, 2, 0, 1, 0, 1, 0, 0]",0,fMinor,Piano Sonata K494 ii Bb major.mid by Mozart.csv
261,266.0 to 266.75,6,"[0, 1, 2, 0, 1, 2, 0, 0, 0, 1, 0, 0]",0,fMinor,Piano Sonata K494 ii Bb major.mid by Mozart.csv
262,267.0 to 267.875,9,"[1, 0, 1, 0, 1, 0, 0, 1, 0, 0, 0, 0]",8,cMajor,Piano Sonata K494 ii Bb major.mid by Mozart.csv
263,268.0 to 268.0,5,"[0, 0, 1, 0, 0, 0, 0, 1, 0, 0, 0, 1]",1,gMajor,Piano Sonata K494 ii Bb major.mid by Mozart.csv
264,270.0 to 270.25,0,"[2, 0, 0, 0, 0, 0, 0, 0, 0, 0, 0, 0]",5,cMajor,Piano Sonata K494 ii Bb major.mid by Mozart.csv
265,271.0 to 271.125,4,"[1, 0, 0, 0, 0, 0, 0, 0, 0, 0, 0, 1]",9,gMajor,Piano Sonata K494 ii Bb major.mid by Mozart.csv
266,272.0 to 272.0,9,"[1, 0, 0, 0, 0, 0, 0, 0, 0, 0, 0, 0]",9,cMajor,Piano Sonata K494 ii Bb major.mid by Mozart.csv
267,273.0 to 273.75,10,"[0, 0, 0, 1, 0, 0, 1, 2, 0, 0, 0, 0]",3,e-Major,Piano Sonata K494 ii Bb major.mid by Mozart.csv
268,274.0 to 274.75,16,"[1, 0, 0, 0, 1, 0, 1, 1, 0, 0, 0, 1]",3,cMajor,Piano Sonata K494 ii Bb major.mid by Mozart.csv
269,275.0 to 275.75,10,"[1, 0, 0, 1, 1, 0, 0, 2, 0, 0, 0, 0]",3,e-Minor,Piano Sonata K494 ii Bb major.mid by Mozart.csv
270,276.0 to 276.5,4,"[1, 0, 1, 0, 0, 0, 0, 0, 0, 0, 0, 1]",1,gMajor,Piano Sonata K494 ii Bb major.mid by Mozart.csv
271,277.0 to 277.5,14,"[0, 1, 0, 0, 0, 0, 0, 0, 0, 0, 1, 1]",9,f#Major,Piano Sonata K494 ii Bb major.mid by Mozart.csv
272,278.0 to 278.875,4,"[0, 0, 1, 0, 0, 0, 0, 0, 0, 0, 1, 1]",1,gMajor,Piano Sonata K494 ii Bb major.mid by Mozart.csv
273,279.0 to 279.75,14,"[0, 1, 1, 0, 0, 0, 0, 1, 0, 0, 1, 0]",8,b-Minor,Piano Sonata K494 ii Bb major.mid by Mozart.csv
274,280.0 to 280.75,5,"[0, 1, 0, 0, 1, 1, 0, 1, 0, 0, 0, 1]",8,gMinor,Piano Sonata K494 ii Bb major.mid by Mozart.csv
275,281.0 to 281.75,19,"[0, 0, 2, 0, 0, 1, 0, 1, 0, 0, 1, 1]",4,gMajor,Piano Sonata K494 ii Bb major.mid by Mozart.csv
276,282.0 to 282.625,12,"[0, 1, 1, 0, 1, 0, 0, 0, 0, 0, 0, 0]",8,aMajor,Piano Sonata K494 ii Bb major.mid by Mozart.csv
277,283.0 to 283.5,11,"[1, 1, 0, 1, 0, 0, 0, 0, 0, 0, 0, 0]",9,g#Major,Piano Sonata K494 ii Bb major.mid by Mozart.csv
278,284.0 to 284.75,9,"[1, 1, 0, 0, 1, 0, 0, 0, 0, 0, 0, 0]",8,cMajor,Piano Sonata K494 ii Bb major.mid by Mozart.csv
279,285.0 to 285.75,14,"[0, 1, 0, 0, 2, 0, 0, 2, 0, 0, 2, 0]",6,cMajor,Piano Sonata K494 ii Bb major.mid by Mozart.csv
280,286.0 to 286.75,14,"[0, 2, 0, 0, 2, 0, 0, 2, 0, 0, 2, 0]",6,f#Major,Piano Sonata K494 ii Bb major.mid by Mozart.csv
281,287.0 to 287.75,13,"[1, 1, 0, 0, 2, 0, 0, 2, 0, 0, 2, 0]",6,cMajor,Piano Sonata K494 ii Bb major.mid by Mozart.csv
282,288.0 to 288.75,14,"[0, 2, 0, 0, 0, 2, 0, 0, 0, 0, 2, 0]",7,c#Minor,Piano Sonata K494 ii Bb major.mid by Mozart.csv
283,289.0 to 289.875,14,"[0, 2, 0, 0, 0, 2, 0, 0, 0, 0, 3, 0]",7,c#Minor,Piano Sonata K494 ii Bb major.mid by Mozart.csv
284,290.0 to 290.75,14,"[0, 3, 0, 0, 0, 2, 0, 0, 0, 0, 2, 0]",7,c#Minor,Piano Sonata K494 ii Bb major.mid by Mozart.csv
285,291.0 to 291.75,7,"[2, 0, 0, 1, 0, 0, 2, 0, 0, 2, 0, 0]",2,dMajor,Piano Sonata K494 ii Bb major.mid by Mozart.csv
286,292.0 to 292.75,7,"[3, 0, 0, 1, 0, 0, 2, 0, 0, 2, 0, 0]",2,fMajor,Piano Sonata K494 ii Bb major.mid by Mozart.csv
287,293.0 to 293.75,7,"[2, 0, 0, 1, 0, 1, 2, 0, 0, 2, 0, 0]",2,fMajor,Piano Sonata K494 ii Bb major.mid by Mozart.csv
288,294.0 to 294.75,8,"[1, 0, 0, 0, 2, 0, 0, 1, 0, 0, 0, 0]",3,cMajor,Piano Sonata K494 ii Bb major.mid by Mozart.csv
289,295.0 to 295.75,10,"[1, 0, 0, 0, 1, 0, 0, 2, 0, 0, 0, 0]",3,cMajor,Piano Sonata K494 ii Bb major.mid by Mozart.csv
290,296.0 to 296.75,2,"[1, 0, 0, 0, 0, 1, 0, 0, 0, 2, 0, 0]",2,fMajor,Piano Sonata K494 ii Bb major.mid by Mozart.csv
291,297.0 to 297.75,10,"[1, 0, 0, 0, 1, 0, 0, 2, 0, 0, 0, 0]",3,cMajor,Piano Sonata K494 ii Bb major.mid by Mozart.csv
292,298.0 to 298.75,8,"[1, 0, 0, 0, 2, 0, 0, 1, 0, 0, 0, 0]",3,cMajor,Piano Sonata K494 ii Bb major.mid by Mozart.csv
293,299.0 to 299.75,5,"[0, 0, 1, 0, 0, 1, 0, 1, 0, 0, 0, 1]",4,gMajor,Piano Sonata K494 ii Bb major.mid by Mozart.csv
294,300.0 to 300.5,0,"[2, 0, 0, 0, 1, 0, 0, 1, 0, 0, 0, 0]",5,cMajor,Piano Sonata K494 ii Bb major.mid by Mozart.csv
295,301.0 to 301.5,0,"[2, 0, 0, 0, 1, 0, 0, 1, 0, 0, 0, 0]",5,cMajor,Piano Sonata K494 ii Bb major.mid by Mozart.csv
296,302.0 to 302.875,15,"[2, 0, 2, 0, 0, 1, 0, 1, 0, 1, 0, 1]",4,fMajor,Piano Sonata K494 ii Bb major.mid by Mozart.csv
297,303.0 to 303.5,10,"[1, 0, 0, 0, 1, 0, 0, 2, 0, 1, 0, 0]",3,cMajor,Piano Sonata K494 ii Bb major.mid by Mozart.csv
298,304.0 to 304.9166667,13,"[1, 0, 0, 0, 2, 1, 1, 2, 0, 1, 0, 0]",3,cMajor,Piano Sonata K494 ii Bb major.mid by Mozart.csv
299,305.0 to 305.875,15,"[2, 1, 1, 0, 1, 1, 0, 1, 0, 0, 0, 1]",5,cMajor,Piano Sonata K494 ii Bb major.mid by Mozart.csv
300,306.0 to 306.5,5,"[1, 0, 1, 0, 0, 1, 0, 1, 0, 0, 0, 1]",4,gMajor,Piano Sonata K494 ii Bb major.mid by Mozart.csv
301,307.0 to 307.5,13,"[2, 0, 0, 0, 2, 0, 0, 1, 0, 0, 0, 0]",5,cMajor,Piano Sonata K494 ii Bb major.mid by Mozart.csv
302,308.0 to 308.875,15,"[2, 0, 2, 0, 0, 1, 0, 1, 0, 1, 0, 1]",4,fMajor,Piano Sonata K494 ii Bb major.mid by Mozart.csv
303,309.0 to 309.5,10,"[1, 0, 0, 0, 1, 0, 0, 2, 0, 0, 0, 0]",3,cMajor,Piano Sonata K494 ii Bb major.mid by Mozart.csv
304,310.0 to 310.9166667,13,"[1, 0, 0, 0, 2, 1, 1, 2, 0, 1, 0, 0]",3,cMajor,Piano Sonata K494 ii Bb major.mid by Mozart.csv
305,311.0 to 311.875,15,"[2, 1, 1, 0, 1, 1, 0, 1, 0, 0, 0, 1]",5,cMajor,Piano Sonata K494 ii Bb major.mid by Mozart.csv
306,312.0 to 312.75,2,"[1, 0, 0, 0, 0, 1, 0, 0, 0, 1, 0, 1]",9,fMajor,Piano Sonata K494 ii Bb major.mid by Mozart.csv
307,313.0 to 313.875,13,"[2, 0, 0, 0, 2, 1, 1, 1, 0, 1, 0, 0]",5,cMajor,Piano Sonata K494 ii Bb major.mid by Mozart.csv
308,314.0 to 314.875,15,"[1, 1, 1, 0, 1, 0, 0, 0, 0, 0, 0, 1]",8,eMajor,Piano Sonata K494 ii Bb major.mid by Mozart.csv
309,315.0 to 315.625,3,"[1, 0, 0, 0, 0, 1, 0, 0, 1, 0, 0, 1]",9,g#Minor,Piano Sonata K494 ii Bb major.mid by Mozart.csv
310,316.0 to 316.875,11,"[2, 0, 0, 2, 0, 1, 1, 1, 1, 0, 0, 0]",9,g#Major,Piano Sonata K494 ii Bb major.mid by Mozart.csv
311,317.0 to 317.875,11,"[1, 0, 1, 1, 0, 0, 0, 0, 0, 0, 1, 0]",9,e-Major,Piano Sonata K494 ii Bb major.mid by Mozart.csv
312,318.0 to 318.0,3,"[1, 0, 1, 0, 0, 1, 0, 0, 1, 0, 0, 0]",9,g#Minor,Piano Sonata K494 ii Bb major.mid by Mozart.csv
313,319.0 to 319.625,3,"[0, 0, 1, 0, 0, 1, 0, 0, 1, 0, 1, 0]",4,b-Major,Piano Sonata K494 ii Bb major.mid by Mozart.csv
314,320.0 to 320.5,3,"[0, 0, 1, 0, 0, 1, 0, 0, 1, 0, 1, 0]",4,b-Major,Piano Sonata K494 ii Bb major.mid by Mozart.csv
315,321.0 to 321.0,11,"[0, 0, 0, 1, 0, 0, 0, 1, 0, 0, 1, 0]",9,e-Major,Piano Sonata K494 ii Bb major.mid by Mozart.csv
316,322.25 to 322.875,11,"[1, 0, 0, 2, 0, 1, 0, 2, 1, 0, 1, 0]",9,e-Major,Piano Sonata K494 ii Bb major.mid by Mozart.csv
317,323.0 to 323.75,3,"[1, 1, 0, 1, 0, 2, 0, 0, 2, 0, 0, 0]",9,c#Major,Piano Sonata K494 ii Bb major.mid by Mozart.csv
318,324.0 to 324.5,9,"[1, 0, 0, 1, 1, 0, 0, 1, 0, 0, 0, 0]",3,cMajor,Piano Sonata K494 ii Bb major.mid by Mozart.csv
319,325.0 to 325.875,5,"[1, 0, 1, 0, 0, 1, 1, 1, 0, 0, 0, 1]",4,gMajor,Piano Sonata K494 ii Bb major.mid by Mozart.csv
320,326.0 to 326.75,10,"[0, 0, 1, 1, 0, 1, 0, 2, 0, 0, 0, 0]",4,e-Major,Piano Sonata K494 ii Bb major.mid by Mozart.csv
321,327.0 to 327.5,13,"[2, 0, 0, 0, 2, 0, 0, 1, 0, 0, 0, 0]",5,cMajor,Piano Sonata K494 ii Bb major.mid by Mozart.csv
322,328.0 to 328.5,8,"[1, 0, 0, 0, 2, 0, 0, 1, 0, 0, 0, 0]",3,cMajor,Piano Sonata K494 ii Bb major.mid by Mozart.csv
323,329.0 to 329.875,18,"[1, 0, 2, 0, 1, 3, 0, 0, 0, 1, 0, 1]",0,fMinor,Piano Sonata K494 ii Bb major.mid by Mozart.csv
324,330.0 to 330.5,10,"[1, 0, 0, 0, 1, 0, 0, 2, 0, 0, 0, 0]",3,cMajor,Piano Sonata K494 ii Bb major.mid by Mozart.csv
325,331.0 to 331.75,13,"[2, 0, 0, 0, 2, 0, 0, 2, 0, 1, 0, 0]",5,cMajor,Piano Sonata K494 ii Bb major.mid by Mozart.csv
326,332.0 to 332.75,19,"[0, 0, 2, 0, 0, 1, 0, 2, 0, 0, 0, 2]",4,gMajor,Piano Sonata K494 ii Bb major.mid by Mozart.csv
327,333.0 to 333.6666667,8,"[1, 0, 0, 0, 2, 0, 0, 1, 0, 0, 0, 0]",3,cMajor,Piano Sonata K494 ii Bb major.mid by Mozart.csv
328,334.0 to 334.5,8,"[0, 0, 1, 0, 2, 0, 0, 0, 1, 0, 0, 0]",8,eMajor,Piano Sonata K494 ii Bb major.mid by Mozart.csv
329,335.0 to 335.875,2,"[2, 0, 1, 1, 1, 1, 1, 0, 0, 2, 0, 1]",2,fMajor,Piano Sonata K494 ii Bb major.mid by Mozart.csv
330,336.0 to 336.5,10,"[0, 0, 0, 0, 1, 0, 0, 3, 0, 0, 0, 0]",3,cMajor,Piano Sonata K494 ii Bb major.mid by Mozart.csv
331,337.0 to 337.875,10,"[0, 0, 1, 0, 2, 1, 0, 3, 1, 1, 0, 1]",3,gMinor,Piano Sonata K494 ii Bb major.mid by Mozart.csv
332,338.0 to 338.875,19,"[1, 0, 2, 0, 1, 2, 0, 2, 0, 0, 0, 1]",4,gMajor,Piano Sonata K494 ii Bb major.mid by Mozart.csv
333,339.0 to 339.875,15,"[2, 0, 1, 0, 1, 0, 0, 0, 0, 1, 0, 1]",5,cMinor,Piano Sonata K494 ii Bb major.mid by Mozart.csv
334,340.0 to 340.875,16,"[0, 0, 0, 0, 1, 1, 1, 1, 0, 1, 0, 0]",3,gMinor,Piano Sonata K494 ii Bb major.mid by Mozart.csv
335,341.0 to 341.875,15,"[1, 1, 1, 0, 1, 0, 0, 0, 0, 0, 0, 1]",8,eMajor,Piano Sonata K494 ii Bb major.mid by Mozart.csv
336,342.0 to 342.0,4,"[0, 0, 0, 0, 0, 1, 0, 0, 0, 1, 0, 1]",9,fMajor,Piano Sonata K494 ii Bb major.mid by Mozart.csv
337,343.0 to 343.625,1,"[0, 0, 0, 0, 0, 1, 0, 2, 0, 0, 0, 1]",3,gMajor,Piano Sonata K494 ii Bb major.mid by Mozart.csv
338,344.0 to 344.5,5,"[0, 0, 0, 0, 0, 1, 0, 1, 0, 0, 0, 1]",1,gMajor,Piano Sonata K494 ii Bb major.mid by Mozart.csv
339,345.0 to 345.875,18,"[1, 0, 1, 0, 2, 3, 0, 1, 1, 1, 0, 1]",0,fMajor,Piano Sonata K494 ii Bb major.mid by Mozart.csv
340,346.0 to 346.875,15,"[1, 0, 1, 0, 1, 0, 0, 1, 0, 0, 0, 1]",8,cMajor,Piano Sonata K494 ii Bb major.mid by Mozart.csv
341,347.0 to 347.5,8,"[0, 0, 1, 0, 2, 0, 0, 0, 1, 0, 0, 0]",8,eMajor,Piano Sonata K494 ii Bb major.mid by Mozart.csv
342,348.0 to 348.875,15,"[1, 0, 0, 0, 1, 1, 0, 1, 1, 1, 0, 1]",3,eMajor,Piano Sonata K494 ii Bb major.mid by Mozart.csv
343,349.0 to 349.875,6,"[1, 0, 1, 0, 1, 1, 0, 0, 0, 0, 0, 0]",8,cMajor,Piano Sonata K494 ii Bb major.mid by Mozart.csv
344,350.0 to 350.875,14,"[1, 0, 0, 0, 0, 0, 0, 1, 0, 1, 1, 0]",9,fMajor,Piano Sonata K494 ii Bb major.mid by Mozart.csv
345,351.0 to 351.6666667,2,"[1, 0, 0, 0, 0, 1, 0, 0, 0, 1, 0, 0]",9,fMajor,Piano Sonata K494 ii Bb major.mid by Mozart.csv
346,352.0 to 352.5,14,"[0, 1, 0, 0, 1, 0, 0, 0, 0, 0, 1, 0]",8,f#Major,Piano Sonata K494 ii Bb major.mid by Mozart.csv
347,353.0 to 353.5,14,"[0, 1, 0, 0, 1, 0, 0, 0, 0, 0, 1, 0]",8,f#Major,Piano Sonata K494 ii Bb major.mid by Mozart.csv
348,354.0 to 354.875,18,"[0, 0, 1, 0, 1, 2, 0, 1, 1, 1, 0, 1]",0,fMinor,Piano Sonata K494 ii Bb major.mid by Mozart.csv
349,355.0 to 355.875,1,"[1, 0, 1, 0, 1, 0, 0, 2, 0, 0, 0, 1]",3,cMajor,Piano Sonata K494 ii Bb major.mid by Mozart.csv
350,356.0 to 356.5,5,"[0, 0, 1, 0, 1, 1, 0, 1, 0, 0, 0, 1]",4,gMinor,Piano Sonata K494 ii Bb major.mid by Mozart.csv
351,357.0 to 357.875,13,"[3, 0, 0, 0, 3, 0, 0, 2, 0, 0, 0, 0]",5,cMajor,Piano Sonata K494 ii Bb major.mid by Mozart.csv
352,358.0 to 358.875,13,"[3, 0, 0, 0, 2, 0, 0, 1, 0, 0, 0, 0]",5,cMajor,Piano Sonata K494 ii Bb major.mid by Mozart.csv
353,359.0 to 359.875,5,"[0, 0, 1, 0, 0, 1, 0, 1, 0, 0, 0, 1]",4,gMajor,Piano Sonata K494 ii Bb major.mid by Mozart.csv
354,360.0 to 360.875,13,"[2, 0, 0, 0, 2, 0, 0, 2, 0, 0, 0, 0]",5,cMajor,Piano Sonata K494 ii Bb major.mid by Mozart.csv
355,361.0 to 361.875,13,"[2, 0, 0, 0, 2, 0, 0, 1, 0, 0, 0, 0]",5,cMajor,Piano Sonata K494 ii Bb major.mid by Mozart.csv
356,362.0 to 362.875,5,"[0, 0, 1, 0, 0, 1, 0, 1, 0, 0, 0, 1]",4,gMajor,Piano Sonata K494 ii Bb major.mid by Mozart.csv
357,363.0 to 363.0,15,"[2, 0, 1, 0, 0, 1, 0, 1, 0, 0, 0, 1]",4,cMajor,Piano Sonata K494 ii Bb major.mid by Mozart.csv
358,364.0 to 364.5,0,"[3, 0, 0, 0, 1, 0, 0, 1, 0, 0, 0, 0]",5,cMajor,Piano Sonata K494 ii Bb major.mid by Mozart.csv
