index,offsetRange,CentroidLabelIndex_entireUnits,"[C,C#,D,E-,E,F,F#,G,G#,A,B-,B]",CentroidLabelIndex_individualUnit,triadLabel,filename
0,2.0 to 2.75,9,"[0, 0, 0, 0, 1, 0, 0, 1, 0, 0, 0, 0]",0,cMajor,Piano Sonata K283 i G major.mid by Mozart.csv
1,3.0 to 3.75,9,"[1, 0, 0, 0, 1, 0, 0, 1, 0, 0, 0, 0]",0,cMajor,Piano Sonata K283 i G major.mid by Mozart.csv
2,4.0 to 4.5,9,"[0, 0, 0, 0, 1, 0, 0, 1, 0, 0, 0, 0]",0,cMajor,Piano Sonata K283 i G major.mid by Mozart.csv
3,5.0 to 5.5,9,"[1, 0, 0, 0, 1, 0, 0, 1, 0, 0, 0, 0]",0,cMajor,Piano Sonata K283 i G major.mid by Mozart.csv
4,6.0 to 6.5,4,"[0, 0, 1, 0, 0, 1, 0, 0, 0, 0, 0, 1]",1,gMajor,Piano Sonata K283 i G major.mid by Mozart.csv
5,7.0 to 7.5,9,"[0, 0, 0, 0, 0, 1, 0, 1, 0, 0, 0, 0]",1,cMajor,Piano Sonata K283 i G major.mid by Mozart.csv
6,8.0 to 8.75,5,"[0, 0, 1, 0, 0, 1, 0, 1, 0, 0, 0, 1]",6,gMajor,Piano Sonata K283 i G major.mid by Mozart.csv
7,9.0 to 9.75,12,"[0, 0, 2, 0, 0, 0, 0, 0, 0, 0, 0, 1]",8,gMajor,Piano Sonata K283 i G major.mid by Mozart.csv
8,10.0 to 10.5,5,"[0, 0, 1, 0, 0, 0, 0, 1, 0, 0, 0, 0]",6,gMajor,Piano Sonata K283 i G major.mid by Mozart.csv
9,11.0 to 11.5,6,"[0, 0, 1, 0, 0, 1, 0, 1, 0, 0, 0, 0]",1,gMajor,Piano Sonata K283 i G major.mid by Mozart.csv
10,12.0 to 12.5,8,"[1, 0, 0, 0, 2, 0, 0, 0, 0, 0, 0, 0]",0,cMajor,Piano Sonata K283 i G major.mid by Mozart.csv
11,13.0 to 13.5,9,"[0, 0, 0, 0, 1, 0, 0, 1, 0, 0, 0, 0]",0,cMajor,Piano Sonata K283 i G major.mid by Mozart.csv
12,14.0 to 14.75,0,"[2, 0, 0, 0, 0, 0, 0, 0, 0, 0, 0, 1]",5,cMajor,Piano Sonata K283 i G major.mid by Mozart.csv
13,15.0 to 15.75,2,"[1, 0, 0, 0, 0, 1, 0, 0, 0, 1, 0, 1]",0,fMajor,Piano Sonata K283 i G major.mid by Mozart.csv
14,16.0 to 16.875,2,"[1, 0, 0, 0, 0, 1, 0, 0, 0, 1, 0, 0]",0,fMajor,Piano Sonata K283 i G major.mid by Mozart.csv
15,17.0 to 17.75,2,"[1, 0, 0, 0, 0, 0, 0, 0, 0, 1, 0, 0]",0,fMajor,Piano Sonata K283 i G major.mid by Mozart.csv
16,18.0 to 18.75,9,"[1, 0, 0, 0, 1, 0, 0, 1, 0, 1, 0, 0]",0,cMajor,Piano Sonata K283 i G major.mid by Mozart.csv
17,19.0 to 19.875,9,"[1, 0, 0, 0, 1, 0, 0, 1, 0, 0, 0, 0]",0,cMajor,Piano Sonata K283 i G major.mid by Mozart.csv
18,20.0 to 20.75,9,"[1, 0, 0, 0, 0, 0, 0, 1, 0, 0, 0, 0]",0,cMajor,Piano Sonata K283 i G major.mid by Mozart.csv
19,21.0 to 21.33333333,6,"[0, 0, 1, 0, 0, 1, 0, 1, 0, 0, 0, 0]",1,gMajor,Piano Sonata K283 i G major.mid by Mozart.csv
20,22.0 to 22.33333333,9,"[1, 0, 0, 0, 1, 0, 0, 1, 0, 0, 0, 0]",0,cMajor,Piano Sonata K283 i G major.mid by Mozart.csv
21,23.0 to 23.33333333,5,"[0, 0, 1, 0, 0, 0, 0, 1, 0, 0, 0, 1]",6,gMajor,Piano Sonata K283 i G major.mid by Mozart.csv
22,24.0 to 24.75,15,"[2, 0, 0, 0, 1, 0, 0, 1, 0, 1, 0, 1]",5,cMajor,Piano Sonata K283 i G major.mid by Mozart.csv
23,25.0 to 25.75,6,"[0, 0, 1, 0, 1, 1, 0, 1, 0, 0, 0, 0]",1,cMajor,Piano Sonata K283 i G major.mid by Mozart.csv
24,26.0 to 26.75,2,"[2, 0, 1, 0, 1, 1, 0, 0, 0, 1, 0, 0]",5,fMajor,Piano Sonata K283 i G major.mid by Mozart.csv
25,27.0 to 27.75,5,"[0, 0, 0, 0, 0, 1, 0, 1, 0, 1, 0, 1]",1,fMajor,Piano Sonata K283 i G major.mid by Mozart.csv
26,28.0 to 28.75,13,"[2, 0, 0, 0, 1, 0, 0, 2, 0, 0, 0, 0]",0,cMajor,Piano Sonata K283 i G major.mid by Mozart.csv
27,29.0 to 29.75,6,"[0, 0, 1, 0, 0, 2, 0, 1, 0, 0, 0, 1]",1,gMajor,Piano Sonata K283 i G major.mid by Mozart.csv
28,30.0 to 30.0,0,"[2, 0, 0, 0, 1, 0, 0, 0, 0, 0, 0, 0]",5,cMajor,Piano Sonata K283 i G major.mid by Mozart.csv
29,31.0 to 31.0,9,"[1, 0, 0, 0, 0, 0, 0, 0, 0, 0, 0, 0]",0,cMajor,Piano Sonata K283 i G major.mid by Mozart.csv
30,32.0 to 32.75,4,"[1, 0, 0, 0, 0, 0, 0, 0, 0, 0, 0, 1]",0,gMajor,Piano Sonata K283 i G major.mid by Mozart.csv
31,33.0 to 33.75,2,"[1, 0, 0, 0, 0, 1, 0, 0, 0, 1, 0, 1]",0,fMajor,Piano Sonata K283 i G major.mid by Mozart.csv
32,34.0 to 34.625,2,"[1, 0, 0, 0, 0, 1, 0, 0, 0, 1, 0, 0]",0,fMajor,Piano Sonata K283 i G major.mid by Mozart.csv
33,35.0 to 35.75,2,"[1, 0, 0, 0, 0, 0, 0, 0, 0, 1, 0, 0]",0,fMajor,Piano Sonata K283 i G major.mid by Mozart.csv
34,36.0 to 36.75,9,"[1, 0, 0, 0, 1, 0, 0, 1, 0, 1, 0, 0]",0,cMajor,Piano Sonata K283 i G major.mid by Mozart.csv
35,37.0 to 37.625,9,"[1, 0, 0, 0, 1, 0, 0, 1, 0, 0, 0, 0]",0,cMajor,Piano Sonata K283 i G major.mid by Mozart.csv
36,38.0 to 38.75,9,"[1, 0, 0, 0, 0, 0, 0, 1, 0, 0, 0, 0]",0,cMajor,Piano Sonata K283 i G major.mid by Mozart.csv
37,39.0 to 39.5,6,"[0, 0, 1, 0, 0, 1, 0, 1, 0, 0, 0, 0]",1,gMajor,Piano Sonata K283 i G major.mid by Mozart.csv
38,40.0 to 40.5,9,"[1, 0, 0, 0, 1, 0, 0, 1, 0, 0, 0, 0]",0,cMajor,Piano Sonata K283 i G major.mid by Mozart.csv
39,41.0 to 41.5,5,"[0, 0, 1, 0, 0, 0, 0, 1, 0, 0, 0, 1]",6,gMajor,Piano Sonata K283 i G major.mid by Mozart.csv
40,42.0 to 42.75,15,"[2, 0, 0, 0, 1, 0, 0, 1, 0, 1, 0, 1]",5,cMajor,Piano Sonata K283 i G major.mid by Mozart.csv
41,43.0 to 43.75,6,"[0, 0, 1, 0, 1, 1, 0, 1, 0, 0, 0, 0]",1,cMajor,Piano Sonata K283 i G major.mid by Mozart.csv
42,44.0 to 44.75,2,"[2, 0, 1, 0, 1, 1, 0, 0, 0, 1, 0, 0]",5,fMajor,Piano Sonata K283 i G major.mid by Mozart.csv
43,45.0 to 45.75,5,"[0, 0, 0, 0, 0, 1, 0, 1, 0, 1, 0, 1]",1,fMajor,Piano Sonata K283 i G major.mid by Mozart.csv
44,46.0 to 46.75,13,"[2, 0, 0, 0, 1, 0, 0, 2, 0, 0, 0, 0]",0,cMajor,Piano Sonata K283 i G major.mid by Mozart.csv
45,47.0 to 47.75,6,"[0, 0, 1, 0, 0, 2, 0, 1, 0, 0, 0, 1]",1,gMajor,Piano Sonata K283 i G major.mid by Mozart.csv
46,48.0 to 48.0,0,"[2, 0, 0, 0, 1, 0, 0, 0, 0, 0, 0, 0]",5,cMajor,Piano Sonata K283 i G major.mid by Mozart.csv
47,49.5 to 49.75,0,"[3, 0, 0, 0, 1, 0, 0, 0, 0, 0, 0, 0]",5,cMajor,Piano Sonata K283 i G major.mid by Mozart.csv
48,50.0 to 50.75,6,"[0, 0, 3, 0, 3, 1, 0, 1, 0, 0, 0, 0]",7,cMajor,Piano Sonata K283 i G major.mid by Mozart.csv
49,51.0 to 51.0,18,"[0, 0, 0, 0, 0, 3, 0, 0, 0, 0, 0, 0]",1,c#Major,Piano Sonata K283 i G major.mid by Mozart.csv
50,52.5 to 52.875,12,"[0, 0, 3, 0, 0, 1, 0, 0, 0, 0, 0, 0]",8,b-Major,Piano Sonata K283 i G major.mid by Mozart.csv
51,53.0 to 53.875,18,"[0, 0, 0, 0, 3, 3, 0, 1, 0, 1, 0, 0]",9,fMinor,Piano Sonata K283 i G major.mid by Mozart.csv
52,54.0 to 54.0,10,"[0, 0, 0, 0, 0, 0, 0, 3, 0, 0, 0, 0]",3,cMajor,Piano Sonata K283 i G major.mid by Mozart.csv
53,55.5 to 55.75,8,"[0, 0, 0, 0, 3, 0, 0, 1, 0, 0, 0, 0]",9,cMajor,Piano Sonata K283 i G major.mid by Mozart.csv
54,56.0 to 56.75,18,"[0, 0, 0, 0, 0, 3, 0, 3, 0, 1, 1, 0]",1,e-Major,Piano Sonata K283 i G major.mid by Mozart.csv
55,57.0 to 57.75,17,"[0, 0, 0, 0, 0, 0, 0, 3, 0, 3, 1, 0]",3,e-Major,Piano Sonata K283 i G major.mid by Mozart.csv
56,58.0 to 58.75,18,"[0, 0, 0, 0, 0, 3, 0, 3, 0, 1, 1, 0]",1,e-Major,Piano Sonata K283 i G major.mid by Mozart.csv
57,59.0 to 59.75,2,"[1, 0, 1, 0, 0, 0, 0, 0, 0, 3, 0, 3]",4,gMajor,Piano Sonata K283 i G major.mid by Mozart.csv
58,60.0 to 60.75,15,"[3, 0, 1, 0, 0, 0, 0, 0, 0, 0, 0, 3]",5,gMajor,Piano Sonata K283 i G major.mid by Mozart.csv
59,61.0 to 61.75,2,"[1, 0, 1, 0, 0, 0, 0, 0, 0, 3, 0, 3]",4,gMajor,Piano Sonata K283 i G major.mid by Mozart.csv
60,62.0 to 62.75,0,"[3, 0, 3, 0, 1, 1, 0, 0, 0, 0, 0, 0]",2,cMajor,Piano Sonata K283 i G major.mid by Mozart.csv
61,63.0 to 63.75,6,"[0, 0, 3, 0, 3, 1, 0, 0, 0, 0, 0, 0]",7,b-Major,Piano Sonata K283 i G major.mid by Mozart.csv
62,64.0 to 64.75,0,"[3, 0, 3, 0, 1, 1, 0, 0, 0, 0, 0, 0]",2,cMajor,Piano Sonata K283 i G major.mid by Mozart.csv
63,65.0 to 65.75,16,"[0, 0, 0, 0, 3, 0, 3, 1, 0, 1, 0, 0]",9,cMajor,Piano Sonata K283 i G major.mid by Mozart.csv
64,66.0 to 66.0,10,"[0, 0, 0, 0, 0, 0, 0, 3, 0, 0, 0, 0]",3,cMajor,Piano Sonata K283 i G major.mid by Mozart.csv
65,67.0 to 67.0,10,"[0, 0, 0, 0, 0, 0, 0, 3, 0, 0, 0, 0]",3,cMajor,Piano Sonata K283 i G major.mid by Mozart.csv
66,69.0 to 69.5,12,"[0, 0, 2, 0, 0, 0, 0, 0, 0, 0, 0, 1]",8,gMajor,Piano Sonata K283 i G major.mid by Mozart.csv
67,70.0 to 70.5,12,"[1, 0, 2, 0, 0, 0, 0, 0, 0, 1, 0, 0]",8,dMajor,Piano Sonata K283 i G major.mid by Mozart.csv
68,71.0 to 71.5,5,"[1, 0, 1, 0, 0, 0, 0, 1, 0, 0, 0, 1]",6,gMajor,Piano Sonata K283 i G major.mid by Mozart.csv
69,72.0 to 72.5,7,"[0, 0, 1, 0, 0, 0, 1, 0, 0, 1, 0, 1]",8,dMajor,Piano Sonata K283 i G major.mid by Mozart.csv
70,73.0 to 73.5,17,"[0, 0, 1, 0, 1, 0, 0, 1, 0, 1, 0, 0]",0,dMajor,Piano Sonata K283 i G major.mid by Mozart.csv
71,74.0 to 74.5,12,"[0, 0, 2, 0, 0, 0, 1, 1, 0, 0, 0, 0]",8,dMajor,Piano Sonata K283 i G major.mid by Mozart.csv
72,75.0 to 75.75,17,"[0, 0, 1, 0, 1, 0, 0, 1, 0, 1, 0, 0]",0,dMajor,Piano Sonata K283 i G major.mid by Mozart.csv
73,76.0 to 76.75,7,"[0, 0, 1, 0, 0, 0, 1, 0, 0, 1, 0, 1]",8,dMajor,Piano Sonata K283 i G major.mid by Mozart.csv
74,77.0 to 77.875,5,"[1, 0, 1, 0, 0, 0, 0, 1, 0, 0, 0, 1]",6,gMajor,Piano Sonata K283 i G major.mid by Mozart.csv
75,78.0 to 78.83333333,12,"[1, 0, 2, 0, 0, 0, 0, 0, 0, 1, 0, 0]",8,dMajor,Piano Sonata K283 i G major.mid by Mozart.csv
76,79.0 to 79.75,7,"[0, 0, 1, 0, 0, 0, 1, 0, 0, 1, 0, 0]",8,dMajor,Piano Sonata K283 i G major.mid by Mozart.csv
77,80.0 to 80.5,12,"[0, 0, 2, 0, 0, 0, 0, 0, 0, 0, 0, 0]",8,dMajor,Piano Sonata K283 i G major.mid by Mozart.csv
78,81.0 to 81.75,12,"[0, 0, 2, 0, 1, 0, 0, 0, 0, 0, 0, 1]",8,gMajor,Piano Sonata K283 i G major.mid by Mozart.csv
79,82.0 to 82.75,12,"[1, 0, 2, 0, 0, 0, 0, 0, 0, 1, 0, 0]",8,dMajor,Piano Sonata K283 i G major.mid by Mozart.csv
80,83.0 to 83.75,5,"[1, 0, 1, 0, 0, 0, 0, 1, 0, 0, 0, 1]",6,gMajor,Piano Sonata K283 i G major.mid by Mozart.csv
81,84.0 to 84.75,7,"[0, 0, 1, 0, 0, 0, 1, 0, 0, 1, 0, 1]",8,dMajor,Piano Sonata K283 i G major.mid by Mozart.csv
82,85.0 to 85.75,17,"[0, 0, 1, 0, 1, 0, 0, 1, 0, 1, 0, 0]",0,dMajor,Piano Sonata K283 i G major.mid by Mozart.csv
83,86.0 to 86.75,12,"[0, 0, 2, 0, 0, 0, 1, 0, 0, 1, 0, 0]",8,dMajor,Piano Sonata K283 i G major.mid by Mozart.csv
84,87.0 to 87.75,5,"[0, 0, 1, 0, 1, 0, 0, 1, 0, 1, 0, 1]",6,gMajor,Piano Sonata K283 i G major.mid by Mozart.csv
85,88.0 to 88.75,7,"[1, 0, 1, 0, 0, 0, 1, 0, 0, 1, 0, 1]",8,dMajor,Piano Sonata K283 i G major.mid by Mozart.csv
86,89.0 to 89.75,19,"[1, 0, 2, 0, 0, 0, 0, 1, 0, 0, 0, 1]",6,gMajor,Piano Sonata K283 i G major.mid by Mozart.csv
87,90.0 to 90.75,12,"[1, 0, 2, 0, 0, 0, 0, 0, 0, 1, 0, 0]",8,dMajor,Piano Sonata K283 i G major.mid by Mozart.csv
88,91.0 to 91.75,7,"[0, 0, 1, 0, 0, 0, 1, 0, 0, 1, 0, 0]",8,dMajor,Piano Sonata K283 i G major.mid by Mozart.csv
89,92.0 to 92.75,4,"[1, 0, 1, 0, 0, 0, 0, 0, 0, 1, 0, 1]",8,gMajor,Piano Sonata K283 i G major.mid by Mozart.csv
90,93.0 to 93.5,10,"[0, 0, 0, 0, 0, 0, 0, 2, 0, 0, 0, 0]",3,cMajor,Piano Sonata K283 i G major.mid by Mozart.csv
91,94.0 to 94.5,16,"[0, 0, 0, 0, 0, 0, 1, 1, 0, 0, 0, 0]",3,cMajor,Piano Sonata K283 i G major.mid by Mozart.csv
92,95.0 to 95.5,1,"[1, 0, 0, 0, 0, 0, 1, 2, 0, 1, 0, 1]",3,cMajor,Piano Sonata K283 i G major.mid by Mozart.csv
93,96.0 to 96.5,10,"[0, 0, 0, 0, 0, 0, 0, 2, 0, 0, 0, 0]",3,cMajor,Piano Sonata K283 i G major.mid by Mozart.csv
94,97.0 to 97.5,16,"[0, 0, 0, 0, 0, 0, 1, 1, 0, 0, 0, 0]",3,cMajor,Piano Sonata K283 i G major.mid by Mozart.csv
95,98.0 to 98.5,15,"[1, 0, 1, 0, 1, 0, 1, 1, 0, 0, 0, 1]",6,cMajor,Piano Sonata K283 i G major.mid by Mozart.csv
96,99.0 to 99.5,10,"[0, 0, 0, 0, 0, 0, 0, 2, 0, 0, 0, 0]",3,cMajor,Piano Sonata K283 i G major.mid by Mozart.csv
97,100.0 to 100.5,16,"[0, 0, 0, 0, 0, 0, 1, 1, 0, 0, 0, 0]",3,cMajor,Piano Sonata K283 i G major.mid by Mozart.csv
98,101.0 to 101.5,12,"[0, 1, 2, 0, 1, 0, 1, 1, 0, 0, 0, 0]",8,dMajor,Piano Sonata K283 i G major.mid by Mozart.csv
99,102.0 to 102.5,15,"[2, 0, 1, 0, 1, 1, 0, 0, 0, 0, 0, 1]",5,cMajor,Piano Sonata K283 i G major.mid by Mozart.csv
100,103.0 to 103.5,14,"[0, 1, 1, 0, 0, 0, 1, 1, 0, 1, 1, 0]",8,dMajor,Piano Sonata K283 i G major.mid by Mozart.csv
101,104.0 to 104.5,15,"[1, 0, 0, 0, 1, 1, 0, 1, 1, 0, 0, 1]",0,cMajor,Piano Sonata K283 i G major.mid by Mozart.csv
102,105.0 to 105.75,7,"[1, 0, 2, 0, 0, 0, 1, 0, 0, 1, 0, 0]",8,dMajor,Piano Sonata K283 i G major.mid by Mozart.csv
103,106.0 to 106.75,12,"[0, 1, 1, 0, 1, 0, 0, 0, 0, 0, 0, 0]",8,aMajor,Piano Sonata K283 i G major.mid by Mozart.csv
104,107.0 to 107.75,7,"[2, 0, 2, 0, 0, 0, 1, 0, 0, 2, 0, 0]",4,dMajor,Piano Sonata K283 i G major.mid by Mozart.csv
105,108.0 to 108.75,19,"[0, 0, 3, 0, 0, 0, 0, 2, 0, 0, 0, 2]",6,gMajor,Piano Sonata K283 i G major.mid by Mozart.csv
106,109.0 to 109.75,12,"[0, 1, 1, 0, 1, 0, 0, 0, 0, 0, 0, 0]",8,aMajor,Piano Sonata K283 i G major.mid by Mozart.csv
107,110.0 to 110.75,19,"[0, 0, 3, 0, 0, 0, 0, 2, 0, 0, 0, 2]",6,gMajor,Piano Sonata K283 i G major.mid by Mozart.csv
108,111.0 to 111.75,8,"[2, 0, 0, 0, 3, 0, 0, 0, 0, 2, 0, 0]",9,cMinor,Piano Sonata K283 i G major.mid by Mozart.csv
109,112.0 to 112.75,19,"[1, 0, 2, 0, 1, 0, 0, 1, 0, 0, 0, 2]",6,gMajor,Piano Sonata K283 i G major.mid by Mozart.csv
110,113.0 to 113.75,7,"[1, 0, 1, 0, 0, 0, 1, 1, 0, 2, 0, 1]",4,dMajor,Piano Sonata K283 i G major.mid by Mozart.csv
111,114.0 to 114.5,1,"[0, 0, 0, 0, 0, 0, 0, 2, 0, 0, 0, 1]",3,gMajor,Piano Sonata K283 i G major.mid by Mozart.csv
112,115.0 to 115.5,16,"[0, 0, 0, 0, 0, 0, 1, 1, 0, 0, 0, 0]",3,cMajor,Piano Sonata K283 i G major.mid by Mozart.csv
113,116.0 to 116.5,12,"[0, 1, 2, 0, 1, 0, 1, 1, 0, 0, 0, 0]",8,dMajor,Piano Sonata K283 i G major.mid by Mozart.csv
114,117.0 to 117.5,15,"[2, 0, 1, 0, 1, 1, 0, 0, 0, 0, 0, 1]",5,cMajor,Piano Sonata K283 i G major.mid by Mozart.csv
115,118.0 to 118.5,14,"[0, 1, 1, 0, 0, 0, 1, 1, 0, 1, 1, 0]",8,dMajor,Piano Sonata K283 i G major.mid by Mozart.csv
116,119.0 to 119.5,15,"[1, 0, 0, 0, 1, 1, 0, 1, 1, 0, 0, 1]",0,cMajor,Piano Sonata K283 i G major.mid by Mozart.csv
117,120.0 to 120.75,7,"[1, 0, 2, 0, 0, 0, 1, 0, 0, 1, 0, 0]",8,dMajor,Piano Sonata K283 i G major.mid by Mozart.csv
118,121.0 to 121.75,12,"[0, 1, 2, 0, 1, 0, 1, 0, 0, 1, 0, 0]",8,dMajor,Piano Sonata K283 i G major.mid by Mozart.csv
119,122.0 to 122.875,7,"[2, 0, 2, 0, 0, 0, 1, 0, 0, 2, 0, 0]",4,dMajor,Piano Sonata K283 i G major.mid by Mozart.csv
120,123.0 to 123.75,19,"[0, 0, 3, 0, 0, 0, 0, 2, 0, 0, 0, 2]",6,gMajor,Piano Sonata K283 i G major.mid by Mozart.csv
121,124.0 to 124.75,19,"[0, 1, 2, 0, 1, 0, 0, 1, 0, 0, 0, 1]",6,gMajor,Piano Sonata K283 i G major.mid by Mozart.csv
122,125.0 to 125.875,19,"[0, 0, 3, 0, 0, 0, 0, 2, 0, 0, 0, 2]",6,gMajor,Piano Sonata K283 i G major.mid by Mozart.csv
123,126.0 to 126.875,8,"[2, 0, 0, 0, 3, 0, 0, 0, 0, 2, 0, 0]",9,cMinor,Piano Sonata K283 i G major.mid by Mozart.csv
124,127.0 to 127.75,19,"[1, 0, 2, 0, 1, 0, 0, 1, 0, 0, 0, 2]",6,gMajor,Piano Sonata K283 i G major.mid by Mozart.csv
125,128.0 to 128.75,7,"[1, 0, 1, 0, 0, 0, 1, 1, 0, 2, 0, 1]",4,dMajor,Piano Sonata K283 i G major.mid by Mozart.csv
126,129.0 to 129.75,1,"[0, 0, 0, 0, 0, 0, 0, 2, 0, 0, 0, 2]",6,gMajor,Piano Sonata K283 i G major.mid by Mozart.csv
127,130.0 to 130.75,7,"[1, 0, 2, 0, 0, 0, 1, 0, 0, 1, 0, 1]",8,dMajor,Piano Sonata K283 i G major.mid by Mozart.csv
128,131.0 to 131.875,15,"[1, 0, 1, 0, 1, 0, 1, 1, 0, 1, 0, 1]",6,gMajor,Piano Sonata K283 i G major.mid by Mozart.csv
129,132.0 to 132.75,1,"[0, 0, 0, 0, 0, 0, 0, 2, 0, 0, 0, 1]",3,gMajor,Piano Sonata K283 i G major.mid by Mozart.csv
130,133.0 to 133.75,7,"[1, 0, 2, 0, 0, 0, 1, 0, 0, 1, 0, 1]",8,dMajor,Piano Sonata K283 i G major.mid by Mozart.csv
131,134.0 to 134.875,15,"[1, 0, 1, 0, 1, 0, 1, 1, 0, 1, 0, 1]",6,gMajor,Piano Sonata K283 i G major.mid by Mozart.csv
132,135.0 to 135.5,9,"[0, 0, 0, 0, 1, 0, 0, 1, 0, 0, 0, 1]",0,gMinor,Piano Sonata K283 i G major.mid by Mozart.csv
133,136.0 to 136.5,7,"[0, 0, 1, 0, 1, 0, 1, 0, 0, 1, 0, 0]",8,dMajor,Piano Sonata K283 i G major.mid by Mozart.csv
134,137.0 to 137.5,9,"[1, 0, 1, 0, 1, 0, 0, 1, 0, 0, 0, 0]",0,cMajor,Piano Sonata K283 i G major.mid by Mozart.csv
135,138.0 to 138.5,4,"[1, 0, 1, 0, 0, 0, 1, 0, 0, 0, 0, 1]",8,dMinor,Piano Sonata K283 i G major.mid by Mozart.csv
136,139.0 to 139.5,2,"[1, 0, 0, 0, 1, 0, 0, 0, 0, 1, 0, 1]",0,cMinor,Piano Sonata K283 i G major.mid by Mozart.csv
137,140.0 to 140.5,5,"[0, 0, 1, 0, 0, 0, 0, 1, 0, 1, 0, 1]",6,gMajor,Piano Sonata K283 i G major.mid by Mozart.csv
138,141.0 to 141.75,2,"[1, 0, 0, 0, 1, 0, 0, 0, 1, 1, 0, 0]",0,cMinor,Piano Sonata K283 i G major.mid by Mozart.csv
139,142.0 to 142.625,2,"[1, 0, 0, 0, 1, 0, 0, 0, 0, 1, 0, 0]",0,cMinor,Piano Sonata K283 i G major.mid by Mozart.csv
140,143.0 to 143.75,7,"[1, 0, 1, 0, 0, 0, 1, 0, 0, 2, 0, 0]",4,dMajor,Piano Sonata K283 i G major.mid by Mozart.csv
141,144.0 to 144.75,9,"[0, 1, 0, 1, 1, 0, 0, 1, 0, 0, 0, 1]",0,gMinor,Piano Sonata K283 i G major.mid by Mozart.csv
142,145.0 to 145.75,17,"[0, 1, 1, 0, 1, 0, 1, 0, 0, 1, 0, 0]",8,aMajor,Piano Sonata K283 i G major.mid by Mozart.csv
143,146.0 to 146.75,15,"[1, 0, 0, 0, 1, 0, 0, 1, 0, 1, 0, 1]",0,cMajor,Piano Sonata K283 i G major.mid by Mozart.csv
144,147.0 to 147.75,4,"[1, 0, 1, 0, 0, 0, 1, 0, 0, 0, 1, 1]",8,dMinor,Piano Sonata K283 i G major.mid by Mozart.csv
145,148.0 to 148.75,2,"[1, 0, 0, 0, 1, 0, 1, 0, 1, 1, 0, 0]",0,cMinor,Piano Sonata K283 i G major.mid by Mozart.csv
146,149.0 to 149.75,5,"[0, 0, 1, 0, 0, 0, 1, 1, 0, 1, 0, 1]",6,dMajor,Piano Sonata K283 i G major.mid by Mozart.csv
147,150.0 to 150.75,0,"[2, 0, 0, 0, 1, 0, 0, 0, 0, 1, 0, 0]",5,cMinor,Piano Sonata K283 i G major.mid by Mozart.csv
148,151.0 to 151.75,19,"[0, 0, 2, 0, 0, 0, 0, 1, 0, 0, 0, 1]",6,gMajor,Piano Sonata K283 i G major.mid by Mozart.csv
149,152.0 to 152.75,7,"[1, 0, 1, 0, 0, 0, 1, 0, 0, 1, 0, 0]",8,dMajor,Piano Sonata K283 i G major.mid by Mozart.csv
150,153.0 to 153.75,10,"[0, 0, 0, 0, 0, 0, 1, 3, 0, 0, 0, 0]",3,e-Major,Piano Sonata K283 i G major.mid by Mozart.csv
151,154.0 to 154.75,1,"[0, 0, 1, 0, 0, 1, 1, 2, 0, 0, 0, 1]",6,gMajor,Piano Sonata K283 i G major.mid by Mozart.csv
152,155.0 to 155.75,16,"[1, 0, 0, 0, 1, 0, 2, 2, 0, 1, 0, 0]",3,cMajor,Piano Sonata K283 i G major.mid by Mozart.csv
153,156.0 to 156.75,1,"[0, 0, 1, 0, 0, 0, 1, 3, 0, 0, 0, 1]",3,gMajor,Piano Sonata K283 i G major.mid by Mozart.csv
154,157.0 to 157.75,1,"[0, 0, 1, 0, 0, 1, 1, 2, 0, 0, 0, 1]",6,gMajor,Piano Sonata K283 i G major.mid by Mozart.csv
155,158.0 to 158.75,16,"[1, 0, 0, 0, 1, 0, 2, 2, 0, 1, 0, 0]",3,cMajor,Piano Sonata K283 i G major.mid by Mozart.csv
156,159.0 to 159.0,1,"[0, 0, 1, 0, 0, 0, 0, 2, 0, 0, 0, 1]",6,gMajor,Piano Sonata K283 i G major.mid by Mozart.csv
157,161.75 to 161.75,9,"[0, 1, 0, 0, 0, 0, 0, 0, 0, 0, 0, 0]",0,c#Major,Piano Sonata K283 i G major.mid by Mozart.csv
158,162.0 to 162.0,12,"[0, 0, 1, 0, 0, 0, 0, 0, 0, 0, 0, 0]",8,dMajor,Piano Sonata K283 i G major.mid by Mozart.csv
159,163.0 to 163.0,5,"[0, 0, 0, 0, 0, 0, 0, 1, 0, 0, 0, 1]",6,gMajor,Piano Sonata K283 i G major.mid by Mozart.csv
160,164.0 to 164.0,5,"[0, 0, 0, 0, 0, 0, 0, 1, 0, 0, 0, 1]",6,gMajor,Piano Sonata K283 i G major.mid by Mozart.csv
161,165.0 to 165.75,5,"[1, 0, 0, 0, 0, 0, 0, 1, 0, 1, 0, 1]",0,fMajor,Piano Sonata K283 i G major.mid by Mozart.csv
162,166.0 to 166.5,7,"[1, 0, 0, 0, 0, 0, 1, 0, 0, 1, 0, 0]",0,dMajor,Piano Sonata K283 i G major.mid by Mozart.csv
163,167.0 to 167.75,16,"[1, 0, 0, 0, 0, 0, 1, 1, 0, 1, 0, 0]",0,cMajor,Piano Sonata K283 i G major.mid by Mozart.csv
164,168.0 to 168.0,9,"[0, 0, 0, 0, 0, 0, 0, 1, 0, 0, 0, 0]",0,cMajor,Piano Sonata K283 i G major.mid by Mozart.csv
165,169.0 to 169.0,4,"[0, 0, 1, 0, 0, 0, 0, 0, 0, 0, 0, 1]",8,gMajor,Piano Sonata K283 i G major.mid by Mozart.csv
166,170.0 to 170.0,4,"[0, 0, 1, 0, 0, 0, 0, 0, 0, 0, 0, 1]",8,gMajor,Piano Sonata K283 i G major.mid by Mozart.csv
167,171.0 to 171.0,17,"[0, 0, 0, 0, 0, 0, 0, 0, 0, 1, 0, 0]",0,dMajor,Piano Sonata K283 i G major.mid by Mozart.csv
168,172.0 to 172.75,2,"[2, 0, 0, 0, 1, 0, 0, 0, 0, 1, 0, 1]",5,cMinor,Piano Sonata K283 i G major.mid by Mozart.csv
169,173.0 to 173.75,7,"[1, 0, 2, 0, 0, 0, 1, 0, 0, 1, 0, 1]",8,dMajor,Piano Sonata K283 i G major.mid by Mozart.csv
170,174.0 to 174.75,12,"[0, 1, 1, 0, 0, 0, 0, 0, 0, 0, 0, 0]",8,c#Major,Piano Sonata K283 i G major.mid by Mozart.csv
171,175.0 to 175.5,5,"[0, 0, 1, 0, 1, 0, 0, 1, 0, 0, 0, 1]",6,gMajor,Piano Sonata K283 i G major.mid by Mozart.csv
172,176.0 to 176.0,5,"[0, 0, 0, 0, 0, 0, 0, 1, 0, 0, 0, 1]",6,gMajor,Piano Sonata K283 i G major.mid by Mozart.csv
173,177.0 to 177.75,4,"[1, 0, 1, 0, 0, 0, 0, 0, 0, 1, 0, 1]",8,gMajor,Piano Sonata K283 i G major.mid by Mozart.csv
174,178.0 to 178.375,2,"[1, 0, 0, 0, 0, 0, 0, 1, 0, 1, 0, 0]",0,cMajor,Piano Sonata K283 i G major.mid by Mozart.csv
175,179.0 to 179.0,7,"[1, 0, 0, 0, 0, 0, 1, 0, 0, 1, 0, 0]",0,dMajor,Piano Sonata K283 i G major.mid by Mozart.csv
176,180.0 to 180.75,16,"[0, 0, 0, 0, 0, 0, 1, 1, 0, 0, 0, 0]",3,cMajor,Piano Sonata K283 i G major.mid by Mozart.csv
177,181.0 to 181.5,5,"[0, 0, 1, 0, 0, 0, 0, 1, 0, 1, 0, 1]",6,gMajor,Piano Sonata K283 i G major.mid by Mozart.csv
178,182.0 to 182.75,5,"[0, 0, 1, 0, 0, 0, 0, 1, 0, 0, 0, 1]",6,gMajor,Piano Sonata K283 i G major.mid by Mozart.csv
179,183.0 to 183.0,17,"[0, 0, 0, 0, 0, 0, 0, 0, 0, 1, 0, 0]",0,dMajor,Piano Sonata K283 i G major.mid by Mozart.csv
180,184.0 to 184.75,2,"[1, 0, 0, 0, 1, 0, 0, 0, 1, 1, 0, 1]",0,cMinor,Piano Sonata K283 i G major.mid by Mozart.csv
181,185.0 to 185.75,7,"[1, 0, 2, 0, 0, 0, 1, 0, 0, 1, 0, 1]",8,dMajor,Piano Sonata K283 i G major.mid by Mozart.csv
182,186.0 to 186.5,10,"[0, 0, 0, 0, 0, 0, 0, 3, 0, 0, 0, 0]",3,cMajor,Piano Sonata K283 i G major.mid by Mozart.csv
183,187.0 to 187.875,16,"[0, 0, 0, 0, 0, 0, 1, 2, 0, 1, 0, 0]",3,dMajor,Piano Sonata K283 i G major.mid by Mozart.csv
184,188.0 to 188.5,10,"[0, 0, 0, 0, 0, 0, 0, 2, 0, 0, 0, 0]",3,cMajor,Piano Sonata K283 i G major.mid by Mozart.csv
185,189.0 to 189.5,15,"[1, 0, 1, 0, 1, 0, 0, 1, 0, 0, 0, 1]",6,cMajor,Piano Sonata K283 i G major.mid by Mozart.csv
186,190.0 to 190.5,1,"[1, 0, 0, 0, 0, 0, 0, 2, 0, 1, 0, 1]",3,gMajor,Piano Sonata K283 i G major.mid by Mozart.csv
187,191.0 to 191.5,10,"[0, 0, 0, 0, 1, 1, 0, 2, 0, 1, 0, 0]",3,cMajor,Piano Sonata K283 i G major.mid by Mozart.csv
188,192.0 to 192.75,10,"[0, 0, 1, 0, 0, 1, 0, 2, 0, 0, 0, 0]",1,gMajor,Piano Sonata K283 i G major.mid by Mozart.csv
189,193.0 to 193.875,10,"[0, 0, 0, 0, 1, 1, 0, 2, 0, 0, 0, 0]",3,gMinor,Piano Sonata K283 i G major.mid by Mozart.csv
190,194.0 to 194.5,9,"[0, 0, 0, 0, 0, 1, 0, 1, 0, 0, 0, 0]",1,cMajor,Piano Sonata K283 i G major.mid by Mozart.csv
191,195.0 to 195.5,5,"[1, 0, 1, 0, 0, 0, 0, 1, 0, 1, 0, 1]",6,gMajor,Piano Sonata K283 i G major.mid by Mozart.csv
192,196.0 to 196.5,1,"[0, 0, 0, 0, 0, 1, 0, 2, 0, 1, 0, 1]",3,gMajor,Piano Sonata K283 i G major.mid by Mozart.csv
193,197.0 to 197.5,10,"[0, 0, 1, 0, 1, 1, 0, 2, 0, 0, 0, 0]",1,cMajor,Piano Sonata K283 i G major.mid by Mozart.csv
194,198.0 to 198.75,10,"[1, 0, 0, 0, 1, 0, 0, 2, 0, 0, 0, 0]",3,cMajor,Piano Sonata K283 i G major.mid by Mozart.csv
195,199.0 to 199.875,6,"[0, 0, 1, 0, 1, 1, 0, 1, 0, 0, 0, 0]",1,cMajor,Piano Sonata K283 i G major.mid by Mozart.csv
196,200.0 to 200.5,9,"[0, 0, 0, 0, 1, 0, 0, 1, 0, 0, 0, 0]",0,cMajor,Piano Sonata K283 i G major.mid by Mozart.csv
197,201.0 to 201.5,15,"[1, 0, 1, 0, 1, 0, 0, 1, 0, 0, 0, 1]",6,cMajor,Piano Sonata K283 i G major.mid by Mozart.csv
198,202.0 to 202.5,10,"[0, 0, 0, 0, 1, 1, 0, 2, 0, 1, 0, 0]",3,cMajor,Piano Sonata K283 i G major.mid by Mozart.csv
199,203.0 to 203.5,6,"[1, 0, 1, 0, 1, 1, 0, 1, 0, 0, 0, 0]",0,cMajor,Piano Sonata K283 i G major.mid by Mozart.csv
200,204.0 to 204.0,5,"[0, 0, 1, 0, 0, 0, 0, 1, 0, 0, 0, 1]",6,gMajor,Piano Sonata K283 i G major.mid by Mozart.csv
201,205.5 to 205.75,17,"[0, 0, 0, 0, 0, 0, 0, 2, 0, 2, 0, 0]",3,cMajor,Piano Sonata K283 i G major.mid by Mozart.csv
202,206.0 to 206.5,15,"[2, 0, 0, 0, 0, 0, 0, 0, 0, 0, 0, 2]",5,gMajor,Piano Sonata K283 i G major.mid by Mozart.csv
203,207.0 to 207.0,12,"[0, 0, 2, 0, 0, 0, 0, 0, 0, 0, 0, 0]",8,dMajor,Piano Sonata K283 i G major.mid by Mozart.csv
204,208.5 to 208.75,15,"[2, 0, 0, 0, 0, 0, 0, 0, 0, 0, 0, 2]",5,gMajor,Piano Sonata K283 i G major.mid by Mozart.csv
205,209.0 to 209.5,12,"[0, 0, 2, 0, 2, 0, 0, 0, 0, 0, 0, 0]",7,cMajor,Piano Sonata K283 i G major.mid by Mozart.csv
206,210.0 to 210.0,18,"[0, 0, 0, 0, 0, 2, 0, 0, 0, 0, 0, 0]",1,c#Major,Piano Sonata K283 i G major.mid by Mozart.csv
207,211.5 to 211.75,9,"[0, 0, 0, 0, 1, 1, 0, 0, 0, 0, 0, 0]",0,cMajor,Piano Sonata K283 i G major.mid by Mozart.csv
208,212.0 to 212.75,12,"[1, 0, 1, 0, 0, 0, 0, 0, 0, 0, 0, 0]",8,cMajor,Piano Sonata K283 i G major.mid by Mozart.csv
209,213.0 to 213.75,4,"[0, 0, 0, 0, 0, 0, 0, 0, 0, 1, 0, 1]",0,dMajor,Piano Sonata K283 i G major.mid by Mozart.csv
210,214.0 to 214.75,16,"[0, 0, 0, 0, 0, 0, 1, 1, 0, 0, 0, 0]",3,cMajor,Piano Sonata K283 i G major.mid by Mozart.csv
211,215.0 to 215.75,9,"[0, 0, 0, 0, 1, 0, 0, 1, 0, 0, 0, 0]",0,cMajor,Piano Sonata K283 i G major.mid by Mozart.csv
212,216.0 to 216.75,9,"[1, 0, 0, 0, 1, 0, 0, 1, 0, 0, 0, 0]",0,cMajor,Piano Sonata K283 i G major.mid by Mozart.csv
213,217.0 to 217.5,9,"[0, 0, 0, 0, 1, 0, 0, 1, 0, 0, 0, 0]",0,cMajor,Piano Sonata K283 i G major.mid by Mozart.csv
214,218.0 to 218.5,9,"[1, 0, 0, 0, 1, 0, 0, 1, 0, 0, 0, 0]",0,cMajor,Piano Sonata K283 i G major.mid by Mozart.csv
215,219.0 to 219.5,4,"[0, 0, 1, 0, 0, 1, 0, 0, 0, 0, 0, 1]",1,gMajor,Piano Sonata K283 i G major.mid by Mozart.csv
216,220.0 to 220.5,9,"[0, 0, 0, 0, 0, 1, 0, 1, 0, 0, 0, 0]",1,cMajor,Piano Sonata K283 i G major.mid by Mozart.csv
217,221.0 to 221.75,5,"[0, 0, 1, 0, 0, 1, 0, 1, 0, 0, 0, 1]",6,gMajor,Piano Sonata K283 i G major.mid by Mozart.csv
218,222.0 to 222.75,12,"[0, 0, 2, 0, 0, 0, 0, 0, 0, 0, 0, 1]",8,gMajor,Piano Sonata K283 i G major.mid by Mozart.csv
219,223.0 to 223.5,5,"[0, 0, 1, 0, 0, 0, 0, 1, 0, 0, 0, 0]",6,gMajor,Piano Sonata K283 i G major.mid by Mozart.csv
220,224.0 to 224.75,6,"[0, 0, 1, 0, 0, 1, 0, 1, 0, 0, 0, 0]",1,gMajor,Piano Sonata K283 i G major.mid by Mozart.csv
221,225.0 to 225.5,8,"[1, 0, 0, 0, 2, 0, 0, 1, 0, 0, 0, 0]",9,cMajor,Piano Sonata K283 i G major.mid by Mozart.csv
222,226.0 to 226.5,6,"[0, 1, 1, 0, 1, 1, 0, 0, 0, 0, 0, 0]",1,c#Major,Piano Sonata K283 i G major.mid by Mozart.csv
223,227.0 to 227.75,17,"[0, 0, 0, 0, 0, 1, 0, 0, 0, 1, 0, 0]",1,fMinor,Piano Sonata K283 i G major.mid by Mozart.csv
224,228.0 to 228.75,6,"[0, 0, 1, 0, 0, 1, 0, 0, 0, 1, 0, 0]",1,fMinor,Piano Sonata K283 i G major.mid by Mozart.csv
225,229.0 to 229.5,17,"[0, 0, 0, 0, 0, 1, 0, 0, 0, 1, 0, 0]",1,fMinor,Piano Sonata K283 i G major.mid by Mozart.csv
226,230.0 to 230.875,6,"[0, 0, 1, 0, 0, 1, 0, 0, 0, 1, 0, 0]",1,fMinor,Piano Sonata K283 i G major.mid by Mozart.csv
227,231.0 to 231.5,9,"[0, 1, 0, 0, 1, 0, 0, 1, 0, 0, 0, 0]",0,cMajor,Piano Sonata K283 i G major.mid by Mozart.csv
228,232.0 to 232.5,17,"[0, 0, 0, 0, 0, 0, 0, 1, 0, 1, 0, 0]",0,cMajor,Piano Sonata K283 i G major.mid by Mozart.csv
229,233.0 to 233.875,17,"[0, 1, 0, 0, 1, 0, 0, 1, 0, 1, 0, 0]",0,aMajor,Piano Sonata K283 i G major.mid by Mozart.csv
230,234.0 to 234.75,8,"[0, 1, 0, 0, 2, 0, 0, 0, 0, 0, 0, 0]",0,aMajor,Piano Sonata K283 i G major.mid by Mozart.csv
231,235.0 to 235.5,17,"[0, 0, 0, 0, 1, 0, 0, 0, 0, 1, 0, 0]",0,aMajor,Piano Sonata K283 i G major.mid by Mozart.csv
232,236.0 to 236.75,17,"[0, 0, 0, 0, 1, 0, 0, 1, 0, 1, 0, 0]",0,cMajor,Piano Sonata K283 i G major.mid by Mozart.csv
233,237.0 to 237.5,18,"[0, 0, 1, 0, 0, 2, 0, 0, 0, 1, 0, 0]",1,fMinor,Piano Sonata K283 i G major.mid by Mozart.csv
234,238.0 to 238.5,6,"[0, 0, 1, 0, 1, 1, 0, 1, 0, 0, 0, 0]",1,cMajor,Piano Sonata K283 i G major.mid by Mozart.csv
235,239.0 to 239.75,6,"[0, 0, 1, 0, 0, 1, 0, 0, 0, 0, 0, 0]",1,b-Major,Piano Sonata K283 i G major.mid by Mozart.csv
236,240.0 to 240.5,6,"[1, 0, 1, 0, 0, 1, 0, 0, 0, 0, 1, 0]",1,b-Major,Piano Sonata K283 i G major.mid by Mozart.csv
237,241.0 to 241.75,14,"[0, 0, 1, 0, 0, 0, 0, 0, 0, 0, 2, 0]",8,b-Major,Piano Sonata K283 i G major.mid by Mozart.csv
238,242.0 to 242.75,9,"[1, 0, 0, 0, 1, 0, 0, 0, 0, 0, 1, 0]",0,cMajor,Piano Sonata K283 i G major.mid by Mozart.csv
239,243.0 to 243.75,3,"[1, 0, 0, 0, 0, 1, 0, 0, 1, 0, 0, 0]",0,g#Minor,Piano Sonata K283 i G major.mid by Mozart.csv
240,244.0 to 244.75,2,"[1, 0, 0, 0, 0, 1, 0, 0, 0, 1, 0, 0]",0,fMajor,Piano Sonata K283 i G major.mid by Mozart.csv
241,245.0 to 245.875,2,"[2, 0, 0, 0, 0, 1, 0, 0, 0, 1, 0, 0]",5,fMajor,Piano Sonata K283 i G major.mid by Mozart.csv
242,246.0 to 246.75,17,"[0, 0, 0, 0, 0, 1, 0, 0, 0, 2, 0, 0]",1,fMajor,Piano Sonata K283 i G major.mid by Mozart.csv
243,247.0 to 247.75,2,"[2, 0, 0, 0, 0, 0, 0, 0, 0, 2, 0, 1]",4,fMajor,Piano Sonata K283 i G major.mid by Mozart.csv
244,248.0 to 248.875,2,"[1, 0, 1, 0, 0, 1, 0, 0, 0, 2, 0, 1]",4,fMajor,Piano Sonata K283 i G major.mid by Mozart.csv
245,249.0 to 249.75,16,"[1, 0, 0, 0, 1, 0, 1, 1, 0, 0, 0, 0]",0,cMajor,Piano Sonata K283 i G major.mid by Mozart.csv
246,250.5 to 250.75,0,"[3, 0, 0, 0, 1, 0, 0, 0, 0, 0, 0, 0]",5,cMajor,Piano Sonata K283 i G major.mid by Mozart.csv
247,251.0 to 251.75,6,"[0, 0, 3, 0, 3, 1, 0, 1, 0, 0, 0, 0]",7,cMajor,Piano Sonata K283 i G major.mid by Mozart.csv
248,252.0 to 252.0,18,"[0, 0, 0, 0, 0, 3, 0, 0, 0, 0, 0, 0]",1,c#Major,Piano Sonata K283 i G major.mid by Mozart.csv
249,253.5 to 253.875,12,"[0, 0, 3, 0, 0, 1, 0, 0, 0, 0, 0, 0]",8,b-Major,Piano Sonata K283 i G major.mid by Mozart.csv
250,254.0 to 254.875,18,"[0, 0, 0, 0, 3, 3, 0, 1, 0, 1, 0, 0]",9,fMinor,Piano Sonata K283 i G major.mid by Mozart.csv
251,255.0 to 255.0,10,"[0, 0, 0, 0, 0, 0, 0, 3, 0, 0, 0, 0]",3,cMajor,Piano Sonata K283 i G major.mid by Mozart.csv
252,256.5 to 256.75,8,"[0, 0, 0, 0, 3, 0, 0, 1, 0, 0, 0, 0]",9,cMajor,Piano Sonata K283 i G major.mid by Mozart.csv
253,257.0 to 257.75,18,"[0, 0, 0, 0, 0, 3, 0, 3, 0, 1, 1, 0]",1,e-Major,Piano Sonata K283 i G major.mid by Mozart.csv
254,258.0 to 258.75,17,"[0, 0, 0, 0, 0, 0, 0, 3, 0, 3, 1, 0]",3,e-Major,Piano Sonata K283 i G major.mid by Mozart.csv
255,259.0 to 259.75,18,"[0, 0, 0, 0, 0, 3, 0, 3, 0, 1, 1, 0]",1,e-Major,Piano Sonata K283 i G major.mid by Mozart.csv
256,260.0 to 260.75,2,"[1, 0, 1, 0, 0, 0, 0, 0, 0, 3, 0, 3]",4,gMajor,Piano Sonata K283 i G major.mid by Mozart.csv
257,261.0 to 261.75,15,"[3, 0, 1, 0, 0, 0, 0, 0, 0, 0, 0, 3]",5,gMajor,Piano Sonata K283 i G major.mid by Mozart.csv
258,262.0 to 262.75,2,"[1, 0, 1, 0, 0, 0, 0, 0, 0, 3, 0, 3]",4,gMajor,Piano Sonata K283 i G major.mid by Mozart.csv
259,263.0 to 263.75,0,"[3, 0, 3, 0, 1, 1, 0, 0, 0, 0, 0, 0]",2,cMajor,Piano Sonata K283 i G major.mid by Mozart.csv
260,264.0 to 264.75,6,"[0, 0, 3, 0, 3, 1, 0, 0, 0, 0, 0, 0]",7,b-Major,Piano Sonata K283 i G major.mid by Mozart.csv
261,265.0 to 265.75,0,"[3, 0, 3, 0, 1, 1, 0, 0, 0, 0, 0, 0]",2,cMajor,Piano Sonata K283 i G major.mid by Mozart.csv
262,266.0 to 266.75,16,"[0, 0, 0, 0, 3, 0, 3, 1, 0, 1, 0, 0]",9,cMajor,Piano Sonata K283 i G major.mid by Mozart.csv
263,267.0 to 267.875,10,"[0, 0, 0, 0, 0, 0, 1, 3, 0, 0, 0, 0]",3,e-Major,Piano Sonata K283 i G major.mid by Mozart.csv
264,268.0 to 268.0,10,"[0, 0, 0, 0, 0, 0, 0, 3, 0, 0, 0, 0]",3,cMajor,Piano Sonata K283 i G major.mid by Mozart.csv
265,270.0 to 270.5,10,"[0, 0, 0, 0, 1, 0, 0, 2, 0, 0, 0, 0]",3,cMajor,Piano Sonata K283 i G major.mid by Mozart.csv
266,271.0 to 271.5,10,"[0, 0, 1, 0, 0, 1, 0, 2, 0, 0, 0, 0]",1,gMajor,Piano Sonata K283 i G major.mid by Mozart.csv
267,272.0 to 272.5,9,"[1, 0, 0, 0, 1, 1, 0, 1, 0, 0, 0, 0]",0,cMajor,Piano Sonata K283 i G major.mid by Mozart.csv
268,273.0 to 273.5,5,"[0, 0, 1, 0, 1, 0, 0, 1, 0, 0, 0, 1]",6,gMajor,Piano Sonata K283 i G major.mid by Mozart.csv
269,274.0 to 274.5,2,"[1, 0, 1, 0, 0, 0, 0, 1, 0, 1, 0, 0]",0,dMajor,Piano Sonata K283 i G major.mid by Mozart.csv
270,275.0 to 275.5,1,"[1, 0, 0, 0, 0, 0, 0, 2, 0, 0, 0, 1]",3,cMajor,Piano Sonata K283 i G major.mid by Mozart.csv
271,276.0 to 276.5,2,"[1, 0, 1, 0, 0, 0, 0, 1, 0, 1, 0, 0]",0,dMajor,Piano Sonata K283 i G major.mid by Mozart.csv
272,277.0 to 277.5,5,"[0, 0, 1, 0, 1, 0, 0, 1, 0, 0, 0, 1]",6,gMajor,Piano Sonata K283 i G major.mid by Mozart.csv
273,278.0 to 278.5,9,"[1, 0, 0, 0, 1, 1, 0, 1, 0, 0, 0, 0]",0,cMajor,Piano Sonata K283 i G major.mid by Mozart.csv
274,279.0 to 279.75,10,"[0, 0, 1, 0, 0, 1, 0, 2, 0, 0, 0, 0]",1,gMajor,Piano Sonata K283 i G major.mid by Mozart.csv
275,280.0 to 280.5,5,"[0, 0, 1, 0, 0, 0, 0, 1, 0, 0, 0, 1]",6,gMajor,Piano Sonata K283 i G major.mid by Mozart.csv
276,281.0 to 281.5,10,"[0, 0, 0, 0, 0, 0, 0, 2, 0, 0, 0, 0]",3,cMajor,Piano Sonata K283 i G major.mid by Mozart.csv
277,282.0 to 282.75,10,"[0, 0, 0, 0, 1, 0, 0, 2, 0, 1, 0, 0]",3,gMinor,Piano Sonata K283 i G major.mid by Mozart.csv
278,283.0 to 283.75,10,"[0, 0, 1, 0, 0, 1, 0, 2, 0, 0, 0, 0]",1,gMajor,Piano Sonata K283 i G major.mid by Mozart.csv
279,284.0 to 284.75,9,"[1, 0, 0, 0, 1, 1, 0, 1, 0, 0, 0, 0]",0,cMajor,Piano Sonata K283 i G major.mid by Mozart.csv
280,285.0 to 285.75,5,"[0, 0, 1, 0, 1, 0, 0, 1, 0, 0, 0, 1]",6,gMajor,Piano Sonata K283 i G major.mid by Mozart.csv
281,286.0 to 286.75,2,"[1, 0, 1, 0, 0, 0, 0, 1, 0, 1, 0, 0]",0,dMajor,Piano Sonata K283 i G major.mid by Mozart.csv
282,287.0 to 287.75,1,"[0, 0, 1, 0, 0, 0, 0, 2, 0, 0, 0, 1]",6,gMajor,Piano Sonata K283 i G major.mid by Mozart.csv
283,288.0 to 288.75,9,"[1, 0, 1, 0, 1, 0, 0, 1, 0, 1, 0, 0]",0,cMajor,Piano Sonata K283 i G major.mid by Mozart.csv
284,289.0 to 289.75,5,"[0, 0, 1, 0, 1, 1, 0, 1, 0, 0, 0, 1]",6,gMinor,Piano Sonata K283 i G major.mid by Mozart.csv
285,290.0 to 290.75,10,"[1, 0, 0, 0, 1, 1, 0, 2, 0, 0, 0, 0]",3,cMajor,Piano Sonata K283 i G major.mid by Mozart.csv
286,291.0 to 291.75,10,"[0, 0, 1, 0, 0, 1, 0, 2, 0, 0, 0, 0]",1,gMajor,Piano Sonata K283 i G major.mid by Mozart.csv
287,292.0 to 292.75,5,"[0, 0, 1, 0, 0, 0, 0, 1, 0, 0, 0, 1]",6,gMajor,Piano Sonata K283 i G major.mid by Mozart.csv
288,293.0 to 293.75,5,"[0, 0, 1, 0, 1, 1, 0, 1, 0, 0, 0, 1]",6,gMinor,Piano Sonata K283 i G major.mid by Mozart.csv
289,294.0 to 294.5,0,"[3, 0, 0, 0, 0, 0, 0, 0, 0, 0, 0, 0]",5,cMajor,Piano Sonata K283 i G major.mid by Mozart.csv
290,295.0 to 295.5,4,"[1, 0, 0, 0, 0, 0, 0, 0, 0, 0, 0, 1]",0,gMajor,Piano Sonata K283 i G major.mid by Mozart.csv
291,296.0 to 296.5,15,"[2, 0, 1, 0, 1, 1, 0, 0, 0, 0, 0, 1]",5,cMajor,Piano Sonata K283 i G major.mid by Mozart.csv
292,297.0 to 297.5,0,"[2, 0, 0, 0, 0, 0, 0, 0, 0, 0, 0, 0]",5,cMajor,Piano Sonata K283 i G major.mid by Mozart.csv
293,298.0 to 298.5,4,"[1, 0, 0, 0, 0, 0, 0, 0, 0, 0, 0, 1]",0,gMajor,Piano Sonata K283 i G major.mid by Mozart.csv
294,299.0 to 299.5,15,"[1, 0, 0, 0, 1, 1, 0, 1, 0, 1, 0, 1]",0,cMajor,Piano Sonata K283 i G major.mid by Mozart.csv
295,300.0 to 300.5,0,"[2, 0, 0, 0, 0, 0, 0, 0, 0, 0, 0, 0]",5,cMajor,Piano Sonata K283 i G major.mid by Mozart.csv
296,301.0 to 301.5,4,"[1, 0, 0, 0, 0, 0, 0, 0, 0, 0, 0, 1]",0,gMajor,Piano Sonata K283 i G major.mid by Mozart.csv
297,302.0 to 302.5,1,"[1, 0, 0, 0, 0, 0, 1, 2, 0, 1, 0, 1]",3,cMajor,Piano Sonata K283 i G major.mid by Mozart.csv
298,303.0 to 303.5,18,"[0, 0, 0, 0, 1, 2, 0, 1, 0, 1, 1, 0]",1,fMajor,Piano Sonata K283 i G major.mid by Mozart.csv
299,304.0 to 304.5,5,"[1, 0, 1, 1, 0, 0, 1, 1, 0, 0, 0, 1]",6,gMajor,Piano Sonata K283 i G major.mid by Mozart.csv
300,305.0 to 305.5,2,"[1, 1, 0, 0, 1, 1, 0, 0, 0, 1, 1, 0]",0,fMajor,Piano Sonata K283 i G major.mid by Mozart.csv
301,306.0 to 306.75,1,"[0, 0, 1, 0, 0, 1, 0, 2, 0, 0, 0, 1]",6,gMajor,Piano Sonata K283 i G major.mid by Mozart.csv
302,307.0 to 307.75,16,"[0, 0, 0, 0, 0, 0, 1, 1, 0, 1, 0, 0]",3,dMajor,Piano Sonata K283 i G major.mid by Mozart.csv
303,308.0 to 308.75,19,"[0, 0, 2, 0, 0, 2, 0, 2, 0, 0, 0, 1]",6,gMajor,Piano Sonata K283 i G major.mid by Mozart.csv
304,309.0 to 309.75,13,"[2, 0, 0, 0, 2, 0, 0, 3, 0, 0, 0, 0]",9,cMajor,Piano Sonata K283 i G major.mid by Mozart.csv
305,310.0 to 310.75,16,"[0, 0, 0, 0, 0, 0, 1, 1, 0, 1, 0, 0]",3,dMajor,Piano Sonata K283 i G major.mid by Mozart.csv
306,311.0 to 311.75,13,"[2, 0, 0, 0, 2, 0, 0, 3, 0, 0, 0, 0]",9,cMajor,Piano Sonata K283 i G major.mid by Mozart.csv
307,312.0 to 312.75,18,"[0, 0, 2, 0, 0, 2, 0, 0, 0, 3, 0, 0]",4,fMinor,Piano Sonata K283 i G major.mid by Mozart.csv
308,313.0 to 313.75,13,"[1, 0, 0, 0, 2, 1, 0, 2, 0, 1, 0, 0]",9,cMajor,Piano Sonata K283 i G major.mid by Mozart.csv
309,314.0 to 314.75,19,"[1, 0, 2, 0, 1, 1, 0, 1, 0, 0, 0, 1]",6,gMajor,Piano Sonata K283 i G major.mid by Mozart.csv
310,315.0 to 315.5,0,"[2, 0, 0, 0, 1, 0, 0, 0, 0, 0, 0, 0]",5,cMajor,Piano Sonata K283 i G major.mid by Mozart.csv
311,316.0 to 316.5,4,"[1, 0, 0, 0, 0, 0, 0, 0, 0, 0, 0, 1]",0,gMajor,Piano Sonata K283 i G major.mid by Mozart.csv
312,317.0 to 317.5,1,"[1, 0, 0, 0, 0, 0, 1, 2, 0, 1, 0, 1]",3,cMajor,Piano Sonata K283 i G major.mid by Mozart.csv
313,318.0 to 318.5,18,"[0, 0, 0, 0, 1, 2, 0, 1, 0, 1, 1, 0]",1,fMajor,Piano Sonata K283 i G major.mid by Mozart.csv
314,319.0 to 319.5,5,"[1, 0, 1, 1, 0, 0, 1, 1, 0, 0, 0, 1]",6,gMajor,Piano Sonata K283 i G major.mid by Mozart.csv
315,320.0 to 320.5,2,"[1, 1, 0, 0, 1, 1, 0, 0, 0, 1, 1, 0]",0,fMajor,Piano Sonata K283 i G major.mid by Mozart.csv
316,321.0 to 321.75,1,"[0, 0, 1, 0, 0, 1, 0, 2, 0, 0, 0, 1]",6,gMajor,Piano Sonata K283 i G major.mid by Mozart.csv
317,322.0 to 322.75,1,"[0, 0, 1, 0, 0, 0, 1, 2, 0, 1, 0, 1]",3,gMajor,Piano Sonata K283 i G major.mid by Mozart.csv
318,323.0 to 323.75,19,"[0, 0, 2, 0, 0, 2, 0, 2, 0, 0, 0, 1]",6,gMajor,Piano Sonata K283 i G major.mid by Mozart.csv
319,324.0 to 324.75,13,"[2, 0, 0, 0, 2, 0, 0, 3, 0, 0, 0, 0]",9,cMajor,Piano Sonata K283 i G major.mid by Mozart.csv
320,325.0 to 325.75,16,"[1, 0, 0, 0, 1, 0, 1, 2, 0, 1, 0, 0]",3,cMajor,Piano Sonata K283 i G major.mid by Mozart.csv
321,326.0 to 326.875,13,"[2, 0, 0, 0, 2, 0, 0, 3, 0, 0, 0, 0]",9,cMajor,Piano Sonata K283 i G major.mid by Mozart.csv
322,327.0 to 327.75,18,"[1, 0, 1, 0, 0, 2, 0, 0, 0, 3, 0, 0]",4,fMajor,Piano Sonata K283 i G major.mid by Mozart.csv
323,328.0 to 328.75,13,"[1, 0, 0, 0, 2, 1, 0, 2, 0, 1, 0, 0]",9,cMajor,Piano Sonata K283 i G major.mid by Mozart.csv
324,329.0 to 329.75,19,"[1, 0, 2, 0, 1, 1, 0, 1, 0, 0, 0, 1]",6,gMajor,Piano Sonata K283 i G major.mid by Mozart.csv
325,330.0 to 330.75,0,"[2, 0, 0, 0, 2, 0, 0, 0, 0, 0, 0, 0]",5,cMajor,Piano Sonata K283 i G major.mid by Mozart.csv
326,331.0 to 331.75,1,"[0, 0, 1, 0, 1, 1, 0, 2, 0, 0, 0, 1]",6,gMajor,Piano Sonata K283 i G major.mid by Mozart.csv
327,332.0 to 332.875,15,"[1, 0, 1, 0, 1, 1, 0, 1, 0, 1, 0, 1]",6,gMajor,Piano Sonata K283 i G major.mid by Mozart.csv
328,333.0 to 333.75,8,"[1, 0, 0, 0, 2, 0, 0, 0, 0, 0, 0, 0]",0,cMajor,Piano Sonata K283 i G major.mid by Mozart.csv
329,334.0 to 334.75,1,"[0, 0, 1, 0, 1, 1, 0, 2, 0, 0, 0, 1]",6,gMajor,Piano Sonata K283 i G major.mid by Mozart.csv
330,335.0 to 335.875,15,"[1, 0, 1, 0, 1, 1, 0, 1, 0, 1, 0, 1]",6,gMajor,Piano Sonata K283 i G major.mid by Mozart.csv
331,336.0 to 336.5,2,"[1, 0, 0, 0, 1, 0, 0, 0, 0, 1, 0, 0]",0,cMinor,Piano Sonata K283 i G major.mid by Mozart.csv
332,337.0 to 337.5,5,"[0, 0, 1, 0, 0, 0, 0, 1, 0, 1, 0, 1]",6,gMajor,Piano Sonata K283 i G major.mid by Mozart.csv
333,338.0 to 338.5,2,"[1, 0, 0, 0, 0, 1, 0, 1, 0, 1, 0, 0]",0,fMajor,Piano Sonata K283 i G major.mid by Mozart.csv
334,339.0 to 339.5,5,"[0, 0, 0, 0, 1, 1, 0, 1, 0, 0, 0, 1]",1,gMinor,Piano Sonata K283 i G major.mid by Mozart.csv
335,340.0 to 340.5,6,"[0, 0, 1, 0, 1, 1, 0, 0, 0, 1, 0, 0]",1,fMinor,Piano Sonata K283 i G major.mid by Mozart.csv
336,341.0 to 341.5,9,"[1, 0, 1, 0, 1, 0, 0, 1, 0, 0, 0, 0]",0,cMajor,Piano Sonata K283 i G major.mid by Mozart.csv
337,342.0 to 342.5,6,"[0, 1, 1, 0, 0, 1, 0, 0, 0, 0, 0, 0]",1,c#Major,Piano Sonata K283 i G major.mid by Mozart.csv
338,343.0 to 343.5,6,"[0, 0, 2, 0, 0, 1, 0, 0, 0, 0, 0, 0]",8,b-Major,Piano Sonata K283 i G major.mid by Mozart.csv
339,344.0 to 344.5,15,"[1, 0, 1, 0, 1, 0, 0, 1, 0, 0, 0, 1]",6,cMajor,Piano Sonata K283 i G major.mid by Mozart.csv
340,345.0 to 345.75,16,"[1, 0, 0, 0, 1, 0, 1, 1, 0, 1, 0, 0]",0,cMajor,Piano Sonata K283 i G major.mid by Mozart.csv
341,346.0 to 346.75,5,"[0, 0, 1, 0, 0, 0, 1, 1, 0, 1, 0, 1]",6,dMajor,Piano Sonata K283 i G major.mid by Mozart.csv
342,347.0 to 347.75,2,"[1, 0, 1, 0, 1, 1, 0, 0, 0, 1, 0, 0]",0,cMinor,Piano Sonata K283 i G major.mid by Mozart.csv
343,348.0 to 348.75,5,"[0, 0, 0, 1, 1, 1, 0, 1, 0, 0, 0, 1]",1,gMinor,Piano Sonata K283 i G major.mid by Mozart.csv
344,349.0 to 349.75,4,"[0, 1, 1, 0, 0, 1, 0, 0, 0, 1, 0, 1]",8,fMinor,Piano Sonata K283 i G major.mid by Mozart.csv
345,350.0 to 350.75,15,"[1, 0, 1, 0, 1, 0, 0, 1, 0, 0, 0, 1]",6,cMajor,Piano Sonata K283 i G major.mid by Mozart.csv
346,351.0 to 351.75,18,"[1, 0, 0, 0, 0, 2, 0, 0, 0, 1, 0, 0]",1,fMajor,Piano Sonata K283 i G major.mid by Mozart.csv
347,352.0 to 352.75,10,"[1, 0, 0, 0, 1, 0, 0, 2, 0, 0, 0, 0]",3,cMajor,Piano Sonata K283 i G major.mid by Mozart.csv
348,353.0 to 353.75,5,"[0, 0, 1, 0, 0, 1, 0, 1, 0, 0, 0, 1]",6,gMajor,Piano Sonata K283 i G major.mid by Mozart.csv
349,354.0 to 354.75,0,"[3, 0, 0, 0, 0, 0, 0, 0, 0, 0, 0, 1]",5,cMajor,Piano Sonata K283 i G major.mid by Mozart.csv
350,355.0 to 355.75,15,"[2, 0, 0, 0, 1, 0, 0, 1, 0, 0, 1, 1]",5,cMajor,Piano Sonata K283 i G major.mid by Mozart.csv
351,356.0 to 356.75,15,"[3, 0, 1, 0, 0, 1, 0, 0, 0, 1, 0, 2]",5,fMajor,Piano Sonata K283 i G major.mid by Mozart.csv
352,357.0 to 357.75,0,"[3, 0, 0, 0, 1, 0, 0, 0, 0, 0, 0, 1]",5,cMajor,Piano Sonata K283 i G major.mid by Mozart.csv
353,358.0 to 358.75,15,"[2, 0, 0, 0, 1, 0, 0, 1, 0, 0, 1, 1]",5,cMajor,Piano Sonata K283 i G major.mid by Mozart.csv
354,359.0 to 359.75,15,"[2, 0, 1, 0, 0, 1, 0, 0, 0, 1, 0, 2]",5,fMajor,Piano Sonata K283 i G major.mid by Mozart.csv
355,360.0 to 360.0,0,"[2, 0, 0, 0, 1, 0, 0, 1, 0, 0, 0, 0]",5,cMajor,Piano Sonata K283 i G major.mid by Mozart.csv
