index,offsetRange,CentroidLabelIndex_entireUnits,"[C,C#,D,E-,E,F,F#,G,G#,A,B-,B]",CentroidLabelIndex_individualUnit,triadLabel,filename
0,0.0 to 0.75,0,"[3, 0, 0, 0, 1, 0, 0, 1, 0, 0, 0, 1]",3,cMajor,Piano Sonata K279 i C major.mid by Mozart.csv
1,1.0 to 1.75,0,"[2, 0, 0, 0, 0, 0, 0, 0, 0, 0, 0, 1]",3,cMajor,Piano Sonata K279 i C major.mid by Mozart.csv
2,2.0 to 2.75,9,"[1, 0, 1, 0, 1, 0, 0, 0, 0, 0, 0, 0]",2,cMajor,Piano Sonata K279 i C major.mid by Mozart.csv
3,3.0 to 3.75,9,"[0, 0, 0, 0, 1, 1, 0, 1, 0, 0, 0, 0]",1,cMajor,Piano Sonata K279 i C major.mid by Mozart.csv
4,4.0 to 4.0,18,"[0, 0, 1, 0, 0, 3, 0, 0, 0, 2, 0, 0]",9,fMinor,Piano Sonata K279 i C major.mid by Mozart.csv
5,5.0 to 5.75,6,"[0, 0, 1, 0, 1, 1, 0, 1, 0, 0, 0, 0]",1,cMajor,Piano Sonata K279 i C major.mid by Mozart.csv
6,6.0 to 6.875,8,"[1, 0, 1, 0, 2, 0, 0, 0, 0, 0, 0, 1]",5,cMajor,Piano Sonata K279 i C major.mid by Mozart.csv
7,7.0 to 7.875,6,"[0, 0, 1, 0, 0, 2, 0, 1, 0, 0, 0, 1]",1,gMajor,Piano Sonata K279 i C major.mid by Mozart.csv
8,8.0 to 8.75,0,"[3, 0, 0, 0, 1, 0, 0, 1, 0, 0, 0, 1]",3,cMajor,Piano Sonata K279 i C major.mid by Mozart.csv
9,9.0 to 9.75,0,"[2, 0, 0, 0, 0, 0, 0, 0, 0, 0, 0, 1]",3,cMajor,Piano Sonata K279 i C major.mid by Mozart.csv
10,10.0 to 10.75,9,"[1, 0, 1, 0, 1, 0, 0, 0, 0, 0, 0, 0]",2,cMajor,Piano Sonata K279 i C major.mid by Mozart.csv
11,11.0 to 11.75,9,"[0, 0, 0, 0, 1, 1, 0, 1, 0, 0, 0, 0]",1,cMajor,Piano Sonata K279 i C major.mid by Mozart.csv
12,12.0 to 12.0,18,"[0, 0, 1, 0, 0, 3, 0, 0, 0, 2, 0, 0]",9,fMinor,Piano Sonata K279 i C major.mid by Mozart.csv
13,13.0 to 13.75,6,"[0, 0, 1, 0, 1, 1, 0, 1, 0, 0, 0, 0]",1,cMajor,Piano Sonata K279 i C major.mid by Mozart.csv
14,14.0 to 14.875,8,"[1, 0, 1, 0, 2, 0, 0, 0, 0, 0, 0, 1]",5,cMajor,Piano Sonata K279 i C major.mid by Mozart.csv
15,15.0 to 15.875,6,"[0, 0, 1, 0, 0, 2, 0, 1, 0, 0, 0, 1]",1,gMajor,Piano Sonata K279 i C major.mid by Mozart.csv
16,16.0 to 16.875,15,"[2, 0, 1, 0, 1, 0, 0, 1, 0, 0, 0, 1]",3,cMajor,Piano Sonata K279 i C major.mid by Mozart.csv
17,17.0 to 17.75,13,"[2, 0, 0, 0, 2, 0, 0, 1, 0, 0, 0, 1]",3,cMajor,Piano Sonata K279 i C major.mid by Mozart.csv
18,18.0 to 18.75,5,"[0, 1, 1, 0, 0, 0, 0, 1, 0, 0, 0, 1]",6,gMajor,Piano Sonata K279 i C major.mid by Mozart.csv
19,19.0 to 19.75,19,"[0, 0, 2, 0, 0, 0, 0, 1, 0, 0, 0, 1]",6,gMajor,Piano Sonata K279 i C major.mid by Mozart.csv
20,20.0 to 20.875,19,"[0, 1, 2, 0, 1, 0, 0, 1, 0, 0, 0, 1]",6,gMajor,Piano Sonata K279 i C major.mid by Mozart.csv
21,21.0 to 21.75,19,"[0, 1, 2, 0, 0, 1, 0, 1, 0, 0, 0, 1]",6,gMajor,Piano Sonata K279 i C major.mid by Mozart.csv
22,22.0 to 22.75,9,"[1, 0, 0, 1, 1, 0, 0, 1, 0, 0, 0, 0]",7,cMajor,Piano Sonata K279 i C major.mid by Mozart.csv
23,23.0 to 23.75,8,"[1, 0, 0, 0, 2, 0, 0, 1, 0, 0, 0, 0]",7,cMajor,Piano Sonata K279 i C major.mid by Mozart.csv
24,24.0 to 24.875,16,"[1, 0, 0, 0, 1, 0, 1, 2, 0, 1, 0, 0]",7,cMajor,Piano Sonata K279 i C major.mid by Mozart.csv
25,25.0 to 25.875,0,"[2, 0, 0, 0, 1, 0, 0, 1, 0, 0, 1, 0]",3,cMajor,Piano Sonata K279 i C major.mid by Mozart.csv
26,26.0 to 26.75,3,"[1, 0, 0, 0, 0, 1, 0, 0, 1, 1, 0, 0]",4,fMajor,Piano Sonata K279 i C major.mid by Mozart.csv
27,27.0 to 27.75,2,"[1, 0, 0, 0, 0, 1, 0, 0, 0, 2, 0, 0]",4,fMajor,Piano Sonata K279 i C major.mid by Mozart.csv
28,28.0 to 28.75,2,"[2, 0, 0, 0, 0, 1, 0, 0, 0, 1, 0, 0]",4,fMajor,Piano Sonata K279 i C major.mid by Mozart.csv
29,29.0 to 29.75,18,"[1, 0, 0, 0, 0, 2, 0, 1, 0, 2, 0, 1]",4,fMajor,Piano Sonata K279 i C major.mid by Mozart.csv
30,30.0 to 30.75,16,"[1, 0, 0, 0, 1, 0, 1, 1, 0, 0, 0, 0]",7,cMajor,Piano Sonata K279 i C major.mid by Mozart.csv
31,31.0 to 31.75,10,"[1, 0, 0, 0, 1, 0, 0, 2, 0, 0, 0, 0]",7,cMajor,Piano Sonata K279 i C major.mid by Mozart.csv
32,32.0 to 32.75,8,"[1, 0, 0, 0, 2, 0, 0, 1, 0, 0, 0, 0]",7,cMajor,Piano Sonata K279 i C major.mid by Mozart.csv
33,33.0 to 33.75,10,"[1, 0, 0, 0, 1, 0, 0, 2, 0, 0, 0, 0]",7,cMajor,Piano Sonata K279 i C major.mid by Mozart.csv
34,34.0 to 34.75,18,"[1, 0, 0, 0, 0, 2, 0, 0, 0, 1, 0, 0]",9,fMajor,Piano Sonata K279 i C major.mid by Mozart.csv
35,35.0 to 35.75,2,"[1, 0, 0, 0, 0, 1, 0, 0, 0, 2, 0, 0]",4,fMajor,Piano Sonata K279 i C major.mid by Mozart.csv
36,36.0 to 36.875,10,"[1, 0, 0, 0, 0, 1, 0, 2, 0, 0, 0, 0]",7,cMajor,Piano Sonata K279 i C major.mid by Mozart.csv
37,37.0 to 37.875,19,"[0, 0, 2, 0, 1, 1, 0, 1, 0, 0, 0, 1]",1,gMajor,Piano Sonata K279 i C major.mid by Mozart.csv
38,38.0 to 38.0,3,"[0, 0, 1, 0, 0, 1, 0, 0, 1, 0, 0, 0]",9,c#Major,Piano Sonata K279 i C major.mid by Mozart.csv
39,39.0 to 39.0,2,"[1, 0, 0, 0, 1, 0, 0, 0, 0, 1, 0, 0]",2,cMinor,Piano Sonata K279 i C major.mid by Mozart.csv
40,40.0 to 40.75,8,"[1, 0, 0, 0, 2, 0, 0, 1, 0, 0, 0, 0]",7,cMajor,Piano Sonata K279 i C major.mid by Mozart.csv
41,41.0 to 41.75,10,"[1, 0, 0, 0, 1, 0, 0, 2, 0, 0, 0, 0]",7,cMajor,Piano Sonata K279 i C major.mid by Mozart.csv
42,42.0 to 42.75,18,"[0, 0, 1, 0, 0, 2, 0, 0, 0, 1, 0, 0]",9,fMinor,Piano Sonata K279 i C major.mid by Mozart.csv
43,43.0 to 43.75,2,"[1, 0, 0, 0, 0, 1, 0, 0, 0, 2, 0, 0]",4,fMajor,Piano Sonata K279 i C major.mid by Mozart.csv
44,44.0 to 44.875,10,"[1, 0, 0, 0, 1, 1, 0, 2, 0, 0, 0, 0]",7,cMajor,Piano Sonata K279 i C major.mid by Mozart.csv
45,45.0 to 45.875,5,"[1, 0, 1, 0, 0, 1, 0, 1, 0, 0, 0, 2]",6,gMajor,Piano Sonata K279 i C major.mid by Mozart.csv
46,46.0 to 46.75,0,"[2, 0, 0, 0, 1, 0, 0, 0, 0, 0, 0, 1]",3,cMinor,Piano Sonata K279 i C major.mid by Mozart.csv
47,47.0 to 47.75,15,"[1, 0, 0, 0, 1, 0, 0, 1, 0, 0, 1, 1]",7,cMajor,Piano Sonata K279 i C major.mid by Mozart.csv
48,48.0 to 48.5,9,"[1, 0, 0, 0, 1, 1, 0, 1, 0, 1, 1, 0]",7,cMajor,Piano Sonata K279 i C major.mid by Mozart.csv
49,49.0 to 49.875,2,"[1, 0, 1, 0, 0, 1, 0, 0, 0, 1, 0, 1]",4,fMajor,Piano Sonata K279 i C major.mid by Mozart.csv
50,50.0 to 50.75,0,"[2, 0, 0, 0, 1, 0, 0, 0, 0, 0, 0, 1]",3,cMinor,Piano Sonata K279 i C major.mid by Mozart.csv
51,51.0 to 51.75,15,"[1, 0, 0, 0, 1, 0, 0, 1, 0, 0, 1, 1]",7,cMajor,Piano Sonata K279 i C major.mid by Mozart.csv
52,52.0 to 52.5,9,"[1, 0, 0, 0, 1, 1, 0, 1, 0, 1, 1, 0]",7,cMajor,Piano Sonata K279 i C major.mid by Mozart.csv
53,53.0 to 53.875,2,"[1, 0, 1, 0, 0, 1, 0, 0, 0, 1, 0, 1]",4,fMajor,Piano Sonata K279 i C major.mid by Mozart.csv
54,54.0 to 54.875,15,"[1, 0, 1, 0, 2, 0, 0, 1, 0, 0, 0, 1]",5,cMajor,Piano Sonata K279 i C major.mid by Mozart.csv
55,55.0 to 55.875,15,"[1, 0, 1, 0, 1, 1, 0, 1, 0, 0, 0, 1]",1,cMajor,Piano Sonata K279 i C major.mid by Mozart.csv
56,56.0 to 56.875,10,"[1, 0, 1, 0, 1, 1, 0, 2, 0, 0, 0, 0]",1,cMajor,Piano Sonata K279 i C major.mid by Mozart.csv
57,57.0 to 57.875,10,"[0, 0, 1, 0, 1, 1, 0, 2, 0, 1, 0, 0]",1,cMajor,Piano Sonata K279 i C major.mid by Mozart.csv
58,58.0 to 58.75,8,"[1, 0, 0, 0, 2, 0, 0, 1, 0, 0, 0, 1]",5,gMinor,Piano Sonata K279 i C major.mid by Mozart.csv
59,59.0 to 59.875,18,"[1, 0, 1, 0, 0, 2, 0, 1, 0, 1, 0, 0]",9,fMajor,Piano Sonata K279 i C major.mid by Mozart.csv
60,60.0 to 60.5,15,"[1, 0, 1, 0, 1, 1, 0, 1, 0, 0, 0, 1]",1,cMajor,Piano Sonata K279 i C major.mid by Mozart.csv
61,62.0 to 62.125,9,"[0, 0, 0, 1, 1, 0, 0, 0, 0, 0, 0, 0]",2,cMajor,Piano Sonata K279 i C major.mid by Mozart.csv
62,63.125 to 63.25,9,"[0, 0, 0, 1, 1, 0, 0, 0, 0, 0, 0, 0]",2,cMajor,Piano Sonata K279 i C major.mid by Mozart.csv
63,64.0 to 64.75,4,"[0, 0, 1, 0, 1, 0, 0, 0, 2, 0, 0, 3]",5,eMajor,Piano Sonata K279 i C major.mid by Mozart.csv
64,65.0 to 65.75,8,"[0, 0, 0, 0, 2, 0, 0, 0, 1, 0, 0, 2]",5,eMajor,Piano Sonata K279 i C major.mid by Mozart.csv
65,66.0 to 66.875,4,"[0, 0, 0, 0, 1, 0, 0, 0, 1, 1, 0, 1]",2,eMajor,Piano Sonata K279 i C major.mid by Mozart.csv
66,67.125 to 67.625,8,"[0, 0, 1, 0, 2, 1, 0, 0, 1, 0, 0, 0]",5,eMinor,Piano Sonata K279 i C major.mid by Mozart.csv
67,68.0 to 68.75,2,"[1, 0, 1, 0, 0, 0, 0, 0, 0, 2, 0, 1]",4,dMajor,Piano Sonata K279 i C major.mid by Mozart.csv
68,69.0 to 69.75,4,"[1, 0, 1, 0, 0, 0, 0, 0, 0, 0, 0, 1]",6,gMajor,Piano Sonata K279 i C major.mid by Mozart.csv
69,70.0 to 70.125,4,"[1, 0, 0, 0, 0, 0, 0, 0, 0, 0, 0, 1]",4,gMajor,Piano Sonata K279 i C major.mid by Mozart.csv
70,71.125 to 71.25,4,"[1, 0, 0, 0, 0, 0, 0, 0, 0, 0, 0, 1]",4,gMajor,Piano Sonata K279 i C major.mid by Mozart.csv
71,72.0 to 72.75,7,"[1, 0, 1, 0, 0, 0, 2, 0, 0, 3, 0, 0]",8,dMajor,Piano Sonata K279 i C major.mid by Mozart.csv
72,73.0 to 73.75,7,"[0, 0, 2, 0, 0, 0, 1, 0, 0, 2, 0, 0]",8,dMajor,Piano Sonata K279 i C major.mid by Mozart.csv
73,74.0 to 74.875,16,"[0, 0, 1, 0, 0, 0, 1, 1, 0, 1, 0, 0]",8,dMajor,Piano Sonata K279 i C major.mid by Mozart.csv
74,75.125 to 75.625,12,"[1, 0, 2, 0, 1, 0, 1, 0, 0, 0, 0, 0]",2,dMajor,Piano Sonata K279 i C major.mid by Mozart.csv
75,76.0 to 76.75,1,"[0, 0, 0, 0, 0, 0, 1, 2, 0, 0, 0, 1]",0,gMajor,Piano Sonata K279 i C major.mid by Mozart.csv
76,77.0 to 77.875,5,"[0, 0, 1, 0, 0, 0, 1, 1, 0, 0, 0, 1]",6,gMajor,Piano Sonata K279 i C major.mid by Mozart.csv
77,78.0 to 78.75,16,"[1, 0, 0, 0, 1, 0, 2, 1, 0, 0, 0, 0]",7,cMajor,Piano Sonata K279 i C major.mid by Mozart.csv
78,79.0 to 79.75,16,"[1, 0, 0, 0, 1, 0, 2, 2, 0, 0, 0, 0]",7,cMajor,Piano Sonata K279 i C major.mid by Mozart.csv
79,80.0 to 80.75,5,"[0, 0, 1, 0, 0, 0, 1, 1, 0, 0, 0, 1]",6,gMajor,Piano Sonata K279 i C major.mid by Mozart.csv
80,81.0 to 81.75,5,"[0, 0, 1, 0, 0, 0, 1, 1, 0, 0, 0, 2]",6,gMajor,Piano Sonata K279 i C major.mid by Mozart.csv
81,82.0 to 82.75,16,"[1, 0, 0, 0, 1, 0, 2, 1, 0, 0, 0, 0]",7,cMajor,Piano Sonata K279 i C major.mid by Mozart.csv
82,83.0 to 83.75,16,"[1, 0, 0, 0, 1, 0, 2, 2, 0, 0, 0, 0]",7,cMajor,Piano Sonata K279 i C major.mid by Mozart.csv
83,84.0 to 84.75,4,"[0, 0, 1, 0, 0, 0, 0, 0, 0, 1, 0, 2]",6,gMajor,Piano Sonata K279 i C major.mid by Mozart.csv
84,85.0 to 85.875,16,"[0, 0, 1, 0, 1, 0, 1, 1, 1, 0, 0, 0]",2,cMajor,Piano Sonata K279 i C major.mid by Mozart.csv
85,86.0 to 86.75,2,"[1, 0, 1, 0, 0, 0, 0, 1, 0, 2, 0, 0]",8,cMinor,Piano Sonata K279 i C major.mid by Mozart.csv
86,87.0 to 87.875,16,"[1, 0, 1, 0, 1, 0, 2, 0, 0, 0, 0, 0]",2,dMajor,Piano Sonata K279 i C major.mid by Mozart.csv
87,88.0 to 88.75,1,"[1, 0, 0, 0, 0, 0, 1, 2, 0, 0, 0, 1]",0,gMajor,Piano Sonata K279 i C major.mid by Mozart.csv
88,89.0 to 89.875,8,"[1, 0, 1, 0, 2, 0, 0, 0, 0, 0, 0, 1]",5,cMajor,Piano Sonata K279 i C major.mid by Mozart.csv
89,90.0 to 90.75,15,"[1, 0, 1, 0, 1, 0, 0, 0, 0, 1, 0, 1]",2,cMinor,Piano Sonata K279 i C major.mid by Mozart.csv
90,91.0 to 91.875,5,"[1, 1, 0, 0, 0, 0, 0, 1, 0, 1, 0, 1]",4,fMajor,Piano Sonata K279 i C major.mid by Mozart.csv
91,92.0 to 92.75,12,"[0, 0, 2, 0, 0, 0, 1, 0, 0, 1, 0, 1]",6,dMajor,Piano Sonata K279 i C major.mid by Mozart.csv
92,93.0 to 93.875,16,"[0, 0, 1, 0, 1, 0, 1, 1, 1, 0, 0, 0]",2,cMajor,Piano Sonata K279 i C major.mid by Mozart.csv
93,94.0 to 94.75,17,"[0, 1, 1, 0, 0, 0, 0, 1, 0, 2, 0, 0]",8,aMajor,Piano Sonata K279 i C major.mid by Mozart.csv
94,95.0 to 95.875,16,"[1, 0, 1, 0, 1, 0, 2, 0, 0, 0, 0, 0]",2,dMajor,Piano Sonata K279 i C major.mid by Mozart.csv
95,96.0 to 96.75,1,"[1, 0, 0, 0, 0, 0, 1, 2, 0, 0, 0, 1]",0,gMajor,Piano Sonata K279 i C major.mid by Mozart.csv
96,97.0 to 97.875,8,"[1, 0, 1, 0, 2, 0, 0, 0, 0, 0, 0, 1]",5,cMajor,Piano Sonata K279 i C major.mid by Mozart.csv
97,98.0 to 98.75,16,"[1, 0, 0, 0, 0, 0, 1, 1, 0, 1, 0, 0]",8,cMajor,Piano Sonata K279 i C major.mid by Mozart.csv
98,99.0 to 99.875,7,"[1, 0, 1, 0, 0, 0, 1, 1, 0, 1, 0, 1]",8,dMajor,Piano Sonata K279 i C major.mid by Mozart.csv
99,100.0 to 100.75,16,"[1, 0, 0, 0, 1, 0, 1, 1, 0, 0, 0, 0]",7,cMajor,Piano Sonata K279 i C major.mid by Mozart.csv
100,101.0 to 101.875,5,"[1, 0, 1, 0, 0, 0, 1, 1, 0, 0, 0, 1]",6,gMajor,Piano Sonata K279 i C major.mid by Mozart.csv
101,102.0 to 102.75,16,"[1, 0, 0, 0, 0, 0, 1, 1, 1, 1, 0, 0]",8,dMajor,Piano Sonata K279 i C major.mid by Mozart.csv
102,103.0 to 103.75,5,"[0, 0, 1, 0, 0, 0, 1, 1, 0, 0, 0, 1]",6,gMajor,Piano Sonata K279 i C major.mid by Mozart.csv
103,104.0 to 104.75,15,"[1, 0, 1, 0, 1, 0, 1, 1, 0, 0, 0, 1]",2,cMajor,Piano Sonata K279 i C major.mid by Mozart.csv
104,105.0 to 105.75,5,"[1, 0, 1, 0, 0, 0, 1, 1, 0, 0, 0, 1]",6,gMajor,Piano Sonata K279 i C major.mid by Mozart.csv
105,106.0 to 106.875,2,"[1, 0, 0, 0, 1, 0, 0, 0, 1, 1, 0, 1]",4,cMinor,Piano Sonata K279 i C major.mid by Mozart.csv
106,107.0 to 107.5,2,"[1, 0, 1, 0, 1, 0, 0, 0, 0, 1, 0, 0]",2,cMinor,Piano Sonata K279 i C major.mid by Mozart.csv
107,108.0 to 108.5,0,"[2, 0, 0, 0, 1, 0, 0, 0, 0, 0, 0, 1]",3,cMinor,Piano Sonata K279 i C major.mid by Mozart.csv
108,109.0 to 109.5,15,"[1, 0, 0, 1, 1, 0, 0, 0, 0, 0, 0, 1]",2,eMajor,Piano Sonata K279 i C major.mid by Mozart.csv
109,110.125 to 110.875,8,"[1, 0, 0, 1, 2, 0, 0, 0, 0, 0, 0, 0]",2,cMajor,Piano Sonata K279 i C major.mid by Mozart.csv
110,111.0 to 111.5,15,"[1, 0, 0, 1, 1, 0, 0, 0, 0, 0, 0, 1]",2,eMajor,Piano Sonata K279 i C major.mid by Mozart.csv
111,112.0 to 112.75,2,"[1, 0, 0, 0, 0, 0, 0, 0, 1, 1, 0, 1]",4,eMajor,Piano Sonata K279 i C major.mid by Mozart.csv
112,113.25 to 113.875,3,"[0, 0, 0, 1, 1, 0, 0, 0, 1, 1, 0, 0]",2,eMajor,Piano Sonata K279 i C major.mid by Mozart.csv
113,114.3333333 to 114.875,2,"[1, 0, 0, 0, 0, 0, 0, 0, 1, 1, 0, 1]",4,eMajor,Piano Sonata K279 i C major.mid by Mozart.csv
114,115.3333333 to 115.875,4,"[0, 0, 0, 1, 1, 0, 0, 0, 0, 0, 0, 1]",2,eMajor,Piano Sonata K279 i C major.mid by Mozart.csv
115,116.0 to 116.75,19,"[1, 0, 2, 0, 0, 0, 0, 1, 0, 0, 0, 1]",6,gMajor,Piano Sonata K279 i C major.mid by Mozart.csv
116,117.0 to 117.875,19,"[0, 0, 2, 0, 0, 0, 0, 1, 0, 0, 0, 2]",6,gMajor,Piano Sonata K279 i C major.mid by Mozart.csv
117,118.0 to 118.875,7,"[1, 0, 1, 0, 0, 0, 1, 0, 1, 1, 0, 0]",8,dMajor,Piano Sonata K279 i C major.mid by Mozart.csv
118,119.0 to 119.75,12,"[1, 0, 1, 0, 0, 0, 1, 0, 0, 0, 0, 0]",2,dMajor,Piano Sonata K279 i C major.mid by Mozart.csv
119,120.0 to 120.75,1,"[0, 0, 1, 0, 0, 0, 0, 3, 0, 0, 0, 1]",0,gMajor,Piano Sonata K279 i C major.mid by Mozart.csv
120,121.0 to 121.75,1,"[0, 0, 1, 0, 0, 0, 0, 3, 0, 0, 0, 1]",0,gMajor,Piano Sonata K279 i C major.mid by Mozart.csv
121,122.0 to 122.75,7,"[0, 0, 1, 0, 0, 0, 1, 0, 0, 3, 0, 0]",8,dMajor,Piano Sonata K279 i C major.mid by Mozart.csv
122,123.0 to 123.75,7,"[0, 0, 1, 0, 0, 0, 2, 0, 0, 2, 0, 0]",8,dMajor,Piano Sonata K279 i C major.mid by Mozart.csv
123,124.0 to 124.75,5,"[0, 0, 1, 0, 0, 0, 0, 1, 0, 0, 0, 3]",6,gMajor,Piano Sonata K279 i C major.mid by Mozart.csv
124,125.0 to 125.75,1,"[0, 0, 1, 0, 0, 0, 0, 2, 0, 0, 0, 2]",0,gMajor,Piano Sonata K279 i C major.mid by Mozart.csv
125,126.0 to 126.75,2,"[2, 0, 0, 1, 2, 0, 0, 0, 0, 2, 0, 0]",8,cMinor,Piano Sonata K279 i C major.mid by Mozart.csv
126,127.0 to 127.75,7,"[2, 0, 1, 0, 0, 0, 1, 0, 0, 2, 0, 1]",4,dMajor,Piano Sonata K279 i C major.mid by Mozart.csv
127,128.0 to 128.75,1,"[0, 0, 0, 0, 0, 0, 1, 3, 0, 0, 0, 1]",0,gMajor,Piano Sonata K279 i C major.mid by Mozart.csv
128,129.0 to 129.75,1,"[0, 0, 1, 0, 0, 0, 1, 4, 0, 0, 0, 1]",0,gMajor,Piano Sonata K279 i C major.mid by Mozart.csv
129,130.0 to 130.75,17,"[0, 0, 0, 0, 0, 0, 1, 0, 1, 2, 0, 0]",8,dMajor,Piano Sonata K279 i C major.mid by Mozart.csv
130,131.0 to 131.75,7,"[0, 0, 1, 0, 1, 0, 3, 0, 0, 2, 0, 0]",8,dMajor,Piano Sonata K279 i C major.mid by Mozart.csv
131,132.0 to 132.75,5,"[0, 0, 0, 0, 0, 0, 0, 1, 0, 0, 1, 2]",6,gMajor,Piano Sonata K279 i C major.mid by Mozart.csv
132,133.0 to 133.75,1,"[0, 0, 1, 0, 0, 0, 1, 3, 0, 0, 0, 2]",0,gMajor,Piano Sonata K279 i C major.mid by Mozart.csv
133,134.0 to 134.75,2,"[2, 0, 0, 1, 2, 0, 0, 0, 0, 2, 0, 0]",8,cMinor,Piano Sonata K279 i C major.mid by Mozart.csv
134,135.0 to 135.75,7,"[2, 0, 1, 0, 0, 0, 1, 0, 0, 2, 0, 1]",4,dMajor,Piano Sonata K279 i C major.mid by Mozart.csv
135,136.0 to 136.75,1,"[0, 0, 0, 0, 0, 0, 0, 3, 0, 1, 0, 2]",0,gMajor,Piano Sonata K279 i C major.mid by Mozart.csv
136,137.0 to 137.75,16,"[0, 0, 1, 0, 1, 0, 1, 1, 0, 0, 0, 0]",2,cMajor,Piano Sonata K279 i C major.mid by Mozart.csv
137,138.0 to 138.75,5,"[1, 0, 0, 0, 0, 0, 0, 1, 0, 1, 0, 1]",4,fMajor,Piano Sonata K279 i C major.mid by Mozart.csv
138,139.0 to 139.75,12,"[0, 1, 1, 0, 1, 0, 1, 0, 0, 0, 0, 0]",2,dMajor,Piano Sonata K279 i C major.mid by Mozart.csv
139,140.0 to 140.0,9,"[1, 0, 0, 0, 0, 0, 0, 0, 0, 0, 0, 0]",2,cMajor,Piano Sonata K279 i C major.mid by Mozart.csv
140,141.0 to 141.75,2,"[1, 0, 0, 0, 0, 0, 0, 0, 0, 2, 0, 0]",4,fMajor,Piano Sonata K279 i C major.mid by Mozart.csv
141,142.0 to 142.75,16,"[1, 0, 1, 0, 1, 0, 2, 0, 0, 0, 0, 0]",2,dMajor,Piano Sonata K279 i C major.mid by Mozart.csv
142,143.0 to 143.5,12,"[0, 0, 3, 0, 1, 0, 1, 0, 0, 0, 0, 0]",6,dMajor,Piano Sonata K279 i C major.mid by Mozart.csv
143,144.0 to 144.75,16,"[1, 0, 0, 0, 0, 0, 1, 2, 0, 1, 0, 0]",0,e-Minor,Piano Sonata K279 i C major.mid by Mozart.csv
144,145.0 to 145.75,16,"[1, 0, 0, 0, 0, 0, 1, 1, 0, 1, 0, 0]",8,cMajor,Piano Sonata K279 i C major.mid by Mozart.csv
145,146.0 to 146.75,1,"[1, 0, 0, 0, 0, 0, 1, 3, 0, 0, 0, 1]",0,cMajor,Piano Sonata K279 i C major.mid by Mozart.csv
146,147.0 to 147.75,12,"[0, 1, 2, 0, 0, 0, 0, 0, 0, 0, 0, 0]",6,dMajor,Piano Sonata K279 i C major.mid by Mozart.csv
147,148.0 to 148.75,16,"[0, 0, 0, 0, 0, 0, 1, 1, 0, 0, 0, 1]",6,gMajor,Piano Sonata K279 i C major.mid by Mozart.csv
148,149.0 to 149.75,4,"[0, 0, 1, 0, 0, 0, 0, 0, 0, 1, 0, 1]",6,dMajor,Piano Sonata K279 i C major.mid by Mozart.csv
149,150.0 to 150.0,9,"[0, 0, 0, 0, 0, 0, 0, 1, 0, 0, 0, 0]",7,cMajor,Piano Sonata K279 i C major.mid by Mozart.csv
150,152.0 to 152.75,0,"[3, 0, 0, 0, 1, 0, 0, 1, 0, 0, 0, 1]",3,cMajor,Piano Sonata K279 i C major.mid by Mozart.csv
151,153.0 to 153.75,0,"[2, 0, 0, 0, 0, 0, 0, 0, 0, 0, 0, 1]",3,cMajor,Piano Sonata K279 i C major.mid by Mozart.csv
152,154.0 to 154.75,9,"[1, 0, 1, 0, 1, 0, 0, 0, 0, 0, 0, 0]",2,cMajor,Piano Sonata K279 i C major.mid by Mozart.csv
153,155.0 to 155.75,9,"[0, 0, 0, 0, 1, 1, 0, 1, 0, 0, 0, 0]",1,cMajor,Piano Sonata K279 i C major.mid by Mozart.csv
154,156.0 to 156.0,18,"[0, 0, 1, 0, 0, 3, 0, 0, 0, 2, 0, 0]",9,fMinor,Piano Sonata K279 i C major.mid by Mozart.csv
155,157.0 to 157.75,6,"[0, 0, 1, 0, 1, 1, 0, 1, 0, 0, 0, 0]",1,cMajor,Piano Sonata K279 i C major.mid by Mozart.csv
156,158.0 to 158.875,8,"[1, 0, 1, 0, 2, 0, 0, 0, 0, 0, 0, 1]",5,cMajor,Piano Sonata K279 i C major.mid by Mozart.csv
157,159.0 to 159.875,6,"[0, 0, 1, 0, 0, 2, 0, 1, 0, 0, 0, 1]",1,gMajor,Piano Sonata K279 i C major.mid by Mozart.csv
158,160.0 to 160.75,0,"[3, 0, 0, 0, 1, 0, 0, 1, 0, 0, 0, 1]",3,cMajor,Piano Sonata K279 i C major.mid by Mozart.csv
159,161.0 to 161.75,0,"[2, 0, 0, 0, 0, 0, 0, 0, 0, 0, 0, 1]",3,cMajor,Piano Sonata K279 i C major.mid by Mozart.csv
160,162.0 to 162.75,9,"[1, 0, 1, 0, 1, 0, 0, 0, 0, 0, 0, 0]",2,cMajor,Piano Sonata K279 i C major.mid by Mozart.csv
161,163.0 to 163.75,9,"[0, 0, 0, 0, 1, 1, 0, 1, 0, 0, 0, 0]",1,cMajor,Piano Sonata K279 i C major.mid by Mozart.csv
162,164.0 to 164.0,18,"[0, 0, 1, 0, 0, 3, 0, 0, 0, 2, 0, 0]",9,fMinor,Piano Sonata K279 i C major.mid by Mozart.csv
163,165.0 to 165.75,6,"[0, 0, 1, 0, 1, 1, 0, 1, 0, 0, 0, 0]",1,cMajor,Piano Sonata K279 i C major.mid by Mozart.csv
164,166.0 to 166.875,8,"[1, 0, 1, 0, 2, 0, 0, 0, 0, 0, 0, 1]",5,cMajor,Piano Sonata K279 i C major.mid by Mozart.csv
165,167.0 to 167.875,6,"[0, 0, 1, 0, 0, 2, 0, 1, 0, 0, 0, 1]",1,gMajor,Piano Sonata K279 i C major.mid by Mozart.csv
166,168.0 to 168.875,15,"[2, 0, 1, 0, 1, 0, 0, 1, 0, 0, 0, 1]",3,cMajor,Piano Sonata K279 i C major.mid by Mozart.csv
167,169.0 to 169.75,13,"[2, 0, 0, 0, 2, 0, 0, 1, 0, 0, 0, 1]",3,cMajor,Piano Sonata K279 i C major.mid by Mozart.csv
168,170.0 to 170.75,5,"[0, 1, 1, 0, 0, 0, 0, 1, 0, 0, 0, 1]",6,gMajor,Piano Sonata K279 i C major.mid by Mozart.csv
169,171.0 to 171.75,19,"[0, 0, 2, 0, 0, 0, 0, 1, 0, 0, 0, 1]",6,gMajor,Piano Sonata K279 i C major.mid by Mozart.csv
170,172.0 to 172.875,19,"[0, 1, 2, 0, 1, 0, 0, 1, 0, 0, 0, 1]",6,gMajor,Piano Sonata K279 i C major.mid by Mozart.csv
171,173.0 to 173.75,19,"[0, 1, 2, 0, 0, 1, 0, 1, 0, 0, 0, 1]",6,gMajor,Piano Sonata K279 i C major.mid by Mozart.csv
172,174.0 to 174.75,9,"[1, 0, 0, 1, 1, 0, 0, 1, 0, 0, 0, 0]",7,cMajor,Piano Sonata K279 i C major.mid by Mozart.csv
173,175.0 to 175.75,8,"[1, 0, 0, 0, 2, 0, 0, 1, 0, 0, 0, 0]",7,cMajor,Piano Sonata K279 i C major.mid by Mozart.csv
174,176.0 to 176.875,16,"[1, 0, 0, 0, 1, 0, 1, 2, 0, 1, 0, 0]",7,cMajor,Piano Sonata K279 i C major.mid by Mozart.csv
175,177.0 to 177.875,0,"[2, 0, 0, 0, 1, 0, 0, 1, 0, 0, 1, 0]",3,cMajor,Piano Sonata K279 i C major.mid by Mozart.csv
176,178.0 to 178.75,3,"[1, 0, 0, 0, 0, 1, 0, 0, 1, 1, 0, 0]",4,fMajor,Piano Sonata K279 i C major.mid by Mozart.csv
177,179.0 to 179.75,2,"[1, 0, 0, 0, 0, 1, 0, 0, 0, 2, 0, 0]",4,fMajor,Piano Sonata K279 i C major.mid by Mozart.csv
178,180.0 to 180.75,2,"[2, 0, 0, 0, 0, 1, 0, 0, 0, 1, 0, 0]",4,fMajor,Piano Sonata K279 i C major.mid by Mozart.csv
179,181.0 to 181.75,18,"[1, 0, 0, 0, 0, 2, 0, 1, 0, 2, 0, 1]",4,fMajor,Piano Sonata K279 i C major.mid by Mozart.csv
180,182.0 to 182.75,16,"[1, 0, 0, 0, 1, 0, 1, 1, 0, 0, 0, 0]",7,cMajor,Piano Sonata K279 i C major.mid by Mozart.csv
181,183.0 to 183.75,10,"[1, 0, 0, 0, 1, 0, 0, 2, 0, 0, 0, 0]",7,cMajor,Piano Sonata K279 i C major.mid by Mozart.csv
182,184.0 to 184.75,8,"[1, 0, 0, 0, 2, 0, 0, 1, 0, 0, 0, 0]",7,cMajor,Piano Sonata K279 i C major.mid by Mozart.csv
183,185.0 to 185.75,10,"[1, 0, 0, 0, 1, 0, 0, 2, 0, 0, 0, 0]",7,cMajor,Piano Sonata K279 i C major.mid by Mozart.csv
184,186.0 to 186.75,18,"[1, 0, 0, 0, 0, 2, 0, 0, 0, 1, 0, 0]",9,fMajor,Piano Sonata K279 i C major.mid by Mozart.csv
185,187.0 to 187.75,2,"[1, 0, 0, 0, 0, 1, 0, 0, 0, 2, 0, 0]",4,fMajor,Piano Sonata K279 i C major.mid by Mozart.csv
186,188.0 to 188.875,10,"[1, 0, 0, 0, 0, 1, 0, 2, 0, 0, 0, 0]",7,cMajor,Piano Sonata K279 i C major.mid by Mozart.csv
187,189.0 to 189.875,19,"[0, 0, 2, 0, 1, 1, 0, 1, 0, 0, 0, 1]",1,gMajor,Piano Sonata K279 i C major.mid by Mozart.csv
188,190.0 to 190.0,3,"[0, 0, 1, 0, 0, 1, 0, 0, 1, 0, 0, 0]",9,c#Major,Piano Sonata K279 i C major.mid by Mozart.csv
189,191.0 to 191.0,2,"[1, 0, 0, 0, 1, 0, 0, 0, 0, 1, 0, 0]",2,cMinor,Piano Sonata K279 i C major.mid by Mozart.csv
190,192.0 to 192.75,8,"[1, 0, 0, 0, 2, 0, 0, 1, 0, 0, 0, 0]",7,cMajor,Piano Sonata K279 i C major.mid by Mozart.csv
191,193.0 to 193.75,10,"[1, 0, 0, 0, 1, 0, 0, 2, 0, 0, 0, 0]",7,cMajor,Piano Sonata K279 i C major.mid by Mozart.csv
192,194.0 to 194.75,18,"[0, 0, 1, 0, 0, 2, 0, 0, 0, 1, 0, 0]",9,fMinor,Piano Sonata K279 i C major.mid by Mozart.csv
193,195.0 to 195.75,2,"[1, 0, 0, 0, 0, 1, 0, 0, 0, 2, 0, 0]",4,fMajor,Piano Sonata K279 i C major.mid by Mozart.csv
194,196.0 to 196.875,10,"[1, 0, 0, 0, 1, 1, 0, 2, 0, 0, 0, 0]",7,cMajor,Piano Sonata K279 i C major.mid by Mozart.csv
195,197.0 to 197.875,5,"[1, 0, 1, 0, 0, 1, 0, 1, 0, 0, 0, 2]",6,gMajor,Piano Sonata K279 i C major.mid by Mozart.csv
196,198.0 to 198.75,0,"[2, 0, 0, 0, 1, 0, 0, 0, 0, 0, 0, 1]",3,cMinor,Piano Sonata K279 i C major.mid by Mozart.csv
197,199.0 to 199.75,15,"[1, 0, 0, 0, 1, 0, 0, 1, 0, 0, 1, 1]",7,cMajor,Piano Sonata K279 i C major.mid by Mozart.csv
198,200.0 to 200.5,9,"[1, 0, 0, 0, 1, 1, 0, 1, 0, 1, 1, 0]",7,cMajor,Piano Sonata K279 i C major.mid by Mozart.csv
199,201.0 to 201.875,2,"[1, 0, 1, 0, 0, 1, 0, 0, 0, 1, 0, 1]",4,fMajor,Piano Sonata K279 i C major.mid by Mozart.csv
200,202.0 to 202.75,0,"[2, 0, 0, 0, 1, 0, 0, 0, 0, 0, 0, 1]",3,cMinor,Piano Sonata K279 i C major.mid by Mozart.csv
201,203.0 to 203.75,15,"[1, 0, 0, 0, 1, 0, 0, 1, 0, 0, 1, 1]",7,cMajor,Piano Sonata K279 i C major.mid by Mozart.csv
202,204.0 to 204.5,9,"[1, 0, 0, 0, 1, 1, 0, 1, 0, 1, 1, 0]",7,cMajor,Piano Sonata K279 i C major.mid by Mozart.csv
203,205.0 to 205.875,2,"[1, 0, 1, 0, 0, 1, 0, 0, 0, 1, 0, 1]",4,fMajor,Piano Sonata K279 i C major.mid by Mozart.csv
204,206.0 to 206.875,15,"[1, 0, 1, 0, 2, 0, 0, 1, 0, 0, 0, 1]",5,cMajor,Piano Sonata K279 i C major.mid by Mozart.csv
205,207.0 to 207.875,15,"[1, 0, 1, 0, 1, 1, 0, 1, 0, 0, 0, 1]",1,cMajor,Piano Sonata K279 i C major.mid by Mozart.csv
206,208.0 to 208.875,10,"[1, 0, 1, 0, 1, 1, 0, 2, 0, 0, 0, 0]",1,cMajor,Piano Sonata K279 i C major.mid by Mozart.csv
207,209.0 to 209.875,10,"[0, 0, 1, 0, 1, 1, 0, 2, 0, 1, 0, 0]",1,cMajor,Piano Sonata K279 i C major.mid by Mozart.csv
208,210.0 to 210.75,8,"[1, 0, 0, 0, 2, 0, 0, 1, 0, 0, 0, 1]",5,gMinor,Piano Sonata K279 i C major.mid by Mozart.csv
209,211.0 to 211.875,18,"[1, 0, 1, 0, 0, 2, 0, 1, 0, 1, 0, 0]",9,fMajor,Piano Sonata K279 i C major.mid by Mozart.csv
210,212.0 to 212.5,15,"[1, 0, 1, 0, 1, 1, 0, 1, 0, 0, 0, 1]",1,cMajor,Piano Sonata K279 i C major.mid by Mozart.csv
211,214.0 to 214.125,9,"[0, 0, 0, 1, 1, 0, 0, 0, 0, 0, 0, 0]",2,cMajor,Piano Sonata K279 i C major.mid by Mozart.csv
212,215.125 to 215.25,9,"[0, 0, 0, 1, 1, 0, 0, 0, 0, 0, 0, 0]",2,cMajor,Piano Sonata K279 i C major.mid by Mozart.csv
213,216.0 to 216.75,4,"[0, 0, 1, 0, 1, 0, 0, 0, 2, 0, 0, 3]",5,eMajor,Piano Sonata K279 i C major.mid by Mozart.csv
214,217.0 to 217.75,8,"[0, 0, 0, 0, 2, 0, 0, 0, 1, 0, 0, 2]",5,eMajor,Piano Sonata K279 i C major.mid by Mozart.csv
215,218.0 to 218.875,4,"[0, 0, 0, 0, 1, 0, 0, 0, 1, 1, 0, 1]",2,eMajor,Piano Sonata K279 i C major.mid by Mozart.csv
216,219.125 to 219.625,8,"[0, 0, 1, 0, 2, 1, 0, 0, 1, 0, 0, 0]",5,eMinor,Piano Sonata K279 i C major.mid by Mozart.csv
217,220.0 to 220.75,2,"[1, 0, 1, 0, 0, 0, 0, 0, 0, 2, 0, 1]",4,dMajor,Piano Sonata K279 i C major.mid by Mozart.csv
218,221.0 to 221.75,4,"[1, 0, 1, 0, 0, 0, 0, 0, 0, 0, 0, 1]",6,gMajor,Piano Sonata K279 i C major.mid by Mozart.csv
219,222.0 to 222.125,4,"[1, 0, 0, 0, 0, 0, 0, 0, 0, 0, 0, 1]",4,gMajor,Piano Sonata K279 i C major.mid by Mozart.csv
220,223.125 to 223.25,4,"[1, 0, 0, 0, 0, 0, 0, 0, 0, 0, 0, 1]",4,gMajor,Piano Sonata K279 i C major.mid by Mozart.csv
221,224.0 to 224.75,7,"[1, 0, 1, 0, 0, 0, 2, 0, 0, 3, 0, 0]",8,dMajor,Piano Sonata K279 i C major.mid by Mozart.csv
222,225.0 to 225.75,7,"[0, 0, 2, 0, 0, 0, 1, 0, 0, 2, 0, 0]",8,dMajor,Piano Sonata K279 i C major.mid by Mozart.csv
223,226.0 to 226.875,16,"[0, 0, 1, 0, 0, 0, 1, 1, 0, 1, 0, 0]",8,dMajor,Piano Sonata K279 i C major.mid by Mozart.csv
224,227.125 to 227.625,12,"[1, 0, 2, 0, 1, 0, 1, 0, 0, 0, 0, 0]",2,dMajor,Piano Sonata K279 i C major.mid by Mozart.csv
225,228.0 to 228.75,1,"[0, 0, 0, 0, 0, 0, 1, 2, 0, 0, 0, 1]",0,gMajor,Piano Sonata K279 i C major.mid by Mozart.csv
226,229.0 to 229.875,5,"[0, 0, 1, 0, 0, 0, 1, 1, 0, 0, 0, 1]",6,gMajor,Piano Sonata K279 i C major.mid by Mozart.csv
227,230.0 to 230.75,16,"[1, 0, 0, 0, 1, 0, 2, 1, 0, 0, 0, 0]",7,cMajor,Piano Sonata K279 i C major.mid by Mozart.csv
228,231.0 to 231.75,16,"[1, 0, 0, 0, 1, 0, 2, 2, 0, 0, 0, 0]",7,cMajor,Piano Sonata K279 i C major.mid by Mozart.csv
229,232.0 to 232.75,5,"[0, 0, 1, 0, 0, 0, 1, 1, 0, 0, 0, 1]",6,gMajor,Piano Sonata K279 i C major.mid by Mozart.csv
230,233.0 to 233.75,5,"[0, 0, 1, 0, 0, 0, 1, 1, 0, 0, 0, 2]",6,gMajor,Piano Sonata K279 i C major.mid by Mozart.csv
231,234.0 to 234.75,16,"[1, 0, 0, 0, 1, 0, 2, 1, 0, 0, 0, 0]",7,cMajor,Piano Sonata K279 i C major.mid by Mozart.csv
232,235.0 to 235.75,16,"[1, 0, 0, 0, 1, 0, 2, 2, 0, 0, 0, 0]",7,cMajor,Piano Sonata K279 i C major.mid by Mozart.csv
233,236.0 to 236.75,4,"[0, 0, 1, 0, 0, 0, 0, 0, 0, 1, 0, 2]",6,gMajor,Piano Sonata K279 i C major.mid by Mozart.csv
234,237.0 to 237.875,16,"[0, 0, 1, 0, 1, 0, 1, 1, 1, 0, 0, 0]",2,cMajor,Piano Sonata K279 i C major.mid by Mozart.csv
235,238.0 to 238.75,2,"[1, 0, 1, 0, 0, 0, 0, 1, 0, 2, 0, 0]",8,cMinor,Piano Sonata K279 i C major.mid by Mozart.csv
236,239.0 to 239.875,16,"[1, 0, 1, 0, 1, 0, 2, 0, 0, 0, 0, 0]",2,dMajor,Piano Sonata K279 i C major.mid by Mozart.csv
237,240.0 to 240.75,1,"[1, 0, 0, 0, 0, 0, 1, 2, 0, 0, 0, 1]",0,gMajor,Piano Sonata K279 i C major.mid by Mozart.csv
238,241.0 to 241.875,8,"[1, 0, 1, 0, 2, 0, 0, 0, 0, 0, 0, 1]",5,cMajor,Piano Sonata K279 i C major.mid by Mozart.csv
239,242.0 to 242.75,15,"[1, 0, 1, 0, 1, 0, 0, 0, 0, 1, 0, 1]",2,cMinor,Piano Sonata K279 i C major.mid by Mozart.csv
240,243.0 to 243.875,5,"[1, 1, 0, 0, 0, 0, 0, 1, 0, 1, 0, 1]",4,fMajor,Piano Sonata K279 i C major.mid by Mozart.csv
241,244.0 to 244.75,12,"[0, 0, 2, 0, 0, 0, 1, 0, 0, 1, 0, 1]",6,dMajor,Piano Sonata K279 i C major.mid by Mozart.csv
242,245.0 to 245.875,16,"[0, 0, 1, 0, 1, 0, 1, 1, 1, 0, 0, 0]",2,cMajor,Piano Sonata K279 i C major.mid by Mozart.csv
243,246.0 to 246.75,17,"[0, 1, 1, 0, 0, 0, 0, 1, 0, 2, 0, 0]",8,aMajor,Piano Sonata K279 i C major.mid by Mozart.csv
244,247.0 to 247.875,16,"[1, 0, 1, 0, 1, 0, 2, 0, 0, 0, 0, 0]",2,dMajor,Piano Sonata K279 i C major.mid by Mozart.csv
245,248.0 to 248.75,1,"[1, 0, 0, 0, 0, 0, 1, 2, 0, 0, 0, 1]",0,gMajor,Piano Sonata K279 i C major.mid by Mozart.csv
246,249.0 to 249.875,8,"[1, 0, 1, 0, 2, 0, 0, 0, 0, 0, 0, 1]",5,cMajor,Piano Sonata K279 i C major.mid by Mozart.csv
247,250.0 to 250.75,16,"[1, 0, 0, 0, 0, 0, 1, 1, 0, 1, 0, 0]",8,cMajor,Piano Sonata K279 i C major.mid by Mozart.csv
248,251.0 to 251.875,7,"[1, 0, 1, 0, 0, 0, 1, 1, 0, 1, 0, 1]",8,dMajor,Piano Sonata K279 i C major.mid by Mozart.csv
249,252.0 to 252.75,16,"[1, 0, 0, 0, 1, 0, 1, 1, 0, 0, 0, 0]",7,cMajor,Piano Sonata K279 i C major.mid by Mozart.csv
250,253.0 to 253.875,5,"[1, 0, 1, 0, 0, 0, 1, 1, 0, 0, 0, 1]",6,gMajor,Piano Sonata K279 i C major.mid by Mozart.csv
251,254.0 to 254.75,16,"[1, 0, 0, 0, 0, 0, 1, 1, 1, 1, 0, 0]",8,dMajor,Piano Sonata K279 i C major.mid by Mozart.csv
252,255.0 to 255.75,5,"[0, 0, 1, 0, 0, 0, 1, 1, 0, 0, 0, 1]",6,gMajor,Piano Sonata K279 i C major.mid by Mozart.csv
253,256.0 to 256.75,15,"[1, 0, 1, 0, 1, 0, 1, 1, 0, 0, 0, 1]",2,cMajor,Piano Sonata K279 i C major.mid by Mozart.csv
254,257.0 to 257.75,5,"[1, 0, 1, 0, 0, 0, 1, 1, 0, 0, 0, 1]",6,gMajor,Piano Sonata K279 i C major.mid by Mozart.csv
255,258.0 to 258.875,2,"[1, 0, 0, 0, 1, 0, 0, 0, 1, 1, 0, 1]",4,cMinor,Piano Sonata K279 i C major.mid by Mozart.csv
256,259.0 to 259.5,2,"[1, 0, 1, 0, 1, 0, 0, 0, 0, 1, 0, 0]",2,cMinor,Piano Sonata K279 i C major.mid by Mozart.csv
257,260.0 to 260.5,0,"[2, 0, 0, 0, 1, 0, 0, 0, 0, 0, 0, 1]",3,cMinor,Piano Sonata K279 i C major.mid by Mozart.csv
258,261.0 to 261.5,15,"[1, 0, 0, 1, 1, 0, 0, 0, 0, 0, 0, 1]",2,eMajor,Piano Sonata K279 i C major.mid by Mozart.csv
259,262.125 to 262.875,8,"[1, 0, 0, 1, 2, 0, 0, 0, 0, 0, 0, 0]",2,cMajor,Piano Sonata K279 i C major.mid by Mozart.csv
260,263.0 to 263.5,15,"[1, 0, 0, 1, 1, 0, 0, 0, 0, 0, 0, 1]",2,eMajor,Piano Sonata K279 i C major.mid by Mozart.csv
261,264.0 to 264.75,2,"[1, 0, 0, 0, 0, 0, 0, 0, 1, 1, 0, 1]",4,eMajor,Piano Sonata K279 i C major.mid by Mozart.csv
262,265.25 to 265.875,3,"[0, 0, 0, 1, 1, 0, 0, 0, 1, 1, 0, 0]",2,eMajor,Piano Sonata K279 i C major.mid by Mozart.csv
263,266.3333333 to 266.875,2,"[1, 0, 0, 0, 0, 0, 0, 0, 1, 1, 0, 1]",4,eMajor,Piano Sonata K279 i C major.mid by Mozart.csv
264,267.3333333 to 267.875,4,"[0, 0, 0, 1, 1, 0, 0, 0, 0, 0, 0, 1]",2,eMajor,Piano Sonata K279 i C major.mid by Mozart.csv
265,268.0 to 268.75,19,"[1, 0, 2, 0, 0, 0, 0, 1, 0, 0, 0, 1]",6,gMajor,Piano Sonata K279 i C major.mid by Mozart.csv
266,269.0 to 269.875,19,"[0, 0, 2, 0, 0, 0, 0, 1, 0, 0, 0, 2]",6,gMajor,Piano Sonata K279 i C major.mid by Mozart.csv
267,270.0 to 270.875,7,"[1, 0, 1, 0, 0, 0, 1, 0, 1, 1, 0, 0]",8,dMajor,Piano Sonata K279 i C major.mid by Mozart.csv
268,271.0 to 271.75,12,"[1, 0, 1, 0, 0, 0, 1, 0, 0, 0, 0, 0]",2,dMajor,Piano Sonata K279 i C major.mid by Mozart.csv
269,272.0 to 272.75,1,"[0, 0, 1, 0, 0, 0, 0, 3, 0, 0, 0, 1]",0,gMajor,Piano Sonata K279 i C major.mid by Mozart.csv
270,273.0 to 273.75,1,"[0, 0, 1, 0, 0, 0, 0, 3, 0, 0, 0, 1]",0,gMajor,Piano Sonata K279 i C major.mid by Mozart.csv
271,274.0 to 274.75,7,"[0, 0, 1, 0, 0, 0, 1, 0, 0, 3, 0, 0]",8,dMajor,Piano Sonata K279 i C major.mid by Mozart.csv
272,275.0 to 275.75,7,"[0, 0, 1, 0, 0, 0, 2, 0, 0, 2, 0, 0]",8,dMajor,Piano Sonata K279 i C major.mid by Mozart.csv
273,276.0 to 276.75,5,"[0, 0, 1, 0, 0, 0, 0, 1, 0, 0, 0, 3]",6,gMajor,Piano Sonata K279 i C major.mid by Mozart.csv
274,277.0 to 277.75,1,"[0, 0, 1, 0, 0, 0, 0, 2, 0, 0, 0, 2]",0,gMajor,Piano Sonata K279 i C major.mid by Mozart.csv
275,278.0 to 278.75,2,"[2, 0, 0, 1, 2, 0, 0, 0, 0, 2, 0, 0]",8,cMinor,Piano Sonata K279 i C major.mid by Mozart.csv
276,279.0 to 279.75,7,"[2, 0, 1, 0, 0, 0, 1, 0, 0, 2, 0, 1]",4,dMajor,Piano Sonata K279 i C major.mid by Mozart.csv
277,280.0 to 280.75,1,"[0, 0, 0, 0, 0, 0, 1, 3, 0, 0, 0, 1]",0,gMajor,Piano Sonata K279 i C major.mid by Mozart.csv
278,281.0 to 281.75,1,"[0, 0, 1, 0, 0, 0, 1, 4, 0, 0, 0, 1]",0,gMajor,Piano Sonata K279 i C major.mid by Mozart.csv
279,282.0 to 282.75,17,"[0, 0, 0, 0, 0, 0, 1, 0, 1, 2, 0, 0]",8,dMajor,Piano Sonata K279 i C major.mid by Mozart.csv
280,283.0 to 283.75,7,"[0, 0, 1, 0, 1, 0, 3, 0, 0, 2, 0, 0]",8,dMajor,Piano Sonata K279 i C major.mid by Mozart.csv
281,284.0 to 284.75,5,"[0, 0, 0, 0, 0, 0, 0, 1, 0, 0, 1, 2]",6,gMajor,Piano Sonata K279 i C major.mid by Mozart.csv
282,285.0 to 285.75,1,"[0, 0, 1, 0, 0, 0, 1, 3, 0, 0, 0, 2]",0,gMajor,Piano Sonata K279 i C major.mid by Mozart.csv
283,286.0 to 286.75,2,"[2, 0, 0, 1, 2, 0, 0, 0, 0, 2, 0, 0]",8,cMinor,Piano Sonata K279 i C major.mid by Mozart.csv
284,287.0 to 287.75,7,"[2, 0, 1, 0, 0, 0, 1, 0, 0, 2, 0, 1]",4,dMajor,Piano Sonata K279 i C major.mid by Mozart.csv
285,288.0 to 288.75,1,"[0, 0, 0, 0, 0, 0, 0, 3, 0, 1, 0, 2]",0,gMajor,Piano Sonata K279 i C major.mid by Mozart.csv
286,289.0 to 289.75,16,"[0, 0, 1, 0, 1, 0, 1, 1, 0, 0, 0, 0]",2,cMajor,Piano Sonata K279 i C major.mid by Mozart.csv
287,290.0 to 290.75,5,"[1, 0, 0, 0, 0, 0, 0, 1, 0, 1, 0, 1]",4,fMajor,Piano Sonata K279 i C major.mid by Mozart.csv
288,291.0 to 291.75,12,"[0, 1, 1, 0, 1, 0, 1, 0, 0, 0, 0, 0]",2,dMajor,Piano Sonata K279 i C major.mid by Mozart.csv
289,292.0 to 292.0,9,"[1, 0, 0, 0, 0, 0, 0, 0, 0, 0, 0, 0]",2,cMajor,Piano Sonata K279 i C major.mid by Mozart.csv
290,293.0 to 293.75,2,"[1, 0, 0, 0, 0, 0, 0, 0, 0, 2, 0, 0]",4,fMajor,Piano Sonata K279 i C major.mid by Mozart.csv
291,294.0 to 294.75,16,"[1, 0, 1, 0, 1, 0, 2, 0, 0, 0, 0, 0]",2,dMajor,Piano Sonata K279 i C major.mid by Mozart.csv
292,295.0 to 295.5,12,"[0, 0, 3, 0, 1, 0, 1, 0, 0, 0, 0, 0]",6,dMajor,Piano Sonata K279 i C major.mid by Mozart.csv
293,296.0 to 296.75,16,"[1, 0, 0, 0, 0, 0, 1, 2, 0, 1, 0, 0]",0,e-Minor,Piano Sonata K279 i C major.mid by Mozart.csv
294,297.0 to 297.75,16,"[1, 0, 0, 0, 0, 0, 1, 1, 0, 1, 0, 0]",8,cMajor,Piano Sonata K279 i C major.mid by Mozart.csv
295,298.0 to 298.75,1,"[1, 0, 0, 0, 0, 0, 1, 3, 0, 0, 0, 1]",0,cMajor,Piano Sonata K279 i C major.mid by Mozart.csv
296,299.0 to 299.75,12,"[0, 1, 2, 0, 0, 0, 0, 0, 0, 0, 0, 0]",6,dMajor,Piano Sonata K279 i C major.mid by Mozart.csv
297,300.0 to 300.75,16,"[0, 0, 0, 0, 0, 0, 1, 1, 0, 0, 0, 1]",6,gMajor,Piano Sonata K279 i C major.mid by Mozart.csv
298,301.0 to 301.75,4,"[0, 0, 1, 0, 0, 0, 0, 0, 0, 1, 0, 1]",6,dMajor,Piano Sonata K279 i C major.mid by Mozart.csv
299,302.0 to 302.0,9,"[0, 0, 0, 0, 0, 0, 0, 1, 0, 0, 0, 0]",7,cMajor,Piano Sonata K279 i C major.mid by Mozart.csv
300,304.0 to 304.75,10,"[0, 0, 1, 0, 0, 0, 1, 3, 0, 0, 1, 0]",0,b-Minor,Piano Sonata K279 i C major.mid by Mozart.csv
301,305.0 to 305.75,10,"[0, 0, 1, 0, 0, 0, 0, 2, 0, 0, 0, 0]",0,gMajor,Piano Sonata K279 i C major.mid by Mozart.csv
302,306.0 to 306.75,14,"[0, 0, 1, 0, 0, 0, 0, 1, 0, 0, 1, 0]",6,b-Minor,Piano Sonata K279 i C major.mid by Mozart.csv
303,307.0 to 307.75,10,"[0, 0, 1, 0, 0, 0, 0, 2, 0, 0, 1, 0]",0,b-Minor,Piano Sonata K279 i C major.mid by Mozart.csv
304,308.0 to 308.75,16,"[0, 1, 0, 0, 1, 0, 1, 2, 0, 1, 0, 0]",7,cMajor,Piano Sonata K279 i C major.mid by Mozart.csv
305,309.0 to 309.75,17,"[0, 0, 0, 0, 1, 0, 0, 1, 0, 1, 0, 0]",7,cMajor,Piano Sonata K279 i C major.mid by Mozart.csv
306,310.0 to 310.75,2,"[1, 0, 0, 0, 1, 0, 0, 0, 0, 1, 0, 0]",2,cMinor,Piano Sonata K279 i C major.mid by Mozart.csv
307,311.0 to 311.75,2,"[1, 0, 0, 0, 1, 0, 0, 0, 0, 2, 0, 0]",8,cMinor,Piano Sonata K279 i C major.mid by Mozart.csv
308,312.0 to 312.75,18,"[0, 0, 1, 0, 1, 3, 0, 0, 0, 1, 0, 0]",9,fMinor,Piano Sonata K279 i C major.mid by Mozart.csv
309,313.0 to 313.75,18,"[0, 0, 0, 0, 0, 2, 0, 0, 0, 1, 0, 0]",9,fMajor,Piano Sonata K279 i C major.mid by Mozart.csv
310,314.0 to 314.75,6,"[0, 0, 1, 0, 0, 1, 0, 0, 0, 1, 0, 0]",9,fMinor,Piano Sonata K279 i C major.mid by Mozart.csv
311,315.0 to 315.75,17,"[0, 0, 1, 0, 0, 1, 0, 0, 0, 2, 0, 0]",9,fMinor,Piano Sonata K279 i C major.mid by Mozart.csv
312,316.0 to 316.75,6,"[0, 0, 1, 0, 1, 2, 0, 1, 0, 0, 0, 1]",1,gMajor,Piano Sonata K279 i C major.mid by Mozart.csv
313,317.0 to 317.75,6,"[0, 0, 1, 0, 0, 1, 0, 1, 0, 0, 0, 0]",1,gMajor,Piano Sonata K279 i C major.mid by Mozart.csv
314,318.0 to 318.75,5,"[0, 0, 1, 0, 0, 0, 0, 1, 0, 0, 0, 1]",6,gMajor,Piano Sonata K279 i C major.mid by Mozart.csv
315,319.0 to 319.75,1,"[0, 0, 1, 0, 0, 0, 0, 2, 0, 0, 0, 1]",0,gMajor,Piano Sonata K279 i C major.mid by Mozart.csv
316,320.0 to 320.75,8,"[1, 0, 1, 0, 3, 0, 0, 1, 0, 0, 0, 0]",5,cMajor,Piano Sonata K279 i C major.mid by Mozart.csv
317,321.0 to 321.75,8,"[0, 0, 0, 0, 2, 0, 0, 1, 0, 0, 0, 0]",7,cMajor,Piano Sonata K279 i C major.mid by Mozart.csv
318,322.0 to 322.75,9,"[1, 0, 0, 0, 1, 0, 0, 1, 0, 0, 0, 0]",7,cMajor,Piano Sonata K279 i C major.mid by Mozart.csv
319,323.0 to 323.75,10,"[1, 0, 0, 0, 1, 0, 0, 2, 0, 0, 0, 0]",7,cMajor,Piano Sonata K279 i C major.mid by Mozart.csv
320,324.0 to 324.75,12,"[0, 1, 3, 0, 0, 1, 0, 0, 0, 0, 1, 0]",6,b-Major,Piano Sonata K279 i C major.mid by Mozart.csv
321,325.0 to 325.75,6,"[0, 0, 2, 0, 0, 1, 0, 0, 0, 0, 0, 0]",9,b-Major,Piano Sonata K279 i C major.mid by Mozart.csv
322,326.0 to 326.75,6,"[0, 0, 1, 0, 0, 1, 0, 0, 0, 0, 1, 0]",9,b-Major,Piano Sonata K279 i C major.mid by Mozart.csv
323,327.0 to 327.75,6,"[0, 0, 1, 0, 0, 1, 0, 0, 0, 0, 1, 0]",9,b-Major,Piano Sonata K279 i C major.mid by Mozart.csv
324,328.0 to 328.75,8,"[0, 0, 0, 0, 2, 1, 0, 0, 1, 0, 0, 1]",5,eMajor,Piano Sonata K279 i C major.mid by Mozart.csv
325,329.0 to 329.875,4,"[0, 0, 1, 0, 1, 0, 0, 0, 1, 0, 0, 1]",2,eMajor,Piano Sonata K279 i C major.mid by Mozart.csv
326,330.0 to 330.75,0,"[2, 0, 0, 0, 0, 0, 0, 1, 0, 1, 0, 0]",3,cMajor,Piano Sonata K279 i C major.mid by Mozart.csv
327,331.0 to 331.875,16,"[1, 0, 0, 1, 0, 0, 1, 1, 0, 1, 0, 0]",8,e-Minor,Piano Sonata K279 i C major.mid by Mozart.csv
328,332.0 to 332.75,7,"[0, 0, 1, 1, 0, 0, 1, 0, 0, 1, 0, 0]",8,dMajor,Piano Sonata K279 i C major.mid by Mozart.csv
329,333.0 to 333.875,7,"[1, 0, 1, 0, 0, 0, 1, 0, 0, 1, 0, 0]",8,dMajor,Piano Sonata K279 i C major.mid by Mozart.csv
330,334.0 to 334.75,14,"[0, 0, 0, 0, 0, 1, 0, 1, 0, 0, 2, 0]",1,e-Major,Piano Sonata K279 i C major.mid by Mozart.csv
331,335.0 to 335.875,6,"[0, 0, 1, 0, 1, 1, 0, 1, 0, 0, 1, 0]",1,b-Major,Piano Sonata K279 i C major.mid by Mozart.csv
332,336.0 to 336.75,9,"[1, 0, 1, 0, 1, 0, 0, 1, 0, 0, 0, 0]",7,cMajor,Piano Sonata K279 i C major.mid by Mozart.csv
333,337.0 to 337.875,9,"[1, 0, 0, 0, 1, 0, 0, 1, 0, 0, 1, 0]",7,cMajor,Piano Sonata K279 i C major.mid by Mozart.csv
334,338.0 to 338.75,2,"[1, 0, 0, 0, 0, 1, 0, 0, 0, 2, 1, 0]",4,fMajor,Piano Sonata K279 i C major.mid by Mozart.csv
335,339.0 to 339.75,9,"[1, 0, 1, 0, 1, 0, 0, 0, 0, 0, 1, 0]",2,b-Major,Piano Sonata K279 i C major.mid by Mozart.csv
336,340.0 to 340.75,2,"[1, 0, 0, 0, 0, 1, 0, 0, 0, 2, 0, 1]",4,fMajor,Piano Sonata K279 i C major.mid by Mozart.csv
337,341.0 to 341.875,2,"[2, 0, 0, 0, 0, 1, 0, 0, 0, 1, 0, 0]",4,fMajor,Piano Sonata K279 i C major.mid by Mozart.csv
338,342.0 to 342.75,0,"[2, 0, 0, 0, 1, 0, 0, 1, 0, 0, 0, 0]",3,cMajor,Piano Sonata K279 i C major.mid by Mozart.csv
339,343.0 to 343.75,10,"[1, 0, 0, 0, 1, 0, 0, 2, 0, 0, 0, 0]",7,cMajor,Piano Sonata K279 i C major.mid by Mozart.csv
340,344.0 to 344.875,1,"[0, 0, 1, 0, 1, 1, 0, 2, 0, 0, 0, 1]",1,gMajor,Piano Sonata K279 i C major.mid by Mozart.csv
341,345.0 to 345.875,1,"[0, 0, 1, 0, 0, 1, 0, 2, 0, 0, 0, 1]",1,gMajor,Piano Sonata K279 i C major.mid by Mozart.csv
342,346.0 to 346.75,0,"[2, 0, 0, 1, 0, 0, 0, 1, 0, 0, 0, 0]",3,e-Minor,Piano Sonata K279 i C major.mid by Mozart.csv
343,347.0 to 347.75,0,"[2, 0, 0, 0, 1, 0, 0, 1, 0, 0, 0, 0]",3,cMajor,Piano Sonata K279 i C major.mid by Mozart.csv
344,348.0 to 348.75,8,"[1, 0, 0, 0, 2, 1, 0, 1, 0, 0, 0, 0]",7,cMajor,Piano Sonata K279 i C major.mid by Mozart.csv
345,349.0 to 349.875,10,"[1, 0, 0, 0, 1, 0, 0, 2, 0, 0, 0, 0]",7,cMajor,Piano Sonata K279 i C major.mid by Mozart.csv
346,350.0 to 350.75,1,"[0, 0, 1, 0, 0, 0, 0, 2, 0, 0, 0, 1]",0,gMajor,Piano Sonata K279 i C major.mid by Mozart.csv
347,351.0 to 351.75,19,"[0, 0, 2, 0, 0, 0, 0, 1, 0, 0, 0, 1]",6,gMajor,Piano Sonata K279 i C major.mid by Mozart.csv
348,352.0 to 352.875,7,"[2, 0, 1, 0, 0, 0, 1, 0, 0, 1, 0, 1]",4,dMajor,Piano Sonata K279 i C major.mid by Mozart.csv
349,353.0 to 353.875,7,"[2, 0, 1, 0, 0, 0, 1, 0, 0, 1, 0, 0]",8,fMajor,Piano Sonata K279 i C major.mid by Mozart.csv
350,354.0 to 354.75,1,"[1, 0, 0, 0, 0, 0, 0, 2, 0, 1, 0, 1]",0,gMajor,Piano Sonata K279 i C major.mid by Mozart.csv
351,355.0 to 355.75,15,"[1, 0, 1, 0, 1, 0, 0, 0, 0, 0, 0, 1]",2,eMajor,Piano Sonata K279 i C major.mid by Mozart.csv
352,356.0 to 356.75,10,"[0, 0, 1, 0, 0, 1, 1, 2, 0, 0, 0, 0]",0,b-Minor,Piano Sonata K279 i C major.mid by Mozart.csv
353,357.0 to 357.75,16,"[0, 0, 1, 0, 0, 1, 1, 1, 0, 1, 0, 0]",8,dMajor,Piano Sonata K279 i C major.mid by Mozart.csv
354,358.0 to 358.75,6,"[1, 0, 1, 0, 1, 1, 0, 1, 0, 0, 0, 0]",1,cMajor,Piano Sonata K279 i C major.mid by Mozart.csv
355,359.0 to 359.75,17,"[0, 0, 0, 0, 1, 1, 0, 1, 0, 1, 0, 0]",1,cMajor,Piano Sonata K279 i C major.mid by Mozart.csv
356,360.0 to 360.75,10,"[0, 0, 0, 0, 1, 0, 1, 3, 0, 0, 0, 0]",0,cMajor,Piano Sonata K279 i C major.mid by Mozart.csv
357,361.0 to 361.75,16,"[1, 0, 0, 0, 1, 0, 1, 1, 0, 1, 0, 0]",8,cMajor,Piano Sonata K279 i C major.mid by Mozart.csv
358,362.0 to 362.75,1,"[1, 0, 0, 0, 0, 0, 0, 2, 0, 1, 0, 1]",0,gMajor,Piano Sonata K279 i C major.mid by Mozart.csv
359,363.0 to 363.75,15,"[1, 0, 1, 0, 1, 0, 0, 0, 0, 0, 0, 1]",2,eMajor,Piano Sonata K279 i C major.mid by Mozart.csv
360,364.0 to 364.75,10,"[0, 0, 1, 0, 0, 1, 1, 2, 0, 0, 0, 0]",0,b-Minor,Piano Sonata K279 i C major.mid by Mozart.csv
361,365.0 to 365.75,16,"[0, 0, 1, 0, 0, 1, 1, 1, 0, 1, 0, 0]",8,dMajor,Piano Sonata K279 i C major.mid by Mozart.csv
362,366.0 to 366.75,6,"[1, 0, 1, 0, 1, 1, 0, 1, 0, 0, 0, 0]",1,cMajor,Piano Sonata K279 i C major.mid by Mozart.csv
363,367.0 to 367.75,17,"[0, 0, 0, 0, 1, 1, 0, 1, 0, 1, 0, 0]",1,cMajor,Piano Sonata K279 i C major.mid by Mozart.csv
364,368.0 to 368.75,10,"[0, 0, 0, 0, 1, 0, 1, 3, 0, 0, 0, 0]",0,cMajor,Piano Sonata K279 i C major.mid by Mozart.csv
365,369.0 to 369.75,16,"[1, 0, 0, 0, 1, 0, 1, 1, 0, 1, 0, 0]",8,cMajor,Piano Sonata K279 i C major.mid by Mozart.csv
366,370.0 to 370.75,1,"[0, 0, 1, 0, 0, 0, 1, 2, 0, 0, 0, 1]",0,gMajor,Piano Sonata K279 i C major.mid by Mozart.csv
367,371.0 to 371.75,0,"[2, 0, 0, 0, 1, 0, 0, 1, 0, 0, 0, 0]",3,cMajor,Piano Sonata K279 i C major.mid by Mozart.csv
368,372.0 to 372.75,10,"[0, 0, 0, 0, 0, 0, 2, 3, 0, 0, 0, 0]",0,cMajor,Piano Sonata K279 i C major.mid by Mozart.csv
369,373.0 to 373.75,13,"[3, 0, 0, 0, 2, 0, 0, 2, 0, 0, 0, 0]",3,cMajor,Piano Sonata K279 i C major.mid by Mozart.csv
370,374.0 to 374.75,1,"[0, 0, 0, 0, 0, 0, 0, 3, 0, 1, 0, 1]",0,gMajor,Piano Sonata K279 i C major.mid by Mozart.csv
371,375.0 to 375.75,12,"[1, 0, 1, 0, 1, 0, 1, 0, 0, 0, 0, 0]",2,cMajor,Piano Sonata K279 i C major.mid by Mozart.csv
372,376.0 to 376.75,5,"[1, 0, 0, 0, 0, 0, 0, 1, 0, 1, 0, 1]",4,fMajor,Piano Sonata K279 i C major.mid by Mozart.csv
373,377.0 to 377.75,16,"[0, 0, 1, 0, 1, 0, 1, 1, 0, 0, 0, 0]",2,cMajor,Piano Sonata K279 i C major.mid by Mozart.csv
374,378.0 to 378.75,3,"[0, 0, 1, 0, 0, 1, 0, 0, 1, 1, 0, 0]",9,fMinor,Piano Sonata K279 i C major.mid by Mozart.csv
375,379.0 to 379.75,6,"[0, 0, 1, 0, 1, 1, 0, 0, 0, 0, 0, 1]",1,gMajor,Piano Sonata K279 i C major.mid by Mozart.csv
376,380.0 to 380.75,0,"[3, 0, 0, 0, 1, 0, 0, 1, 0, 0, 0, 1]",3,cMajor,Piano Sonata K279 i C major.mid by Mozart.csv
377,381.0 to 381.75,0,"[2, 0, 0, 0, 0, 0, 0, 0, 0, 0, 0, 1]",3,cMajor,Piano Sonata K279 i C major.mid by Mozart.csv
378,382.0 to 382.75,9,"[1, 0, 1, 0, 1, 0, 0, 0, 0, 0, 0, 0]",2,cMajor,Piano Sonata K279 i C major.mid by Mozart.csv
379,383.0 to 383.75,9,"[0, 0, 0, 0, 1, 1, 0, 1, 0, 0, 0, 0]",1,cMajor,Piano Sonata K279 i C major.mid by Mozart.csv
380,384.0 to 384.0,18,"[0, 0, 1, 0, 0, 3, 0, 0, 0, 2, 0, 0]",9,fMinor,Piano Sonata K279 i C major.mid by Mozart.csv
381,385.0 to 385.75,6,"[0, 0, 1, 0, 1, 1, 0, 1, 0, 0, 0, 0]",1,cMajor,Piano Sonata K279 i C major.mid by Mozart.csv
382,386.0 to 386.875,8,"[1, 0, 1, 0, 2, 0, 0, 0, 0, 0, 0, 1]",5,cMajor,Piano Sonata K279 i C major.mid by Mozart.csv
383,387.0 to 387.875,6,"[0, 0, 1, 0, 0, 2, 0, 1, 0, 0, 0, 1]",1,gMajor,Piano Sonata K279 i C major.mid by Mozart.csv
384,388.0 to 388.75,0,"[3, 0, 0, 0, 1, 0, 0, 1, 0, 0, 0, 1]",3,cMajor,Piano Sonata K279 i C major.mid by Mozart.csv
385,389.0 to 389.75,0,"[2, 0, 0, 0, 0, 0, 0, 0, 0, 0, 0, 1]",3,cMajor,Piano Sonata K279 i C major.mid by Mozart.csv
386,390.0 to 390.75,9,"[1, 0, 1, 0, 1, 0, 0, 0, 0, 0, 0, 0]",2,cMajor,Piano Sonata K279 i C major.mid by Mozart.csv
387,391.0 to 391.75,9,"[0, 0, 0, 0, 1, 1, 0, 1, 0, 0, 0, 0]",1,cMajor,Piano Sonata K279 i C major.mid by Mozart.csv
388,392.0 to 392.0,18,"[0, 0, 1, 0, 0, 3, 0, 0, 0, 2, 0, 0]",9,fMinor,Piano Sonata K279 i C major.mid by Mozart.csv
389,393.0 to 393.75,6,"[0, 0, 1, 0, 1, 1, 0, 1, 0, 0, 0, 0]",1,cMajor,Piano Sonata K279 i C major.mid by Mozart.csv
390,394.0 to 394.875,8,"[1, 0, 1, 0, 2, 0, 0, 0, 0, 0, 0, 1]",5,cMajor,Piano Sonata K279 i C major.mid by Mozart.csv
391,395.0 to 395.875,6,"[0, 0, 1, 0, 0, 2, 0, 1, 0, 0, 0, 1]",1,gMajor,Piano Sonata K279 i C major.mid by Mozart.csv
392,396.0 to 396.75,15,"[2, 0, 1, 0, 1, 0, 0, 1, 0, 0, 0, 1]",3,cMajor,Piano Sonata K279 i C major.mid by Mozart.csv
393,397.0 to 397.875,13,"[2, 0, 0, 0, 1, 0, 0, 2, 0, 0, 0, 0]",7,cMajor,Piano Sonata K279 i C major.mid by Mozart.csv
394,398.0 to 398.75,14,"[1, 0, 0, 0, 0, 1, 0, 1, 0, 0, 1, 0]",7,e-Major,Piano Sonata K279 i C major.mid by Mozart.csv
395,399.0 to 399.75,9,"[1, 0, 0, 0, 1, 0, 0, 1, 0, 0, 1, 0]",7,cMajor,Piano Sonata K279 i C major.mid by Mozart.csv
396,400.0 to 400.875,9,"[1, 0, 0, 0, 1, 0, 0, 1, 0, 0, 1, 0]",7,cMajor,Piano Sonata K279 i C major.mid by Mozart.csv
397,401.0 to 401.875,0,"[2, 0, 0, 0, 1, 0, 0, 1, 0, 0, 1, 0]",3,cMajor,Piano Sonata K279 i C major.mid by Mozart.csv
398,402.0 to 402.75,2,"[1, 0, 0, 0, 0, 1, 0, 1, 0, 1, 0, 0]",4,fMajor,Piano Sonata K279 i C major.mid by Mozart.csv
399,403.0 to 403.75,18,"[1, 0, 0, 0, 0, 2, 0, 0, 0, 1, 0, 0]",9,fMajor,Piano Sonata K279 i C major.mid by Mozart.csv
400,404.0 to 404.875,18,"[1, 0, 0, 0, 0, 2, 0, 0, 0, 1, 0, 0]",9,fMajor,Piano Sonata K279 i C major.mid by Mozart.csv
401,405.0 to 405.875,2,"[1, 0, 0, 0, 0, 1, 0, 1, 0, 2, 0, 0]",4,fMajor,Piano Sonata K279 i C major.mid by Mozart.csv
402,406.0 to 406.75,14,"[0, 0, 0, 0, 1, 0, 0, 1, 0, 0, 2, 0]",7,e-Major,Piano Sonata K279 i C major.mid by Mozart.csv
403,407.0 to 407.75,14,"[0, 1, 0, 0, 1, 0, 0, 1, 0, 0, 1, 0]",7,f#Major,Piano Sonata K279 i C major.mid by Mozart.csv
404,408.0 to 408.875,8,"[0, 1, 0, 0, 2, 0, 0, 1, 0, 0, 0, 0]",7,aMajor,Piano Sonata K279 i C major.mid by Mozart.csv
405,409.0 to 409.875,10,"[0, 1, 0, 0, 1, 1, 0, 2, 0, 0, 0, 0]",7,cMajor,Piano Sonata K279 i C major.mid by Mozart.csv
406,410.0 to 410.75,3,"[0, 0, 1, 0, 0, 1, 0, 0, 2, 0, 0, 0]",9,c#Major,Piano Sonata K279 i C major.mid by Mozart.csv
407,411.0 to 411.75,4,"[0, 0, 1, 0, 0, 1, 0, 0, 1, 0, 0, 1]",6,gMajor,Piano Sonata K279 i C major.mid by Mozart.csv
408,412.0 to 412.875,0,"[2, 0, 0, 0, 1, 0, 0, 1, 0, 0, 0, 0]",3,cMajor,Piano Sonata K279 i C major.mid by Mozart.csv
409,413.0 to 413.75,10,"[1, 0, 0, 1, 0, 0, 0, 2, 0, 0, 0, 0]",7,e-Minor,Piano Sonata K279 i C major.mid by Mozart.csv
410,414.0 to 414.875,7,"[1, 0, 1, 0, 0, 0, 1, 1, 0, 1, 0, 0]",8,dMajor,Piano Sonata K279 i C major.mid by Mozart.csv
411,415.0 to 415.75,5,"[0, 0, 1, 0, 0, 1, 0, 1, 0, 0, 0, 1]",1,gMajor,Piano Sonata K279 i C major.mid by Mozart.csv
412,416.0 to 416.875,0,"[2, 0, 0, 0, 1, 1, 0, 1, 0, 0, 0, 0]",3,cMajor,Piano Sonata K279 i C major.mid by Mozart.csv
413,417.0 to 417.875,7,"[1, 0, 1, 1, 1, 0, 1, 0, 0, 1, 0, 0]",2,dMajor,Piano Sonata K279 i C major.mid by Mozart.csv
414,418.0 to 418.75,16,"[0, 0, 1, 0, 0, 0, 1, 1, 0, 0, 0, 0]",6,dMajor,Piano Sonata K279 i C major.mid by Mozart.csv
415,419.0 to 419.75,5,"[0, 0, 1, 0, 0, 1, 1, 1, 0, 0, 0, 1]",6,gMajor,Piano Sonata K279 i C major.mid by Mozart.csv
416,420.0 to 420.75,15,"[1, 0, 1, 0, 1, 1, 0, 1, 0, 0, 0, 1]",1,cMajor,Piano Sonata K279 i C major.mid by Mozart.csv
417,421.0 to 421.875,16,"[1, 0, 0, 0, 1, 0, 1, 1, 0, 1, 0, 0]",8,cMajor,Piano Sonata K279 i C major.mid by Mozart.csv
418,422.0 to 422.875,1,"[0, 0, 0, 0, 0, 0, 1, 2, 0, 0, 0, 1]",0,gMajor,Piano Sonata K279 i C major.mid by Mozart.csv
419,423.0 to 423.75,5,"[0, 0, 1, 0, 0, 1, 1, 1, 0, 0, 0, 1]",6,gMajor,Piano Sonata K279 i C major.mid by Mozart.csv
420,424.0 to 424.75,15,"[1, 0, 1, 0, 1, 1, 0, 1, 0, 0, 0, 1]",1,cMajor,Piano Sonata K279 i C major.mid by Mozart.csv
421,425.0 to 425.875,16,"[1, 0, 0, 0, 1, 0, 1, 1, 0, 1, 0, 0]",8,cMajor,Piano Sonata K279 i C major.mid by Mozart.csv
422,426.0 to 426.0,5,"[0, 0, 0, 0, 0, 0, 0, 1, 0, 0, 0, 1]",6,gMajor,Piano Sonata K279 i C major.mid by Mozart.csv
423,428.0 to 428.0,16,"[0, 0, 0, 0, 0, 0, 1, 1, 0, 0, 0, 0]",7,cMajor,Piano Sonata K279 i C major.mid by Mozart.csv
424,429.0 to 429.0,16,"[0, 0, 0, 0, 0, 0, 1, 1, 0, 0, 0, 0]",7,cMajor,Piano Sonata K279 i C major.mid by Mozart.csv
425,430.0 to 430.75,8,"[0, 2, 0, 0, 3, 0, 0, 1, 0, 1, 0, 0]",5,aMajor,Piano Sonata K279 i C major.mid by Mozart.csv
426,431.0 to 431.75,17,"[0, 1, 0, 0, 2, 0, 0, 0, 0, 2, 0, 0]",8,aMajor,Piano Sonata K279 i C major.mid by Mozart.csv
427,432.0 to 432.75,17,"[0, 1, 0, 0, 1, 0, 0, 1, 0, 2, 0, 0]",8,aMajor,Piano Sonata K279 i C major.mid by Mozart.csv
428,433.0 to 433.75,17,"[0, 1, 0, 0, 1, 0, 0, 1, 0, 1, 0, 0]",7,aMajor,Piano Sonata K279 i C major.mid by Mozart.csv
429,434.0 to 434.75,17,"[0, 1, 1, 0, 1, 0, 0, 0, 0, 2, 1, 0]",8,aMajor,Piano Sonata K279 i C major.mid by Mozart.csv
430,435.0 to 435.875,17,"[0, 1, 0, 0, 1, 1, 0, 1, 0, 2, 0, 0]",8,aMajor,Piano Sonata K279 i C major.mid by Mozart.csv
431,436.0 to 436.75,6,"[0, 0, 2, 0, 1, 1, 0, 1, 0, 0, 0, 0]",1,gMajor,Piano Sonata K279 i C major.mid by Mozart.csv
432,437.0 to 437.75,9,"[0, 0, 0, 0, 1, 1, 0, 1, 0, 0, 0, 0]",1,cMajor,Piano Sonata K279 i C major.mid by Mozart.csv
433,438.0 to 438.0,9,"[0, 0, 0, 0, 1, 1, 0, 0, 0, 0, 0, 0]",2,cMajor,Piano Sonata K279 i C major.mid by Mozart.csv
434,439.0 to 439.0,9,"[0, 0, 0, 0, 1, 1, 0, 0, 0, 0, 0, 0]",2,cMajor,Piano Sonata K279 i C major.mid by Mozart.csv
435,440.0 to 440.75,19,"[0, 0, 2, 0, 0, 0, 0, 1, 0, 0, 0, 1]",6,gMajor,Piano Sonata K279 i C major.mid by Mozart.csv
436,441.0 to 441.75,19,"[0, 0, 2, 0, 0, 0, 0, 2, 0, 0, 0, 1]",6,gMajor,Piano Sonata K279 i C major.mid by Mozart.csv
437,442.0 to 442.75,1,"[0, 0, 1, 0, 0, 1, 0, 2, 0, 0, 0, 1]",1,gMajor,Piano Sonata K279 i C major.mid by Mozart.csv
438,443.0 to 443.75,5,"[0, 0, 1, 0, 0, 1, 0, 1, 0, 0, 0, 1]",1,gMajor,Piano Sonata K279 i C major.mid by Mozart.csv
439,444.0 to 444.75,1,"[1, 0, 1, 0, 0, 0, 0, 2, 0, 1, 0, 1]",0,gMajor,Piano Sonata K279 i C major.mid by Mozart.csv
440,445.0 to 445.875,1,"[0, 0, 1, 0, 1, 1, 0, 2, 0, 0, 0, 1]",1,gMajor,Piano Sonata K279 i C major.mid by Mozart.csv
441,446.0 to 446.75,8,"[1, 0, 0, 0, 2, 0, 0, 1, 0, 0, 0, 0]",7,cMajor,Piano Sonata K279 i C major.mid by Mozart.csv
442,447.0 to 447.875,10,"[1, 0, 0, 0, 1, 0, 0, 2, 0, 0, 0, 0]",7,cMajor,Piano Sonata K279 i C major.mid by Mozart.csv
443,448.0 to 448.75,2,"[1, 0, 0, 0, 0, 1, 0, 0, 0, 2, 0, 1]",4,fMajor,Piano Sonata K279 i C major.mid by Mozart.csv
444,449.0 to 449.75,2,"[2, 0, 1, 0, 0, 1, 0, 0, 0, 2, 0, 1]",4,fMajor,Piano Sonata K279 i C major.mid by Mozart.csv
445,450.0 to 450.75,10,"[1, 0, 0, 0, 1, 0, 0, 2, 0, 0, 0, 0]",7,cMajor,Piano Sonata K279 i C major.mid by Mozart.csv
446,451.0 to 451.75,13,"[1, 0, 0, 0, 2, 0, 0, 2, 0, 0, 0, 0]",7,cMajor,Piano Sonata K279 i C major.mid by Mozart.csv
447,452.0 to 452.75,2,"[1, 0, 0, 0, 0, 1, 0, 0, 0, 2, 0, 1]",4,fMajor,Piano Sonata K279 i C major.mid by Mozart.csv
448,453.0 to 453.75,2,"[2, 0, 1, 0, 0, 1, 0, 0, 0, 2, 0, 1]",4,fMajor,Piano Sonata K279 i C major.mid by Mozart.csv
449,454.0 to 454.75,8,"[1, 0, 1, 0, 2, 0, 0, 1, 0, 0, 0, 0]",5,cMajor,Piano Sonata K279 i C major.mid by Mozart.csv
450,455.0 to 455.75,5,"[1, 1, 0, 0, 0, 0, 0, 1, 0, 1, 0, 1]",4,fMajor,Piano Sonata K279 i C major.mid by Mozart.csv
451,456.0 to 456.75,6,"[1, 0, 2, 0, 0, 1, 0, 1, 0, 0, 0, 0]",1,gMajor,Piano Sonata K279 i C major.mid by Mozart.csv
452,457.0 to 457.875,5,"[0, 0, 0, 0, 0, 1, 0, 1, 0, 1, 0, 2]",4,gMajor,Piano Sonata K279 i C major.mid by Mozart.csv
453,458.0 to 458.75,15,"[2, 0, 0, 0, 1, 1, 0, 0, 0, 0, 0, 1]",3,cMajor,Piano Sonata K279 i C major.mid by Mozart.csv
454,459.0 to 459.875,9,"[1, 0, 0, 0, 1, 1, 0, 1, 0, 1, 0, 0]",7,cMajor,Piano Sonata K279 i C major.mid by Mozart.csv
455,460.0 to 460.75,17,"[0, 0, 1, 0, 1, 0, 0, 1, 0, 2, 0, 0]",8,aMajor,Piano Sonata K279 i C major.mid by Mozart.csv
456,461.0 to 461.875,6,"[1, 0, 1, 0, 1, 1, 1, 0, 0, 0, 0, 0]",2,cMajor,Piano Sonata K279 i C major.mid by Mozart.csv
457,462.0 to 462.75,1,"[0, 0, 0, 0, 0, 0, 1, 2, 0, 0, 0, 1]",0,gMajor,Piano Sonata K279 i C major.mid by Mozart.csv
458,463.0 to 463.875,0,"[2, 0, 0, 0, 0, 0, 0, 1, 0, 0, 0, 1]",3,cMajor,Piano Sonata K279 i C major.mid by Mozart.csv
459,464.0 to 464.75,4,"[1, 0, 0, 0, 0, 1, 0, 0, 0, 1, 0, 2]",4,fMajor,Piano Sonata K279 i C major.mid by Mozart.csv
460,465.0 to 465.75,15,"[2, 0, 1, 0, 0, 1, 0, 0, 0, 1, 0, 2]",4,fMajor,Piano Sonata K279 i C major.mid by Mozart.csv
461,466.0 to 466.75,15,"[1, 0, 0, 0, 1, 0, 0, 1, 0, 0, 0, 1]",7,cMajor,Piano Sonata K279 i C major.mid by Mozart.csv
462,467.0 to 467.75,15,"[2, 0, 0, 0, 1, 0, 0, 1, 0, 0, 0, 1]",3,cMajor,Piano Sonata K279 i C major.mid by Mozart.csv
463,468.0 to 468.75,4,"[1, 0, 0, 0, 0, 1, 0, 0, 0, 1, 0, 2]",4,fMajor,Piano Sonata K279 i C major.mid by Mozart.csv
464,469.0 to 469.75,15,"[2, 0, 1, 0, 0, 1, 0, 0, 0, 1, 0, 2]",4,fMajor,Piano Sonata K279 i C major.mid by Mozart.csv
465,470.0 to 470.75,8,"[1, 0, 1, 0, 2, 0, 0, 1, 0, 0, 0, 0]",5,cMajor,Piano Sonata K279 i C major.mid by Mozart.csv
466,471.0 to 471.875,5,"[1, 1, 0, 0, 0, 0, 0, 1, 0, 1, 0, 1]",4,fMajor,Piano Sonata K279 i C major.mid by Mozart.csv
467,472.0 to 472.75,12,"[1, 0, 2, 0, 0, 0, 1, 1, 0, 0, 0, 0]",6,dMajor,Piano Sonata K279 i C major.mid by Mozart.csv
468,473.0 to 473.875,5,"[0, 0, 0, 0, 0, 1, 0, 1, 0, 1, 0, 2]",4,gMajor,Piano Sonata K279 i C major.mid by Mozart.csv
469,474.0 to 474.75,15,"[2, 0, 0, 0, 1, 1, 0, 0, 0, 0, 0, 1]",3,cMajor,Piano Sonata K279 i C major.mid by Mozart.csv
470,475.0 to 475.875,17,"[0, 0, 0, 0, 1, 1, 0, 1, 0, 2, 0, 0]",8,cMinor,Piano Sonata K279 i C major.mid by Mozart.csv
471,476.0 to 476.75,6,"[0, 0, 2, 0, 0, 2, 0, 0, 0, 1, 0, 0]",9,fMinor,Piano Sonata K279 i C major.mid by Mozart.csv
472,477.0 to 477.75,6,"[0, 0, 2, 0, 0, 1, 0, 0, 0, 1, 0, 0]",9,fMinor,Piano Sonata K279 i C major.mid by Mozart.csv
473,478.0 to 478.75,10,"[0, 0, 0, 0, 1, 0, 0, 2, 0, 0, 0, 1]",0,gMinor,Piano Sonata K279 i C major.mid by Mozart.csv
474,479.0 to 479.75,8,"[0, 0, 0, 0, 2, 0, 0, 1, 0, 0, 0, 1]",5,gMinor,Piano Sonata K279 i C major.mid by Mozart.csv
475,480.0 to 480.75,2,"[1, 0, 0, 0, 0, 1, 0, 0, 0, 2, 0, 0]",4,fMajor,Piano Sonata K279 i C major.mid by Mozart.csv
476,481.0 to 481.75,18,"[1, 0, 0, 0, 0, 2, 0, 0, 0, 1, 0, 0]",9,fMajor,Piano Sonata K279 i C major.mid by Mozart.csv
477,482.0 to 482.75,5,"[0, 0, 1, 0, 0, 0, 0, 1, 0, 0, 0, 2]",6,gMajor,Piano Sonata K279 i C major.mid by Mozart.csv
478,483.0 to 483.75,5,"[0, 0, 1, 0, 0, 1, 0, 1, 0, 0, 0, 1]",1,gMajor,Piano Sonata K279 i C major.mid by Mozart.csv
479,484.0 to 484.75,5,"[0, 0, 1, 0, 0, 1, 0, 1, 0, 0, 0, 1]",1,gMajor,Piano Sonata K279 i C major.mid by Mozart.csv
480,485.0 to 485.75,5,"[0, 0, 1, 0, 0, 1, 0, 1, 0, 0, 0, 1]",1,gMajor,Piano Sonata K279 i C major.mid by Mozart.csv
481,486.0 to 486.875,15,"[1, 0, 1, 0, 2, 0, 0, 1, 0, 0, 0, 1]",5,cMajor,Piano Sonata K279 i C major.mid by Mozart.csv
482,487.0 to 487.875,15,"[1, 0, 1, 0, 1, 1, 0, 1, 0, 0, 0, 1]",1,cMajor,Piano Sonata K279 i C major.mid by Mozart.csv
483,488.0 to 488.875,10,"[1, 0, 1, 0, 1, 1, 0, 2, 0, 0, 0, 0]",1,cMajor,Piano Sonata K279 i C major.mid by Mozart.csv
484,489.0 to 489.875,10,"[0, 0, 1, 0, 1, 1, 0, 2, 0, 1, 0, 0]",1,cMajor,Piano Sonata K279 i C major.mid by Mozart.csv
485,490.0 to 490.75,8,"[1, 0, 0, 0, 2, 0, 0, 1, 0, 0, 0, 1]",5,gMinor,Piano Sonata K279 i C major.mid by Mozart.csv
486,491.0 to 491.875,18,"[1, 0, 1, 0, 0, 2, 0, 1, 0, 1, 0, 0]",9,fMajor,Piano Sonata K279 i C major.mid by Mozart.csv
487,492.0 to 492.875,15,"[1, 0, 1, 0, 1, 1, 0, 1, 0, 0, 0, 1]",1,cMajor,Piano Sonata K279 i C major.mid by Mozart.csv
488,493.25 to 493.75,9,"[0, 0, 0, 0, 1, 1, 0, 1, 0, 0, 0, 0]",1,cMajor,Piano Sonata K279 i C major.mid by Mozart.csv
489,494.0 to 494.75,4,"[1, 0, 1, 0, 0, 1, 0, 0, 0, 0, 0, 1]",6,gMajor,Piano Sonata K279 i C major.mid by Mozart.csv
490,495.0 to 495.875,15,"[1, 0, 1, 0, 1, 1, 0, 1, 0, 0, 0, 1]",1,cMajor,Piano Sonata K279 i C major.mid by Mozart.csv
491,496.0 to 496.75,2,"[1, 0, 0, 0, 0, 1, 0, 0, 0, 1, 0, 1]",4,fMajor,Piano Sonata K279 i C major.mid by Mozart.csv
492,497.0 to 497.875,15,"[1, 0, 0, 0, 1, 1, 0, 1, 0, 0, 0, 1]",7,cMajor,Piano Sonata K279 i C major.mid by Mozart.csv
493,498.0 to 498.875,4,"[1, 1, 1, 0, 0, 1, 0, 0, 0, 0, 0, 1]",6,gMajor,Piano Sonata K279 i C major.mid by Mozart.csv
494,499.0 to 499.875,15,"[1, 0, 0, 1, 1, 0, 0, 1, 0, 0, 0, 1]",7,e-Minor,Piano Sonata K279 i C major.mid by Mozart.csv
495,500.0 to 500.75,2,"[1, 0, 0, 0, 0, 1, 0, 0, 0, 1, 0, 1]",4,fMajor,Piano Sonata K279 i C major.mid by Mozart.csv
496,501.0 to 501.875,15,"[1, 0, 0, 0, 1, 1, 0, 1, 0, 0, 0, 1]",7,cMajor,Piano Sonata K279 i C major.mid by Mozart.csv
497,502.0 to 502.875,6,"[0, 1, 1, 0, 0, 1, 0, 0, 0, 1, 0, 0]",9,fMinor,Piano Sonata K279 i C major.mid by Mozart.csv
498,503.0 to 503.5,3,"[0, 0, 0, 0, 1, 1, 0, 0, 1, 1, 0, 0]",9,c#Major,Piano Sonata K279 i C major.mid by Mozart.csv
499,504.0 to 504.75,17,"[0, 0, 0, 0, 0, 1, 0, 0, 1, 2, 0, 0]",9,fMajor,Piano Sonata K279 i C major.mid by Mozart.csv
500,505.0 to 505.5,3,"[0, 0, 0, 0, 1, 1, 0, 0, 1, 1, 0, 0]",9,c#Major,Piano Sonata K279 i C major.mid by Mozart.csv
501,506.0 to 506.75,2,"[1, 0, 0, 0, 0, 1, 0, 0, 0, 1, 0, 1]",4,fMajor,Piano Sonata K279 i C major.mid by Mozart.csv
502,507.0 to 507.5,3,"[0, 0, 0, 0, 1, 1, 0, 0, 1, 1, 0, 0]",9,c#Major,Piano Sonata K279 i C major.mid by Mozart.csv
503,508.0 to 508.625,2,"[1, 0, 0, 0, 0, 0, 0, 0, 1, 1, 0, 1]",4,eMajor,Piano Sonata K279 i C major.mid by Mozart.csv
504,509.0 to 509.625,3,"[0, 0, 0, 0, 1, 1, 0, 0, 1, 1, 0, 0]",9,c#Major,Piano Sonata K279 i C major.mid by Mozart.csv
505,510.0 to 510.625,6,"[0, 1, 1, 0, 1, 1, 0, 0, 0, 0, 0, 0]",1,c#Major,Piano Sonata K279 i C major.mid by Mozart.csv
506,511.0 to 511.625,2,"[1, 0, 0, 0, 0, 0, 0, 0, 1, 1, 0, 1]",4,eMajor,Piano Sonata K279 i C major.mid by Mozart.csv
507,512.0 to 512.75,13,"[2, 0, 0, 0, 2, 0, 0, 3, 0, 0, 0, 0]",7,cMajor,Piano Sonata K279 i C major.mid by Mozart.csv
508,513.0 to 513.75,13,"[1, 0, 1, 0, 2, 1, 0, 2, 0, 0, 0, 0]",7,cMajor,Piano Sonata K279 i C major.mid by Mozart.csv
509,514.0 to 514.7916667,6,"[1, 0, 2, 0, 1, 1, 0, 1, 0, 0, 0, 0]",1,cMajor,Piano Sonata K279 i C major.mid by Mozart.csv
510,515.0 to 515.7916667,6,"[0, 0, 2, 0, 1, 1, 0, 2, 0, 0, 0, 0]",1,gMajor,Piano Sonata K279 i C major.mid by Mozart.csv
511,516.0 to 516.75,0,"[3, 0, 1, 0, 1, 0, 0, 1, 0, 0, 0, 0]",3,cMajor,Piano Sonata K279 i C major.mid by Mozart.csv
512,517.0 to 517.75,0,"[3, 0, 0, 0, 1, 0, 0, 1, 0, 0, 0, 0]",3,cMajor,Piano Sonata K279 i C major.mid by Mozart.csv
513,518.0 to 518.75,19,"[0, 0, 3, 0, 0, 0, 0, 1, 0, 0, 0, 1]",6,gMajor,Piano Sonata K279 i C major.mid by Mozart.csv
514,519.0 to 519.75,19,"[0, 0, 2, 0, 0, 0, 0, 1, 0, 0, 0, 2]",6,gMajor,Piano Sonata K279 i C major.mid by Mozart.csv
515,520.0 to 520.75,8,"[1, 0, 0, 0, 3, 0, 0, 1, 0, 0, 0, 0]",5,cMajor,Piano Sonata K279 i C major.mid by Mozart.csv
516,521.0 to 521.75,13,"[2, 0, 0, 0, 2, 0, 0, 1, 0, 0, 0, 0]",3,cMajor,Piano Sonata K279 i C major.mid by Mozart.csv
517,522.0 to 522.75,18,"[0, 0, 2, 0, 0, 2, 0, 0, 1, 2, 0, 0]",9,fMinor,Piano Sonata K279 i C major.mid by Mozart.csv
518,523.0 to 523.75,6,"[0, 0, 2, 0, 1, 2, 0, 1, 0, 0, 0, 1]",1,b-Major,Piano Sonata K279 i C major.mid by Mozart.csv
519,524.0 to 524.75,0,"[2, 0, 0, 0, 1, 0, 0, 0, 0, 0, 0, 1]",3,cMinor,Piano Sonata K279 i C major.mid by Mozart.csv
520,525.0 to 525.75,0,"[4, 0, 0, 0, 1, 0, 0, 1, 0, 0, 0, 1]",3,cMajor,Piano Sonata K279 i C major.mid by Mozart.csv
521,526.0 to 526.75,12,"[0, 1, 2, 0, 0, 0, 0, 0, 0, 0, 0, 1]",6,gMajor,Piano Sonata K279 i C major.mid by Mozart.csv
522,527.0 to 527.75,19,"[0, 0, 2, 0, 0, 0, 0, 1, 0, 1, 0, 3]",6,gMajor,Piano Sonata K279 i C major.mid by Mozart.csv
523,528.0 to 528.75,8,"[1, 0, 0, 1, 2, 0, 0, 0, 0, 0, 0, 0]",2,cMajor,Piano Sonata K279 i C major.mid by Mozart.csv
524,529.0 to 529.75,13,"[3, 0, 0, 0, 2, 0, 0, 1, 0, 0, 0, 1]",3,cMajor,Piano Sonata K279 i C major.mid by Mozart.csv
525,530.0 to 530.75,18,"[0, 0, 2, 0, 0, 2, 0, 0, 1, 2, 0, 0]",9,fMinor,Piano Sonata K279 i C major.mid by Mozart.csv
526,531.0 to 531.75,6,"[0, 0, 2, 0, 1, 2, 0, 1, 0, 0, 0, 1]",1,b-Major,Piano Sonata K279 i C major.mid by Mozart.csv
527,532.0 to 532.75,0,"[3, 0, 1, 0, 2, 0, 0, 0, 0, 0, 0, 0]",3,cMajor,Piano Sonata K279 i C major.mid by Mozart.csv
528,533.0 to 533.75,5,"[1, 0, 0, 0, 0, 0, 0, 1, 0, 1, 0, 1]",4,fMajor,Piano Sonata K279 i C major.mid by Mozart.csv
529,534.0 to 534.75,6,"[1, 0, 1, 0, 1, 1, 0, 0, 0, 0, 0, 0]",2,cMajor,Piano Sonata K279 i C major.mid by Mozart.csv
530,535.0 to 535.75,16,"[0, 0, 0, 0, 0, 0, 1, 1, 0, 1, 0, 1]",8,dMajor,Piano Sonata K279 i C major.mid by Mozart.csv
531,536.0 to 536.0,9,"[0, 0, 0, 0, 0, 1, 0, 0, 0, 0, 0, 0]",9,c#Major,Piano Sonata K279 i C major.mid by Mozart.csv
532,537.0 to 537.75,6,"[0, 0, 2, 0, 0, 1, 0, 0, 0, 0, 0, 0]",9,b-Major,Piano Sonata K279 i C major.mid by Mozart.csv
533,538.0 to 538.75,5,"[0, 0, 0, 0, 0, 1, 0, 1, 0, 1, 0, 2]",4,gMajor,Piano Sonata K279 i C major.mid by Mozart.csv
534,539.0 to 539.75,1,"[0, 0, 0, 0, 0, 1, 0, 3, 0, 1, 0, 1]",0,gMajor,Piano Sonata K279 i C major.mid by Mozart.csv
535,540.0 to 540.75,15,"[2, 0, 1, 0, 0, 1, 0, 0, 0, 0, 0, 1]",3,fMajor,Piano Sonata K279 i C major.mid by Mozart.csv
536,541.0 to 541.75,4,"[1, 0, 1, 0, 0, 1, 0, 0, 0, 0, 0, 1]",6,gMajor,Piano Sonata K279 i C major.mid by Mozart.csv
537,542.0 to 542.75,0,"[3, 0, 0, 0, 1, 0, 0, 0, 0, 0, 0, 1]",3,cMajor,Piano Sonata K279 i C major.mid by Mozart.csv
538,543.0 to 543.75,10,"[0, 0, 0, 0, 0, 0, 1, 2, 0, 0, 0, 0]",0,cMajor,Piano Sonata K279 i C major.mid by Mozart.csv
539,544.0 to 544.75,15,"[1, 0, 0, 0, 1, 0, 0, 0, 0, 0, 0, 1]",2,cMajor,Piano Sonata K279 i C major.mid by Mozart.csv
540,545.0 to 545.75,9,"[0, 0, 1, 0, 1, 0, 0, 1, 0, 0, 0, 0]",2,cMajor,Piano Sonata K279 i C major.mid by Mozart.csv
541,546.0 to 546.75,4,"[1, 0, 0, 0, 0, 0, 0, 0, 0, 0, 0, 1]",4,gMajor,Piano Sonata K279 i C major.mid by Mozart.csv
542,547.0 to 547.75,9,"[1, 0, 0, 0, 1, 0, 0, 1, 0, 0, 0, 0]",7,cMajor,Piano Sonata K279 i C major.mid by Mozart.csv
543,548.0 to 548.75,0,"[3, 0, 0, 0, 1, 0, 0, 0, 0, 0, 0, 0]",3,cMajor,Piano Sonata K279 i C major.mid by Mozart.csv
544,549.0 to 549.75,13,"[2, 0, 0, 0, 2, 0, 0, 2, 0, 0, 0, 0]",7,cMajor,Piano Sonata K279 i C major.mid by Mozart.csv
545,550.0 to 550.0,0,"[2, 0, 0, 0, 1, 0, 0, 1, 0, 0, 0, 0]",3,cMajor,Piano Sonata K279 i C major.mid by Mozart.csv
