index,offsetRange,CentroidLabelIndex_entireUnits,"[C,C#,D,E-,E,F,F#,G,G#,A,B-,B]",CentroidLabelIndex_individualUnit,triadLabel,filename
0,4.0 to 4.125,7,"[0, 0, 3, 0, 0, 0, 1, 0, 0, 2, 0, 0]",8,dMajor,Piano Sonata K311 i D major.mid by Mozart.csv
1,6.0 to 6.833333333,16,"[0, 0, 1, 0, 1, 0, 2, 1, 0, 0, 0, 0]",3,dMajor,Piano Sonata K311 i D major.mid by Mozart.csv
2,7.0 to 7.75,16,"[0, 0, 1, 0, 1, 0, 2, 2, 0, 1, 0, 0]",3,dMajor,Piano Sonata K311 i D major.mid by Mozart.csv
3,8.0 to 8.25,17,"[0, 0, 0, 0, 1, 0, 1, 2, 0, 2, 0, 0]",4,cMajor,Piano Sonata K311 i D major.mid by Mozart.csv
4,10.0 to 10.5,4,"[0, 0, 0, 0, 0, 0, 0, 0, 0, 1, 0, 1]",1,dMajor,Piano Sonata K311 i D major.mid by Mozart.csv
5,11.0 to 11.5,12,"[0, 1, 1, 0, 0, 0, 0, 0, 0, 0, 0, 0]",1,c#Major,Piano Sonata K311 i D major.mid by Mozart.csv
6,12.0 to 12.875,7,"[0, 0, 1, 0, 0, 0, 1, 0, 0, 1, 0, 0]",1,dMajor,Piano Sonata K311 i D major.mid by Mozart.csv
7,13.0 to 13.5,12,"[0, 0, 2, 0, 0, 0, 1, 0, 0, 1, 0, 0]",8,dMajor,Piano Sonata K311 i D major.mid by Mozart.csv
8,14.0 to 14.875,16,"[0, 0, 1, 0, 1, 0, 1, 1, 0, 1, 0, 0]",4,dMajor,Piano Sonata K311 i D major.mid by Mozart.csv
9,15.0 to 15.5,17,"[0, 1, 0, 0, 0, 0, 0, 1, 0, 2, 0, 0]",5,aMajor,Piano Sonata K311 i D major.mid by Mozart.csv
10,16.0 to 16.5,12,"[0, 0, 2, 0, 0, 1, 1, 0, 0, 0, 0, 0]",2,b-Major,Piano Sonata K311 i D major.mid by Mozart.csv
11,18.0 to 18.83333333,16,"[0, 0, 1, 0, 1, 0, 2, 1, 0, 0, 0, 0]",3,dMajor,Piano Sonata K311 i D major.mid by Mozart.csv
12,19.0 to 19.75,16,"[0, 0, 1, 0, 1, 0, 2, 2, 0, 1, 0, 0]",3,dMajor,Piano Sonata K311 i D major.mid by Mozart.csv
13,20.0 to 20.25,17,"[0, 0, 0, 0, 0, 0, 1, 1, 0, 2, 0, 0]",5,dMajor,Piano Sonata K311 i D major.mid by Mozart.csv
14,22.0 to 22.5,4,"[0, 0, 0, 0, 0, 0, 0, 0, 0, 1, 0, 1]",1,dMajor,Piano Sonata K311 i D major.mid by Mozart.csv
15,23.0 to 23.5,12,"[0, 1, 1, 0, 0, 0, 0, 0, 0, 0, 0, 0]",1,c#Major,Piano Sonata K311 i D major.mid by Mozart.csv
16,24.0 to 24.625,7,"[0, 0, 1, 0, 0, 0, 1, 0, 0, 1, 0, 0]",1,dMajor,Piano Sonata K311 i D major.mid by Mozart.csv
17,25.0 to 25.5,12,"[0, 0, 2, 0, 0, 0, 1, 0, 0, 0, 0, 0]",2,dMajor,Piano Sonata K311 i D major.mid by Mozart.csv
18,26.0 to 26.75,16,"[0, 0, 1, 0, 1, 0, 1, 1, 0, 1, 0, 0]",4,dMajor,Piano Sonata K311 i D major.mid by Mozart.csv
19,27.0 to 27.75,17,"[0, 1, 0, 0, 1, 0, 1, 1, 0, 2, 0, 0]",9,aMajor,Piano Sonata K311 i D major.mid by Mozart.csv
20,28.0 to 28.625,12,"[0, 0, 2, 0, 1, 0, 1, 0, 0, 0, 0, 0]",2,dMajor,Piano Sonata K311 i D major.mid by Mozart.csv
21,29.0 to 29.625,7,"[0, 0, 1, 0, 0, 0, 1, 0, 0, 1, 0, 0]",1,dMajor,Piano Sonata K311 i D major.mid by Mozart.csv
22,30.0 to 30.875,16,"[0, 0, 1, 0, 0, 0, 2, 1, 0, 0, 0, 0]",3,dMinor,Piano Sonata K311 i D major.mid by Mozart.csv
23,31.0 to 31.875,12,"[0, 0, 2, 0, 1, 0, 2, 1, 0, 0, 0, 0]",3,dMajor,Piano Sonata K311 i D major.mid by Mozart.csv
24,32.0 to 32.5,16,"[0, 1, 0, 0, 1, 0, 1, 1, 0, 0, 0, 0]",4,cMajor,Piano Sonata K311 i D major.mid by Mozart.csv
25,33.0 to 33.625,17,"[0, 0, 0, 0, 1, 0, 0, 1, 0, 1, 0, 0]",4,cMajor,Piano Sonata K311 i D major.mid by Mozart.csv
26,34.0 to 34.75,8,"[0, 0, 0, 0, 2, 0, 1, 1, 0, 0, 0, 0]",4,gMinor,Piano Sonata K311 i D major.mid by Mozart.csv
27,35.0 to 35.75,4,"[0, 1, 1, 0, 1, 0, 1, 0, 0, 0, 0, 1]",2,dMinor,Piano Sonata K311 i D major.mid by Mozart.csv
28,36.0 to 36.625,17,"[0, 1, 0, 0, 1, 0, 0, 0, 0, 1, 0, 1]",0,aMajor,Piano Sonata K311 i D major.mid by Mozart.csv
29,37.0 to 37.66666667,17,"[0, 1, 0, 0, 0, 0, 0, 0, 0, 2, 0, 0]",5,aMajor,Piano Sonata K311 i D major.mid by Mozart.csv
30,38.0 to 38.875,17,"[0, 1, 0, 0, 0, 0, 0, 1, 0, 2, 0, 0]",5,aMajor,Piano Sonata K311 i D major.mid by Mozart.csv
31,39.0 to 39.75,16,"[0, 1, 0, 0, 1, 0, 1, 2, 0, 1, 0, 0]",4,cMajor,Piano Sonata K311 i D major.mid by Mozart.csv
32,40.0 to 40.625,12,"[0, 0, 2, 0, 0, 0, 1, 0, 0, 0, 0, 0]",2,dMajor,Piano Sonata K311 i D major.mid by Mozart.csv
33,41.0 to 41.625,7,"[0, 0, 1, 0, 0, 0, 1, 0, 0, 1, 0, 0]",1,dMajor,Piano Sonata K311 i D major.mid by Mozart.csv
34,42.0 to 42.875,16,"[0, 0, 1, 0, 1, 0, 2, 0, 0, 0, 0, 0]",3,dMinor,Piano Sonata K311 i D major.mid by Mozart.csv
35,43.0 to 43.75,17,"[0, 1, 0, 0, 0, 0, 0, 1, 0, 1, 0, 1]",5,aMajor,Piano Sonata K311 i D major.mid by Mozart.csv
36,44.0 to 44.83333333,12,"[0, 0, 2, 0, 1, 0, 1, 0, 0, 0, 0, 0]",2,dMajor,Piano Sonata K311 i D major.mid by Mozart.csv
37,45.0 to 45.75,17,"[0, 1, 0, 0, 0, 0, 0, 1, 0, 1, 0, 1]",5,aMajor,Piano Sonata K311 i D major.mid by Mozart.csv
38,46.0 to 46.83333333,7,"[0, 1, 1, 0, 0, 0, 1, 0, 0, 2, 0, 1]",5,dMajor,Piano Sonata K311 i D major.mid by Mozart.csv
39,47.0 to 47.75,7,"[0, 0, 1, 0, 1, 0, 2, 1, 0, 2, 0, 0]",8,dMajor,Piano Sonata K311 i D major.mid by Mozart.csv
40,48.0 to 48.75,16,"[0, 0, 1, 1, 1, 0, 1, 1, 0, 0, 0, 1]",4,gMajor,Piano Sonata K311 i D major.mid by Mozart.csv
41,49.0 to 49.83333333,16,"[0, 0, 0, 0, 1, 0, 1, 1, 0, 1, 0, 0]",4,cMajor,Piano Sonata K311 i D major.mid by Mozart.csv
42,50.0 to 50.83333333,1,"[0, 0, 0, 0, 0, 0, 1, 2, 0, 1, 0, 2]",6,gMajor,Piano Sonata K311 i D major.mid by Mozart.csv
43,51.0 to 51.83333333,5,"[0, 1, 1, 0, 1, 0, 0, 1, 1, 0, 0, 2]",7,eMajor,Piano Sonata K311 i D major.mid by Mozart.csv
44,52.0 to 52.83333333,17,"[0, 1, 1, 0, 0, 0, 0, 1, 0, 2, 0, 1]",5,dMajor,Piano Sonata K311 i D major.mid by Mozart.csv
45,53.0 to 53.5,12,"[0, 0, 2, 0, 0, 0, 1, 0, 0, 1, 0, 0]",8,dMajor,Piano Sonata K311 i D major.mid by Mozart.csv
46,54.0 to 54.75,17,"[0, 1, 0, 0, 1, 0, 0, 1, 0, 2, 0, 0]",9,aMajor,Piano Sonata K311 i D major.mid by Mozart.csv
47,55.0 to 55.75,12,"[0, 0, 2, 0, 1, 0, 2, 1, 0, 0, 0, 0]",3,dMajor,Piano Sonata K311 i D major.mid by Mozart.csv
48,56.0 to 56.75,17,"[0, 1, 1, 0, 0, 0, 0, 1, 0, 2, 0, 0]",5,aMajor,Piano Sonata K311 i D major.mid by Mozart.csv
49,57.0 to 57.5,12,"[0, 0, 2, 0, 0, 0, 1, 0, 0, 1, 0, 0]",8,dMajor,Piano Sonata K311 i D major.mid by Mozart.csv
50,58.0 to 58.75,17,"[0, 1, 0, 0, 1, 0, 0, 1, 0, 2, 0, 0]",9,aMajor,Piano Sonata K311 i D major.mid by Mozart.csv
51,59.0 to 59.75,12,"[0, 0, 2, 0, 1, 0, 2, 1, 0, 0, 0, 0]",3,dMajor,Piano Sonata K311 i D major.mid by Mozart.csv
52,60.0 to 60.75,17,"[0, 1, 1, 0, 2, 0, 0, 0, 0, 3, 0, 0]",9,aMajor,Piano Sonata K311 i D major.mid by Mozart.csv
53,61.0 to 61.83333333,7,"[0, 0, 2, 0, 0, 0, 2, 0, 0, 3, 0, 0]",8,dMajor,Piano Sonata K311 i D major.mid by Mozart.csv
54,62.0 to 62.875,17,"[0, 1, 0, 0, 2, 0, 0, 0, 0, 3, 0, 0]",9,aMajor,Piano Sonata K311 i D major.mid by Mozart.csv
55,63.0 to 63.75,7,"[0, 0, 2, 0, 0, 0, 2, 0, 0, 2, 0, 0]",8,dMajor,Piano Sonata K311 i D major.mid by Mozart.csv
56,64.0 to 64.625,17,"[0, 2, 0, 0, 2, 0, 0, 0, 0, 3, 0, 0]",9,aMajor,Piano Sonata K311 i D major.mid by Mozart.csv
57,65.125 to 65.66666667,17,"[0, 2, 0, 0, 2, 0, 0, 0, 0, 3, 0, 0]",9,aMajor,Piano Sonata K311 i D major.mid by Mozart.csv
58,66.25 to 66.875,17,"[0, 2, 1, 0, 2, 0, 0, 0, 0, 3, 0, 0]",9,aMajor,Piano Sonata K311 i D major.mid by Mozart.csv
59,67.0 to 67.83333333,4,"[0, 1, 1, 0, 0, 0, 0, 0, 0, 0, 0, 1]",2,gMajor,Piano Sonata K311 i D major.mid by Mozart.csv
60,68.0 to 68.625,17,"[0, 1, 0, 1, 1, 0, 0, 0, 0, 1, 0, 0]",0,aMajor,Piano Sonata K311 i D major.mid by Mozart.csv
61,69.0 to 69.625,4,"[0, 0, 1, 0, 1, 0, 0, 0, 0, 0, 0, 1]",7,eMajor,Piano Sonata K311 i D major.mid by Mozart.csv
62,70.0 to 70.625,17,"[0, 1, 0, 0, 1, 0, 0, 0, 1, 1, 0, 0]",0,aMajor,Piano Sonata K311 i D major.mid by Mozart.csv
63,71.0 to 71.625,8,"[0, 1, 0, 0, 2, 0, 1, 0, 1, 1, 0, 0]",0,aMajor,Piano Sonata K311 i D major.mid by Mozart.csv
64,72.0 to 72.625,4,"[0, 1, 1, 0, 0, 0, 1, 0, 0, 0, 0, 1]",2,dMinor,Piano Sonata K311 i D major.mid by Mozart.csv
65,73.0 to 73.625,12,"[0, 0, 2, 0, 0, 0, 0, 0, 0, 0, 0, 1]",2,gMajor,Piano Sonata K311 i D major.mid by Mozart.csv
66,74.0 to 74.66666667,4,"[0, 0, 1, 0, 1, 0, 0, 0, 1, 0, 0, 1]",7,eMajor,Piano Sonata K311 i D major.mid by Mozart.csv
67,75.0 to 75.5,4,"[0, 1, 1, 0, 1, 0, 0, 0, 0, 0, 0, 1]",7,eMajor,Piano Sonata K311 i D major.mid by Mozart.csv
68,76.0 to 76.75,17,"[0, 1, 1, 0, 1, 0, 0, 0, 1, 1, 0, 0]",7,aMajor,Piano Sonata K311 i D major.mid by Mozart.csv
69,77.0 to 77.625,4,"[0, 0, 0, 0, 1, 0, 0, 0, 1, 0, 0, 1]",7,eMajor,Piano Sonata K311 i D major.mid by Mozart.csv
70,78.0 to 78.75,17,"[1, 1, 0, 0, 1, 0, 0, 0, 0, 1, 0, 0]",0,aMajor,Piano Sonata K311 i D major.mid by Mozart.csv
71,79.0 to 79.75,7,"[0, 0, 1, 0, 1, 0, 1, 0, 0, 1, 0, 0]",1,dMajor,Piano Sonata K311 i D major.mid by Mozart.csv
72,80.0 to 80.5,17,"[0, 1, 0, 0, 1, 0, 0, 0, 0, 1, 0, 0]",0,aMajor,Piano Sonata K311 i D major.mid by Mozart.csv
73,81.0 to 81.83333333,17,"[0, 2, 1, 0, 1, 0, 0, 0, 0, 1, 0, 0]",0,aMajor,Piano Sonata K311 i D major.mid by Mozart.csv
74,82.0 to 82.5,4,"[0, 1, 0, 0, 1, 0, 0, 0, 1, 0, 0, 1]",7,eMinor,Piano Sonata K311 i D major.mid by Mozart.csv
75,83.0 to 83.5,11,"[0, 0, 1, 1, 0, 0, 0, 0, 0, 0, 0, 0]",1,g#Major,Piano Sonata K311 i D major.mid by Mozart.csv
76,84.0 to 84.75,17,"[0, 1, 0, 1, 1, 0, 0, 0, 0, 1, 0, 0]",0,aMajor,Piano Sonata K311 i D major.mid by Mozart.csv
77,85.0 to 85.875,4,"[0, 0, 1, 1, 1, 0, 1, 0, 0, 0, 0, 1]",2,bMajor,Piano Sonata K311 i D major.mid by Mozart.csv
78,86.0 to 86.625,8,"[0, 1, 0, 0, 2, 0, 0, 0, 1, 1, 0, 0]",0,aMajor,Piano Sonata K311 i D major.mid by Mozart.csv
79,87.0 to 87.875,8,"[0, 1, 0, 0, 2, 0, 1, 0, 1, 1, 0, 0]",0,aMajor,Piano Sonata K311 i D major.mid by Mozart.csv
80,88.0 to 88.83333333,4,"[0, 1, 1, 0, 0, 0, 1, 0, 0, 0, 0, 1]",2,dMinor,Piano Sonata K311 i D major.mid by Mozart.csv
81,89.0 to 89.875,12,"[0, 1, 2, 0, 1, 0, 1, 0, 0, 0, 0, 1]",2,dMinor,Piano Sonata K311 i D major.mid by Mozart.csv
82,90.0 to 90.625,4,"[0, 0, 1, 0, 1, 0, 0, 0, 1, 0, 0, 1]",7,eMajor,Piano Sonata K311 i D major.mid by Mozart.csv
83,91.0 to 91.75,4,"[0, 1, 0, 0, 1, 0, 0, 0, 1, 0, 0, 2]",7,eMajor,Piano Sonata K311 i D major.mid by Mozart.csv
84,92.0 to 92.75,17,"[0, 1, 0, 0, 0, 0, 0, 0, 0, 2, 0, 0]",5,aMajor,Piano Sonata K311 i D major.mid by Mozart.csv
85,93.0 to 93.875,12,"[0, 0, 2, 0, 0, 0, 1, 0, 0, 0, 0, 1]",2,dMinor,Piano Sonata K311 i D major.mid by Mozart.csv
86,94.0 to 94.875,17,"[0, 1, 0, 0, 1, 0, 0, 0, 1, 1, 0, 0]",0,aMajor,Piano Sonata K311 i D major.mid by Mozart.csv
87,95.0 to 95.875,17,"[0, 1, 0, 0, 1, 0, 1, 0, 1, 1, 0, 1]",7,eMajor,Piano Sonata K311 i D major.mid by Mozart.csv
88,96.0 to 96.75,17,"[0, 0, 0, 1, 1, 0, 0, 0, 0, 2, 0, 0]",0,aMajor,Piano Sonata K311 i D major.mid by Mozart.csv
89,97.0 to 97.83333333,16,"[0, 0, 0, 1, 1, 0, 1, 0, 0, 1, 0, 0]",0,dMajor,Piano Sonata K311 i D major.mid by Mozart.csv
90,98.0 to 98.83333333,4,"[0, 0, 1, 0, 1, 0, 0, 0, 0, 1, 0, 1]",7,dMajor,Piano Sonata K311 i D major.mid by Mozart.csv
91,99.0 to 99.83333333,8,"[0, 0, 1, 0, 2, 0, 0, 0, 1, 0, 0, 0]",7,eMajor,Piano Sonata K311 i D major.mid by Mozart.csv
92,100.0 to 100.75,17,"[0, 1, 0, 1, 1, 0, 0, 0, 0, 1, 0, 0]",0,aMajor,Piano Sonata K311 i D major.mid by Mozart.csv
93,101.0 to 101.8333333,16,"[0, 0, 0, 1, 1, 0, 1, 0, 0, 1, 0, 0]",0,dMajor,Piano Sonata K311 i D major.mid by Mozart.csv
94,102.0 to 102.75,4,"[0, 0, 1, 0, 1, 0, 0, 0, 0, 1, 0, 1]",7,dMajor,Piano Sonata K311 i D major.mid by Mozart.csv
95,103.0 to 103.75,8,"[0, 0, 1, 0, 2, 0, 0, 0, 1, 0, 0, 0]",7,eMajor,Piano Sonata K311 i D major.mid by Mozart.csv
96,104.0 to 104.75,8,"[0, 1, 0, 1, 2, 0, 0, 0, 0, 1, 0, 0]",0,aMajor,Piano Sonata K311 i D major.mid by Mozart.csv
97,105.0 to 105.8333333,16,"[0, 0, 0, 1, 1, 0, 1, 0, 0, 1, 0, 0]",0,dMajor,Piano Sonata K311 i D major.mid by Mozart.csv
98,106.0 to 106.75,4,"[0, 0, 1, 0, 1, 0, 0, 0, 0, 1, 0, 1]",7,dMajor,Piano Sonata K311 i D major.mid by Mozart.csv
99,107.0 to 107.75,8,"[0, 0, 1, 0, 2, 0, 0, 0, 1, 0, 0, 0]",7,eMajor,Piano Sonata K311 i D major.mid by Mozart.csv
100,108.0 to 108.75,17,"[0, 1, 0, 1, 1, 0, 0, 0, 0, 1, 0, 0]",0,aMajor,Piano Sonata K311 i D major.mid by Mozart.csv
101,109.0 to 109.8333333,16,"[0, 0, 0, 1, 1, 0, 1, 0, 0, 1, 0, 0]",0,dMajor,Piano Sonata K311 i D major.mid by Mozart.csv
102,110.0 to 110.75,4,"[0, 0, 1, 0, 1, 0, 0, 0, 0, 1, 0, 1]",7,dMajor,Piano Sonata K311 i D major.mid by Mozart.csv
103,111.0 to 111.75,8,"[0, 0, 1, 0, 2, 0, 0, 0, 1, 0, 0, 0]",7,eMajor,Piano Sonata K311 i D major.mid by Mozart.csv
104,112.0 to 112.3333333,17,"[0, 1, 0, 0, 1, 0, 0, 0, 0, 1, 0, 0]",0,aMajor,Piano Sonata K311 i D major.mid by Mozart.csv
105,113.0 to 113.75,17,"[0, 1, 0, 0, 1, 0, 0, 0, 0, 1, 0, 0]",0,aMajor,Piano Sonata K311 i D major.mid by Mozart.csv
106,114.0 to 114.75,4,"[0, 0, 1, 0, 0, 0, 0, 0, 0, 1, 0, 1]",1,dMajor,Piano Sonata K311 i D major.mid by Mozart.csv
107,115.0 to 115.75,17,"[0, 1, 0, 0, 0, 0, 0, 0, 0, 2, 0, 0]",5,aMajor,Piano Sonata K311 i D major.mid by Mozart.csv
108,116.0 to 116.875,3,"[0, 0, 1, 0, 1, 0, 1, 0, 2, 1, 0, 0]",7,dMajor,Piano Sonata K311 i D major.mid by Mozart.csv
109,117.0 to 117.8333333,3,"[0, 0, 1, 0, 1, 0, 1, 0, 2, 1, 0, 0]",7,dMajor,Piano Sonata K311 i D major.mid by Mozart.csv
110,118.0 to 118.8333333,17,"[0, 0, 1, 0, 0, 0, 0, 0, 1, 2, 0, 1]",1,dMajor,Piano Sonata K311 i D major.mid by Mozart.csv
111,119.0 to 119.8333333,3,"[0, 0, 1, 0, 0, 0, 1, 0, 2, 1, 0, 0]",1,dMajor,Piano Sonata K311 i D major.mid by Mozart.csv
112,120.0 to 120.8333333,17,"[0, 1, 0, 0, 1, 0, 0, 0, 1, 1, 0, 0]",0,aMajor,Piano Sonata K311 i D major.mid by Mozart.csv
113,121.0 to 121.75,17,"[0, 1, 0, 0, 1, 0, 0, 0, 0, 1, 0, 0]",0,aMajor,Piano Sonata K311 i D major.mid by Mozart.csv
114,122.0 to 122.75,4,"[0, 0, 1, 0, 0, 0, 0, 0, 0, 1, 0, 1]",1,dMajor,Piano Sonata K311 i D major.mid by Mozart.csv
115,123.0 to 123.875,17,"[0, 1, 0, 0, 0, 0, 0, 0, 0, 2, 0, 0]",5,aMajor,Piano Sonata K311 i D major.mid by Mozart.csv
116,124.0 to 124.875,4,"[0, 0, 1, 0, 0, 0, 2, 0, 0, 0, 0, 2]",2,dMinor,Piano Sonata K311 i D major.mid by Mozart.csv
117,125.0 to 125.875,12,"[0, 1, 2, 0, 1, 0, 2, 0, 0, 0, 0, 2]",2,dMinor,Piano Sonata K311 i D major.mid by Mozart.csv
118,126.0 to 126.75,17,"[0, 1, 0, 0, 1, 0, 0, 0, 0, 2, 0, 1]",9,aMajor,Piano Sonata K311 i D major.mid by Mozart.csv
119,127.0 to 127.875,4,"[0, 1, 1, 0, 1, 0, 0, 0, 1, 1, 0, 1]",7,eMajor,Piano Sonata K311 i D major.mid by Mozart.csv
120,128.0 to 128.6666667,17,"[0, 1, 0, 0, 1, 0, 0, 0, 0, 2, 0, 0]",9,aMajor,Piano Sonata K311 i D major.mid by Mozart.csv
121,129.0 to 129.9166667,17,"[0, 1, 0, 0, 1, 0, 0, 0, 0, 1, 0, 0]",0,aMajor,Piano Sonata K311 i D major.mid by Mozart.csv
122,130.0 to 130.75,4,"[0, 0, 1, 0, 0, 0, 0, 0, 0, 1, 0, 1]",1,dMajor,Piano Sonata K311 i D major.mid by Mozart.csv
123,131.0 to 131.75,17,"[0, 1, 0, 0, 0, 0, 0, 0, 0, 2, 0, 0]",5,aMajor,Piano Sonata K311 i D major.mid by Mozart.csv
124,132.0 to 132.875,3,"[0, 0, 1, 0, 1, 0, 1, 0, 2, 1, 0, 0]",7,dMajor,Piano Sonata K311 i D major.mid by Mozart.csv
125,133.0 to 133.8333333,3,"[0, 0, 1, 0, 1, 0, 1, 0, 2, 1, 0, 0]",7,dMajor,Piano Sonata K311 i D major.mid by Mozart.csv
126,134.0 to 134.75,17,"[0, 0, 1, 0, 0, 0, 0, 0, 1, 2, 0, 1]",1,dMajor,Piano Sonata K311 i D major.mid by Mozart.csv
127,135.0 to 135.83333330000002,3,"[0, 0, 1, 0, 0, 0, 1, 0, 2, 1, 0, 0]",1,dMajor,Piano Sonata K311 i D major.mid by Mozart.csv
128,136.0 to 136.83333330000002,17,"[0, 1, 0, 0, 1, 0, 0, 0, 1, 1, 0, 0]",0,aMajor,Piano Sonata K311 i D major.mid by Mozart.csv
129,137.0 to 137.75,17,"[0, 1, 0, 0, 1, 0, 0, 0, 0, 1, 0, 0]",0,aMajor,Piano Sonata K311 i D major.mid by Mozart.csv
130,138.0 to 138.75,4,"[0, 0, 1, 0, 0, 0, 0, 0, 0, 1, 0, 1]",1,dMajor,Piano Sonata K311 i D major.mid by Mozart.csv
131,139.0 to 139.875,17,"[0, 1, 0, 0, 0, 0, 0, 0, 0, 2, 0, 0]",5,aMajor,Piano Sonata K311 i D major.mid by Mozart.csv
132,140.0 to 140.75,4,"[0, 0, 1, 0, 0, 0, 2, 0, 0, 0, 0, 2]",2,dMinor,Piano Sonata K311 i D major.mid by Mozart.csv
133,141.0 to 141.83333330000005,12,"[0, 1, 2, 0, 1, 0, 2, 0, 0, 0, 0, 2]",2,dMinor,Piano Sonata K311 i D major.mid by Mozart.csv
134,142.0 to 142.875,17,"[0, 1, 0, 0, 1, 0, 0, 0, 0, 2, 0, 2]",9,aMajor,Piano Sonata K311 i D major.mid by Mozart.csv
135,143.0 to 143.875,4,"[0, 1, 1, 0, 1, 0, 0, 0, 1, 1, 0, 1]",7,eMajor,Piano Sonata K311 i D major.mid by Mozart.csv
136,144.0 to 144.875,17,"[0, 2, 0, 0, 1, 0, 0, 0, 0, 2, 0, 1]",9,aMajor,Piano Sonata K311 i D major.mid by Mozart.csv
137,145.0 to 145.875,4,"[0, 1, 1, 0, 2, 0, 0, 0, 1, 0, 0, 2]",7,eMajor,Piano Sonata K311 i D major.mid by Mozart.csv
138,146.0 to 146.83333330000005,17,"[0, 2, 0, 0, 1, 0, 0, 0, 0, 2, 0, 0]",9,aMajor,Piano Sonata K311 i D major.mid by Mozart.csv
139,147.0 to 147.83333330000005,4,"[0, 1, 1, 0, 2, 0, 0, 0, 1, 0, 0, 2]",7,eMajor,Piano Sonata K311 i D major.mid by Mozart.csv
140,148.0 to 148.08333330000005,17,"[0, 1, 0, 0, 0, 0, 0, 0, 0, 2, 0, 1]",5,aMajor,Piano Sonata K311 i D major.mid by Mozart.csv
141,149.0 to 149.25,6,"[0, 0, 1, 0, 0, 2, 0, 0, 1, 0, 0, 1]",1,c#Major,Piano Sonata K311 i D major.mid by Mozart.csv
142,150.125 to 150.79166669999995,7,"[0, 1, 0, 0, 0, 0, 2, 0, 0, 2, 0, 0]",5,aMinor,Piano Sonata K311 i D major.mid by Mozart.csv
143,152.0 to 152.625,12,"[0, 1, 2, 0, 1, 0, 1, 0, 0, 0, 0, 0]",2,dMajor,Piano Sonata K311 i D major.mid by Mozart.csv
144,153.0 to 153.625,12,"[0, 1, 2, 0, 1, 0, 0, 0, 0, 0, 0, 1]",2,gMajor,Piano Sonata K311 i D major.mid by Mozart.csv
145,154.0 to 154.625,4,"[0, 1, 1, 0, 1, 0, 0, 0, 0, 1, 0, 1]",7,aMajor,Piano Sonata K311 i D major.mid by Mozart.csv
146,155.0 to 155.625,17,"[0, 1, 0, 0, 1, 0, 0, 0, 1, 1, 0, 1]",7,aMajor,Piano Sonata K311 i D major.mid by Mozart.csv
147,156.0 to 156.125,4,"[0, 0, 1, 0, 1, 0, 0, 0, 1, 1, 0, 1]",7,eMajor,Piano Sonata K311 i D major.mid by Mozart.csv
148,157.0 to 157.125,17,"[0, 0, 0, 0, 1, 0, 0, 0, 0, 1, 0, 0]",0,aMajor,Piano Sonata K311 i D major.mid by Mozart.csv
149,158.0 to 158.66666669999995,17,"[0, 1, 0, 0, 0, 0, 0, 0, 0, 2, 0, 0]",5,aMajor,Piano Sonata K311 i D major.mid by Mozart.csv
150,160.0 to 160.66666669999995,7,"[0, 0, 3, 0, 0, 0, 1, 0, 0, 2, 0, 0]",8,dMajor,Piano Sonata K311 i D major.mid by Mozart.csv
151,162.0 to 162.91666669999995,16,"[0, 0, 1, 0, 1, 0, 2, 1, 0, 0, 0, 0]",3,dMajor,Piano Sonata K311 i D major.mid by Mozart.csv
152,163.0 to 163.83333330000005,16,"[0, 0, 0, 0, 1, 0, 1, 2, 0, 1, 0, 0]",4,cMajor,Piano Sonata K311 i D major.mid by Mozart.csv
153,164.0 to 164.25,17,"[0, 0, 0, 0, 1, 0, 1, 1, 0, 2, 0, 0]",4,dMajor,Piano Sonata K311 i D major.mid by Mozart.csv
154,166.0 to 166.5,4,"[0, 0, 0, 0, 0, 0, 0, 0, 0, 1, 0, 1]",1,dMajor,Piano Sonata K311 i D major.mid by Mozart.csv
155,167.0 to 167.5,12,"[0, 1, 1, 0, 0, 0, 0, 0, 0, 0, 0, 0]",1,c#Major,Piano Sonata K311 i D major.mid by Mozart.csv
156,168.0 to 168.625,7,"[0, 0, 1, 0, 0, 0, 1, 0, 0, 1, 0, 0]",1,dMajor,Piano Sonata K311 i D major.mid by Mozart.csv
157,169.0 to 169.5,12,"[0, 0, 2, 0, 0, 0, 1, 0, 0, 1, 0, 0]",8,dMajor,Piano Sonata K311 i D major.mid by Mozart.csv
158,170.0 to 170.75,16,"[0, 0, 1, 0, 1, 0, 1, 1, 0, 1, 0, 0]",4,dMajor,Piano Sonata K311 i D major.mid by Mozart.csv
159,171.0 to 171.5,17,"[0, 1, 0, 0, 0, 0, 0, 1, 0, 2, 0, 0]",5,aMajor,Piano Sonata K311 i D major.mid by Mozart.csv
160,172.0 to 172.5,12,"[0, 0, 2, 0, 0, 1, 1, 0, 0, 0, 0, 0]",2,b-Major,Piano Sonata K311 i D major.mid by Mozart.csv
161,174.0 to 174.83333330000005,16,"[0, 0, 1, 0, 1, 0, 2, 1, 0, 0, 0, 0]",3,dMajor,Piano Sonata K311 i D major.mid by Mozart.csv
162,175.0 to 175.75,16,"[0, 0, 0, 0, 1, 0, 1, 2, 0, 1, 0, 0]",4,cMajor,Piano Sonata K311 i D major.mid by Mozart.csv
163,176.0 to 176.125,17,"[0, 0, 0, 0, 0, 0, 1, 1, 0, 2, 0, 0]",5,dMajor,Piano Sonata K311 i D major.mid by Mozart.csv
164,178.0 to 178.5,4,"[0, 0, 0, 0, 0, 0, 0, 0, 0, 1, 0, 1]",1,dMajor,Piano Sonata K311 i D major.mid by Mozart.csv
165,179.0 to 179.5,12,"[0, 1, 1, 0, 0, 0, 0, 0, 0, 0, 0, 0]",1,c#Major,Piano Sonata K311 i D major.mid by Mozart.csv
166,180.0 to 180.875,7,"[0, 0, 1, 0, 0, 0, 1, 0, 0, 1, 0, 0]",1,dMajor,Piano Sonata K311 i D major.mid by Mozart.csv
167,181.0 to 181.5,12,"[0, 0, 2, 0, 0, 0, 1, 0, 0, 0, 0, 0]",2,dMajor,Piano Sonata K311 i D major.mid by Mozart.csv
168,182.0 to 182.75,16,"[0, 0, 1, 0, 1, 0, 1, 1, 0, 1, 0, 0]",4,dMajor,Piano Sonata K311 i D major.mid by Mozart.csv
169,183.0 to 183.9166667,17,"[0, 1, 0, 0, 1, 0, 1, 1, 0, 2, 0, 0]",9,aMajor,Piano Sonata K311 i D major.mid by Mozart.csv
170,184.0 to 184.625,12,"[0, 0, 2, 0, 0, 0, 1, 0, 0, 0, 0, 0]",2,dMajor,Piano Sonata K311 i D major.mid by Mozart.csv
171,185.0 to 185.75,7,"[0, 0, 1, 0, 0, 0, 1, 0, 0, 1, 0, 0]",1,dMajor,Piano Sonata K311 i D major.mid by Mozart.csv
172,186.0 to 186.875,16,"[0, 0, 1, 0, 0, 0, 2, 1, 0, 0, 0, 0]",3,dMinor,Piano Sonata K311 i D major.mid by Mozart.csv
173,187.0 to 187.875,12,"[0, 0, 2, 0, 1, 0, 2, 1, 0, 0, 0, 0]",3,dMajor,Piano Sonata K311 i D major.mid by Mozart.csv
174,188.0 to 188.625,16,"[0, 1, 0, 0, 1, 0, 1, 1, 0, 0, 0, 0]",4,cMajor,Piano Sonata K311 i D major.mid by Mozart.csv
175,189.0 to 189.5,17,"[0, 0, 0, 0, 1, 0, 0, 1, 0, 1, 0, 0]",4,cMajor,Piano Sonata K311 i D major.mid by Mozart.csv
176,190.0 to 190.875,8,"[0, 0, 0, 0, 2, 0, 1, 1, 0, 0, 0, 0]",4,gMinor,Piano Sonata K311 i D major.mid by Mozart.csv
177,191.0 to 191.8333333,4,"[0, 1, 1, 0, 1, 0, 1, 0, 0, 0, 0, 1]",2,dMinor,Piano Sonata K311 i D major.mid by Mozart.csv
178,192.0 to 192.625,17,"[0, 1, 0, 0, 1, 0, 0, 0, 0, 1, 0, 0]",0,aMajor,Piano Sonata K311 i D major.mid by Mozart.csv
179,193.0 to 193.6666667,17,"[0, 1, 0, 0, 0, 0, 0, 0, 0, 2, 0, 0]",5,aMajor,Piano Sonata K311 i D major.mid by Mozart.csv
180,194.0 to 194.875,17,"[0, 1, 0, 0, 0, 0, 0, 1, 0, 2, 0, 0]",5,aMajor,Piano Sonata K311 i D major.mid by Mozart.csv
181,195.0 to 195.875,16,"[0, 1, 0, 0, 1, 0, 1, 2, 0, 1, 0, 0]",4,cMajor,Piano Sonata K311 i D major.mid by Mozart.csv
182,196.0 to 196.5,12,"[0, 1, 2, 0, 0, 0, 1, 0, 0, 0, 0, 0]",2,dMajor,Piano Sonata K311 i D major.mid by Mozart.csv
183,197.0 to 197.625,7,"[0, 0, 1, 0, 0, 0, 1, 0, 0, 1, 0, 0]",1,dMajor,Piano Sonata K311 i D major.mid by Mozart.csv
184,198.0 to 198.75,16,"[0, 0, 1, 0, 1, 0, 2, 0, 0, 0, 0, 0]",3,dMinor,Piano Sonata K311 i D major.mid by Mozart.csv
185,199.0 to 199.75,17,"[0, 1, 0, 0, 0, 0, 0, 1, 0, 1, 0, 1]",5,aMajor,Piano Sonata K311 i D major.mid by Mozart.csv
186,200.0 to 200.8333333,12,"[0, 0, 2, 0, 1, 0, 1, 0, 0, 0, 0, 0]",2,dMajor,Piano Sonata K311 i D major.mid by Mozart.csv
187,201.0 to 201.8333333,17,"[0, 1, 0, 0, 0, 0, 0, 1, 0, 1, 0, 1]",5,aMajor,Piano Sonata K311 i D major.mid by Mozart.csv
188,202.0 to 202.8333333,7,"[0, 1, 1, 0, 0, 0, 1, 0, 0, 2, 0, 1]",5,dMajor,Piano Sonata K311 i D major.mid by Mozart.csv
189,203.0 to 203.75,7,"[0, 0, 1, 0, 1, 0, 2, 1, 0, 2, 0, 0]",8,dMajor,Piano Sonata K311 i D major.mid by Mozart.csv
190,204.0 to 204.8333333,16,"[0, 0, 0, 1, 1, 0, 1, 1, 0, 0, 0, 1]",4,bMajor,Piano Sonata K311 i D major.mid by Mozart.csv
191,205.0 to 205.75,16,"[0, 0, 0, 0, 1, 0, 1, 1, 0, 1, 0, 0]",4,cMajor,Piano Sonata K311 i D major.mid by Mozart.csv
192,206.0 to 206.8333333,1,"[0, 0, 0, 0, 0, 0, 1, 2, 0, 1, 0, 2]",6,gMajor,Piano Sonata K311 i D major.mid by Mozart.csv
193,207.0 to 207.75,5,"[0, 1, 1, 0, 1, 0, 0, 1, 1, 0, 0, 2]",7,eMajor,Piano Sonata K311 i D major.mid by Mozart.csv
194,208.0 to 208.8333333,17,"[0, 1, 1, 0, 0, 0, 0, 1, 0, 2, 0, 1]",5,dMajor,Piano Sonata K311 i D major.mid by Mozart.csv
195,209.0 to 209.5,12,"[0, 0, 2, 0, 0, 0, 1, 0, 0, 0, 0, 0]",2,dMajor,Piano Sonata K311 i D major.mid by Mozart.csv
196,210.0 to 210.75,17,"[0, 1, 0, 0, 1, 0, 0, 1, 0, 2, 0, 0]",9,aMajor,Piano Sonata K311 i D major.mid by Mozart.csv
197,211.0 to 211.75,12,"[0, 0, 2, 0, 1, 0, 2, 1, 0, 0, 0, 0]",3,dMajor,Piano Sonata K311 i D major.mid by Mozart.csv
198,212.0 to 212.8333333,17,"[0, 1, 1, 0, 0, 0, 0, 1, 0, 2, 0, 0]",5,aMajor,Piano Sonata K311 i D major.mid by Mozart.csv
199,213.0 to 213.5,12,"[0, 0, 2, 0, 0, 0, 1, 0, 0, 1, 0, 0]",8,dMajor,Piano Sonata K311 i D major.mid by Mozart.csv
200,214.0 to 214.8333333,17,"[0, 1, 0, 0, 1, 0, 0, 1, 0, 2, 0, 0]",9,aMajor,Piano Sonata K311 i D major.mid by Mozart.csv
201,215.0 to 215.75,12,"[0, 0, 2, 0, 1, 0, 2, 1, 0, 0, 0, 0]",3,dMajor,Piano Sonata K311 i D major.mid by Mozart.csv
202,216.0 to 216.75,17,"[0, 1, 1, 0, 2, 0, 0, 0, 0, 3, 0, 0]",9,aMajor,Piano Sonata K311 i D major.mid by Mozart.csv
203,217.0 to 217.75,7,"[0, 0, 2, 0, 0, 0, 2, 0, 0, 2, 0, 0]",8,dMajor,Piano Sonata K311 i D major.mid by Mozart.csv
204,218.0 to 218.75,17,"[0, 1, 0, 0, 2, 0, 0, 0, 0, 3, 0, 0]",9,aMajor,Piano Sonata K311 i D major.mid by Mozart.csv
205,219.0 to 219.75,7,"[0, 0, 2, 0, 0, 0, 2, 0, 0, 2, 0, 0]",8,dMajor,Piano Sonata K311 i D major.mid by Mozart.csv
206,220.0 to 220.625,17,"[0, 2, 0, 0, 2, 0, 0, 0, 0, 3, 0, 0]",9,aMajor,Piano Sonata K311 i D major.mid by Mozart.csv
207,221.125 to 221.6666667,17,"[0, 2, 0, 0, 2, 0, 0, 0, 0, 3, 0, 0]",9,aMajor,Piano Sonata K311 i D major.mid by Mozart.csv
208,222.25 to 222.875,17,"[0, 2, 1, 1, 2, 0, 0, 0, 0, 3, 0, 0]",9,aMajor,Piano Sonata K311 i D major.mid by Mozart.csv
209,223.125 to 223.75,4,"[0, 1, 1, 0, 0, 0, 0, 0, 0, 0, 0, 1]",2,gMajor,Piano Sonata K311 i D major.mid by Mozart.csv
210,224.0 to 224.625,17,"[0, 1, 0, 1, 1, 0, 0, 0, 0, 1, 0, 0]",0,aMajor,Piano Sonata K311 i D major.mid by Mozart.csv
211,225.0 to 225.625,4,"[0, 0, 1, 0, 1, 0, 0, 0, 0, 0, 0, 1]",7,eMajor,Piano Sonata K311 i D major.mid by Mozart.csv
212,226.0 to 226.625,17,"[0, 1, 0, 0, 1, 0, 0, 0, 1, 1, 0, 0]",0,aMajor,Piano Sonata K311 i D major.mid by Mozart.csv
213,227.0 to 227.75,8,"[0, 1, 0, 0, 2, 0, 1, 0, 1, 1, 0, 0]",0,aMajor,Piano Sonata K311 i D major.mid by Mozart.csv
214,228.0 to 228.6666667,4,"[0, 1, 1, 0, 0, 0, 1, 0, 0, 0, 0, 1]",2,dMinor,Piano Sonata K311 i D major.mid by Mozart.csv
215,229.0 to 229.625,12,"[0, 0, 2, 0, 0, 0, 0, 0, 0, 0, 0, 1]",2,gMajor,Piano Sonata K311 i D major.mid by Mozart.csv
216,230.0 to 230.5,4,"[0, 0, 1, 0, 1, 0, 0, 0, 1, 0, 0, 1]",7,eMajor,Piano Sonata K311 i D major.mid by Mozart.csv
217,231.0 to 231.75,4,"[0, 1, 1, 0, 1, 0, 0, 0, 0, 0, 0, 2]",7,eMajor,Piano Sonata K311 i D major.mid by Mozart.csv
218,232.0 to 232.5,17,"[0, 1, 0, 0, 1, 0, 0, 0, 1, 1, 0, 0]",0,aMajor,Piano Sonata K311 i D major.mid by Mozart.csv
219,233.0 to 233.625,4,"[0, 0, 0, 0, 1, 0, 0, 0, 1, 0, 0, 1]",7,eMajor,Piano Sonata K311 i D major.mid by Mozart.csv
220,234.0 to 234.625,17,"[1, 1, 0, 0, 1, 0, 0, 0, 0, 1, 0, 0]",0,aMajor,Piano Sonata K311 i D major.mid by Mozart.csv
221,235.0 to 235.8333333,7,"[0, 0, 1, 0, 1, 0, 1, 0, 0, 1, 0, 0]",1,dMajor,Piano Sonata K311 i D major.mid by Mozart.csv
222,236.0 to 236.5,17,"[0, 1, 0, 0, 1, 0, 0, 0, 0, 1, 0, 0]",0,aMajor,Piano Sonata K311 i D major.mid by Mozart.csv
223,237.0 to 237.8333333,17,"[0, 2, 1, 0, 1, 0, 0, 0, 0, 1, 0, 0]",0,aMajor,Piano Sonata K311 i D major.mid by Mozart.csv
224,238.0 to 238.5,4,"[0, 1, 0, 0, 1, 0, 0, 0, 1, 0, 0, 1]",7,eMinor,Piano Sonata K311 i D major.mid by Mozart.csv
225,239.0 to 239.5,11,"[0, 0, 1, 1, 0, 0, 0, 0, 0, 0, 0, 0]",1,g#Major,Piano Sonata K311 i D major.mid by Mozart.csv
226,240.0 to 240.625,17,"[0, 1, 0, 1, 1, 0, 0, 0, 0, 1, 0, 0]",0,aMajor,Piano Sonata K311 i D major.mid by Mozart.csv
227,241.0 to 241.875,4,"[0, 0, 1, 1, 1, 0, 1, 0, 0, 0, 0, 1]",2,bMajor,Piano Sonata K311 i D major.mid by Mozart.csv
228,242.0 to 242.625,8,"[0, 1, 0, 0, 2, 0, 0, 0, 1, 1, 0, 0]",0,aMajor,Piano Sonata K311 i D major.mid by Mozart.csv
229,243.0 to 243.875,8,"[0, 1, 0, 0, 2, 0, 1, 0, 1, 1, 0, 0]",0,aMajor,Piano Sonata K311 i D major.mid by Mozart.csv
230,244.0 to 244.625,4,"[0, 1, 1, 0, 0, 0, 1, 0, 0, 0, 0, 1]",2,dMinor,Piano Sonata K311 i D major.mid by Mozart.csv
231,245.0 to 245.875,12,"[0, 1, 2, 0, 1, 0, 1, 0, 0, 0, 0, 1]",2,dMinor,Piano Sonata K311 i D major.mid by Mozart.csv
232,246.0 to 246.625,4,"[0, 0, 1, 0, 1, 0, 0, 0, 1, 0, 0, 1]",7,eMajor,Piano Sonata K311 i D major.mid by Mozart.csv
233,247.0 to 247.75,4,"[0, 1, 0, 0, 1, 0, 0, 0, 1, 0, 0, 1]",7,eMinor,Piano Sonata K311 i D major.mid by Mozart.csv
234,248.0 to 248.875,17,"[0, 1, 0, 0, 0, 0, 0, 0, 0, 2, 0, 0]",5,aMajor,Piano Sonata K311 i D major.mid by Mozart.csv
235,249.0 to 249.875,12,"[0, 0, 2, 0, 0, 0, 1, 0, 0, 0, 0, 1]",2,dMinor,Piano Sonata K311 i D major.mid by Mozart.csv
236,250.0 to 250.6666667,17,"[0, 1, 0, 0, 1, 0, 0, 0, 0, 1, 0, 0]",0,aMajor,Piano Sonata K311 i D major.mid by Mozart.csv
237,251.0 to 251.75,17,"[0, 1, 0, 0, 1, 0, 1, 0, 1, 1, 0, 1]",7,eMajor,Piano Sonata K311 i D major.mid by Mozart.csv
238,252.0 to 252.75,17,"[0, 0, 0, 1, 1, 0, 0, 0, 0, 2, 0, 0]",0,aMajor,Piano Sonata K311 i D major.mid by Mozart.csv
239,253.0 to 253.8333333,16,"[0, 0, 0, 1, 1, 0, 1, 0, 0, 1, 0, 0]",0,dMajor,Piano Sonata K311 i D major.mid by Mozart.csv
240,254.0 to 254.75,4,"[0, 0, 1, 0, 1, 0, 0, 0, 0, 1, 0, 1]",7,dMajor,Piano Sonata K311 i D major.mid by Mozart.csv
241,255.0 to 255.75,8,"[0, 0, 1, 0, 2, 0, 0, 0, 1, 0, 0, 0]",7,eMajor,Piano Sonata K311 i D major.mid by Mozart.csv
242,256.0 to 256.75,17,"[0, 1, 0, 1, 1, 0, 0, 0, 0, 1, 0, 0]",0,aMajor,Piano Sonata K311 i D major.mid by Mozart.csv
243,257.0 to 257.75,16,"[0, 0, 0, 1, 1, 0, 1, 0, 0, 1, 0, 0]",0,dMajor,Piano Sonata K311 i D major.mid by Mozart.csv
244,258.0 to 258.75,4,"[0, 0, 1, 0, 1, 0, 0, 0, 0, 1, 0, 1]",7,dMajor,Piano Sonata K311 i D major.mid by Mozart.csv
245,259.0 to 259.75,8,"[0, 0, 1, 0, 2, 0, 0, 0, 1, 0, 0, 0]",7,eMajor,Piano Sonata K311 i D major.mid by Mozart.csv
246,260.0 to 260.75,8,"[0, 1, 0, 1, 2, 0, 0, 0, 0, 1, 0, 0]",0,aMajor,Piano Sonata K311 i D major.mid by Mozart.csv
247,261.0 to 261.8333333,16,"[0, 0, 0, 1, 1, 0, 1, 0, 0, 1, 0, 0]",0,dMajor,Piano Sonata K311 i D major.mid by Mozart.csv
248,262.0 to 262.75,4,"[0, 0, 1, 0, 1, 0, 0, 0, 0, 1, 0, 1]",7,dMajor,Piano Sonata K311 i D major.mid by Mozart.csv
249,263.0 to 263.75,8,"[0, 0, 1, 0, 2, 0, 0, 0, 1, 0, 0, 0]",7,eMajor,Piano Sonata K311 i D major.mid by Mozart.csv
250,264.0 to 264.75,17,"[0, 1, 0, 1, 1, 0, 0, 0, 0, 1, 0, 0]",0,aMajor,Piano Sonata K311 i D major.mid by Mozart.csv
251,265.0 to 265.8333333,16,"[0, 0, 0, 1, 1, 0, 1, 0, 0, 1, 0, 0]",0,dMajor,Piano Sonata K311 i D major.mid by Mozart.csv
252,266.0 to 266.75,4,"[0, 0, 1, 0, 1, 0, 0, 0, 0, 1, 0, 1]",7,dMajor,Piano Sonata K311 i D major.mid by Mozart.csv
253,267.0 to 267.75,8,"[0, 0, 1, 0, 2, 0, 0, 0, 1, 0, 0, 0]",7,eMajor,Piano Sonata K311 i D major.mid by Mozart.csv
254,268.0 to 268.3333333,17,"[0, 1, 0, 0, 1, 0, 0, 0, 0, 1, 0, 0]",0,aMajor,Piano Sonata K311 i D major.mid by Mozart.csv
255,269.0 to 269.75,17,"[0, 1, 0, 0, 1, 0, 0, 0, 0, 1, 0, 0]",0,aMajor,Piano Sonata K311 i D major.mid by Mozart.csv
256,270.0 to 270.875,4,"[0, 0, 1, 0, 0, 0, 0, 0, 0, 1, 0, 1]",1,dMajor,Piano Sonata K311 i D major.mid by Mozart.csv
257,271.0 to 271.75,17,"[0, 1, 0, 0, 0, 0, 0, 0, 0, 2, 0, 0]",5,aMajor,Piano Sonata K311 i D major.mid by Mozart.csv
258,272.0 to 272.8333333,3,"[0, 0, 1, 0, 1, 0, 1, 0, 2, 1, 0, 0]",7,dMajor,Piano Sonata K311 i D major.mid by Mozart.csv
259,273.0 to 273.8333333,3,"[0, 0, 1, 0, 0, 0, 1, 0, 2, 1, 0, 0]",1,dMajor,Piano Sonata K311 i D major.mid by Mozart.csv
260,274.0 to 274.875,17,"[0, 0, 1, 0, 0, 0, 0, 0, 1, 2, 0, 1]",1,dMajor,Piano Sonata K311 i D major.mid by Mozart.csv
261,275.0 to 275.8333333,3,"[0, 0, 1, 0, 0, 0, 1, 0, 2, 1, 0, 0]",1,dMajor,Piano Sonata K311 i D major.mid by Mozart.csv
262,276.0 to 276.8333333,17,"[0, 1, 0, 0, 1, 0, 0, 0, 1, 1, 0, 0]",0,aMajor,Piano Sonata K311 i D major.mid by Mozart.csv
263,277.0 to 277.75,17,"[0, 1, 0, 0, 1, 0, 0, 0, 0, 1, 0, 0]",0,aMajor,Piano Sonata K311 i D major.mid by Mozart.csv
264,278.0 to 278.9166667,4,"[0, 0, 1, 0, 0, 0, 0, 0, 0, 1, 0, 1]",1,dMajor,Piano Sonata K311 i D major.mid by Mozart.csv
265,279.0 to 279.875,17,"[0, 1, 1, 0, 0, 0, 0, 0, 0, 2, 0, 0]",5,dMajor,Piano Sonata K311 i D major.mid by Mozart.csv
266,280.0 to 280.75,4,"[0, 0, 1, 0, 0, 0, 2, 0, 0, 0, 0, 2]",2,dMinor,Piano Sonata K311 i D major.mid by Mozart.csv
267,281.0 to 281.875,12,"[0, 1, 2, 0, 1, 0, 2, 0, 0, 0, 0, 2]",2,dMinor,Piano Sonata K311 i D major.mid by Mozart.csv
268,282.0 to 282.8333333,17,"[0, 1, 0, 0, 1, 0, 0, 0, 0, 2, 0, 1]",9,aMajor,Piano Sonata K311 i D major.mid by Mozart.csv
269,283.0 to 283.875,4,"[0, 1, 1, 0, 1, 0, 0, 0, 1, 1, 0, 1]",7,eMajor,Piano Sonata K311 i D major.mid by Mozart.csv
270,284.0 to 284.75,17,"[0, 1, 0, 0, 1, 0, 0, 0, 0, 2, 0, 1]",9,aMajor,Piano Sonata K311 i D major.mid by Mozart.csv
271,285.0 to 285.875,17,"[0, 1, 0, 0, 1, 0, 0, 0, 0, 1, 0, 0]",0,aMajor,Piano Sonata K311 i D major.mid by Mozart.csv
272,286.0 to 286.875,4,"[0, 0, 1, 0, 0, 0, 0, 0, 0, 1, 0, 1]",1,dMajor,Piano Sonata K311 i D major.mid by Mozart.csv
273,287.0 to 287.75,17,"[0, 1, 1, 0, 0, 0, 0, 0, 0, 2, 0, 0]",5,dMajor,Piano Sonata K311 i D major.mid by Mozart.csv
274,288.0 to 288.875,3,"[0, 0, 1, 0, 1, 0, 1, 0, 2, 1, 0, 0]",7,dMajor,Piano Sonata K311 i D major.mid by Mozart.csv
275,289.0 to 289.75,3,"[0, 0, 1, 0, 1, 0, 1, 0, 2, 1, 0, 0]",7,dMajor,Piano Sonata K311 i D major.mid by Mozart.csv
276,290.0 to 290.8333333,17,"[0, 0, 1, 0, 0, 0, 0, 0, 1, 2, 0, 1]",1,dMajor,Piano Sonata K311 i D major.mid by Mozart.csv
277,291.0 to 291.625,3,"[0, 0, 1, 0, 0, 0, 1, 0, 2, 1, 0, 0]",1,dMajor,Piano Sonata K311 i D major.mid by Mozart.csv
278,292.0 to 292.8333333,17,"[0, 1, 0, 0, 1, 0, 0, 0, 1, 1, 0, 0]",0,aMajor,Piano Sonata K311 i D major.mid by Mozart.csv
279,293.0 to 293.8333333,17,"[0, 1, 0, 0, 1, 0, 0, 0, 0, 1, 0, 0]",0,aMajor,Piano Sonata K311 i D major.mid by Mozart.csv
280,294.0 to 294.8333333,4,"[0, 0, 1, 0, 0, 0, 0, 0, 0, 1, 0, 1]",1,dMajor,Piano Sonata K311 i D major.mid by Mozart.csv
281,295.0 to 295.875,17,"[0, 1, 0, 0, 0, 0, 0, 0, 0, 2, 0, 0]",5,aMajor,Piano Sonata K311 i D major.mid by Mozart.csv
282,296.0 to 296.8333333,4,"[0, 0, 1, 0, 0, 0, 2, 0, 0, 0, 0, 2]",2,dMinor,Piano Sonata K311 i D major.mid by Mozart.csv
283,297.0 to 297.75,12,"[0, 1, 2, 0, 1, 0, 2, 0, 0, 0, 0, 2]",2,dMinor,Piano Sonata K311 i D major.mid by Mozart.csv
284,298.0 to 298.75,17,"[0, 1, 0, 0, 1, 0, 0, 0, 0, 2, 0, 1]",9,aMajor,Piano Sonata K311 i D major.mid by Mozart.csv
285,299.0 to 299.875,4,"[0, 1, 1, 0, 1, 0, 0, 0, 1, 1, 0, 1]",7,eMajor,Piano Sonata K311 i D major.mid by Mozart.csv
286,300.0 to 300.6666667,17,"[0, 2, 0, 0, 1, 0, 0, 0, 0, 2, 0, 0]",9,aMajor,Piano Sonata K311 i D major.mid by Mozart.csv
287,301.0 to 301.875,4,"[0, 1, 1, 0, 2, 0, 0, 0, 1, 0, 0, 2]",7,eMajor,Piano Sonata K311 i D major.mid by Mozart.csv
288,302.0 to 302.8333333,17,"[0, 2, 0, 0, 1, 0, 0, 0, 0, 2, 0, 0]",9,aMajor,Piano Sonata K311 i D major.mid by Mozart.csv
289,303.0 to 303.875,4,"[0, 1, 1, 0, 2, 0, 0, 0, 1, 0, 0, 2]",7,eMajor,Piano Sonata K311 i D major.mid by Mozart.csv
290,304.0 to 304.125,17,"[0, 1, 0, 0, 0, 0, 0, 0, 0, 2, 0, 1]",5,aMajor,Piano Sonata K311 i D major.mid by Mozart.csv
291,305.125 to 305.375,6,"[0, 0, 1, 0, 0, 2, 0, 0, 1, 0, 0, 1]",1,c#Major,Piano Sonata K311 i D major.mid by Mozart.csv
292,306.125 to 306.125,7,"[0, 1, 0, 0, 0, 0, 2, 0, 0, 2, 0, 0]",5,aMinor,Piano Sonata K311 i D major.mid by Mozart.csv
293,308.0 to 308.625,12,"[0, 1, 2, 0, 1, 0, 1, 0, 0, 0, 0, 0]",2,dMajor,Piano Sonata K311 i D major.mid by Mozart.csv
294,309.0 to 309.625,12,"[0, 1, 2, 0, 1, 0, 0, 0, 0, 0, 0, 1]",2,gMajor,Piano Sonata K311 i D major.mid by Mozart.csv
295,310.0 to 310.625,12,"[0, 1, 2, 0, 1, 0, 0, 0, 0, 1, 0, 1]",2,dMajor,Piano Sonata K311 i D major.mid by Mozart.csv
296,311.0 to 311.625,17,"[0, 1, 0, 0, 1, 0, 0, 0, 1, 1, 0, 1]",7,aMajor,Piano Sonata K311 i D major.mid by Mozart.csv
297,312.0 to 312.0,4,"[0, 0, 1, 0, 0, 0, 0, 0, 1, 1, 0, 1]",1,gMajor,Piano Sonata K311 i D major.mid by Mozart.csv
298,313.0 to 313.375,4,"[0, 0, 1, 0, 1, 0, 0, 0, 1, 1, 0, 1]",7,eMajor,Piano Sonata K311 i D major.mid by Mozart.csv
299,314.125 to 314.875,17,"[0, 1, 0, 0, 0, 0, 0, 0, 0, 2, 0, 0]",5,aMajor,Piano Sonata K311 i D major.mid by Mozart.csv
300,316.0 to 316.5,17,"[0, 0, 0, 0, 0, 0, 0, 1, 0, 1, 0, 0]",5,cMajor,Piano Sonata K311 i D major.mid by Mozart.csv
301,317.0 to 317.5,16,"[0, 0, 0, 0, 0, 0, 1, 1, 0, 0, 0, 0]",4,cMajor,Piano Sonata K311 i D major.mid by Mozart.csv
302,318.0 to 318.5,16,"[0, 0, 0, 0, 1, 0, 1, 0, 0, 0, 0, 0]",4,cMajor,Piano Sonata K311 i D major.mid by Mozart.csv
303,319.0 to 319.5,9,"[0, 0, 0, 1, 1, 0, 0, 0, 0, 0, 0, 0]",0,cMajor,Piano Sonata K311 i D major.mid by Mozart.csv
304,320.0 to 320.75,4,"[1, 0, 0, 1, 0, 0, 0, 0, 0, 0, 0, 3]",6,bMajor,Piano Sonata K311 i D major.mid by Mozart.csv
305,321.125 to 321.75,4,"[0, 0, 0, 1, 0, 0, 0, 0, 0, 1, 0, 3]",6,bMajor,Piano Sonata K311 i D major.mid by Mozart.csv
306,322.0 to 322.75,5,"[0, 0, 0, 1, 0, 0, 0, 1, 0, 1, 0, 2]",6,gMajor,Piano Sonata K311 i D major.mid by Mozart.csv
307,323.0 to 323.5,16,"[0, 0, 0, 1, 0, 0, 1, 1, 0, 0, 0, 0]",4,e-Major,Piano Sonata K311 i D major.mid by Mozart.csv
308,324.0 to 324.5,9,"[0, 0, 0, 1, 1, 0, 0, 0, 0, 0, 0, 0]",0,cMajor,Piano Sonata K311 i D major.mid by Mozart.csv
309,325.0 to 325.5,1,"[0, 0, 0, 0, 0, 0, 0, 2, 0, 0, 0, 1]",6,gMajor,Piano Sonata K311 i D major.mid by Mozart.csv
310,326.0 to 326.5,16,"[0, 0, 0, 0, 0, 1, 1, 0, 0, 0, 0, 0]",1,c#Major,Piano Sonata K311 i D major.mid by Mozart.csv
311,327.0 to 327.5,4,"[0, 0, 0, 1, 0, 0, 0, 0, 0, 1, 0, 1]",1,bMajor,Piano Sonata K311 i D major.mid by Mozart.csv
312,328.0 to 328.75,4,"[0, 0, 0, 1, 0, 0, 1, 0, 0, 1, 0, 1]",1,bMajor,Piano Sonata K311 i D major.mid by Mozart.csv
313,329.0 to 329.625,16,"[0, 0, 0, 1, 0, 0, 1, 1, 0, 1, 0, 0]",4,dMajor,Piano Sonata K311 i D major.mid by Mozart.csv
314,330.0 to 330.5,10,"[0, 0, 0, 0, 1, 0, 1, 2, 0, 0, 0, 0]",4,gMinor,Piano Sonata K311 i D major.mid by Mozart.csv
315,331.0 to 331.5,16,"[0, 0, 0, 0, 1, 0, 1, 0, 0, 0, 0, 0]",4,cMajor,Piano Sonata K311 i D major.mid by Mozart.csv
316,332.0 to 332.5,16,"[0, 0, 0, 0, 0, 0, 1, 1, 0, 0, 0, 0]",4,cMajor,Piano Sonata K311 i D major.mid by Mozart.csv
317,333.0 to 333.5,16,"[0, 0, 0, 0, 1, 0, 1, 0, 0, 0, 0, 0]",4,cMajor,Piano Sonata K311 i D major.mid by Mozart.csv
318,334.125 to 334.625,12,"[0, 0, 1, 0, 1, 0, 0, 0, 0, 0, 0, 0]",7,cMajor,Piano Sonata K311 i D major.mid by Mozart.csv
319,335.0 to 335.5,12,"[0, 1, 1, 0, 0, 0, 0, 0, 0, 0, 0, 0]",1,c#Major,Piano Sonata K311 i D major.mid by Mozart.csv
320,336.0 to 336.75,17,"[0, 1, 0, 0, 0, 0, 0, 0, 0, 3, 1, 0]",5,aMajor,Piano Sonata K311 i D major.mid by Mozart.csv
321,337.0 to 337.625,17,"[0, 1, 0, 0, 0, 0, 0, 1, 0, 3, 0, 0]",5,aMajor,Piano Sonata K311 i D major.mid by Mozart.csv
322,338.0 to 338.625,17,"[0, 1, 0, 0, 0, 1, 0, 1, 0, 2, 0, 0]",5,fMajor,Piano Sonata K311 i D major.mid by Mozart.csv
323,339.125 to 339.625,17,"[0, 1, 0, 0, 1, 1, 0, 0, 0, 2, 0, 0]",9,aMajor,Piano Sonata K311 i D major.mid by Mozart.csv
324,340.125 to 340.5,12,"[0, 1, 1, 0, 0, 0, 0, 0, 0, 0, 0, 0]",1,c#Major,Piano Sonata K311 i D major.mid by Mozart.csv
325,341.0 to 341.5,16,"[0, 0, 0, 0, 0, 0, 2, 0, 0, 1, 0, 0]",3,dMajor,Piano Sonata K311 i D major.mid by Mozart.csv
326,342.0 to 342.5,9,"[0, 0, 0, 1, 1, 0, 0, 0, 0, 0, 0, 0]",0,cMajor,Piano Sonata K311 i D major.mid by Mozart.csv
327,343.0 to 343.5,17,"[0, 1, 0, 0, 0, 0, 0, 1, 0, 1, 0, 0]",5,aMajor,Piano Sonata K311 i D major.mid by Mozart.csv
328,344.0 to 344.625,17,"[0, 1, 0, 0, 1, 0, 0, 1, 0, 1, 0, 0]",0,aMajor,Piano Sonata K311 i D major.mid by Mozart.csv
329,345.0 to 345.625,16,"[0, 1, 0, 0, 1, 0, 1, 1, 0, 0, 0, 0]",4,cMajor,Piano Sonata K311 i D major.mid by Mozart.csv
330,346.0 to 346.875,16,"[0, 0, 1, 0, 1, 0, 2, 0, 0, 0, 0, 0]",3,dMinor,Piano Sonata K311 i D major.mid by Mozart.csv
331,347.5 to 347.5,12,"[0, 0, 1, 0, 0, 0, 0, 0, 0, 0, 0, 0]",1,dMajor,Piano Sonata K311 i D major.mid by Mozart.csv
332,348.0 to 348.75,12,"[0, 1, 2, 0, 0, 0, 1, 0, 0, 0, 0, 0]",2,dMajor,Piano Sonata K311 i D major.mid by Mozart.csv
333,349.0 to 349.75,4,"[0, 1, 1, 0, 0, 0, 1, 0, 0, 0, 0, 1]",2,dMinor,Piano Sonata K311 i D major.mid by Mozart.csv
334,350.0 to 350.75,7,"[0, 0, 1, 0, 0, 0, 1, 0, 0, 1, 0, 1]",1,dMajor,Piano Sonata K311 i D major.mid by Mozart.csv
335,351.0 to 351.7916667,7,"[0, 0, 1, 0, 0, 0, 1, 0, 1, 1, 0, 0]",1,dMajor,Piano Sonata K311 i D major.mid by Mozart.csv
336,352.0 to 352.8333333,3,"[0, 0, 1, 0, 1, 0, 0, 0, 2, 0, 0, 0]",7,eMajor,Piano Sonata K311 i D major.mid by Mozart.csv
337,353.0 to 353.8333333,3,"[0, 0, 1, 0, 1, 0, 0, 0, 2, 0, 0, 0]",7,eMajor,Piano Sonata K311 i D major.mid by Mozart.csv
338,354.0 to 354.8333333,14,"[0, 1, 1, 0, 1, 0, 0, 0, 2, 0, 2, 0]",7,eMinor,Piano Sonata K311 i D major.mid by Mozart.csv
339,355.0 to 355.8333333,14,"[0, 1, 0, 0, 1, 0, 0, 0, 0, 0, 2, 0]",0,f#Major,Piano Sonata K311 i D major.mid by Mozart.csv
340,356.0 to 356.9583333,4,"[0, 1, 1, 0, 0, 0, 0, 0, 0, 1, 0, 1]",1,gMajor,Piano Sonata K311 i D major.mid by Mozart.csv
341,357.0 to 357.9583333,17,"[0, 1, 1, 0, 0, 0, 0, 1, 0, 1, 0, 0]",5,dMajor,Piano Sonata K311 i D major.mid by Mozart.csv
342,358.0 to 358.8333333,5,"[0, 0, 1, 0, 0, 0, 1, 1, 0, 0, 0, 1]",6,gMajor,Piano Sonata K311 i D major.mid by Mozart.csv
343,359.0 to 359.75,4,"[0, 0, 1, 0, 0, 1, 1, 0, 0, 0, 0, 1]",2,dMinor,Piano Sonata K311 i D major.mid by Mozart.csv
344,360.0 to 360.8333333,18,"[0, 1, 0, 0, 0, 2, 0, 0, 0, 0, 0, 1]",1,c#Major,Piano Sonata K311 i D major.mid by Mozart.csv
345,361.0 to 361.9166667,18,"[0, 1, 0, 0, 0, 2, 2, 0, 0, 0, 0, 1]",3,c#Major,Piano Sonata K311 i D major.mid by Mozart.csv
346,362.0 to 362.8333333,7,"[1, 0, 0, 0, 0, 0, 2, 0, 0, 1, 0, 0]",3,dMajor,Piano Sonata K311 i D major.mid by Mozart.csv
347,363.0 to 363.8333333,7,"[1, 0, 0, 0, 0, 0, 2, 0, 0, 1, 0, 0]",3,dMajor,Piano Sonata K311 i D major.mid by Mozart.csv
348,364.0 to 364.875,1,"[0, 0, 1, 0, 0, 0, 0, 2, 0, 1, 0, 2]",6,gMajor,Piano Sonata K311 i D major.mid by Mozart.csv
349,365.0 to 365.875,1,"[0, 0, 1, 0, 0, 0, 1, 2, 0, 0, 0, 1]",6,gMajor,Piano Sonata K311 i D major.mid by Mozart.csv
350,366.0 to 366.875,19,"[0, 1, 2, 0, 0, 1, 0, 1, 0, 0, 0, 1]",2,gMajor,Piano Sonata K311 i D major.mid by Mozart.csv
351,367.0 to 367.8333333,5,"[0, 1, 1, 0, 0, 0, 0, 1, 0, 0, 0, 2]",6,gMajor,Piano Sonata K311 i D major.mid by Mozart.csv
352,368.0 to 368.8333333,14,"[0, 1, 0, 0, 0, 0, 2, 1, 0, 0, 2, 0]",3,f#Major,Piano Sonata K311 i D major.mid by Mozart.csv
353,369.0 to 369.8333333,14,"[0, 1, 0, 0, 1, 0, 2, 0, 0, 0, 2, 0]",3,f#Major,Piano Sonata K311 i D major.mid by Mozart.csv
354,370.125 to 370.9583333,6,"[0, 1, 2, 0, 0, 1, 0, 0, 1, 0, 0, 1]",2,c#Major,Piano Sonata K311 i D major.mid by Mozart.csv
355,371.0 to 371.875,4,"[0, 1, 1, 0, 0, 1, 0, 0, 1, 0, 0, 2]",7,c#Major,Piano Sonata K311 i D major.mid by Mozart.csv
356,372.0 to 372.75,16,"[0, 0, 1, 0, 1, 0, 2, 1, 0, 0, 0, 0]",3,dMajor,Piano Sonata K311 i D major.mid by Mozart.csv
357,373.125 to 373.75,16,"[0, 1, 1, 0, 1, 0, 2, 0, 0, 0, 0, 0]",3,dMajor,Piano Sonata K311 i D major.mid by Mozart.csv
358,374.0 to 374.75,16,"[0, 1, 1, 0, 1, 0, 2, 0, 0, 0, 0, 1]",3,dMinor,Piano Sonata K311 i D major.mid by Mozart.csv
359,375.0 to 375.625,4,"[0, 1, 1, 0, 0, 0, 1, 0, 0, 0, 1, 1]",2,f#Major,Piano Sonata K311 i D major.mid by Mozart.csv
360,376.125 to 376.125,14,"[0, 1, 0, 0, 1, 0, 0, 0, 0, 0, 1, 1]",7,eMajor,Piano Sonata K311 i D major.mid by Mozart.csv
361,377.125 to 377.25,14,"[0, 1, 0, 0, 1, 0, 1, 0, 0, 0, 1, 1]",7,f#Major,Piano Sonata K311 i D major.mid by Mozart.csv
362,378.125 to 378.7916667,4,"[0, 0, 1, 0, 0, 0, 0, 0, 0, 0, 0, 2]",6,gMajor,Piano Sonata K311 i D major.mid by Mozart.csv
363,380.0 to 380.0,4,"[0, 0, 1, 0, 0, 0, 1, 0, 0, 0, 0, 3]",6,dMinor,Piano Sonata K311 i D major.mid by Mozart.csv
364,381.6666667 to 381.875,7,"[1, 0, 1, 0, 0, 0, 1, 0, 0, 2, 0, 2]",1,dMajor,Piano Sonata K311 i D major.mid by Mozart.csv
365,382.125 to 382.25,7,"[1, 0, 1, 0, 0, 0, 1, 0, 0, 2, 0, 0]",8,dMajor,Piano Sonata K311 i D major.mid by Mozart.csv
366,384.0 to 384.0,1,"[0, 0, 1, 0, 0, 0, 0, 2, 0, 0, 0, 1]",6,gMajor,Piano Sonata K311 i D major.mid by Mozart.csv
367,385.5 to 385.625,1,"[0, 0, 1, 1, 0, 0, 0, 2, 0, 0, 0, 1]",6,gMajor,Piano Sonata K311 i D major.mid by Mozart.csv
368,386.0 to 386.75,16,"[1, 0, 0, 1, 1, 0, 2, 0, 0, 0, 0, 0]",3,f#Minor,Piano Sonata K311 i D major.mid by Mozart.csv
369,389.0 to 389.9166667,5,"[0, 0, 1, 0, 0, 0, 0, 1, 0, 0, 0, 1]",6,gMajor,Piano Sonata K311 i D major.mid by Mozart.csv
370,390.0 to 390.75,2,"[1, 0, 1, 0, 0, 0, 0, 1, 0, 1, 0, 0]",1,dMajor,Piano Sonata K311 i D major.mid by Mozart.csv
371,391.0 to 391.75,1,"[1, 0, 0, 0, 0, 0, 0, 2, 0, 0, 0, 1]",6,cMajor,Piano Sonata K311 i D major.mid by Mozart.csv
372,392.0 to 392.875,16,"[1, 0, 1, 0, 1, 0, 2, 1, 0, 0, 0, 0]",3,cMajor,Piano Sonata K311 i D major.mid by Mozart.csv
373,393.0 to 393.9583333,16,"[1, 0, 1, 0, 1, 0, 2, 1, 0, 0, 0, 0]",3,cMajor,Piano Sonata K311 i D major.mid by Mozart.csv
374,394.125 to 394.875,16,"[1, 0, 0, 0, 0, 0, 1, 2, 0, 1, 0, 0]",4,e-Minor,Piano Sonata K311 i D major.mid by Mozart.csv
375,395.0 to 395.9583333,16,"[1, 0, 0, 0, 1, 0, 2, 1, 0, 0, 0, 0]",3,cMajor,Piano Sonata K311 i D major.mid by Mozart.csv
376,396.125 to 396.9583333,5,"[0, 0, 1, 0, 0, 0, 1, 1, 0, 0, 0, 1]",6,gMajor,Piano Sonata K311 i D major.mid by Mozart.csv
377,397.125 to 397.875,5,"[0, 0, 1, 0, 0, 0, 0, 1, 0, 0, 0, 1]",6,gMajor,Piano Sonata K311 i D major.mid by Mozart.csv
378,398.0 to 398.75,2,"[1, 0, 1, 0, 0, 0, 0, 1, 0, 1, 0, 0]",1,dMajor,Piano Sonata K311 i D major.mid by Mozart.csv
379,399.0 to 399.875,1,"[0, 0, 0, 0, 0, 0, 0, 2, 0, 0, 0, 1]",6,gMajor,Piano Sonata K311 i D major.mid by Mozart.csv
380,400.0 to 400.875,2,"[1, 0, 0, 0, 2, 0, 0, 0, 0, 2, 0, 0]",9,cMinor,Piano Sonata K311 i D major.mid by Mozart.csv
381,401.0 to 401.875,2,"[2, 0, 1, 0, 2, 0, 0, 0, 0, 2, 0, 1]",9,cMinor,Piano Sonata K311 i D major.mid by Mozart.csv
382,402.0 to 402.8333333,1,"[0, 0, 1, 0, 0, 0, 0, 2, 0, 1, 0, 1]",6,gMajor,Piano Sonata K311 i D major.mid by Mozart.csv
383,403.0 to 403.7916667,7,"[1, 0, 1, 0, 0, 0, 1, 1, 0, 1, 0, 1]",6,dMajor,Piano Sonata K311 i D major.mid by Mozart.csv
384,404.0 to 404.75,1,"[0, 0, 1, 0, 0, 0, 0, 2, 0, 1, 0, 1]",6,gMajor,Piano Sonata K311 i D major.mid by Mozart.csv
385,405.0 to 405.75,5,"[0, 0, 1, 0, 0, 0, 0, 1, 0, 0, 0, 1]",6,gMajor,Piano Sonata K311 i D major.mid by Mozart.csv
386,406.0 to 406.75,2,"[1, 0, 0, 0, 0, 0, 0, 1, 0, 1, 0, 0]",5,cMajor,Piano Sonata K311 i D major.mid by Mozart.csv
387,407.0 to 407.875,1,"[0, 0, 0, 0, 0, 0, 0, 2, 0, 0, 0, 1]",6,gMajor,Piano Sonata K311 i D major.mid by Mozart.csv
388,408.0 to 408.875,16,"[1, 0, 1, 0, 1, 0, 2, 1, 0, 0, 0, 1]",3,dMinor,Piano Sonata K311 i D major.mid by Mozart.csv
389,409.0 to 409.9583333,16,"[1, 0, 1, 0, 1, 0, 2, 1, 0, 0, 0, 0]",3,cMajor,Piano Sonata K311 i D major.mid by Mozart.csv
390,410.0 to 410.875,16,"[1, 0, 0, 0, 0, 0, 1, 2, 0, 1, 0, 0]",4,e-Minor,Piano Sonata K311 i D major.mid by Mozart.csv
391,411.0 to 411.8333333,16,"[1, 0, 0, 0, 1, 0, 2, 1, 0, 0, 0, 0]",3,cMajor,Piano Sonata K311 i D major.mid by Mozart.csv
392,412.0 to 412.8333333,5,"[0, 0, 1, 0, 0, 0, 1, 1, 0, 0, 0, 1]",6,gMajor,Piano Sonata K311 i D major.mid by Mozart.csv
393,413.0 to 413.875,5,"[0, 0, 1, 0, 0, 0, 0, 1, 0, 0, 0, 1]",6,gMajor,Piano Sonata K311 i D major.mid by Mozart.csv
394,414.0 to 414.75,2,"[1, 0, 0, 0, 0, 0, 0, 1, 0, 1, 0, 0]",5,cMajor,Piano Sonata K311 i D major.mid by Mozart.csv
395,415.0 to 415.875,1,"[0, 0, 0, 0, 0, 0, 0, 2, 0, 0, 0, 1]",6,gMajor,Piano Sonata K311 i D major.mid by Mozart.csv
396,416.0 to 416.875,2,"[1, 0, 0, 0, 2, 0, 0, 0, 0, 2, 0, 0]",9,cMinor,Piano Sonata K311 i D major.mid by Mozart.csv
397,417.0 to 417.875,2,"[2, 0, 1, 0, 2, 0, 0, 0, 0, 2, 0, 1]",9,cMinor,Piano Sonata K311 i D major.mid by Mozart.csv
398,418.0 to 418.8333333,1,"[0, 0, 1, 0, 0, 0, 0, 2, 0, 1, 0, 1]",6,gMajor,Piano Sonata K311 i D major.mid by Mozart.csv
399,419.0 to 419.875,7,"[1, 0, 1, 0, 0, 0, 1, 1, 0, 1, 0, 1]",6,dMajor,Piano Sonata K311 i D major.mid by Mozart.csv
400,420.0 to 420.875,1,"[0, 0, 0, 0, 0, 0, 1, 2, 0, 1, 0, 1]",6,gMajor,Piano Sonata K311 i D major.mid by Mozart.csv
401,421.0 to 421.875,7,"[1, 0, 1, 0, 0, 0, 2, 1, 0, 1, 0, 1]",3,dMajor,Piano Sonata K311 i D major.mid by Mozart.csv
402,422.0 to 422.75,1,"[1, 0, 1, 0, 0, 0, 1, 2, 0, 1, 0, 1]",6,gMajor,Piano Sonata K311 i D major.mid by Mozart.csv
403,423.0 to 423.83333330000005,7,"[1, 0, 1, 0, 0, 0, 1, 1, 0, 1, 0, 1]",6,dMajor,Piano Sonata K311 i D major.mid by Mozart.csv
404,424.0 to 424.75,1,"[1, 0, 1, 0, 0, 0, 1, 2, 0, 1, 0, 1]",6,gMajor,Piano Sonata K311 i D major.mid by Mozart.csv
405,425.0 to 425.83333330000005,7,"[1, 0, 1, 0, 0, 0, 1, 1, 0, 1, 0, 1]",6,dMajor,Piano Sonata K311 i D major.mid by Mozart.csv
406,426.0 to 426.83333330000005,7,"[1, 0, 2, 0, 0, 0, 1, 1, 0, 1, 0, 1]",8,dMajor,Piano Sonata K311 i D major.mid by Mozart.csv
407,427.0 to 427.75,19,"[0, 1, 2, 0, 2, 0, 0, 1, 0, 0, 0, 1]",7,gMajor,Piano Sonata K311 i D major.mid by Mozart.csv
408,428.0 to 428.75,17,"[0, 1, 1, 0, 1, 0, 1, 0, 0, 1, 0, 0]",0,aMajor,Piano Sonata K311 i D major.mid by Mozart.csv
409,429.0 to 429.83333330000005,16,"[0, 1, 1, 0, 1, 0, 1, 1, 0, 1, 0, 0]",4,dMajor,Piano Sonata K311 i D major.mid by Mozart.csv
410,430.0 to 430.75,12,"[0, 1, 2, 0, 1, 0, 1, 1, 0, 1, 0, 0]",8,dMajor,Piano Sonata K311 i D major.mid by Mozart.csv
411,431.0 to 431.83333330000005,17,"[0, 2, 1, 0, 1, 0, 1, 1, 0, 1, 0, 0]",0,aMajor,Piano Sonata K311 i D major.mid by Mozart.csv
412,432.0 to 432.83333330000005,12,"[0, 1, 2, 0, 1, 0, 1, 1, 0, 1, 0, 0]",8,dMajor,Piano Sonata K311 i D major.mid by Mozart.csv
413,433.0 to 433.83333330000005,7,"[0, 0, 1, 1, 1, 0, 1, 0, 0, 1, 0, 1]",1,dMajor,Piano Sonata K311 i D major.mid by Mozart.csv
414,434.0 to 434.75,8,"[0, 0, 0, 1, 2, 0, 1, 1, 0, 0, 0, 1]",4,gMinor,Piano Sonata K311 i D major.mid by Mozart.csv
415,435.0 to 435.75,16,"[0, 0, 0, 1, 1, 0, 1, 1, 0, 1, 0, 1]",4,bMajor,Piano Sonata K311 i D major.mid by Mozart.csv
416,436.0 to 436.75,8,"[0, 0, 0, 1, 2, 0, 1, 1, 0, 1, 0, 1]",4,gMinor,Piano Sonata K311 i D major.mid by Mozart.csv
417,437.0 to 437.83333330000005,8,"[0, 1, 0, 0, 2, 0, 1, 1, 0, 0, 0, 1]",4,gMinor,Piano Sonata K311 i D major.mid by Mozart.csv
418,438.0 to 438.83333330000005,16,"[0, 0, 1, 0, 1, 0, 2, 1, 0, 1, 0, 1]",3,dMajor,Piano Sonata K311 i D major.mid by Mozart.csv
419,439.0 to 439.75,8,"[0, 1, 0, 0, 2, 0, 1, 1, 0, 1, 0, 1]",4,aMajor,Piano Sonata K311 i D major.mid by Mozart.csv
420,440.0 to 440.83333330000005,16,"[0, 0, 1, 0, 1, 0, 2, 1, 0, 1, 0, 1]",3,dMajor,Piano Sonata K311 i D major.mid by Mozart.csv
421,441.0 to 441.83333330000005,16,"[1, 0, 0, 0, 1, 0, 2, 1, 0, 1, 0, 0]",3,cMajor,Piano Sonata K311 i D major.mid by Mozart.csv
422,442.0 to 442.75,7,"[1, 0, 1, 0, 0, 0, 1, 1, 0, 1, 0, 1]",6,dMajor,Piano Sonata K311 i D major.mid by Mozart.csv
423,443.0 to 443.75,5,"[0, 0, 1, 1, 0, 0, 1, 1, 0, 0, 0, 1]",6,gMajor,Piano Sonata K311 i D major.mid by Mozart.csv
424,444.0 to 444.75,16,"[0, 0, 0, 1, 1, 0, 1, 1, 0, 0, 0, 1]",4,bMajor,Piano Sonata K311 i D major.mid by Mozart.csv
425,445.0 to 445.875,8,"[0, 1, 0, 0, 2, 0, 0, 1, 0, 1, 0, 1]",0,aMajor,Piano Sonata K311 i D major.mid by Mozart.csv
426,446.0 to 446.83333330000005,17,"[0, 1, 1, 0, 1, 0, 1, 0, 0, 1, 0, 0]",0,aMajor,Piano Sonata K311 i D major.mid by Mozart.csv
427,447.0 to 447.83333330000005,7,"[0, 1, 1, 0, 0, 0, 1, 0, 0, 1, 1, 0]",1,dMajor,Piano Sonata K311 i D major.mid by Mozart.csv
428,448.0 to 448.83333330000005,4,"[0, 1, 1, 0, 0, 0, 1, 0, 0, 0, 1, 1]",2,f#Major,Piano Sonata K311 i D major.mid by Mozart.csv
429,449.0 to 449.75,7,"[1, 0, 1, 1, 0, 0, 1, 0, 0, 1, 0, 1]",1,dMajor,Piano Sonata K311 i D major.mid by Mozart.csv
430,450.0 to 450.75,16,"[1, 0, 0, 1, 1, 0, 1, 1, 0, 1, 0, 1]",4,bMajor,Piano Sonata K311 i D major.mid by Mozart.csv
431,451.0 to 451.75,16,"[0, 0, 0, 0, 0, 0, 1, 1, 0, 1, 0, 0]",4,dMajor,Piano Sonata K311 i D major.mid by Mozart.csv
432,452.0 to 452.83333330000005,5,"[0, 1, 1, 0, 1, 0, 0, 1, 0, 0, 0, 1]",7,gMajor,Piano Sonata K311 i D major.mid by Mozart.csv
433,453.0 to 453.75,16,"[0, 1, 0, 0, 1, 0, 1, 2, 0, 1, 0, 1]",4,gMinor,Piano Sonata K311 i D major.mid by Mozart.csv
434,454.0 to 454.875,10,"[0, 0, 0, 0, 2, 0, 1, 2, 0, 0, 0, 0]",4,cMajor,Piano Sonata K311 i D major.mid by Mozart.csv
435,455.0 to 455.83333330000005,8,"[0, 1, 1, 0, 2, 0, 1, 0, 1, 0, 0, 1]",7,eMinor,Piano Sonata K311 i D major.mid by Mozart.csv
436,456.0 to 456.75,17,"[0, 1, 1, 0, 0, 0, 0, 1, 0, 2, 0, 0]",5,aMajor,Piano Sonata K311 i D major.mid by Mozart.csv
437,457.0 to 457.5,12,"[0, 0, 2, 0, 0, 0, 1, 0, 0, 0, 0, 0]",2,dMajor,Piano Sonata K311 i D major.mid by Mozart.csv
438,458.0 to 458.75,17,"[0, 1, 0, 0, 1, 0, 0, 1, 0, 2, 0, 0]",9,aMajor,Piano Sonata K311 i D major.mid by Mozart.csv
439,459.0 to 459.83333330000005,12,"[0, 0, 2, 0, 1, 0, 2, 1, 0, 0, 0, 0]",3,dMajor,Piano Sonata K311 i D major.mid by Mozart.csv
440,460.0 to 460.83333330000005,17,"[0, 1, 1, 0, 0, 0, 0, 1, 0, 2, 0, 0]",5,aMajor,Piano Sonata K311 i D major.mid by Mozart.csv
441,461.0 to 461.5,12,"[0, 0, 2, 0, 0, 0, 1, 0, 0, 0, 0, 0]",2,dMajor,Piano Sonata K311 i D major.mid by Mozart.csv
442,462.0 to 462.75,17,"[0, 1, 0, 0, 1, 0, 0, 1, 0, 2, 0, 0]",9,aMajor,Piano Sonata K311 i D major.mid by Mozart.csv
443,463.0 to 463.83333330000005,12,"[0, 0, 2, 0, 1, 0, 2, 1, 0, 0, 0, 0]",3,dMajor,Piano Sonata K311 i D major.mid by Mozart.csv
444,464.0 to 464.75,17,"[0, 1, 0, 0, 2, 0, 0, 0, 0, 3, 0, 0]",9,aMajor,Piano Sonata K311 i D major.mid by Mozart.csv
445,465.0 to 465.75,7,"[0, 0, 2, 0, 0, 0, 2, 0, 0, 2, 0, 0]",8,dMajor,Piano Sonata K311 i D major.mid by Mozart.csv
446,466.0 to 466.75,17,"[0, 1, 0, 0, 2, 0, 0, 0, 0, 3, 0, 0]",9,aMajor,Piano Sonata K311 i D major.mid by Mozart.csv
447,467.0 to 467.75,7,"[0, 0, 2, 0, 0, 0, 2, 0, 0, 2, 0, 0]",8,dMajor,Piano Sonata K311 i D major.mid by Mozart.csv
448,468.0 to 468.5,17,"[0, 2, 0, 0, 2, 0, 0, 0, 0, 3, 0, 0]",9,aMajor,Piano Sonata K311 i D major.mid by Mozart.csv
449,469.0 to 469.5,17,"[0, 2, 0, 0, 2, 0, 0, 0, 0, 3, 0, 0]",9,aMajor,Piano Sonata K311 i D major.mid by Mozart.csv
450,470.125 to 470.75,17,"[0, 2, 0, 0, 2, 0, 0, 1, 0, 3, 0, 0]",9,aMajor,Piano Sonata K311 i D major.mid by Mozart.csv
451,471.0 to 471.83333330000005,16,"[0, 0, 0, 0, 1, 0, 1, 1, 0, 0, 0, 0]",4,cMajor,Piano Sonata K311 i D major.mid by Mozart.csv
452,472.0 to 472.625,16,"[0, 0, 1, 0, 0, 0, 1, 1, 1, 1, 0, 0]",1,dMajor,Piano Sonata K311 i D major.mid by Mozart.csv
453,473.0 to 473.75,17,"[0, 0, 0, 0, 1, 0, 0, 1, 0, 1, 0, 0]",4,cMajor,Piano Sonata K311 i D major.mid by Mozart.csv
454,474.0 to 474.625,7,"[0, 1, 1, 0, 0, 0, 1, 0, 0, 1, 0, 0]",1,dMajor,Piano Sonata K311 i D major.mid by Mozart.csv
455,475.125 to 475.625,7,"[0, 1, 1, 0, 0, 0, 1, 0, 0, 1, 0, 1]",1,dMajor,Piano Sonata K311 i D major.mid by Mozart.csv
456,476.0 to 476.625,16,"[0, 0, 0, 0, 1, 0, 2, 1, 0, 0, 0, 1]",3,bMajor,Piano Sonata K311 i D major.mid by Mozart.csv
457,477.0 to 477.5,10,"[0, 0, 0, 0, 1, 0, 0, 2, 0, 0, 0, 1]",4,gMinor,Piano Sonata K311 i D major.mid by Mozart.csv
458,478.0 to 478.625,17,"[0, 1, 0, 0, 1, 0, 0, 1, 0, 1, 0, 0]",0,aMajor,Piano Sonata K311 i D major.mid by Mozart.csv
459,479.0 to 479.625,16,"[0, 0, 0, 0, 1, 0, 1, 1, 0, 1, 0, 0]",4,cMajor,Piano Sonata K311 i D major.mid by Mozart.csv
460,480.0 to 480.625,7,"[0, 1, 1, 0, 0, 0, 1, 0, 0, 1, 0, 0]",1,dMajor,Piano Sonata K311 i D major.mid by Mozart.csv
461,481.0 to 481.625,17,"[0, 1, 0, 0, 1, 0, 0, 0, 0, 1, 0, 0]",0,aMajor,Piano Sonata K311 i D major.mid by Mozart.csv
462,482.0 to 482.625,7,"[0, 0, 1, 0, 0, 1, 1, 0, 0, 1, 0, 0]",1,dMajor,Piano Sonata K311 i D major.mid by Mozart.csv
463,483.0 to 483.83333330000005,5,"[0, 0, 1, 0, 0, 0, 0, 1, 0, 1, 0, 1]",6,gMajor,Piano Sonata K311 i D major.mid by Mozart.csv
464,484.0 to 484.5,7,"[0, 0, 1, 0, 0, 0, 1, 0, 0, 1, 0, 0]",1,dMajor,Piano Sonata K311 i D major.mid by Mozart.csv
465,485.0 to 485.75,16,"[0, 0, 1, 0, 0, 0, 2, 1, 0, 1, 0, 0]",3,dMajor,Piano Sonata K311 i D major.mid by Mozart.csv
466,486.0 to 486.5,17,"[0, 1, 0, 0, 1, 0, 1, 0, 0, 1, 0, 0]",0,aMinor,Piano Sonata K311 i D major.mid by Mozart.csv
467,487.0 to 487.5,3,"[0, 0, 0, 0, 0, 0, 0, 1, 1, 0, 0, 0]",1,cMajor,Piano Sonata K311 i D major.mid by Mozart.csv
468,488.0 to 488.625,3,"[0, 0, 1, 0, 0, 1, 0, 0, 1, 1, 0, 0]",1,fMinor,Piano Sonata K311 i D major.mid by Mozart.csv
469,489.0 to 489.625,17,"[0, 0, 0, 0, 1, 0, 0, 1, 0, 1, 0, 0]",4,cMajor,Piano Sonata K311 i D major.mid by Mozart.csv
470,490.0 to 490.5,2,"[1, 0, 1, 0, 0, 1, 0, 0, 0, 1, 0, 0]",1,fMajor,Piano Sonata K311 i D major.mid by Mozart.csv
471,491.0 to 491.875,6,"[0, 0, 1, 0, 0, 1, 0, 0, 0, 1, 1, 0]",1,fMinor,Piano Sonata K311 i D major.mid by Mozart.csv
472,492.0 to 492.625,16,"[0, 0, 0, 0, 1, 0, 1, 1, 0, 0, 1, 0]",4,e-Major,Piano Sonata K311 i D major.mid by Mozart.csv
473,493.0 to 493.875,10,"[0, 0, 0, 0, 1, 0, 1, 2, 0, 1, 1, 0]",4,cMajor,Piano Sonata K311 i D major.mid by Mozart.csv
474,494.0 to 494.625,17,"[0, 1, 0, 0, 1, 0, 0, 1, 0, 1, 0, 0]",0,aMajor,Piano Sonata K311 i D major.mid by Mozart.csv
475,495.0 to 495.625,17,"[0, 1, 0, 0, 1, 1, 0, 0, 0, 1, 0, 0]",0,aMajor,Piano Sonata K311 i D major.mid by Mozart.csv
476,496.0 to 496.625,6,"[0, 0, 1, 0, 0, 1, 0, 1, 0, 1, 0, 0]",1,fMinor,Piano Sonata K311 i D major.mid by Mozart.csv
477,497.0 to 497.625,2,"[1, 0, 0, 0, 1, 0, 0, 0, 0, 1, 0, 0]",0,cMinor,Piano Sonata K311 i D major.mid by Mozart.csv
478,498.0 to 498.75,14,"[0, 1, 1, 0, 0, 1, 0, 0, 0, 0, 1, 0]",1,b-Major,Piano Sonata K311 i D major.mid by Mozart.csv
479,499.0 to 499.625,3,"[0, 0, 1, 0, 1, 0, 0, 0, 1, 0, 0, 0]",7,eMajor,Piano Sonata K311 i D major.mid by Mozart.csv
480,500.0 to 500.625,3,"[0, 0, 1, 0, 0, 0, 0, 0, 1, 1, 0, 0]",1,dMajor,Piano Sonata K311 i D major.mid by Mozart.csv
481,501.125 to 501.75,3,"[0, 0, 1, 0, 0, 1, 0, 0, 1, 1, 0, 0]",1,fMinor,Piano Sonata K311 i D major.mid by Mozart.csv
482,502.0 to 502.625,17,"[0, 1, 0, 0, 0, 0, 0, 2, 0, 2, 0, 0]",5,aMajor,Piano Sonata K311 i D major.mid by Mozart.csv
483,503.125 to 503.625,16,"[0, 0, 0, 0, 2, 0, 2, 0, 0, 0, 0, 0]",3,cMajor,Piano Sonata K311 i D major.mid by Mozart.csv
484,504.0 to 504.875,12,"[0, 0, 2, 0, 0, 0, 1, 0, 1, 1, 0, 0]",8,dMajor,Piano Sonata K311 i D major.mid by Mozart.csv
485,505.0 to 505.75,4,"[0, 0, 1, 0, 0, 0, 0, 0, 1, 1, 0, 1]",1,gMajor,Piano Sonata K311 i D major.mid by Mozart.csv
486,506.0 to 506.75,17,"[0, 0, 1, 0, 1, 0, 0, 1, 0, 1, 0, 0]",4,dMajor,Piano Sonata K311 i D major.mid by Mozart.csv
487,507.0 to 507.75,17,"[0, 1, 0, 0, 0, 0, 0, 1, 0, 2, 0, 0]",5,aMajor,Piano Sonata K311 i D major.mid by Mozart.csv
488,508.0 to 508.75,7,"[0, 0, 1, 0, 0, 0, 1, 0, 1, 1, 0, 0]",1,dMajor,Piano Sonata K311 i D major.mid by Mozart.csv
489,509.0 to 509.75,4,"[0, 0, 1, 0, 0, 0, 0, 0, 1, 1, 0, 1]",1,gMajor,Piano Sonata K311 i D major.mid by Mozart.csv
490,510.0 to 510.75,17,"[0, 0, 1, 0, 1, 0, 0, 1, 0, 1, 0, 0]",4,dMajor,Piano Sonata K311 i D major.mid by Mozart.csv
491,511.0 to 511.75,17,"[0, 1, 0, 0, 0, 0, 0, 1, 0, 2, 0, 0]",5,aMajor,Piano Sonata K311 i D major.mid by Mozart.csv
492,512.0 to 512.875,7,"[0, 0, 1, 0, 0, 0, 1, 0, 1, 2, 0, 1]",1,dMajor,Piano Sonata K311 i D major.mid by Mozart.csv
493,513.125 to 513.8333333,3,"[0, 0, 1, 0, 0, 0, 0, 0, 1, 1, 0, 0]",1,dMajor,Piano Sonata K311 i D major.mid by Mozart.csv
494,514.0 to 514.8333333,17,"[0, 0, 1, 0, 1, 0, 0, 1, 0, 1, 0, 0]",4,dMajor,Piano Sonata K311 i D major.mid by Mozart.csv
495,515.0 to 515.75,17,"[0, 1, 0, 0, 0, 0, 0, 1, 0, 2, 0, 0]",5,aMajor,Piano Sonata K311 i D major.mid by Mozart.csv
496,516.0 to 516.8333333,7,"[0, 0, 1, 0, 0, 0, 1, 0, 1, 1, 0, 0]",1,dMajor,Piano Sonata K311 i D major.mid by Mozart.csv
497,517.0 to 517.75,4,"[0, 0, 1, 0, 0, 0, 0, 0, 1, 1, 0, 1]",1,gMajor,Piano Sonata K311 i D major.mid by Mozart.csv
498,518.0 to 518.8333333,17,"[0, 0, 1, 0, 1, 0, 0, 1, 0, 1, 0, 0]",4,dMajor,Piano Sonata K311 i D major.mid by Mozart.csv
499,519.0 to 519.75,17,"[0, 1, 0, 0, 0, 0, 0, 1, 0, 2, 0, 0]",5,aMajor,Piano Sonata K311 i D major.mid by Mozart.csv
500,520.0 to 520.25,12,"[0, 0, 1, 0, 0, 0, 1, 0, 0, 0, 0, 0]",1,dMajor,Piano Sonata K311 i D major.mid by Mozart.csv
501,521.0 to 521.75,7,"[0, 0, 1, 0, 0, 0, 1, 0, 0, 1, 0, 0]",1,dMajor,Piano Sonata K311 i D major.mid by Mozart.csv
502,522.0 to 522.875,9,"[0, 0, 1, 0, 1, 0, 0, 1, 0, 0, 0, 0]",4,cMajor,Piano Sonata K311 i D major.mid by Mozart.csv
503,523.0 to 523.875,12,"[0, 0, 2, 0, 0, 0, 1, 0, 0, 0, 0, 0]",2,dMajor,Piano Sonata K311 i D major.mid by Mozart.csv
504,524.0 to 524.9166667,17,"[0, 2, 1, 0, 0, 0, 0, 1, 0, 1, 0, 1]",5,gMajor,Piano Sonata K311 i D major.mid by Mozart.csv
505,525.0 to 525.8333333,17,"[0, 2, 1, 0, 0, 0, 0, 1, 0, 1, 0, 1]",5,gMajor,Piano Sonata K311 i D major.mid by Mozart.csv
506,526.0 to 526.8333333,12,"[0, 1, 2, 0, 1, 0, 0, 1, 0, 0, 0, 0]",2,gMajor,Piano Sonata K311 i D major.mid by Mozart.csv
507,527.0 to 527.8333333,5,"[0, 2, 1, 0, 0, 0, 0, 1, 0, 0, 0, 1]",6,gMajor,Piano Sonata K311 i D major.mid by Mozart.csv
508,528.0 to 528.8333333,7,"[0, 1, 1, 0, 0, 0, 1, 0, 0, 1, 0, 0]",1,dMajor,Piano Sonata K311 i D major.mid by Mozart.csv
509,529.0 to 529.875,7,"[0, 0, 1, 0, 0, 0, 1, 0, 0, 1, 0, 0]",1,dMajor,Piano Sonata K311 i D major.mid by Mozart.csv
510,530.0 to 530.8333333,9,"[0, 0, 1, 0, 1, 0, 0, 1, 0, 0, 0, 0]",4,cMajor,Piano Sonata K311 i D major.mid by Mozart.csv
511,531.0 to 531.8333333,12,"[0, 0, 2, 0, 0, 0, 1, 0, 0, 0, 0, 0]",2,dMajor,Piano Sonata K311 i D major.mid by Mozart.csv
512,532.0 to 532.9166667,8,"[0, 0, 0, 0, 2, 0, 1, 1, 0, 0, 0, 2]",4,gMinor,Piano Sonata K311 i D major.mid by Mozart.csv
513,533.0 to 533.875,1,"[0, 0, 0, 0, 2, 0, 1, 2, 0, 1, 0, 2]",4,gMinor,Piano Sonata K311 i D major.mid by Mozart.csv
514,534.0 to 534.8333333,12,"[0, 0, 2, 0, 1, 0, 1, 0, 0, 1, 0, 0]",8,dMajor,Piano Sonata K311 i D major.mid by Mozart.csv
515,535.0 to 535.875,16,"[0, 1, 1, 0, 1, 0, 1, 1, 0, 1, 0, 0]",4,dMajor,Piano Sonata K311 i D major.mid by Mozart.csv
516,536.0 to 536.75,12,"[0, 0, 2, 0, 0, 0, 1, 0, 0, 0, 0, 0]",2,dMajor,Piano Sonata K311 i D major.mid by Mozart.csv
517,537.0 to 537.875,7,"[0, 0, 1, 0, 0, 0, 1, 0, 0, 1, 0, 0]",1,dMajor,Piano Sonata K311 i D major.mid by Mozart.csv
518,538.0 to 538.75,9,"[0, 0, 1, 0, 1, 0, 0, 1, 0, 0, 0, 0]",4,cMajor,Piano Sonata K311 i D major.mid by Mozart.csv
519,539.0 to 539.875,12,"[0, 0, 2, 0, 0, 0, 1, 1, 0, 0, 0, 0]",2,dMajor,Piano Sonata K311 i D major.mid by Mozart.csv
520,540.0 to 540.8333332999998,17,"[0, 2, 1, 0, 0, 0, 0, 1, 0, 1, 0, 1]",5,gMajor,Piano Sonata K311 i D major.mid by Mozart.csv
521,541.0 to 541.8333332999998,5,"[0, 2, 1, 0, 0, 0, 0, 1, 0, 0, 0, 1]",6,gMajor,Piano Sonata K311 i D major.mid by Mozart.csv
522,542.0 to 542.8333332999998,12,"[0, 1, 2, 0, 1, 0, 0, 1, 0, 0, 0, 0]",2,gMajor,Piano Sonata K311 i D major.mid by Mozart.csv
523,543.0 to 543.8333332999998,5,"[0, 2, 1, 0, 0, 0, 0, 1, 0, 0, 0, 1]",6,gMajor,Piano Sonata K311 i D major.mid by Mozart.csv
524,544.0 to 544.75,7,"[0, 1, 1, 0, 0, 0, 1, 0, 0, 1, 0, 0]",1,dMajor,Piano Sonata K311 i D major.mid by Mozart.csv
525,545.0 to 545.875,7,"[0, 0, 1, 0, 1, 0, 1, 0, 0, 2, 0, 0]",8,dMajor,Piano Sonata K311 i D major.mid by Mozart.csv
526,546.0 to 546.75,10,"[0, 0, 1, 0, 1, 0, 0, 2, 0, 0, 0, 0]",4,gMajor,Piano Sonata K311 i D major.mid by Mozart.csv
527,547.0 to 547.875,12,"[0, 0, 2, 0, 0, 0, 2, 0, 0, 0, 0, 0]",2,dMajor,Piano Sonata K311 i D major.mid by Mozart.csv
528,548.0 to 548.875,8,"[0, 0, 0, 0, 3, 0, 1, 1, 0, 0, 0, 2]",4,gMinor,Piano Sonata K311 i D major.mid by Mozart.csv
529,549.0 to 549.875,1,"[0, 0, 0, 0, 2, 0, 1, 2, 0, 1, 0, 2]",4,gMinor,Piano Sonata K311 i D major.mid by Mozart.csv
530,550.0 to 550.875,12,"[0, 0, 2, 0, 1, 0, 1, 0, 0, 1, 0, 0]",8,dMajor,Piano Sonata K311 i D major.mid by Mozart.csv
531,551.0 to 551.875,16,"[0, 1, 1, 0, 1, 0, 1, 1, 0, 1, 0, 0]",4,dMajor,Piano Sonata K311 i D major.mid by Mozart.csv
532,552.0 to 552.25,7,"[0, 0, 3, 0, 0, 0, 2, 0, 0, 2, 0, 0]",8,dMajor,Piano Sonata K311 i D major.mid by Mozart.csv
533,553.0 to 553.0,12,"[0, 0, 2, 0, 0, 0, 0, 0, 0, 1, 0, 0]",1,dMajor,Piano Sonata K311 i D major.mid by Mozart.csv
534,554.0 to 554.75,16,"[0, 0, 1, 0, 1, 0, 2, 1, 0, 0, 0, 0]",3,dMajor,Piano Sonata K311 i D major.mid by Mozart.csv
535,555.0 to 555.75,16,"[0, 0, 0, 0, 1, 0, 1, 2, 0, 1, 0, 0]",4,cMajor,Piano Sonata K311 i D major.mid by Mozart.csv
536,556.0 to 556.3333332999998,17,"[0, 0, 0, 0, 0, 0, 1, 0, 0, 2, 0, 0]",5,dMajor,Piano Sonata K311 i D major.mid by Mozart.csv
537,558.0 to 558.5,4,"[0, 0, 0, 0, 0, 0, 0, 0, 0, 1, 0, 1]",1,dMajor,Piano Sonata K311 i D major.mid by Mozart.csv
538,559.0 to 559.5,12,"[0, 1, 1, 0, 0, 0, 0, 0, 0, 0, 0, 0]",1,c#Major,Piano Sonata K311 i D major.mid by Mozart.csv
539,560.0 to 560.5,7,"[0, 0, 1, 0, 0, 0, 1, 0, 0, 1, 0, 0]",1,dMajor,Piano Sonata K311 i D major.mid by Mozart.csv
540,561.0 to 561.5,12,"[0, 0, 2, 0, 0, 0, 1, 0, 0, 0, 0, 0]",2,dMajor,Piano Sonata K311 i D major.mid by Mozart.csv
541,562.0 to 562.9166667000002,16,"[0, 0, 1, 0, 1, 0, 1, 1, 0, 1, 0, 0]",4,dMajor,Piano Sonata K311 i D major.mid by Mozart.csv
542,563.0 to 563.625,17,"[0, 1, 0, 0, 0, 0, 0, 1, 0, 2, 0, 0]",5,aMajor,Piano Sonata K311 i D major.mid by Mozart.csv
543,564.0 to 564.5,12,"[0, 0, 2, 0, 0, 1, 1, 0, 0, 0, 0, 0]",2,b-Major,Piano Sonata K311 i D major.mid by Mozart.csv
544,566.0 to 566.8333332999998,16,"[0, 0, 1, 0, 1, 0, 2, 1, 0, 0, 0, 0]",3,dMajor,Piano Sonata K311 i D major.mid by Mozart.csv
545,567.0 to 567.75,16,"[0, 0, 0, 0, 1, 0, 1, 2, 0, 1, 0, 0]",4,cMajor,Piano Sonata K311 i D major.mid by Mozart.csv
546,568.0 to 568.25,17,"[0, 0, 0, 0, 0, 0, 1, 1, 0, 2, 0, 0]",5,dMajor,Piano Sonata K311 i D major.mid by Mozart.csv
547,570.0 to 570.5,4,"[0, 0, 0, 0, 0, 0, 0, 0, 0, 1, 0, 1]",1,dMajor,Piano Sonata K311 i D major.mid by Mozart.csv
548,571.0 to 571.5,12,"[0, 1, 1, 0, 0, 0, 0, 0, 0, 0, 0, 0]",1,c#Major,Piano Sonata K311 i D major.mid by Mozart.csv
549,572.0 to 572.625,7,"[0, 0, 1, 0, 0, 0, 1, 0, 0, 1, 0, 0]",1,dMajor,Piano Sonata K311 i D major.mid by Mozart.csv
550,573.0 to 573.625,12,"[0, 0, 2, 0, 0, 0, 1, 0, 0, 1, 0, 0]",8,dMajor,Piano Sonata K311 i D major.mid by Mozart.csv
551,574.0 to 574.75,16,"[0, 0, 1, 0, 1, 0, 1, 1, 0, 1, 0, 0]",4,dMajor,Piano Sonata K311 i D major.mid by Mozart.csv
552,575.0 to 575.75,17,"[0, 1, 0, 0, 1, 0, 1, 1, 0, 2, 0, 0]",9,aMajor,Piano Sonata K311 i D major.mid by Mozart.csv
553,576.0 to 576.75,7,"[0, 0, 2, 0, 1, 0, 2, 1, 0, 1, 0, 0]",8,dMajor,Piano Sonata K311 i D major.mid by Mozart.csv
554,577.0 to 577.875,7,"[0, 1, 2, 0, 0, 0, 1, 1, 0, 2, 0, 1]",8,dMajor,Piano Sonata K311 i D major.mid by Mozart.csv
555,578.0 to 578.8333332999998,19,"[0, 0, 2, 0, 0, 0, 0, 1, 0, 0, 0, 1]",2,gMajor,Piano Sonata K311 i D major.mid by Mozart.csv
556,579.0 to 579.8333332999998,1,"[0, 0, 1, 0, 0, 0, 0, 2, 0, 0, 0, 2]",6,gMajor,Piano Sonata K311 i D major.mid by Mozart.csv
557,580.0 to 580.8333332999998,7,"[0, 0, 1, 0, 0, 0, 2, 0, 0, 1, 0, 0]",8,dMajor,Piano Sonata K311 i D major.mid by Mozart.csv
558,581.0 to 581.875,7,"[0, 0, 2, 0, 0, 0, 2, 0, 0, 2, 0, 0]",8,dMajor,Piano Sonata K311 i D major.mid by Mozart.csv
559,582.0 to 582.875,8,"[0, 0, 0, 0, 2, 0, 0, 1, 0, 1, 0, 0]",4,gMinor,Piano Sonata K311 i D major.mid by Mozart.csv
560,583.0 to 583.75,10,"[0, 1, 0, 0, 1, 0, 0, 2, 0, 1, 0, 0]",4,cMajor,Piano Sonata K311 i D major.mid by Mozart.csv
561,584.0 to 584.875,7,"[0, 0, 2, 0, 1, 0, 2, 1, 0, 1, 0, 0]",8,dMajor,Piano Sonata K311 i D major.mid by Mozart.csv
562,585.0 to 585.9166667000002,7,"[0, 1, 2, 0, 0, 0, 1, 0, 0, 2, 0, 1]",8,dMajor,Piano Sonata K311 i D major.mid by Mozart.csv
563,586.0 to 586.9166667000002,19,"[0, 1, 2, 0, 1, 0, 0, 1, 0, 0, 0, 1]",2,gMajor,Piano Sonata K311 i D major.mid by Mozart.csv
564,587.0 to 587.7916667000002,19,"[0, 1, 2, 0, 0, 0, 0, 2, 0, 1, 0, 2]",6,gMajor,Piano Sonata K311 i D major.mid by Mozart.csv
565,588.0 to 588.9166667000002,7,"[0, 0, 1, 0, 0, 0, 2, 1, 1, 2, 0, 0]",8,dMajor,Piano Sonata K311 i D major.mid by Mozart.csv
566,589.0 to 589.9166667000002,7,"[0, 0, 2, 0, 1, 0, 2, 1, 0, 2, 0, 0]",8,dMajor,Piano Sonata K311 i D major.mid by Mozart.csv
567,590.0 to 590.8333332999998,10,"[0, 0, 1, 1, 2, 0, 1, 2, 0, 1, 0, 0]",4,cMajor,Piano Sonata K311 i D major.mid by Mozart.csv
568,591.0 to 591.875,10,"[0, 1, 1, 0, 2, 0, 1, 2, 0, 1, 0, 0]",4,cMajor,Piano Sonata K311 i D major.mid by Mozart.csv
569,592.0 to 592.875,7,"[0, 0, 2, 0, 0, 0, 2, 0, 0, 1, 0, 0]",8,dMajor,Piano Sonata K311 i D major.mid by Mozart.csv
570,593.0 to 593.8333332999998,17,"[0, 1, 0, 0, 2, 0, 1, 1, 0, 2, 0, 0]",9,aMajor,Piano Sonata K311 i D major.mid by Mozart.csv
571,594.0 to 594.8333332999998,7,"[0, 0, 2, 0, 0, 0, 2, 0, 0, 1, 0, 0]",8,dMajor,Piano Sonata K311 i D major.mid by Mozart.csv
572,595.0 to 595.8333332999998,17,"[0, 1, 0, 0, 2, 0, 1, 1, 0, 2, 0, 0]",9,aMajor,Piano Sonata K311 i D major.mid by Mozart.csv
573,596.0 to 596.25,12,"[0, 0, 2, 0, 0, 0, 1, 0, 0, 0, 0, 0]",2,dMajor,Piano Sonata K311 i D major.mid by Mozart.csv
574,597.0 to 597.3333332999998,14,"[0, 1, 0, 0, 1, 0, 0, 1, 0, 0, 2, 0]",4,b-Minor,Piano Sonata K311 i D major.mid by Mozart.csv
575,598.125 to 598.125,19,"[0, 0, 2, 0, 0, 0, 1, 0, 0, 0, 0, 2]",2,dMinor,Piano Sonata K311 i D major.mid by Mozart.csv
576,600.0 to 600.625,1,"[0, 0, 0, 0, 0, 0, 1, 3, 0, 1, 0, 1]",6,gMajor,Piano Sonata K311 i D major.mid by Mozart.csv
577,601.0 to 601.625,10,"[0, 0, 0, 0, 1, 0, 1, 3, 0, 1, 0, 0]",4,cMajor,Piano Sonata K311 i D major.mid by Mozart.csv
578,602.0 to 602.625,17,"[0, 0, 1, 0, 1, 0, 1, 1, 0, 2, 0, 0]",8,dMajor,Piano Sonata K311 i D major.mid by Mozart.csv
579,603.0 to 603.5,17,"[0, 1, 1, 0, 1, 0, 1, 0, 0, 2, 0, 0]",9,dMajor,Piano Sonata K311 i D major.mid by Mozart.csv
580,604.125 to 604.125,9,"[0, 1, 1, 0, 1, 0, 0, 1, 0, 0, 0, 0]",4,cMajor,Piano Sonata K311 i D major.mid by Mozart.csv
581,605.25 to 605.25,17,"[0, 1, 0, 0, 1, 0, 0, 1, 0, 1, 0, 0]",0,aMajor,Piano Sonata K311 i D major.mid by Mozart.csv
582,606.375 to 606.5,12,"[0, 1, 2, 0, 1, 0, 1, 1, 0, 0, 0, 0]",2,dMajor,Piano Sonata K311 i D major.mid by Mozart.csv
583,607.5 to 607.5,12,"[0, 0, 1, 0, 0, 0, 0, 0, 0, 0, 0, 0]",1,dMajor,Piano Sonata K311 i D major.mid by Mozart.csv
