index,offsetRange,CentroidLabelIndex_entireUnits,"[C,C#,D,E-,E,F,F#,G,G#,A,B-,B]",CentroidLabelIndex_individualUnit,triadLabel,filename
0,0.0 to 0.5,9,"[0, 0, 0, 0, 1, 0, 0, 1, 0, 0, 0, 0]",3,cMajor,Piano Sonata K545 iii C major.mid by Mozart.csv
1,1.0 to 1.5,0,"[2, 0, 0, 0, 1, 0, 0, 0, 0, 1, 0, 0]",0,cMinor,Piano Sonata K545 iii C major.mid by Mozart.csv
2,2.0 to 2.5,18,"[0, 0, 1, 0, 0, 2, 0, 0, 0, 1, 0, 0]",2,fMinor,Piano Sonata K545 iii C major.mid by Mozart.csv
3,3.0 to 3.5,5,"[0, 0, 1, 0, 0, 0, 0, 1, 0, 0, 0, 2]",1,gMajor,Piano Sonata K545 iii C major.mid by Mozart.csv
4,4.0 to 4.75,8,"[1, 0, 1, 0, 2, 0, 0, 1, 0, 0, 0, 0]",6,cMajor,Piano Sonata K545 iii C major.mid by Mozart.csv
5,5.0 to 5.916666667,4,"[1, 1, 1, 0, 0, 1, 0, 0, 0, 1, 0, 1]",4,fMajor,Piano Sonata K545 iii C major.mid by Mozart.csv
6,6.0 to 6.875,6,"[1, 0, 2, 0, 1, 2, 0, 1, 0, 0, 0, 0]",7,b-Major,Piano Sonata K545 iii C major.mid by Mozart.csv
7,7.0 to 7.666666667,10,"[1, 0, 0, 0, 1, 0, 0, 3, 0, 1, 0, 1]",3,cMajor,Piano Sonata K545 iii C major.mid by Mozart.csv
8,8.25 to 8.75,0,"[2, 0, 0, 0, 1, 0, 0, 1, 0, 1, 0, 0]",0,cMajor,Piano Sonata K545 iii C major.mid by Mozart.csv
9,9.25 to 9.666666667000001,18,"[1, 0, 1, 0, 0, 2, 0, 0, 0, 2, 0, 0]",2,fMajor,Piano Sonata K545 iii C major.mid by Mozart.csv
10,10.25 to 10.66666667,5,"[0, 0, 1, 0, 0, 1, 0, 1, 0, 1, 0, 2]",1,gMajor,Piano Sonata K545 iii C major.mid by Mozart.csv
11,11.125 to 11.875,10,"[1, 0, 0, 0, 1, 0, 0, 2, 0, 1, 0, 1]",3,cMajor,Piano Sonata K545 iii C major.mid by Mozart.csv
12,12.0 to 12.875,18,"[0, 1, 1, 0, 1, 2, 0, 1, 0, 1, 0, 0]",2,fMinor,Piano Sonata K545 iii C major.mid by Mozart.csv
13,13.125 to 13.75,18,"[1, 0, 0, 0, 1, 2, 0, 0, 0, 2, 0, 0]",2,fMajor,Piano Sonata K545 iii C major.mid by Mozart.csv
14,14.0 to 14.625,15,"[2, 0, 1, 0, 1, 1, 0, 1, 0, 0, 0, 1]",7,cMajor,Piano Sonata K545 iii C major.mid by Mozart.csv
15,15.0 to 15.5,9,"[1, 0, 0, 0, 1, 0, 0, 1, 0, 0, 0, 0]",3,cMajor,Piano Sonata K545 iii C major.mid by Mozart.csv
16,16.0 to 16.5,0,"[2, 0, 0, 0, 1, 0, 0, 1, 0, 1, 0, 0]",0,cMajor,Piano Sonata K545 iii C major.mid by Mozart.csv
17,17.125 to 17.625,18,"[1, 0, 1, 0, 0, 2, 0, 0, 0, 1, 0, 0]",2,fMajor,Piano Sonata K545 iii C major.mid by Mozart.csv
18,18.125 to 18.5,5,"[0, 0, 1, 0, 0, 1, 0, 1, 0, 0, 0, 2]",1,gMajor,Piano Sonata K545 iii C major.mid by Mozart.csv
19,19.125 to 19.75,15,"[1, 0, 0, 0, 1, 0, 0, 1, 0, 0, 0, 1]",3,cMajor,Piano Sonata K545 iii C major.mid by Mozart.csv
20,20.125 to 20.875,2,"[1, 0, 0, 0, 1, 1, 0, 0, 0, 1, 0, 1]",4,fMajor,Piano Sonata K545 iii C major.mid by Mozart.csv
21,21.0 to 21.83333333,15,"[1, 1, 1, 0, 1, 1, 0, 0, 0, 0, 0, 1]",4,cMajor,Piano Sonata K545 iii C major.mid by Mozart.csv
22,22.0 to 22.875,19,"[1, 0, 2, 0, 0, 1, 0, 1, 0, 1, 0, 1]",7,gMajor,Piano Sonata K545 iii C major.mid by Mozart.csv
23,23.125 to 23.875,10,"[0, 0, 0, 0, 1, 0, 0, 2, 0, 0, 0, 0]",3,cMajor,Piano Sonata K545 iii C major.mid by Mozart.csv
24,24.33333333 to 24.875,0,"[2, 0, 0, 0, 1, 0, 0, 0, 0, 1, 0, 0]",0,cMinor,Piano Sonata K545 iii C major.mid by Mozart.csv
25,25.33333333 to 25.875,18,"[0, 0, 1, 0, 0, 2, 0, 0, 0, 1, 0, 0]",2,fMinor,Piano Sonata K545 iii C major.mid by Mozart.csv
26,26.33333333 to 26.875,5,"[0, 0, 1, 0, 0, 0, 0, 1, 0, 0, 0, 2]",1,gMajor,Piano Sonata K545 iii C major.mid by Mozart.csv
27,27.375 to 27.875,9,"[1, 0, 0, 0, 1, 1, 0, 1, 0, 1, 0, 0]",6,cMajor,Piano Sonata K545 iii C major.mid by Mozart.csv
28,28.0 to 28.75,6,"[0, 1, 1, 0, 1, 1, 0, 0, 0, 1, 0, 0]",4,aMajor,Piano Sonata K545 iii C major.mid by Mozart.csv
29,29.0 to 29.75,18,"[1, 0, 0, 0, 0, 3, 0, 1, 0, 2, 0, 1]",2,fMajor,Piano Sonata K545 iii C major.mid by Mozart.csv
30,30.0 to 30.75,0,"[3, 0, 1, 0, 1, 0, 0, 0, 0, 0, 0, 0]",0,cMajor,Piano Sonata K545 iii C major.mid by Mozart.csv
31,31.375 to 31.95833333,13,"[1, 0, 0, 0, 2, 0, 1, 2, 0, 0, 0, 0]",3,cMajor,Piano Sonata K545 iii C major.mid by Mozart.csv
32,32.0 to 32.875,1,"[1, 0, 0, 0, 0, 0, 1, 2, 0, 1, 0, 1]",3,cMajor,Piano Sonata K545 iii C major.mid by Mozart.csv
33,33.0 to 33.875,7,"[0, 0, 2, 0, 1, 0, 2, 1, 0, 1, 0, 1]",1,dMajor,Piano Sonata K545 iii C major.mid by Mozart.csv
34,34.0 to 34.875,19,"[0, 0, 2, 0, 1, 0, 1, 1, 0, 0, 0, 1]",1,gMajor,Piano Sonata K545 iii C major.mid by Mozart.csv
35,35.0 to 35.875,19,"[1, 0, 2, 0, 1, 0, 0, 1, 0, 0, 0, 2]",1,gMajor,Piano Sonata K545 iii C major.mid by Mozart.csv
36,36.0 to 36.875,15,"[2, 0, 1, 0, 0, 0, 0, 1, 1, 2, 0, 2]",5,fMajor,Piano Sonata K545 iii C major.mid by Mozart.csv
37,37.0 to 37.875,2,"[2, 1, 0, 0, 2, 0, 1, 0, 0, 2, 0, 1]",9,cMinor,Piano Sonata K545 iii C major.mid by Mozart.csv
38,38.0 to 38.75,17,"[0, 0, 1, 0, 1, 0, 1, 1, 0, 2, 0, 0]",3,dMajor,Piano Sonata K545 iii C major.mid by Mozart.csv
39,39.0 to 39.5,12,"[0, 0, 3, 0, 1, 0, 0, 0, 0, 0, 0, 1]",1,dMinor,Piano Sonata K545 iii C major.mid by Mozart.csv
40,40.0 to 40.625,1,"[0, 0, 1, 0, 1, 0, 0, 2, 0, 0, 0, 1]",3,gMajor,Piano Sonata K545 iii C major.mid by Mozart.csv
41,41.0 to 41.75,0,"[2, 0, 0, 0, 1, 0, 0, 1, 0, 1, 0, 0]",0,cMajor,Piano Sonata K545 iii C major.mid by Mozart.csv
42,42.0 to 42.5,7,"[1, 0, 1, 0, 0, 0, 2, 0, 0, 1, 0, 0]",4,dMajor,Piano Sonata K545 iii C major.mid by Mozart.csv
43,43.125 to 43.875,5,"[0, 0, 1, 0, 0, 0, 1, 1, 0, 1, 0, 1]",1,dMajor,Piano Sonata K545 iii C major.mid by Mozart.csv
44,44.125 to 44.875,10,"[1, 0, 0, 1, 1, 0, 0, 2, 0, 0, 0, 1]",3,cMajor,Piano Sonata K545 iii C major.mid by Mozart.csv
45,45.0 to 45.875,19,"[1, 0, 2, 0, 1, 0, 0, 2, 0, 0, 0, 1]",7,gMajor,Piano Sonata K545 iii C major.mid by Mozart.csv
46,46.0 to 46.79166667,16,"[1, 0, 1, 0, 0, 0, 1, 2, 0, 1, 0, 0]",3,cMajor,Piano Sonata K545 iii C major.mid by Mozart.csv
47,47.125 to 47.91666667,10,"[0, 0, 0, 0, 0, 0, 0, 2, 0, 1, 0, 0]",3,cMajor,Piano Sonata K545 iii C major.mid by Mozart.csv
48,48.125 to 48.79166667,5,"[1, 0, 1, 0, 0, 0, 0, 1, 0, 0, 0, 2]",1,gMajor,Piano Sonata K545 iii C major.mid by Mozart.csv
49,49.25 to 49.75,5,"[0, 0, 0, 0, 0, 0, 0, 1, 0, 0, 0, 1]",3,gMajor,Piano Sonata K545 iii C major.mid by Mozart.csv
50,50.0 to 50.79166667,15,"[1, 0, 1, 0, 1, 1, 0, 1, 0, 0, 0, 1]",7,cMajor,Piano Sonata K545 iii C major.mid by Mozart.csv
51,51.25 to 51.75,5,"[0, 0, 1, 0, 0, 0, 0, 1, 0, 0, 0, 0]",3,gMajor,Piano Sonata K545 iii C major.mid by Mozart.csv
52,52.0 to 52.75,6,"[0, 0, 1, 0, 1, 1, 0, 1, 0, 1, 0, 0]",6,fMinor,Piano Sonata K545 iii C major.mid by Mozart.csv
53,53.33333333 to 53.33333333,3,"[0, 0, 0, 0, 0, 0, 0, 0, 1, 0, 0, 0]",4,c#Major,Piano Sonata K545 iii C major.mid by Mozart.csv
54,54.0 to 54.66666667,16,"[0, 0, 0, 0, 0, 0, 1, 1, 0, 0, 0, 0]",3,cMajor,Piano Sonata K545 iii C major.mid by Mozart.csv
55,55.75 to 55.75,9,"[0, 0, 0, 0, 0, 1, 0, 0, 0, 0, 0, 0]",4,c#Major,Piano Sonata K545 iii C major.mid by Mozart.csv
56,57.375 to 57.375,9,"[0, 0, 0, 0, 1, 0, 0, 1, 0, 0, 0, 0]",3,cMajor,Piano Sonata K545 iii C major.mid by Mozart.csv
57,58.0 to 58.375,0,"[2, 0, 0, 0, 1, 0, 0, 1, 0, 1, 0, 0]",0,cMajor,Piano Sonata K545 iii C major.mid by Mozart.csv
58,59.0 to 59.5,18,"[1, 0, 1, 0, 0, 2, 0, 0, 0, 1, 0, 0]",2,fMajor,Piano Sonata K545 iii C major.mid by Mozart.csv
59,60.0 to 60.875,5,"[0, 0, 1, 0, 0, 1, 0, 1, 0, 0, 0, 2]",1,gMajor,Piano Sonata K545 iii C major.mid by Mozart.csv
60,61.375 to 61.875,8,"[1, 0, 1, 0, 2, 0, 0, 1, 0, 0, 0, 0]",6,cMajor,Piano Sonata K545 iii C major.mid by Mozart.csv
61,62.125 to 62.875,2,"[1, 0, 0, 0, 0, 1, 0, 0, 0, 1, 0, 1]",4,fMajor,Piano Sonata K545 iii C major.mid by Mozart.csv
62,63.0 to 63.875,6,"[0, 1, 2, 0, 1, 2, 0, 0, 0, 0, 0, 0]",2,b-Major,Piano Sonata K545 iii C major.mid by Mozart.csv
63,64.0 to 64.875,19,"[1, 0, 2, 0, 0, 0, 0, 2, 0, 1, 0, 1]",1,gMajor,Piano Sonata K545 iii C major.mid by Mozart.csv
64,65.125 to 65.625,9,"[0, 0, 0, 0, 1, 0, 0, 1, 0, 0, 0, 0]",3,cMajor,Piano Sonata K545 iii C major.mid by Mozart.csv
65,66.125 to 66.75,0,"[2, 0, 0, 0, 1, 0, 0, 0, 0, 1, 0, 0]",0,cMinor,Piano Sonata K545 iii C major.mid by Mozart.csv
66,67.125 to 67.625,18,"[0, 0, 1, 0, 0, 2, 0, 0, 0, 1, 0, 0]",2,fMinor,Piano Sonata K545 iii C major.mid by Mozart.csv
67,68.125 to 68.5,5,"[0, 0, 1, 0, 0, 0, 0, 1, 0, 0, 0, 2]",1,gMajor,Piano Sonata K545 iii C major.mid by Mozart.csv
68,69.0 to 69.66666667,8,"[1, 0, 0, 0, 2, 1, 0, 1, 0, 1, 0, 0]",6,cMajor,Piano Sonata K545 iii C major.mid by Mozart.csv
69,70.0 to 70.91666667,18,"[0, 1, 1, 0, 1, 2, 0, 0, 0, 2, 0, 0]",2,fMinor,Piano Sonata K545 iii C major.mid by Mozart.csv
70,71.125 to 71.875,15,"[2, 0, 1, 0, 1, 1, 0, 1, 0, 0, 0, 1]",7,cMajor,Piano Sonata K545 iii C major.mid by Mozart.csv
71,72.0 to 72.875,0,"[3, 0, 0, 0, 1, 0, 0, 0, 0, 0, 0, 0]",0,cMajor,Piano Sonata K545 iii C major.mid by Mozart.csv
72,73.375 to 73.375,9,"[1, 0, 0, 0, 1, 0, 0, 0, 0, 0, 0, 0]",4,cMajor,Piano Sonata K545 iii C major.mid by Mozart.csv
73,74.0 to 74.66666667,2,"[1, 0, 0, 1, 1, 1, 0, 0, 0, 1, 0, 0]",4,fMajor,Piano Sonata K545 iii C major.mid by Mozart.csv
74,75.0 to 75.875,4,"[0, 0, 1, 0, 1, 0, 0, 0, 0, 0, 0, 1]",1,eMajor,Piano Sonata K545 iii C major.mid by Mozart.csv
75,76.0 to 76.875,3,"[1, 0, 0, 1, 1, 1, 0, 0, 1, 0, 0, 1]",4,eMajor,Piano Sonata K545 iii C major.mid by Mozart.csv
76,77.0 to 77.375,9,"[1, 0, 0, 0, 1, 0, 0, 0, 0, 0, 0, 0]",4,cMajor,Piano Sonata K545 iii C major.mid by Mozart.csv
77,78.0 to 78.875,15,"[1, 0, 1, 1, 1, 1, 0, 0, 0, 1, 0, 1]",4,fMajor,Piano Sonata K545 iii C major.mid by Mozart.csv
78,79.375 to 79.875,4,"[0, 0, 1, 0, 1, 0, 0, 0, 1, 0, 0, 2]",1,eMajor,Piano Sonata K545 iii C major.mid by Mozart.csv
79,80.125 to 80.625,9,"[0, 0, 0, 1, 1, 1, 0, 0, 0, 0, 0, 0]",4,cMajor,Piano Sonata K545 iii C major.mid by Mozart.csv
80,81.0 to 81.875,2,"[2, 0, 0, 0, 2, 0, 0, 0, 0, 2, 0, 0]",9,cMinor,Piano Sonata K545 iii C major.mid by Mozart.csv
81,82.0 to 82.875,6,"[1, 0, 1, 0, 0, 1, 0, 0, 0, 0, 1, 0]",4,b-Major,Piano Sonata K545 iii C major.mid by Mozart.csv
82,83.0 to 83.875,9,"[0, 1, 1, 0, 1, 0, 0, 1, 0, 0, 0, 0]",3,cMajor,Piano Sonata K545 iii C major.mid by Mozart.csv
83,84.125 to 84.875,18,"[0, 1, 1, 0, 1, 2, 0, 0, 0, 1, 0, 0]",2,fMinor,Piano Sonata K545 iii C major.mid by Mozart.csv
84,85.0 to 85.875,8,"[0, 1, 1, 0, 2, 1, 0, 1, 0, 1, 0, 0]",6,aMajor,Piano Sonata K545 iii C major.mid by Mozart.csv
85,86.0 to 86.875,8,"[1, 0, 0, 1, 2, 1, 0, 0, 0, 1, 0, 0]",6,cMinor,Piano Sonata K545 iii C major.mid by Mozart.csv
86,87.125 to 87.5,2,"[1, 0, 0, 0, 0, 1, 0, 0, 0, 1, 0, 0]",4,fMajor,Piano Sonata K545 iii C major.mid by Mozart.csv
87,88.125 to 88.79166667,8,"[0, 0, 0, 1, 2, 0, 0, 0, 0, 0, 0, 0]",6,cMajor,Piano Sonata K545 iii C major.mid by Mozart.csv
88,89.0 to 89.875,8,"[0, 0, 0, 0, 3, 0, 0, 0, 1, 0, 0, 2]",8,eMajor,Piano Sonata K545 iii C major.mid by Mozart.csv
89,90.0 to 90.875,8,"[1, 0, 1, 0, 3, 0, 0, 0, 2, 0, 0, 0]",8,eMajor,Piano Sonata K545 iii C major.mid by Mozart.csv
90,91.0 to 91.875,8,"[2, 0, 0, 0, 3, 0, 0, 0, 1, 2, 0, 0]",9,cMinor,Piano Sonata K545 iii C major.mid by Mozart.csv
91,92.0 to 92.75,8,"[1, 0, 0, 0, 3, 0, 0, 0, 1, 3, 0, 0]",9,cMinor,Piano Sonata K545 iii C major.mid by Mozart.csv
92,93.0 to 93.875,8,"[0, 0, 0, 0, 3, 0, 0, 0, 2, 0, 0, 3]",8,eMajor,Piano Sonata K545 iii C major.mid by Mozart.csv
93,94.0 to 94.91666667,8,"[1, 0, 1, 0, 3, 0, 0, 0, 2, 0, 0, 1]",8,eMajor,Piano Sonata K545 iii C major.mid by Mozart.csv
94,95.0 to 95.91666667,8,"[1, 0, 0, 0, 3, 0, 0, 0, 1, 2, 0, 0]",9,cMinor,Piano Sonata K545 iii C major.mid by Mozart.csv
95,96.125 to 96.625,2,"[1, 0, 0, 0, 2, 0, 0, 0, 0, 2, 0, 0]",9,cMinor,Piano Sonata K545 iii C major.mid by Mozart.csv
96,97.75 to 97.75,9,"[1, 0, 0, 0, 1, 0, 0, 0, 0, 0, 0, 0]",4,cMajor,Piano Sonata K545 iii C major.mid by Mozart.csv
97,98.25 to 98.875,8,"[1, 0, 0, 0, 2, 0, 0, 0, 0, 1, 0, 0]",9,cMinor,Piano Sonata K545 iii C major.mid by Mozart.csv
98,99.125 to 99.875,15,"[1, 0, 1, 1, 1, 1, 0, 0, 0, 0, 0, 1]",4,cMajor,Piano Sonata K545 iii C major.mid by Mozart.csv
99,100.375 to 100.875,4,"[0, 0, 1, 0, 1, 0, 0, 0, 1, 0, 0, 1]",1,eMajor,Piano Sonata K545 iii C major.mid by Mozart.csv
100,101.0 to 101.875,8,"[1, 0, 0, 1, 2, 1, 0, 0, 1, 0, 0, 1]",8,eMajor,Piano Sonata K545 iii C major.mid by Mozart.csv
101,102.375 to 102.5,9,"[1, 0, 0, 0, 1, 0, 0, 0, 0, 0, 0, 0]",4,cMajor,Piano Sonata K545 iii C major.mid by Mozart.csv
102,103.0 to 103.75,2,"[1, 0, 0, 1, 1, 1, 0, 0, 0, 1, 0, 0]",4,fMajor,Piano Sonata K545 iii C major.mid by Mozart.csv
103,104.0 to 104.5,4,"[0, 0, 1, 0, 0, 0, 0, 0, 0, 0, 0, 1]",1,gMajor,Piano Sonata K545 iii C major.mid by Mozart.csv
104,105.0 to 105.75,3,"[0, 0, 0, 1, 1, 1, 0, 0, 1, 0, 0, 1]",4,bMinor,Piano Sonata K545 iii C major.mid by Mozart.csv
105,106.125 to 106.9583333,4,"[0, 1, 1, 0, 1, 0, 0, 0, 1, 0, 0, 1]",1,eMinor,Piano Sonata K545 iii C major.mid by Mozart.csv
106,107.125 to 107.9166667,15,"[2, 0, 2, 0, 0, 0, 0, 0, 0, 1, 0, 2]",5,gMajor,Piano Sonata K545 iii C major.mid by Mozart.csv
107,108.0 to 108.9166667,15,"[1, 1, 1, 0, 1, 0, 0, 1, 0, 1, 0, 2]",1,gMajor,Piano Sonata K545 iii C major.mid by Mozart.csv
108,109.125 to 109.9166667,8,"[0, 0, 1, 0, 2, 1, 0, 1, 0, 1, 0, 0]",6,cMajor,Piano Sonata K545 iii C major.mid by Mozart.csv
109,110.0 to 110.9166667,8,"[1, 0, 1, 0, 2, 1, 0, 0, 0, 1, 0, 0]",6,cMinor,Piano Sonata K545 iii C major.mid by Mozart.csv
110,111.0416667 to 111.875,6,"[1, 0, 2, 0, 0, 2, 0, 0, 0, 0, 1, 0]",2,b-Major,Piano Sonata K545 iii C major.mid by Mozart.csv
111,112.0 to 112.875,2,"[1, 0, 0, 0, 1, 0, 0, 0, 1, 1, 1, 1]",9,eMajor,Piano Sonata K545 iii C major.mid by Mozart.csv
112,113.375 to 113.875,2,"[1, 0, 0, 0, 1, 0, 0, 0, 1, 2, 0, 0]",9,cMinor,Piano Sonata K545 iii C major.mid by Mozart.csv
113,114.0 to 114.9166667,15,"[1, 0, 2, 0, 2, 0, 0, 0, 1, 2, 0, 2]",5,cMinor,Piano Sonata K545 iii C major.mid by Mozart.csv
114,115.125 to 115.875,15,"[1, 0, 1, 0, 2, 0, 0, 0, 1, 2, 0, 2]",5,eMajor,Piano Sonata K545 iii C major.mid by Mozart.csv
115,116.0 to 116.9166667,15,"[1, 0, 2, 0, 1, 0, 0, 0, 1, 1, 0, 2]",5,eMajor,Piano Sonata K545 iii C major.mid by Mozart.csv
116,117.125 to 117.875,2,"[1, 0, 0, 0, 1, 0, 0, 0, 1, 2, 0, 1]",9,cMinor,Piano Sonata K545 iii C major.mid by Mozart.csv
117,118.0 to 118.875,15,"[1, 0, 2, 0, 1, 0, 0, 0, 1, 1, 0, 2]",5,eMajor,Piano Sonata K545 iii C major.mid by Mozart.csv
118,119.0 to 119.875,2,"[2, 0, 0, 0, 2, 0, 0, 0, 1, 2, 0, 1]",9,cMinor,Piano Sonata K545 iii C major.mid by Mozart.csv
119,120.0 to 120.875,18,"[1, 0, 2, 0, 0, 2, 0, 1, 0, 2, 0, 1]",2,fMinor,Piano Sonata K545 iii C major.mid by Mozart.csv
120,121.125 to 121.125,4,"[0, 0, 1, 0, 0, 0, 0, 0, 0, 0, 0, 1]",1,gMajor,Piano Sonata K545 iii C major.mid by Mozart.csv
121,123.6666667 to 123.6666667,9,"[0, 0, 0, 0, 1, 0, 0, 1, 0, 0, 0, 0]",3,cMajor,Piano Sonata K545 iii C major.mid by Mozart.csv
122,124.25 to 124.6666667,0,"[2, 0, 0, 0, 1, 0, 0, 1, 0, 1, 0, 0]",0,cMajor,Piano Sonata K545 iii C major.mid by Mozart.csv
123,125.25 to 125.75,18,"[1, 0, 1, 0, 0, 2, 0, 0, 0, 1, 0, 0]",2,fMajor,Piano Sonata K545 iii C major.mid by Mozart.csv
124,126.25 to 126.75,5,"[0, 0, 1, 0, 0, 1, 0, 1, 0, 0, 0, 2]",1,gMajor,Piano Sonata K545 iii C major.mid by Mozart.csv
125,127.25 to 127.75,15,"[1, 0, 0, 0, 1, 0, 0, 1, 0, 0, 0, 1]",3,cMajor,Piano Sonata K545 iii C major.mid by Mozart.csv
126,128.125 to 128.875,2,"[1, 0, 1, 0, 1, 1, 0, 0, 0, 1, 0, 0]",4,cMinor,Piano Sonata K545 iii C major.mid by Mozart.csv
127,129.0 to 129.875,15,"[1, 1, 1, 0, 1, 1, 0, 0, 0, 0, 0, 1]",4,cMajor,Piano Sonata K545 iii C major.mid by Mozart.csv
128,130.0 to 130.875,6,"[1, 0, 2, 0, 0, 2, 0, 1, 0, 0, 0, 1]",7,b-Major,Piano Sonata K545 iii C major.mid by Mozart.csv
129,131.0 to 131.5,10,"[0, 0, 0, 0, 1, 0, 0, 2, 0, 1, 0, 0]",3,gMinor,Piano Sonata K545 iii C major.mid by Mozart.csv
130,132.0 to 132.5,0,"[2, 0, 0, 0, 1, 0, 0, 1, 0, 1, 0, 0]",0,cMajor,Piano Sonata K545 iii C major.mid by Mozart.csv
131,133.0 to 133.5,18,"[1, 0, 1, 0, 0, 2, 0, 0, 0, 2, 0, 0]",2,fMajor,Piano Sonata K545 iii C major.mid by Mozart.csv
132,134.0 to 134.5,5,"[0, 0, 1, 0, 0, 1, 0, 1, 0, 1, 0, 2]",1,gMajor,Piano Sonata K545 iii C major.mid by Mozart.csv
133,135.0 to 135.875,10,"[1, 0, 0, 0, 1, 0, 0, 2, 0, 1, 0, 1]",3,cMajor,Piano Sonata K545 iii C major.mid by Mozart.csv
134,136.0 to 136.83333330000002,18,"[0, 1, 1, 0, 1, 2, 0, 0, 0, 1, 0, 0]",2,fMinor,Piano Sonata K545 iii C major.mid by Mozart.csv
135,137.0 to 137.875,18,"[1, 0, 1, 0, 1, 3, 0, 1, 0, 2, 0, 1]",2,fMajor,Piano Sonata K545 iii C major.mid by Mozart.csv
136,138.125 to 138.625,0,"[2, 0, 1, 0, 1, 0, 0, 0, 0, 0, 0, 0]",0,cMinor,Piano Sonata K545 iii C major.mid by Mozart.csv
137,139.0 to 139.875,4,"[1, 0, 0, 0, 0, 2, 0, 0, 0, 0, 0, 2]",4,fMajor,Piano Sonata K545 iii C major.mid by Mozart.csv
138,140.0 to 140.875,1,"[1, 0, 1, 0, 1, 1, 0, 2, 0, 1, 0, 2]",7,gMajor,Piano Sonata K545 iii C major.mid by Mozart.csv
139,141.0 to 141.875,15,"[1, 0, 1, 0, 2, 2, 0, 1, 0, 0, 0, 1]",7,gMinor,Piano Sonata K545 iii C major.mid by Mozart.csv
140,142.0 to 142.875,1,"[1, 0, 1, 0, 1, 2, 0, 2, 0, 1, 0, 2]",7,gMajor,Piano Sonata K545 iii C major.mid by Mozart.csv
141,143.0 to 143.875,2,"[2, 0, 2, 0, 1, 1, 0, 0, 0, 2, 0, 1]",5,fMajor,Piano Sonata K545 iii C major.mid by Mozart.csv
142,144.125 to 144.875,13,"[1, 0, 0, 0, 2, 1, 0, 2, 0, 1, 0, 0]",6,cMajor,Piano Sonata K545 iii C major.mid by Mozart.csv
143,145.0 to 145.79166669999995,19,"[1, 0, 2, 0, 1, 1, 0, 1, 0, 0, 0, 1]",7,gMajor,Piano Sonata K545 iii C major.mid by Mozart.csv
144,146.0 to 146.625,0,"[2, 0, 1, 0, 1, 0, 0, 1, 0, 0, 0, 0]",0,cMajor,Piano Sonata K545 iii C major.mid by Mozart.csv
145,147.0 to 147.66666669999995,5,"[0, 0, 1, 0, 0, 2, 0, 1, 0, 0, 0, 2]",1,gMajor,Piano Sonata K545 iii C major.mid by Mozart.csv
146,148.0 to 148.875,13,"[1, 0, 1, 0, 2, 2, 0, 2, 0, 1, 0, 0]",6,cMajor,Piano Sonata K545 iii C major.mid by Mozart.csv
147,149.0 to 149.875,18,"[0, 0, 1, 0, 1, 2, 0, 1, 0, 1, 0, 2]",7,gMajor,Piano Sonata K545 iii C major.mid by Mozart.csv
148,150.0 to 150.91666669999995,6,"[2, 0, 2, 0, 1, 2, 0, 2, 0, 0, 0, 0]",7,cMajor,Piano Sonata K545 iii C major.mid by Mozart.csv
149,151.0 to 151.95833330000005,1,"[1, 0, 1, 0, 1, 0, 0, 2, 0, 2, 0, 1]",3,gMajor,Piano Sonata K545 iii C major.mid by Mozart.csv
150,152.0 to 152.91666669999995,13,"[2, 0, 2, 0, 2, 2, 0, 2, 0, 0, 0, 0]",7,cMajor,Piano Sonata K545 iii C major.mid by Mozart.csv
151,153.0 to 153.75,13,"[2, 0, 0, 0, 2, 1, 0, 2, 0, 0, 0, 1]",6,cMajor,Piano Sonata K545 iii C major.mid by Mozart.csv
152,154.0 to 154.875,13,"[3, 0, 0, 0, 2, 0, 0, 2, 0, 0, 0, 0]",0,cMajor,Piano Sonata K545 iii C major.mid by Mozart.csv
153,155.25 to 155.75,10,"[1, 0, 0, 0, 1, 0, 0, 2, 0, 0, 0, 0]",3,cMajor,Piano Sonata K545 iii C major.mid by Mozart.csv
154,156.0 to 156.75,10,"[1, 0, 1, 0, 1, 1, 0, 2, 0, 0, 0, 0]",7,cMajor,Piano Sonata K545 iii C major.mid by Mozart.csv
155,157.0 to 157.75,13,"[2, 0, 1, 0, 2, 0, 0, 2, 0, 0, 0, 1]",0,cMajor,Piano Sonata K545 iii C major.mid by Mozart.csv
156,158.0 to 158.75,13,"[3, 0, 0, 0, 2, 0, 0, 2, 0, 0, 0, 0]",0,cMajor,Piano Sonata K545 iii C major.mid by Mozart.csv
157,159.125 to 159.875,10,"[1, 0, 0, 0, 1, 0, 0, 3, 0, 0, 0, 0]",3,cMajor,Piano Sonata K545 iii C major.mid by Mozart.csv
158,160.125 to 160.875,1,"[1, 0, 1, 0, 1, 1, 0, 2, 0, 0, 0, 1]",7,cMajor,Piano Sonata K545 iii C major.mid by Mozart.csv
159,161.125 to 161.75,13,"[4, 0, 0, 0, 3, 0, 0, 1, 0, 0, 0, 0]",0,cMajor,Piano Sonata K545 iii C major.mid by Mozart.csv
160,162.375 to 162.5,10,"[1, 0, 0, 0, 1, 0, 0, 2, 0, 0, 0, 0]",3,cMajor,Piano Sonata K545 iii C major.mid by Mozart.csv
161,163.125 to 163.25,8,"[1, 0, 0, 0, 3, 0, 0, 0, 0, 0, 0, 0]",6,cMajor,Piano Sonata K545 iii C major.mid by Mozart.csv
162,164.125 to 164.125,0,"[3, 0, 0, 0, 1, 0, 0, 0, 0, 0, 0, 0]",0,cMajor,Piano Sonata K545 iii C major.mid by Mozart.csv
163,166.0 to 166.0,0,"[2, 0, 0, 0, 0, 0, 0, 0, 0, 0, 0, 0]",0,cMajor,Piano Sonata K545 iii C major.mid by Mozart.csv
