index,offsetRange,CentroidLabelIndex_entireUnits,"[C,C#,D,E-,E,F,F#,G,G#,A,B-,B]",CentroidLabelIndex_individualUnit,triadLabel,filename
0,0.0 to 0.875,9,"[1, 0, 0, 0, 1, 0, 0, 1, 0, 0, 0, 0]",6,cMajor,Piano Sonata K279 iii C major.mid by Mozart.csv
1,1.0 to 1.625,0,"[2, 0, 1, 0, 1, 1, 0, 0, 0, 0, 0, 0]",4,cMajor,Piano Sonata K279 iii C major.mid by Mozart.csv
2,2.0 to 2.875,4,"[0, 0, 1, 0, 0, 1, 0, 0, 0, 0, 0, 1]",3,gMajor,Piano Sonata K279 iii C major.mid by Mozart.csv
3,3.0 to 3.625,2,"[1, 0, 0, 0, 0, 1, 0, 1, 0, 1, 0, 1]",1,fMajor,Piano Sonata K279 iii C major.mid by Mozart.csv
4,4.0 to 4.875,0,"[2, 0, 0, 0, 1, 1, 0, 1, 0, 0, 0, 0]",4,cMajor,Piano Sonata K279 iii C major.mid by Mozart.csv
5,5.0 to 5.875,18,"[1, 0, 1, 0, 0, 2, 1, 0, 0, 1, 0, 0]",8,fMajor,Piano Sonata K279 iii C major.mid by Mozart.csv
6,6.0 to 6.75,5,"[1, 0, 1, 0, 0, 0, 0, 1, 0, 0, 0, 1]",0,gMajor,Piano Sonata K279 iii C major.mid by Mozart.csv
7,7.0 to 7.75,16,"[0, 0, 0, 0, 0, 0, 1, 2, 0, 1, 0, 0]",7,dMajor,Piano Sonata K279 iii C major.mid by Mozart.csv
8,8.0 to 8.875,9,"[1, 0, 0, 0, 1, 0, 0, 1, 0, 0, 0, 0]",6,cMajor,Piano Sonata K279 iii C major.mid by Mozart.csv
9,9.0 to 9.625,0,"[2, 0, 1, 0, 1, 1, 0, 0, 0, 0, 0, 0]",4,cMajor,Piano Sonata K279 iii C major.mid by Mozart.csv
10,10.0 to 10.875,4,"[0, 0, 1, 0, 0, 1, 0, 0, 0, 0, 0, 1]",3,gMajor,Piano Sonata K279 iii C major.mid by Mozart.csv
11,11.0 to 11.625,2,"[1, 0, 0, 0, 0, 1, 0, 1, 0, 1, 0, 1]",1,fMajor,Piano Sonata K279 iii C major.mid by Mozart.csv
12,12.0 to 12.875,13,"[2, 0, 0, 0, 2, 0, 0, 1, 0, 0, 0, 0]",4,cMajor,Piano Sonata K279 iii C major.mid by Mozart.csv
13,13.0 to 13.875,5,"[0, 0, 1, 0, 0, 1, 1, 1, 0, 0, 0, 1]",3,gMajor,Piano Sonata K279 iii C major.mid by Mozart.csv
14,14.0 to 14.875,13,"[2, 0, 0, 0, 2, 0, 0, 1, 0, 0, 0, 0]",4,cMajor,Piano Sonata K279 iii C major.mid by Mozart.csv
15,15.0 to 15.875,5,"[0, 0, 1, 0, 0, 1, 1, 1, 0, 0, 0, 1]",3,gMajor,Piano Sonata K279 iii C major.mid by Mozart.csv
16,16.0 to 16.875,13,"[2, 0, 0, 0, 2, 0, 0, 1, 0, 0, 0, 0]",4,cMajor,Piano Sonata K279 iii C major.mid by Mozart.csv
17,17.0 to 17.875,6,"[0, 0, 1, 0, 0, 2, 0, 1, 0, 0, 0, 1]",3,gMajor,Piano Sonata K279 iii C major.mid by Mozart.csv
18,18.0 to 18.75,0,"[2, 0, 0, 0, 0, 0, 0, 1, 0, 0, 0, 0]",6,cMajor,Piano Sonata K279 iii C major.mid by Mozart.csv
19,19.0 to 19.875,2,"[1, 0, 0, 0, 0, 0, 0, 1, 0, 1, 0, 0]",1,cMajor,Piano Sonata K279 iii C major.mid by Mozart.csv
20,20.0 to 20.75,13,"[2, 0, 0, 0, 2, 0, 0, 1, 0, 0, 0, 0]",4,cMajor,Piano Sonata K279 iii C major.mid by Mozart.csv
21,21.0 to 21.75,16,"[0, 0, 0, 0, 1, 0, 1, 1, 0, 0, 0, 0]",2,cMajor,Piano Sonata K279 iii C major.mid by Mozart.csv
22,22.0 to 22.75,19,"[0, 1, 2, 0, 1, 0, 0, 1, 0, 0, 0, 1]",0,gMajor,Piano Sonata K279 iii C major.mid by Mozart.csv
23,23.0 to 23.75,12,"[0, 1, 1, 0, 0, 0, 0, 0, 0, 0, 0, 0]",9,c#Major,Piano Sonata K279 iii C major.mid by Mozart.csv
24,24.0 to 24.75,1,"[0, 0, 1, 0, 0, 0, 1, 2, 0, 1, 0, 2]",7,gMajor,Piano Sonata K279 iii C major.mid by Mozart.csv
25,25.0 to 25.75,5,"[0, 0, 1, 0, 1, 0, 0, 1, 0, 0, 0, 1]",2,gMajor,Piano Sonata K279 iii C major.mid by Mozart.csv
26,26.0 to 26.75,7,"[2, 0, 1, 0, 0, 0, 1, 0, 0, 1, 0, 1]",0,dMajor,Piano Sonata K279 iii C major.mid by Mozart.csv
27,27.0 to 27.75,4,"[1, 0, 0, 0, 0, 0, 0, 0, 0, 0, 0, 1]",6,gMajor,Piano Sonata K279 iii C major.mid by Mozart.csv
28,28.0 to 28.75,7,"[1, 0, 1, 0, 0, 0, 1, 0, 0, 1, 0, 1]",0,dMajor,Piano Sonata K279 iii C major.mid by Mozart.csv
29,29.0 to 29.75,12,"[1, 0, 2, 0, 1, 0, 2, 0, 0, 0, 0, 0]",9,dMajor,Piano Sonata K279 iii C major.mid by Mozart.csv
30,30.0 to 30.75,15,"[1, 0, 0, 0, 1, 0, 0, 1, 0, 0, 1, 1]",6,cMajor,Piano Sonata K279 iii C major.mid by Mozart.csv
31,31.0 to 31.75,4,"[1, 0, 1, 0, 0, 0, 1, 0, 0, 0, 1, 1]",0,dMinor,Piano Sonata K279 iii C major.mid by Mozart.csv
32,32.0 to 32.75,8,"[1, 1, 1, 0, 2, 0, 0, 0, 0, 1, 0, 0]",5,aMajor,Piano Sonata K279 iii C major.mid by Mozart.csv
33,33.0 to 33.875,15,"[1, 1, 0, 0, 1, 0, 0, 1, 0, 1, 0, 1]",1,cMajor,Piano Sonata K279 iii C major.mid by Mozart.csv
34,34.0 to 34.75,12,"[0, 1, 2, 0, 0, 0, 1, 0, 0, 0, 0, 0]",9,dMajor,Piano Sonata K279 iii C major.mid by Mozart.csv
35,35.0 to 35.875,5,"[1, 0, 1, 0, 0, 0, 1, 1, 0, 0, 0, 1]",0,gMajor,Piano Sonata K279 iii C major.mid by Mozart.csv
36,36.0 to 36.875,17,"[0, 0, 1, 0, 0, 0, 0, 1, 0, 2, 0, 1]",0,dMajor,Piano Sonata K279 iii C major.mid by Mozart.csv
37,37.0 to 37.875,1,"[1, 0, 1, 0, 0, 0, 1, 2, 0, 1, 0, 1]",7,gMajor,Piano Sonata K279 iii C major.mid by Mozart.csv
38,38.0 to 38.75,7,"[0, 1, 1, 0, 0, 0, 1, 0, 0, 1, 0, 0]",9,dMajor,Piano Sonata K279 iii C major.mid by Mozart.csv
39,39.0 to 39.875,7,"[1, 0, 1, 0, 0, 0, 1, 1, 0, 1, 0, 1]",0,dMajor,Piano Sonata K279 iii C major.mid by Mozart.csv
40,40.0 to 40.875,2,"[1, 0, 1, 0, 0, 0, 0, 1, 0, 2, 0, 1]",1,dMajor,Piano Sonata K279 iii C major.mid by Mozart.csv
41,41.0 to 41.875,1,"[0, 0, 1, 0, 0, 0, 1, 2, 0, 1, 0, 1]",7,gMajor,Piano Sonata K279 iii C major.mid by Mozart.csv
42,42.0 to 42.0,7,"[0, 0, 1, 0, 0, 0, 1, 0, 0, 1, 0, 0]",9,dMajor,Piano Sonata K279 iii C major.mid by Mozart.csv
43,43.5 to 43.5,12,"[0, 0, 1, 0, 0, 0, 0, 0, 0, 0, 0, 0]",2,dMajor,Piano Sonata K279 iii C major.mid by Mozart.csv
44,44.0 to 44.5,12,"[0, 0, 1, 0, 0, 0, 0, 0, 0, 0, 0, 0]",2,dMajor,Piano Sonata K279 iii C major.mid by Mozart.csv
45,45.0 to 45.5,12,"[0, 0, 1, 0, 0, 0, 0, 0, 0, 0, 0, 0]",2,dMajor,Piano Sonata K279 iii C major.mid by Mozart.csv
46,46.0 to 46.875,9,"[0, 0, 0, 0, 1, 0, 0, 1, 0, 0, 0, 1]",2,gMinor,Piano Sonata K279 iii C major.mid by Mozart.csv
47,47.0 to 47.5,12,"[0, 1, 2, 0, 0, 0, 1, 1, 0, 0, 0, 0]",9,dMajor,Piano Sonata K279 iii C major.mid by Mozart.csv
48,48.0 to 48.5,4,"[0, 0, 0, 0, 0, 0, 0, 0, 0, 0, 0, 1]",2,eMajor,Piano Sonata K279 iii C major.mid by Mozart.csv
49,49.0 to 49.5,4,"[0, 0, 0, 0, 0, 0, 0, 0, 0, 0, 0, 1]",2,eMajor,Piano Sonata K279 iii C major.mid by Mozart.csv
50,50.0 to 50.875,9,"[1, 0, 0, 0, 1, 0, 0, 1, 0, 0, 0, 0]",6,cMajor,Piano Sonata K279 iii C major.mid by Mozart.csv
51,51.0 to 51.5,4,"[0, 0, 1, 0, 1, 0, 0, 0, 0, 1, 0, 2]",0,eMajor,Piano Sonata K279 iii C major.mid by Mozart.csv
52,52.0 to 52.5,9,"[0, 0, 0, 0, 0, 0, 0, 1, 0, 0, 0, 0]",2,cMajor,Piano Sonata K279 iii C major.mid by Mozart.csv
53,53.0 to 53.5,9,"[0, 0, 0, 0, 0, 0, 0, 1, 0, 0, 0, 0]",2,cMajor,Piano Sonata K279 iii C major.mid by Mozart.csv
54,54.0 to 54.75,2,"[1, 0, 0, 0, 1, 0, 0, 0, 0, 1, 0, 0]",1,cMinor,Piano Sonata K279 iii C major.mid by Mozart.csv
55,55.0 to 55.5,1,"[0, 0, 0, 0, 0, 0, 1, 2, 0, 0, 0, 1]",7,gMajor,Piano Sonata K279 iii C major.mid by Mozart.csv
56,56.0 to 56.75,9,"[1, 0, 0, 0, 1, 0, 0, 0, 0, 0, 0, 0]",6,cMajor,Piano Sonata K279 iii C major.mid by Mozart.csv
57,57.0 to 57.75,9,"[0, 1, 0, 0, 0, 0, 0, 1, 0, 0, 0, 0]",2,cMajor,Piano Sonata K279 iii C major.mid by Mozart.csv
58,58.0 to 58.875,12,"[0, 1, 1, 0, 0, 0, 1, 0, 0, 0, 0, 0]",9,dMajor,Piano Sonata K279 iii C major.mid by Mozart.csv
59,59.0 to 59.875,14,"[0, 0, 1, 0, 0, 0, 0, 1, 0, 0, 1, 0]",2,b-Minor,Piano Sonata K279 iii C major.mid by Mozart.csv
60,60.0 to 60.875,17,"[0, 1, 0, 0, 0, 0, 1, 0, 0, 1, 0, 0]",9,aMinor,Piano Sonata K279 iii C major.mid by Mozart.csv
61,61.0 to 61.75,14,"[0, 0, 1, 0, 0, 0, 0, 1, 0, 0, 1, 0]",2,b-Minor,Piano Sonata K279 iii C major.mid by Mozart.csv
62,62.0 to 62.75,11,"[0, 0, 0, 2, 0, 0, 1, 0, 0, 1, 0, 0]",1,bMajor,Piano Sonata K279 iii C major.mid by Mozart.csv
63,63.0 to 63.5,16,"[0, 0, 0, 0, 2, 0, 2, 0, 0, 0, 0, 0]",5,cMajor,Piano Sonata K279 iii C major.mid by Mozart.csv
64,64.0 to 64.5,1,"[0, 0, 0, 0, 0, 0, 0, 2, 0, 0, 0, 2]",7,gMajor,Piano Sonata K279 iii C major.mid by Mozart.csv
65,65.0 to 65.5,12,"[2, 0, 2, 0, 0, 0, 0, 0, 0, 0, 0, 0]",9,cMajor,Piano Sonata K279 iii C major.mid by Mozart.csv
66,66.0 to 66.875,8,"[1, 0, 0, 0, 3, 0, 0, 1, 0, 0, 0, 0]",5,cMajor,Piano Sonata K279 iii C major.mid by Mozart.csv
67,67.0 to 67.875,7,"[1, 0, 1, 0, 1, 0, 1, 0, 0, 1, 0, 1]",0,dMajor,Piano Sonata K279 iii C major.mid by Mozart.csv
68,68.0 to 68.875,7,"[1, 0, 1, 0, 0, 0, 1, 1, 0, 1, 0, 1]",0,dMajor,Piano Sonata K279 iii C major.mid by Mozart.csv
69,69.0 to 69.875,16,"[0, 0, 1, 0, 1, 0, 1, 1, 0, 1, 0, 1]",0,dMajor,Piano Sonata K279 iii C major.mid by Mozart.csv
70,70.0 to 70.875,15,"[1, 0, 1, 0, 1, 0, 1, 1, 0, 0, 0, 1]",0,cMajor,Piano Sonata K279 iii C major.mid by Mozart.csv
71,71.0 to 71.875,15,"[1, 0, 1, 0, 1, 0, 0, 1, 0, 1, 0, 1]",0,cMajor,Piano Sonata K279 iii C major.mid by Mozart.csv
72,72.0 to 72.75,0,"[2, 0, 0, 0, 1, 0, 0, 0, 0, 0, 0, 0]",4,cMajor,Piano Sonata K279 iii C major.mid by Mozart.csv
73,73.0 to 73.75,12,"[0, 0, 2, 0, 0, 0, 1, 0, 0, 1, 0, 1]",0,dMajor,Piano Sonata K279 iii C major.mid by Mozart.csv
74,74.0 to 74.75,10,"[0, 0, 0, 0, 0, 0, 1, 3, 0, 0, 0, 0]",7,e-Major,Piano Sonata K279 iii C major.mid by Mozart.csv
75,75.0 to 75.75,0,"[2, 0, 0, 0, 1, 0, 1, 1, 0, 0, 0, 0]",6,cMajor,Piano Sonata K279 iii C major.mid by Mozart.csv
76,76.0 to 76.75,5,"[0, 0, 1, 0, 0, 0, 1, 1, 0, 0, 0, 2]",0,gMajor,Piano Sonata K279 iii C major.mid by Mozart.csv
77,77.0 to 77.75,7,"[1, 0, 0, 0, 0, 0, 1, 1, 0, 2, 0, 0]",1,dMajor,Piano Sonata K279 iii C major.mid by Mozart.csv
78,78.0 to 78.91666667,1,"[2, 0, 0, 0, 0, 0, 1, 2, 0, 0, 0, 1]",6,cMajor,Piano Sonata K279 iii C major.mid by Mozart.csv
79,79.0 to 79.75,0,"[2, 0, 0, 0, 0, 0, 1, 1, 0, 0, 0, 0]",6,cMajor,Piano Sonata K279 iii C major.mid by Mozart.csv
80,80.0 to 80.875,5,"[0, 0, 1, 0, 0, 0, 1, 1, 0, 0, 0, 2]",0,gMajor,Piano Sonata K279 iii C major.mid by Mozart.csv
81,81.0 to 81.875,7,"[1, 0, 0, 0, 0, 0, 1, 1, 0, 2, 0, 0]",1,dMajor,Piano Sonata K279 iii C major.mid by Mozart.csv
82,82.0 to 82.75,19,"[1, 0, 2, 0, 0, 0, 1, 1, 0, 0, 0, 1]",0,gMajor,Piano Sonata K279 iii C major.mid by Mozart.csv
83,83.0 to 83.75,16,"[1, 0, 0, 0, 1, 0, 1, 1, 0, 0, 0, 0]",6,cMajor,Piano Sonata K279 iii C major.mid by Mozart.csv
84,84.0 to 84.875,5,"[0, 0, 1, 0, 0, 0, 1, 1, 0, 0, 1, 1]",0,gMajor,Piano Sonata K279 iii C major.mid by Mozart.csv
85,85.0 to 85.875,16,"[1, 0, 0, 0, 0, 0, 1, 1, 1, 1, 0, 0]",1,dMajor,Piano Sonata K279 iii C major.mid by Mozart.csv
86,86.0 to 86.75,5,"[1, 1, 1, 0, 0, 0, 1, 1, 0, 0, 0, 1]",0,gMajor,Piano Sonata K279 iii C major.mid by Mozart.csv
87,87.0 to 87.5,8,"[1, 0, 1, 0, 2, 0, 0, 0, 0, 1, 0, 0]",5,cMinor,Piano Sonata K279 iii C major.mid by Mozart.csv
88,88.0 to 88.75,19,"[1, 0, 2, 0, 0, 0, 0, 1, 0, 0, 0, 1]",0,gMajor,Piano Sonata K279 iii C major.mid by Mozart.csv
89,89.0 to 89.75,7,"[1, 0, 1, 0, 0, 0, 1, 0, 0, 1, 0, 1]",0,dMajor,Piano Sonata K279 iii C major.mid by Mozart.csv
90,90.0 to 90.75,1,"[0, 0, 0, 0, 0, 0, 0, 3, 0, 1, 0, 1]",7,gMajor,Piano Sonata K279 iii C major.mid by Mozart.csv
91,91.0 to 91.75,16,"[0, 0, 1, 0, 1, 0, 1, 1, 0, 0, 0, 0]",2,cMajor,Piano Sonata K279 iii C major.mid by Mozart.csv
92,92.0 to 92.0,9,"[0, 1, 0, 0, 1, 0, 0, 1, 0, 0, 0, 0]",2,cMajor,Piano Sonata K279 iii C major.mid by Mozart.csv
93,93.0 to 93.5,16,"[1, 0, 0, 0, 0, 0, 1, 1, 0, 1, 0, 1]",1,dMajor,Piano Sonata K279 iii C major.mid by Mozart.csv
94,94.0 to 94.0,2,"[1, 0, 0, 0, 1, 0, 0, 0, 0, 1, 0, 0]",1,cMinor,Piano Sonata K279 iii C major.mid by Mozart.csv
95,95.0 to 95.75,2,"[2, 0, 0, 0, 1, 0, 0, 0, 1, 1, 0, 1]",1,cMinor,Piano Sonata K279 iii C major.mid by Mozart.csv
96,96.0 to 96.75,19,"[0, 0, 2, 0, 0, 0, 1, 1, 0, 1, 0, 1]",0,dMajor,Piano Sonata K279 iii C major.mid by Mozart.csv
97,97.0 to 97.75,12,"[0, 0, 2, 0, 1, 0, 1, 1, 0, 1, 0, 0]",0,dMajor,Piano Sonata K279 iii C major.mid by Mozart.csv
98,98.0 to 98.75,1,"[0, 0, 0, 0, 0, 0, 0, 2, 0, 1, 0, 1]",7,gMajor,Piano Sonata K279 iii C major.mid by Mozart.csv
99,99.0 to 99.75,16,"[0, 0, 1, 0, 1, 0, 1, 1, 0, 0, 0, 0]",2,cMajor,Piano Sonata K279 iii C major.mid by Mozart.csv
100,100.0 to 100.0,9,"[0, 1, 0, 0, 1, 0, 0, 1, 0, 0, 0, 0]",2,cMajor,Piano Sonata K279 iii C major.mid by Mozart.csv
101,101.0 to 101.5,16,"[1, 0, 0, 0, 0, 0, 1, 1, 0, 1, 0, 1]",1,dMajor,Piano Sonata K279 iii C major.mid by Mozart.csv
102,102.0 to 102.0,2,"[1, 0, 0, 0, 1, 0, 0, 0, 0, 1, 0, 0]",1,cMinor,Piano Sonata K279 iii C major.mid by Mozart.csv
103,103.0 to 103.75,2,"[2, 0, 0, 0, 1, 0, 0, 0, 1, 1, 0, 1]",1,cMinor,Piano Sonata K279 iii C major.mid by Mozart.csv
104,104.0 to 104.75,19,"[0, 0, 2, 0, 0, 0, 1, 1, 0, 1, 0, 1]",0,dMajor,Piano Sonata K279 iii C major.mid by Mozart.csv
105,105.0 to 105.75,12,"[0, 0, 2, 0, 1, 0, 1, 1, 0, 1, 0, 0]",0,dMajor,Piano Sonata K279 iii C major.mid by Mozart.csv
106,106.0 to 106.75,1,"[0, 0, 1, 0, 0, 0, 0, 2, 0, 0, 0, 1]",7,gMajor,Piano Sonata K279 iii C major.mid by Mozart.csv
107,107.0 to 107.75,7,"[1, 0, 2, 0, 0, 0, 1, 0, 0, 2, 0, 0]",0,dMajor,Piano Sonata K279 iii C major.mid by Mozart.csv
108,108.0 to 108.75,1,"[0, 0, 1, 0, 0, 0, 0, 3, 0, 0, 0, 2]",7,gMajor,Piano Sonata K279 iii C major.mid by Mozart.csv
109,109.0 to 109.75,7,"[2, 0, 2, 0, 0, 0, 1, 0, 0, 2, 0, 0]",0,dMajor,Piano Sonata K279 iii C major.mid by Mozart.csv
110,110.0 to 110.0,1,"[0, 0, 0, 0, 0, 0, 0, 2, 0, 0, 0, 1]",7,gMajor,Piano Sonata K279 iii C major.mid by Mozart.csv
111,111.5 to 111.5,12,"[0, 0, 1, 0, 0, 0, 0, 0, 0, 0, 0, 0]",2,dMajor,Piano Sonata K279 iii C major.mid by Mozart.csv
112,112.0 to 112.875,9,"[1, 0, 0, 0, 1, 0, 0, 1, 0, 0, 0, 0]",6,cMajor,Piano Sonata K279 iii C major.mid by Mozart.csv
113,113.0 to 113.625,0,"[2, 0, 1, 0, 1, 1, 0, 0, 0, 0, 0, 0]",4,cMajor,Piano Sonata K279 iii C major.mid by Mozart.csv
114,114.0 to 114.875,4,"[0, 0, 1, 0, 0, 1, 0, 0, 0, 0, 0, 1]",3,gMajor,Piano Sonata K279 iii C major.mid by Mozart.csv
115,115.0 to 115.625,2,"[1, 0, 0, 0, 0, 1, 0, 1, 0, 1, 0, 1]",1,fMajor,Piano Sonata K279 iii C major.mid by Mozart.csv
116,116.0 to 116.875,0,"[2, 0, 0, 0, 1, 1, 0, 1, 0, 0, 0, 0]",4,cMajor,Piano Sonata K279 iii C major.mid by Mozart.csv
117,117.0 to 117.875,18,"[1, 0, 1, 0, 0, 2, 1, 0, 0, 1, 0, 0]",8,fMajor,Piano Sonata K279 iii C major.mid by Mozart.csv
118,118.0 to 118.75,5,"[1, 0, 1, 0, 0, 0, 0, 1, 0, 0, 0, 1]",0,gMajor,Piano Sonata K279 iii C major.mid by Mozart.csv
119,119.0 to 119.75,16,"[0, 0, 0, 0, 0, 0, 1, 2, 0, 1, 0, 0]",7,dMajor,Piano Sonata K279 iii C major.mid by Mozart.csv
120,120.0 to 120.875,9,"[1, 0, 0, 0, 1, 0, 0, 1, 0, 0, 0, 0]",6,cMajor,Piano Sonata K279 iii C major.mid by Mozart.csv
121,121.0 to 121.625,0,"[2, 0, 1, 0, 1, 1, 0, 0, 0, 0, 0, 0]",4,cMajor,Piano Sonata K279 iii C major.mid by Mozart.csv
122,122.0 to 122.875,4,"[0, 0, 1, 0, 0, 1, 0, 0, 0, 0, 0, 1]",3,gMajor,Piano Sonata K279 iii C major.mid by Mozart.csv
123,123.0 to 123.625,2,"[1, 0, 0, 0, 0, 1, 0, 1, 0, 1, 0, 1]",1,fMajor,Piano Sonata K279 iii C major.mid by Mozart.csv
124,124.0 to 124.875,13,"[2, 0, 0, 0, 2, 0, 0, 1, 0, 0, 0, 0]",4,cMajor,Piano Sonata K279 iii C major.mid by Mozart.csv
125,125.0 to 125.875,5,"[0, 0, 1, 0, 0, 1, 1, 1, 0, 0, 0, 1]",3,gMajor,Piano Sonata K279 iii C major.mid by Mozart.csv
126,126.0 to 126.875,13,"[2, 0, 0, 0, 2, 0, 0, 1, 0, 0, 0, 0]",4,cMajor,Piano Sonata K279 iii C major.mid by Mozart.csv
127,127.0 to 127.875,5,"[0, 0, 1, 0, 0, 1, 1, 1, 0, 0, 0, 1]",3,gMajor,Piano Sonata K279 iii C major.mid by Mozart.csv
128,128.0 to 128.875,13,"[2, 0, 0, 0, 2, 0, 0, 1, 0, 0, 0, 0]",4,cMajor,Piano Sonata K279 iii C major.mid by Mozart.csv
129,129.0 to 129.875,6,"[0, 0, 1, 0, 0, 2, 0, 1, 0, 0, 0, 1]",3,gMajor,Piano Sonata K279 iii C major.mid by Mozart.csv
130,130.0 to 130.75,0,"[2, 0, 0, 0, 0, 0, 0, 1, 0, 0, 0, 0]",6,cMajor,Piano Sonata K279 iii C major.mid by Mozart.csv
131,131.0 to 131.875,2,"[1, 0, 0, 0, 0, 0, 0, 1, 0, 1, 0, 0]",1,cMajor,Piano Sonata K279 iii C major.mid by Mozart.csv
132,132.0 to 132.75,13,"[2, 0, 0, 0, 2, 0, 0, 1, 0, 0, 0, 0]",4,cMajor,Piano Sonata K279 iii C major.mid by Mozart.csv
133,133.0 to 133.75,16,"[0, 0, 0, 0, 1, 0, 1, 1, 0, 0, 0, 0]",2,cMajor,Piano Sonata K279 iii C major.mid by Mozart.csv
134,134.0 to 134.75,19,"[0, 1, 2, 0, 1, 0, 0, 1, 0, 0, 0, 1]",0,gMajor,Piano Sonata K279 iii C major.mid by Mozart.csv
135,135.0 to 135.75,12,"[0, 1, 1, 0, 0, 0, 0, 0, 0, 0, 0, 0]",9,c#Major,Piano Sonata K279 iii C major.mid by Mozart.csv
136,136.0 to 136.75,1,"[0, 0, 1, 0, 0, 0, 1, 2, 0, 1, 0, 2]",7,gMajor,Piano Sonata K279 iii C major.mid by Mozart.csv
137,137.0 to 137.75,5,"[0, 0, 1, 0, 1, 0, 0, 1, 0, 0, 0, 1]",2,gMajor,Piano Sonata K279 iii C major.mid by Mozart.csv
138,138.0 to 138.75,7,"[2, 0, 1, 0, 0, 0, 1, 0, 0, 1, 0, 1]",0,dMajor,Piano Sonata K279 iii C major.mid by Mozart.csv
139,139.0 to 139.75,4,"[1, 0, 0, 0, 0, 0, 0, 0, 0, 0, 0, 1]",6,gMajor,Piano Sonata K279 iii C major.mid by Mozart.csv
140,140.0 to 140.75,7,"[1, 0, 1, 0, 0, 0, 1, 0, 0, 1, 0, 1]",0,dMajor,Piano Sonata K279 iii C major.mid by Mozart.csv
141,141.0 to 141.75,12,"[1, 0, 2, 0, 1, 0, 2, 0, 0, 0, 0, 0]",9,dMajor,Piano Sonata K279 iii C major.mid by Mozart.csv
142,142.0 to 142.75,15,"[1, 0, 0, 0, 1, 0, 0, 1, 0, 0, 1, 1]",6,cMajor,Piano Sonata K279 iii C major.mid by Mozart.csv
143,143.0 to 143.75,4,"[1, 0, 1, 0, 0, 0, 1, 0, 0, 0, 1, 1]",0,dMinor,Piano Sonata K279 iii C major.mid by Mozart.csv
144,144.0 to 144.75,8,"[1, 1, 1, 0, 2, 0, 0, 0, 0, 1, 0, 0]",5,aMajor,Piano Sonata K279 iii C major.mid by Mozart.csv
145,145.0 to 145.875,15,"[1, 1, 0, 0, 1, 0, 0, 1, 0, 1, 0, 1]",1,cMajor,Piano Sonata K279 iii C major.mid by Mozart.csv
146,146.0 to 146.75,12,"[0, 1, 2, 0, 0, 0, 1, 0, 0, 0, 0, 0]",9,dMajor,Piano Sonata K279 iii C major.mid by Mozart.csv
147,147.0 to 147.875,5,"[1, 0, 1, 0, 0, 0, 1, 1, 0, 0, 0, 1]",0,gMajor,Piano Sonata K279 iii C major.mid by Mozart.csv
148,148.0 to 148.875,17,"[0, 0, 1, 0, 0, 0, 0, 1, 0, 2, 0, 1]",0,dMajor,Piano Sonata K279 iii C major.mid by Mozart.csv
149,149.0 to 149.875,1,"[1, 0, 1, 0, 0, 0, 1, 2, 0, 1, 0, 1]",7,gMajor,Piano Sonata K279 iii C major.mid by Mozart.csv
150,150.0 to 150.75,7,"[0, 1, 1, 0, 0, 0, 1, 0, 0, 1, 0, 0]",9,dMajor,Piano Sonata K279 iii C major.mid by Mozart.csv
151,151.0 to 151.875,7,"[1, 0, 1, 0, 0, 0, 1, 1, 0, 1, 0, 1]",0,dMajor,Piano Sonata K279 iii C major.mid by Mozart.csv
152,152.0 to 152.875,2,"[1, 0, 1, 0, 0, 0, 0, 1, 0, 2, 0, 1]",1,dMajor,Piano Sonata K279 iii C major.mid by Mozart.csv
153,153.0 to 153.875,1,"[0, 0, 1, 0, 0, 0, 1, 2, 0, 1, 0, 1]",7,gMajor,Piano Sonata K279 iii C major.mid by Mozart.csv
154,154.0 to 154.0,7,"[0, 0, 1, 0, 0, 0, 1, 0, 0, 1, 0, 0]",9,dMajor,Piano Sonata K279 iii C major.mid by Mozart.csv
155,155.5 to 155.5,12,"[0, 0, 1, 0, 0, 0, 0, 0, 0, 0, 0, 0]",2,dMajor,Piano Sonata K279 iii C major.mid by Mozart.csv
156,156.0 to 156.5,12,"[0, 0, 1, 0, 0, 0, 0, 0, 0, 0, 0, 0]",2,dMajor,Piano Sonata K279 iii C major.mid by Mozart.csv
157,157.0 to 157.5,12,"[0, 0, 1, 0, 0, 0, 0, 0, 0, 0, 0, 0]",2,dMajor,Piano Sonata K279 iii C major.mid by Mozart.csv
158,158.0 to 158.875,9,"[0, 0, 0, 0, 1, 0, 0, 1, 0, 0, 0, 1]",2,gMinor,Piano Sonata K279 iii C major.mid by Mozart.csv
159,159.0 to 159.5,12,"[0, 1, 2, 0, 0, 0, 1, 1, 0, 0, 0, 0]",9,dMajor,Piano Sonata K279 iii C major.mid by Mozart.csv
160,160.0 to 160.5,4,"[0, 0, 0, 0, 0, 0, 0, 0, 0, 0, 0, 1]",2,eMajor,Piano Sonata K279 iii C major.mid by Mozart.csv
161,161.0 to 161.5,4,"[0, 0, 0, 0, 0, 0, 0, 0, 0, 0, 0, 1]",2,eMajor,Piano Sonata K279 iii C major.mid by Mozart.csv
162,162.0 to 162.875,9,"[1, 0, 0, 0, 1, 0, 0, 1, 0, 0, 0, 0]",6,cMajor,Piano Sonata K279 iii C major.mid by Mozart.csv
163,163.0 to 163.5,4,"[0, 0, 1, 0, 1, 0, 0, 0, 0, 1, 0, 2]",0,eMajor,Piano Sonata K279 iii C major.mid by Mozart.csv
164,164.0 to 164.5,9,"[0, 0, 0, 0, 0, 0, 0, 1, 0, 0, 0, 0]",2,cMajor,Piano Sonata K279 iii C major.mid by Mozart.csv
165,165.0 to 165.5,9,"[0, 0, 0, 0, 0, 0, 0, 1, 0, 0, 0, 0]",2,cMajor,Piano Sonata K279 iii C major.mid by Mozart.csv
166,166.0 to 166.75,2,"[1, 0, 0, 0, 1, 0, 0, 0, 0, 1, 0, 0]",1,cMinor,Piano Sonata K279 iii C major.mid by Mozart.csv
167,167.0 to 167.5,1,"[0, 0, 0, 0, 0, 0, 1, 2, 0, 0, 0, 1]",7,gMajor,Piano Sonata K279 iii C major.mid by Mozart.csv
168,168.0 to 168.75,9,"[1, 0, 0, 0, 1, 0, 0, 0, 0, 0, 0, 0]",6,cMajor,Piano Sonata K279 iii C major.mid by Mozart.csv
169,169.0 to 169.75,9,"[0, 1, 0, 0, 0, 0, 0, 1, 0, 0, 0, 0]",2,cMajor,Piano Sonata K279 iii C major.mid by Mozart.csv
170,170.0 to 170.875,12,"[0, 1, 1, 0, 0, 0, 1, 0, 0, 0, 0, 0]",9,dMajor,Piano Sonata K279 iii C major.mid by Mozart.csv
171,171.0 to 171.875,14,"[0, 0, 1, 0, 0, 0, 0, 1, 0, 0, 1, 0]",2,b-Minor,Piano Sonata K279 iii C major.mid by Mozart.csv
172,172.0 to 172.875,17,"[0, 1, 0, 0, 0, 0, 1, 0, 0, 1, 0, 0]",9,aMinor,Piano Sonata K279 iii C major.mid by Mozart.csv
173,173.0 to 173.75,14,"[0, 0, 1, 0, 0, 0, 0, 1, 0, 0, 1, 0]",2,b-Minor,Piano Sonata K279 iii C major.mid by Mozart.csv
174,174.0 to 174.75,11,"[0, 0, 0, 2, 0, 0, 1, 0, 0, 1, 0, 0]",1,bMajor,Piano Sonata K279 iii C major.mid by Mozart.csv
175,175.0 to 175.5,16,"[0, 0, 0, 0, 2, 0, 2, 0, 0, 0, 0, 0]",5,cMajor,Piano Sonata K279 iii C major.mid by Mozart.csv
176,176.0 to 176.5,1,"[0, 0, 0, 0, 0, 0, 0, 2, 0, 0, 0, 2]",7,gMajor,Piano Sonata K279 iii C major.mid by Mozart.csv
177,177.0 to 177.5,12,"[2, 0, 2, 0, 0, 0, 0, 0, 0, 0, 0, 0]",9,cMajor,Piano Sonata K279 iii C major.mid by Mozart.csv
178,178.0 to 178.875,8,"[1, 0, 0, 0, 3, 0, 0, 1, 0, 0, 0, 0]",5,cMajor,Piano Sonata K279 iii C major.mid by Mozart.csv
179,179.0 to 179.875,7,"[1, 0, 1, 0, 1, 0, 1, 0, 0, 1, 0, 1]",0,dMajor,Piano Sonata K279 iii C major.mid by Mozart.csv
180,180.0 to 180.875,7,"[1, 0, 1, 0, 0, 0, 1, 1, 0, 1, 0, 1]",0,dMajor,Piano Sonata K279 iii C major.mid by Mozart.csv
181,181.0 to 181.875,16,"[0, 0, 1, 0, 1, 0, 1, 1, 0, 1, 0, 1]",0,dMajor,Piano Sonata K279 iii C major.mid by Mozart.csv
182,182.0 to 182.875,15,"[1, 0, 1, 0, 1, 0, 1, 1, 0, 0, 0, 1]",0,cMajor,Piano Sonata K279 iii C major.mid by Mozart.csv
183,183.0 to 183.875,15,"[1, 0, 1, 0, 1, 0, 0, 1, 0, 1, 0, 1]",0,cMajor,Piano Sonata K279 iii C major.mid by Mozart.csv
184,184.0 to 184.75,0,"[2, 0, 0, 0, 1, 0, 0, 0, 0, 0, 0, 0]",4,cMajor,Piano Sonata K279 iii C major.mid by Mozart.csv
185,185.0 to 185.75,12,"[0, 0, 2, 0, 0, 0, 1, 0, 0, 1, 0, 1]",0,dMajor,Piano Sonata K279 iii C major.mid by Mozart.csv
186,186.0 to 186.75,10,"[0, 0, 0, 0, 0, 0, 1, 3, 0, 0, 0, 0]",7,e-Major,Piano Sonata K279 iii C major.mid by Mozart.csv
187,187.0 to 187.75,0,"[2, 0, 0, 0, 1, 0, 1, 1, 0, 0, 0, 0]",6,cMajor,Piano Sonata K279 iii C major.mid by Mozart.csv
188,188.0 to 188.75,5,"[0, 0, 1, 0, 0, 0, 1, 1, 0, 0, 0, 2]",0,gMajor,Piano Sonata K279 iii C major.mid by Mozart.csv
189,189.0 to 189.75,7,"[1, 0, 0, 0, 0, 0, 1, 1, 0, 2, 0, 0]",1,dMajor,Piano Sonata K279 iii C major.mid by Mozart.csv
190,190.0 to 190.9166667,1,"[2, 0, 0, 0, 0, 0, 1, 2, 0, 0, 0, 1]",6,cMajor,Piano Sonata K279 iii C major.mid by Mozart.csv
191,191.0 to 191.75,0,"[2, 0, 0, 0, 0, 0, 1, 1, 0, 0, 0, 0]",6,cMajor,Piano Sonata K279 iii C major.mid by Mozart.csv
192,192.0 to 192.875,5,"[0, 0, 1, 0, 0, 0, 1, 1, 0, 0, 0, 2]",0,gMajor,Piano Sonata K279 iii C major.mid by Mozart.csv
193,193.0 to 193.875,7,"[1, 0, 0, 0, 0, 0, 1, 1, 0, 2, 0, 0]",1,dMajor,Piano Sonata K279 iii C major.mid by Mozart.csv
194,194.0 to 194.75,19,"[1, 0, 2, 0, 0, 0, 1, 1, 0, 0, 0, 2]",0,gMajor,Piano Sonata K279 iii C major.mid by Mozart.csv
195,195.0 to 195.75,16,"[1, 0, 0, 0, 1, 0, 1, 1, 0, 0, 0, 0]",6,cMajor,Piano Sonata K279 iii C major.mid by Mozart.csv
196,196.0 to 196.875,5,"[0, 0, 1, 0, 0, 0, 1, 1, 0, 0, 1, 1]",0,gMajor,Piano Sonata K279 iii C major.mid by Mozart.csv
197,197.0 to 197.875,16,"[1, 0, 0, 0, 0, 0, 1, 1, 1, 1, 0, 0]",1,dMajor,Piano Sonata K279 iii C major.mid by Mozart.csv
198,198.0 to 198.75,5,"[1, 1, 1, 0, 0, 0, 1, 1, 0, 0, 0, 1]",0,gMajor,Piano Sonata K279 iii C major.mid by Mozart.csv
199,199.0 to 199.5,8,"[1, 0, 1, 0, 2, 0, 0, 0, 0, 1, 0, 0]",5,cMinor,Piano Sonata K279 iii C major.mid by Mozart.csv
200,200.0 to 200.75,19,"[1, 0, 2, 0, 0, 0, 0, 1, 0, 0, 0, 1]",0,gMajor,Piano Sonata K279 iii C major.mid by Mozart.csv
201,201.0 to 201.75,7,"[1, 0, 1, 0, 0, 0, 1, 0, 0, 1, 0, 1]",0,dMajor,Piano Sonata K279 iii C major.mid by Mozart.csv
202,202.0 to 202.75,1,"[0, 0, 0, 0, 0, 0, 0, 3, 0, 1, 0, 1]",7,gMajor,Piano Sonata K279 iii C major.mid by Mozart.csv
203,203.0 to 203.75,16,"[0, 0, 1, 0, 1, 0, 1, 1, 0, 0, 0, 0]",2,cMajor,Piano Sonata K279 iii C major.mid by Mozart.csv
204,204.0 to 204.0,9,"[0, 1, 0, 0, 1, 0, 0, 1, 0, 0, 0, 0]",2,cMajor,Piano Sonata K279 iii C major.mid by Mozart.csv
205,205.0 to 205.5,16,"[1, 0, 0, 0, 0, 0, 1, 1, 0, 1, 0, 1]",1,dMajor,Piano Sonata K279 iii C major.mid by Mozart.csv
206,206.0 to 206.0,2,"[1, 0, 0, 0, 1, 0, 0, 0, 0, 1, 0, 0]",1,cMinor,Piano Sonata K279 iii C major.mid by Mozart.csv
207,207.0 to 207.75,2,"[2, 0, 0, 0, 1, 0, 0, 0, 1, 1, 0, 1]",1,cMinor,Piano Sonata K279 iii C major.mid by Mozart.csv
208,208.0 to 208.75,19,"[0, 0, 2, 0, 0, 0, 1, 1, 0, 1, 0, 1]",0,dMajor,Piano Sonata K279 iii C major.mid by Mozart.csv
209,209.0 to 209.75,12,"[0, 0, 2, 0, 1, 0, 1, 1, 0, 1, 0, 0]",0,dMajor,Piano Sonata K279 iii C major.mid by Mozart.csv
210,210.0 to 210.75,1,"[0, 0, 0, 0, 0, 0, 0, 2, 0, 1, 0, 1]",7,gMajor,Piano Sonata K279 iii C major.mid by Mozart.csv
211,211.0 to 211.75,16,"[0, 0, 1, 0, 1, 0, 1, 1, 0, 0, 0, 0]",2,cMajor,Piano Sonata K279 iii C major.mid by Mozart.csv
212,212.0 to 212.0,9,"[0, 1, 0, 0, 1, 0, 0, 1, 0, 0, 0, 0]",2,cMajor,Piano Sonata K279 iii C major.mid by Mozart.csv
213,213.0 to 213.5,16,"[1, 0, 0, 0, 0, 0, 1, 1, 0, 1, 0, 1]",1,dMajor,Piano Sonata K279 iii C major.mid by Mozart.csv
214,214.0 to 214.0,2,"[1, 0, 0, 0, 1, 0, 0, 0, 0, 1, 0, 0]",1,cMinor,Piano Sonata K279 iii C major.mid by Mozart.csv
215,215.0 to 215.75,2,"[2, 0, 0, 0, 1, 0, 0, 0, 1, 1, 0, 1]",1,cMinor,Piano Sonata K279 iii C major.mid by Mozart.csv
216,216.0 to 216.75,19,"[0, 0, 2, 0, 0, 0, 1, 1, 0, 1, 0, 1]",0,dMajor,Piano Sonata K279 iii C major.mid by Mozart.csv
217,217.0 to 217.75,12,"[0, 0, 2, 0, 1, 0, 1, 1, 0, 1, 0, 0]",0,dMajor,Piano Sonata K279 iii C major.mid by Mozart.csv
218,218.0 to 218.75,1,"[0, 0, 1, 0, 0, 0, 0, 2, 0, 0, 0, 1]",7,gMajor,Piano Sonata K279 iii C major.mid by Mozart.csv
219,219.0 to 219.75,7,"[1, 0, 2, 0, 0, 0, 1, 0, 0, 2, 0, 0]",0,dMajor,Piano Sonata K279 iii C major.mid by Mozart.csv
220,220.0 to 220.75,1,"[0, 0, 1, 0, 0, 0, 0, 3, 0, 0, 0, 2]",7,gMajor,Piano Sonata K279 iii C major.mid by Mozart.csv
221,221.0 to 221.75,7,"[2, 0, 2, 0, 0, 0, 1, 0, 0, 2, 0, 0]",0,dMajor,Piano Sonata K279 iii C major.mid by Mozart.csv
222,222.0 to 222.0,1,"[0, 0, 0, 0, 0, 0, 0, 2, 0, 0, 0, 1]",7,gMajor,Piano Sonata K279 iii C major.mid by Mozart.csv
223,223.5 to 223.5,12,"[0, 0, 1, 0, 0, 0, 0, 0, 0, 0, 0, 0]",2,dMajor,Piano Sonata K279 iii C major.mid by Mozart.csv
224,224.0 to 224.5,12,"[0, 0, 1, 0, 0, 0, 0, 0, 0, 0, 0, 0]",2,dMajor,Piano Sonata K279 iii C major.mid by Mozart.csv
225,225.0 to 225.5,12,"[0, 0, 1, 0, 0, 0, 0, 0, 0, 0, 0, 0]",2,dMajor,Piano Sonata K279 iii C major.mid by Mozart.csv
226,226.0 to 226.875,5,"[0, 0, 1, 0, 0, 0, 0, 1, 0, 0, 0, 1]",2,gMajor,Piano Sonata K279 iii C major.mid by Mozart.csv
227,227.0 to 227.5,5,"[0, 1, 1, 0, 0, 0, 1, 1, 0, 1, 0, 1]",0,dMajor,Piano Sonata K279 iii C major.mid by Mozart.csv
228,228.0 to 228.5,4,"[0, 0, 0, 0, 0, 0, 0, 0, 0, 0, 0, 1]",2,eMajor,Piano Sonata K279 iii C major.mid by Mozart.csv
229,229.0 to 229.5,4,"[0, 0, 0, 0, 0, 0, 0, 0, 0, 0, 0, 1]",2,eMajor,Piano Sonata K279 iii C major.mid by Mozart.csv
230,230.0 to 230.875,9,"[0, 0, 0, 0, 1, 0, 0, 1, 0, 0, 0, 1]",2,gMinor,Piano Sonata K279 iii C major.mid by Mozart.csv
231,231.0 to 231.5,5,"[0, 0, 1, 0, 1, 0, 1, 1, 0, 0, 1, 1]",0,gMajor,Piano Sonata K279 iii C major.mid by Mozart.csv
232,232.0 to 232.75,5,"[0, 0, 0, 0, 0, 1, 0, 1, 0, 0, 0, 1]",2,gMajor,Piano Sonata K279 iii C major.mid by Mozart.csv
233,233.0 to 233.75,9,"[1, 0, 0, 0, 1, 0, 0, 1, 0, 0, 0, 0]",6,cMajor,Piano Sonata K279 iii C major.mid by Mozart.csv
234,234.0 to 234.75,17,"[0, 0, 0, 0, 1, 0, 0, 0, 0, 2, 0, 0]",1,aMajor,Piano Sonata K279 iii C major.mid by Mozart.csv
235,235.0 to 235.5,4,"[0, 0, 0, 0, 1, 0, 0, 0, 1, 1, 0, 1]",1,eMajor,Piano Sonata K279 iii C major.mid by Mozart.csv
236,236.0 to 236.5,9,"[0, 0, 0, 0, 1, 0, 0, 0, 0, 0, 0, 0]",2,cMajor,Piano Sonata K279 iii C major.mid by Mozart.csv
237,237.0 to 237.5,9,"[0, 0, 0, 0, 1, 0, 0, 0, 0, 0, 0, 0]",2,cMajor,Piano Sonata K279 iii C major.mid by Mozart.csv
238,238.0 to 238.875,2,"[1, 0, 0, 0, 1, 0, 0, 0, 0, 1, 0, 0]",1,cMinor,Piano Sonata K279 iii C major.mid by Mozart.csv
239,239.0 to 239.5,15,"[1, 0, 0, 1, 1, 0, 0, 1, 0, 1, 0, 1]",1,cMajor,Piano Sonata K279 iii C major.mid by Mozart.csv
240,240.0 to 240.5,9,"[1, 0, 0, 0, 0, 0, 0, 0, 0, 0, 0, 0]",6,cMajor,Piano Sonata K279 iii C major.mid by Mozart.csv
241,241.0 to 241.5,9,"[1, 0, 0, 0, 0, 0, 0, 0, 0, 0, 0, 0]",6,cMajor,Piano Sonata K279 iii C major.mid by Mozart.csv
242,242.0 to 242.875,9,"[1, 0, 0, 0, 0, 1, 0, 1, 0, 0, 0, 0]",6,cMajor,Piano Sonata K279 iii C major.mid by Mozart.csv
243,243.0 to 243.5,15,"[1, 0, 0, 0, 1, 1, 0, 1, 0, 1, 0, 1]",1,cMajor,Piano Sonata K279 iii C major.mid by Mozart.csv
244,244.0 to 244.5,17,"[0, 0, 0, 0, 0, 0, 0, 0, 0, 1, 0, 0]",2,dMajor,Piano Sonata K279 iii C major.mid by Mozart.csv
245,245.0 to 245.5,17,"[0, 0, 0, 0, 0, 0, 0, 0, 0, 1, 0, 0]",2,dMajor,Piano Sonata K279 iii C major.mid by Mozart.csv
246,246.0 to 246.875,6,"[0, 0, 1, 0, 0, 1, 0, 0, 0, 1, 0, 0]",8,fMinor,Piano Sonata K279 iii C major.mid by Mozart.csv
247,247.0 to 247.5,3,"[1, 0, 1, 0, 1, 1, 0, 0, 1, 1, 0, 0]",8,fMajor,Piano Sonata K279 iii C major.mid by Mozart.csv
248,248.0 to 248.75,18,"[0, 0, 0, 1, 0, 2, 0, 0, 0, 1, 0, 0]",8,fMajor,Piano Sonata K279 iii C major.mid by Mozart.csv
249,249.0 to 249.5,18,"[1, 0, 0, 0, 0, 2, 0, 0, 0, 1, 0, 0]",8,fMajor,Piano Sonata K279 iii C major.mid by Mozart.csv
250,250.0 to 250.75,8,"[0, 0, 0, 0, 3, 0, 0, 0, 1, 0, 0, 0]",5,eMinor,Piano Sonata K279 iii C major.mid by Mozart.csv
251,251.0 to 251.5,8,"[0, 0, 0, 0, 2, 0, 0, 0, 1, 0, 0, 1]",5,eMajor,Piano Sonata K279 iii C major.mid by Mozart.csv
252,252.0 to 252.75,18,"[0, 0, 0, 1, 0, 2, 0, 0, 0, 1, 0, 0]",8,fMajor,Piano Sonata K279 iii C major.mid by Mozart.csv
253,253.0 to 253.5,18,"[1, 0, 0, 0, 0, 2, 0, 0, 0, 1, 0, 0]",8,fMajor,Piano Sonata K279 iii C major.mid by Mozart.csv
254,254.0 to 254.75,8,"[1, 0, 0, 0, 3, 0, 0, 0, 1, 0, 0, 0]",5,eMinor,Piano Sonata K279 iii C major.mid by Mozart.csv
255,255.0 to 255.875,17,"[0, 0, 0, 0, 1, 0, 0, 0, 1, 2, 0, 1]",1,eMajor,Piano Sonata K279 iii C major.mid by Mozart.csv
256,256.0 to 256.875,8,"[1, 0, 0, 0, 2, 0, 0, 0, 1, 1, 0, 1]",5,eMajor,Piano Sonata K279 iii C major.mid by Mozart.csv
257,257.0 to 257.875,8,"[1, 0, 0, 0, 2, 0, 0, 0, 1, 1, 0, 1]",5,eMajor,Piano Sonata K279 iii C major.mid by Mozart.csv
258,258.0 to 258.875,8,"[1, 0, 0, 0, 2, 0, 0, 0, 1, 1, 0, 1]",5,eMajor,Piano Sonata K279 iii C major.mid by Mozart.csv
259,259.0 to 259.875,2,"[1, 0, 0, 0, 1, 0, 0, 0, 1, 1, 0, 1]",1,cMinor,Piano Sonata K279 iii C major.mid by Mozart.csv
260,260.0 to 260.0,4,"[0, 0, 0, 0, 1, 0, 0, 0, 1, 0, 0, 1]",2,eMajor,Piano Sonata K279 iii C major.mid by Mozart.csv
261,261.0 to 261.0,8,"[0, 0, 0, 2, 2, 0, 0, 0, 0, 0, 0, 0]",5,cMajor,Piano Sonata K279 iii C major.mid by Mozart.csv
262,262.0 to 262.0,8,"[0, 0, 0, 0, 3, 0, 0, 0, 0, 0, 0, 0]",5,cMajor,Piano Sonata K279 iii C major.mid by Mozart.csv
263,263.5 to 263.5,4,"[0, 0, 0, 0, 0, 0, 0, 0, 0, 0, 0, 1]",2,eMajor,Piano Sonata K279 iii C major.mid by Mozart.csv
264,264.0 to 264.875,9,"[0, 0, 0, 0, 1, 0, 0, 1, 0, 0, 0, 1]",2,gMinor,Piano Sonata K279 iii C major.mid by Mozart.csv
265,265.0 to 265.625,8,"[0, 0, 0, 0, 2, 0, 1, 1, 0, 1, 0, 0]",5,cMajor,Piano Sonata K279 iii C major.mid by Mozart.csv
266,266.0 to 266.875,11,"[0, 0, 0, 1, 0, 0, 1, 0, 0, 1, 0, 0]",1,dMajor,Piano Sonata K279 iii C major.mid by Mozart.csv
267,267.0 to 267.625,2,"[1, 0, 0, 1, 1, 0, 0, 0, 0, 1, 0, 1]",1,cMinor,Piano Sonata K279 iii C major.mid by Mozart.csv
268,268.0 to 268.75,8,"[0, 0, 0, 0, 2, 0, 0, 1, 0, 1, 1, 0]",5,cMajor,Piano Sonata K279 iii C major.mid by Mozart.csv
269,269.0 to 269.75,8,"[0, 0, 1, 0, 3, 1, 0, 1, 0, 0, 0, 0]",5,cMajor,Piano Sonata K279 iii C major.mid by Mozart.csv
270,270.0 to 270.75,10,"[0, 1, 1, 0, 1, 0, 0, 2, 0, 0, 0, 0]",7,cMajor,Piano Sonata K279 iii C major.mid by Mozart.csv
271,271.0 to 271.75,1,"[0, 1, 0, 0, 0, 0, 0, 2, 0, 1, 0, 1]",7,gMajor,Piano Sonata K279 iii C major.mid by Mozart.csv
272,272.0 to 272.875,18,"[0, 0, 1, 0, 0, 2, 0, 0, 0, 1, 0, 0]",8,fMinor,Piano Sonata K279 iii C major.mid by Mozart.csv
273,273.0 to 273.625,6,"[0, 0, 2, 0, 1, 1, 0, 1, 0, 0, 0, 0]",3,gMajor,Piano Sonata K279 iii C major.mid by Mozart.csv
274,274.0 to 274.875,9,"[0, 1, 0, 0, 1, 0, 0, 1, 0, 0, 0, 0]",2,cMajor,Piano Sonata K279 iii C major.mid by Mozart.csv
275,275.0 to 275.625,5,"[0, 1, 1, 0, 0, 0, 0, 1, 0, 1, 0, 1]",0,gMajor,Piano Sonata K279 iii C major.mid by Mozart.csv
276,276.0 to 276.75,6,"[0, 0, 2, 0, 0, 1, 0, 1, 0, 1, 0, 0]",3,fMinor,Piano Sonata K279 iii C major.mid by Mozart.csv
277,277.0 to 277.75,6,"[1, 0, 3, 0, 1, 1, 0, 0, 0, 0, 0, 0]",3,b-Major,Piano Sonata K279 iii C major.mid by Mozart.csv
278,278.0 to 278.75,6,"[1, 0, 1, 0, 0, 2, 0, 0, 0, 0, 0, 1]",3,g#Minor,Piano Sonata K279 iii C major.mid by Mozart.csv
279,279.0 to 279.75,18,"[0, 0, 0, 0, 0, 2, 0, 1, 0, 1, 0, 1]",8,fMajor,Piano Sonata K279 iii C major.mid by Mozart.csv
280,280.0 to 280.875,8,"[1, 0, 0, 0, 2, 0, 0, 1, 0, 0, 0, 0]",5,cMajor,Piano Sonata K279 iii C major.mid by Mozart.csv
281,281.0 to 281.625,0,"[2, 0, 1, 0, 1, 1, 0, 0, 0, 0, 0, 0]",4,cMajor,Piano Sonata K279 iii C major.mid by Mozart.csv
282,282.0 to 282.875,4,"[0, 0, 1, 0, 0, 1, 0, 0, 0, 0, 0, 1]",3,gMajor,Piano Sonata K279 iii C major.mid by Mozart.csv
283,283.0 to 283.625,2,"[1, 0, 0, 0, 0, 1, 0, 1, 0, 1, 0, 1]",1,fMajor,Piano Sonata K279 iii C major.mid by Mozart.csv
284,284.0 to 284.875,9,"[1, 0, 0, 0, 1, 0, 0, 1, 0, 0, 0, 0]",6,cMajor,Piano Sonata K279 iii C major.mid by Mozart.csv
285,285.0 to 285.625,0,"[2, 0, 1, 0, 1, 1, 0, 0, 0, 0, 0, 0]",4,cMajor,Piano Sonata K279 iii C major.mid by Mozart.csv
286,286.0 to 286.875,4,"[0, 0, 1, 0, 0, 1, 0, 0, 0, 0, 0, 1]",3,gMajor,Piano Sonata K279 iii C major.mid by Mozart.csv
287,287.0 to 287.625,2,"[1, 0, 0, 0, 0, 1, 0, 1, 0, 1, 0, 1]",1,fMajor,Piano Sonata K279 iii C major.mid by Mozart.csv
288,288.0 to 288.875,0,"[2, 0, 0, 0, 1, 1, 0, 1, 0, 0, 0, 0]",4,cMajor,Piano Sonata K279 iii C major.mid by Mozart.csv
289,289.0 to 289.875,18,"[1, 0, 1, 0, 0, 2, 1, 0, 0, 1, 0, 0]",8,fMajor,Piano Sonata K279 iii C major.mid by Mozart.csv
290,290.0 to 290.75,5,"[1, 0, 1, 0, 0, 0, 0, 1, 0, 0, 0, 1]",0,gMajor,Piano Sonata K279 iii C major.mid by Mozart.csv
291,291.0 to 291.75,16,"[0, 0, 0, 0, 0, 0, 1, 2, 0, 1, 0, 0]",7,dMajor,Piano Sonata K279 iii C major.mid by Mozart.csv
292,292.0 to 292.875,0,"[2, 0, 0, 0, 1, 0, 0, 1, 0, 0, 0, 0]",4,cMajor,Piano Sonata K279 iii C major.mid by Mozart.csv
293,293.0 to 293.625,0,"[3, 0, 1, 0, 1, 1, 0, 0, 0, 0, 0, 0]",4,cMajor,Piano Sonata K279 iii C major.mid by Mozart.csv
294,294.0 to 294.875,6,"[0, 0, 1, 0, 0, 2, 0, 0, 0, 0, 0, 1]",3,b-Major,Piano Sonata K279 iii C major.mid by Mozart.csv
295,295.0 to 295.625,18,"[1, 0, 0, 0, 0, 2, 0, 1, 0, 1, 0, 1]",8,fMajor,Piano Sonata K279 iii C major.mid by Mozart.csv
296,296.0 to 296.875,13,"[2, 0, 0, 0, 2, 0, 0, 1, 0, 0, 0, 0]",4,cMajor,Piano Sonata K279 iii C major.mid by Mozart.csv
297,297.0 to 297.875,5,"[0, 0, 1, 0, 0, 1, 1, 1, 0, 0, 0, 1]",3,gMajor,Piano Sonata K279 iii C major.mid by Mozart.csv
298,298.0 to 298.875,8,"[1, 0, 0, 0, 2, 0, 0, 1, 0, 0, 0, 0]",5,cMajor,Piano Sonata K279 iii C major.mid by Mozart.csv
299,299.0 to 299.875,5,"[0, 0, 1, 0, 0, 1, 1, 1, 0, 0, 0, 1]",3,gMajor,Piano Sonata K279 iii C major.mid by Mozart.csv
300,300.0 to 300.875,13,"[2, 0, 0, 0, 2, 0, 0, 1, 0, 0, 0, 0]",4,cMajor,Piano Sonata K279 iii C major.mid by Mozart.csv
301,301.0 to 301.875,6,"[0, 0, 1, 0, 0, 2, 0, 1, 0, 0, 0, 1]",3,gMajor,Piano Sonata K279 iii C major.mid by Mozart.csv
302,302.0 to 302.75,0,"[2, 0, 0, 0, 0, 0, 0, 1, 0, 0, 0, 0]",6,cMajor,Piano Sonata K279 iii C major.mid by Mozart.csv
303,303.0 to 303.875,0,"[2, 0, 1, 0, 0, 0, 0, 0, 0, 0, 0, 0]",6,cMajor,Piano Sonata K279 iii C major.mid by Mozart.csv
304,304.0 to 304.75,13,"[2, 0, 0, 0, 1, 0, 0, 2, 0, 0, 1, 0]",6,cMajor,Piano Sonata K279 iii C major.mid by Mozart.csv
305,305.0 to 305.75,14,"[0, 0, 0, 0, 0, 0, 0, 1, 0, 1, 1, 0]",2,e-Major,Piano Sonata K279 iii C major.mid by Mozart.csv
306,306.0 to 306.75,18,"[1, 0, 0, 0, 1, 2, 0, 1, 0, 1, 0, 0]",8,fMajor,Piano Sonata K279 iii C major.mid by Mozart.csv
307,307.0 to 307.75,9,"[0, 0, 0, 0, 1, 1, 0, 0, 0, 0, 0, 0]",2,cMajor,Piano Sonata K279 iii C major.mid by Mozart.csv
308,308.0 to 308.75,18,"[2, 0, 0, 0, 0, 2, 0, 1, 0, 2, 0, 0]",8,fMajor,Piano Sonata K279 iii C major.mid by Mozart.csv
309,309.0 to 309.75,2,"[1, 0, 0, 0, 0, 0, 0, 0, 0, 1, 0, 1]",1,fMajor,Piano Sonata K279 iii C major.mid by Mozart.csv
310,310.0 to 310.75,16,"[1, 0, 0, 0, 1, 0, 1, 2, 0, 1, 0, 0]",7,cMajor,Piano Sonata K279 iii C major.mid by Mozart.csv
311,311.0 to 311.75,16,"[0, 0, 0, 0, 0, 0, 1, 1, 0, 0, 0, 0]",2,cMajor,Piano Sonata K279 iii C major.mid by Mozart.csv
312,312.0 to 312.75,10,"[1, 0, 0, 0, 1, 0, 0, 2, 0, 1, 0, 1]",7,cMajor,Piano Sonata K279 iii C major.mid by Mozart.csv
313,313.0 to 313.75,6,"[1, 0, 1, 0, 1, 1, 0, 0, 0, 0, 0, 0]",3,cMajor,Piano Sonata K279 iii C major.mid by Mozart.csv
314,314.0 to 314.75,6,"[0, 1, 1, 0, 1, 1, 0, 0, 0, 1, 0, 0]",8,aMajor,Piano Sonata K279 iii C major.mid by Mozart.csv
315,315.0 to 315.75,12,"[0, 1, 1, 0, 1, 0, 0, 0, 0, 0, 0, 0]",9,aMajor,Piano Sonata K279 iii C major.mid by Mozart.csv
316,316.0 to 316.75,18,"[0, 0, 1, 0, 0, 2, 0, 1, 0, 2, 0, 0]",8,fMinor,Piano Sonata K279 iii C major.mid by Mozart.csv
317,317.0 to 317.875,18,"[1, 0, 1, 0, 1, 2, 1, 0, 0, 1, 0, 0]",8,fMajor,Piano Sonata K279 iii C major.mid by Mozart.csv
318,318.0 to 318.75,1,"[0, 0, 0, 0, 0, 0, 1, 2, 0, 0, 0, 1]",7,gMajor,Piano Sonata K279 iii C major.mid by Mozart.csv
319,319.0 to 319.875,15,"[1, 0, 0, 0, 1, 1, 0, 1, 0, 0, 0, 1]",6,cMajor,Piano Sonata K279 iii C major.mid by Mozart.csv
320,320.0 to 320.875,12,"[1, 0, 2, 0, 1, 0, 0, 1, 0, 0, 0, 0]",0,gMajor,Piano Sonata K279 iii C major.mid by Mozart.csv
321,321.0 to 321.875,15,"[2, 0, 1, 0, 1, 1, 0, 1, 0, 0, 0, 1]",4,cMajor,Piano Sonata K279 iii C major.mid by Mozart.csv
322,322.0 to 322.75,5,"[0, 0, 1, 0, 0, 0, 1, 1, 0, 0, 0, 1]",0,gMajor,Piano Sonata K279 iii C major.mid by Mozart.csv
323,323.0 to 323.875,15,"[1, 0, 1, 0, 1, 1, 0, 1, 0, 0, 0, 1]",3,cMajor,Piano Sonata K279 iii C major.mid by Mozart.csv
324,324.0 to 324.875,6,"[1, 0, 2, 0, 1, 1, 0, 1, 0, 0, 0, 0]",3,cMajor,Piano Sonata K279 iii C major.mid by Mozart.csv
325,325.0 to 325.875,15,"[2, 0, 1, 0, 1, 1, 0, 1, 0, 0, 0, 1]",4,cMajor,Piano Sonata K279 iii C major.mid by Mozart.csv
326,326.0 to 326.0,5,"[0, 0, 1, 0, 0, 0, 0, 1, 0, 0, 0, 1]",2,gMajor,Piano Sonata K279 iii C major.mid by Mozart.csv
327,327.5 to 327.5,9,"[0, 0, 0, 0, 0, 0, 0, 1, 0, 0, 0, 0]",2,cMajor,Piano Sonata K279 iii C major.mid by Mozart.csv
328,328.0 to 328.5,9,"[0, 0, 0, 0, 0, 0, 0, 1, 0, 0, 0, 0]",2,cMajor,Piano Sonata K279 iii C major.mid by Mozart.csv
329,329.0 to 329.5,9,"[0, 0, 0, 0, 0, 0, 0, 1, 0, 0, 0, 0]",2,cMajor,Piano Sonata K279 iii C major.mid by Mozart.csv
330,330.0 to 330.875,2,"[1, 0, 0, 0, 1, 0, 0, 0, 0, 1, 0, 0]",1,cMinor,Piano Sonata K279 iii C major.mid by Mozart.csv
331,331.0 to 331.5,1,"[1, 0, 0, 0, 0, 0, 1, 2, 0, 0, 0, 1]",7,gMajor,Piano Sonata K279 iii C major.mid by Mozart.csv
332,332.0 to 332.5,9,"[0, 0, 0, 0, 1, 0, 0, 0, 0, 0, 0, 0]",2,cMajor,Piano Sonata K279 iii C major.mid by Mozart.csv
333,333.0 to 333.5,9,"[0, 0, 0, 0, 1, 0, 0, 0, 0, 0, 0, 0]",2,cMajor,Piano Sonata K279 iii C major.mid by Mozart.csv
334,334.0 to 334.875,2,"[1, 0, 0, 0, 0, 1, 0, 0, 0, 1, 0, 0]",8,fMajor,Piano Sonata K279 iii C major.mid by Mozart.csv
335,335.0 to 335.5,8,"[0, 0, 1, 0, 2, 0, 0, 1, 0, 1, 0, 0]",5,cMajor,Piano Sonata K279 iii C major.mid by Mozart.csv
336,336.0 to 336.5,9,"[1, 0, 0, 0, 0, 0, 0, 0, 0, 0, 0, 0]",6,cMajor,Piano Sonata K279 iii C major.mid by Mozart.csv
337,337.0 to 337.5,9,"[1, 0, 0, 0, 0, 0, 0, 0, 0, 0, 0, 0]",6,cMajor,Piano Sonata K279 iii C major.mid by Mozart.csv
338,338.0 to 338.75,6,"[0, 0, 1, 0, 0, 1, 0, 0, 0, 1, 0, 0]",8,fMinor,Piano Sonata K279 iii C major.mid by Mozart.csv
339,339.0 to 339.5,0,"[2, 0, 0, 0, 1, 0, 0, 0, 0, 0, 0, 1]",4,cMinor,Piano Sonata K279 iii C major.mid by Mozart.csv
340,340.0 to 340.75,17,"[0, 0, 0, 0, 0, 1, 0, 0, 0, 1, 0, 0]",8,fMinor,Piano Sonata K279 iii C major.mid by Mozart.csv
341,341.0 to 341.75,16,"[1, 0, 0, 0, 0, 0, 1, 0, 0, 0, 0, 0]",6,cMajor,Piano Sonata K279 iii C major.mid by Mozart.csv
342,342.0 to 342.75,16,"[0, 0, 0, 0, 0, 0, 1, 1, 0, 0, 0, 1]",2,gMajor,Piano Sonata K279 iii C major.mid by Mozart.csv
343,343.0 to 343.75,9,"[1, 0, 0, 0, 1, 0, 0, 1, 0, 0, 0, 0]",6,cMajor,Piano Sonata K279 iii C major.mid by Mozart.csv
344,344.0 to 344.75,4,"[0, 0, 1, 0, 0, 0, 1, 0, 0, 0, 0, 1]",9,dMinor,Piano Sonata K279 iii C major.mid by Mozart.csv
345,345.0 to 345.75,11,"[1, 0, 0, 1, 0, 0, 0, 1, 0, 0, 0, 0]",6,e-Minor,Piano Sonata K279 iii C major.mid by Mozart.csv
346,346.0 to 346.75,3,"[0, 0, 1, 0, 0, 0, 0, 0, 2, 0, 0, 1]",2,eMajor,Piano Sonata K279 iii C major.mid by Mozart.csv
347,347.0 to 347.5,4,"[0, 0, 0, 0, 0, 0, 0, 0, 0, 2, 0, 2]",1,dMajor,Piano Sonata K279 iii C major.mid by Mozart.csv
348,348.0 to 348.5,0,"[2, 0, 0, 0, 2, 0, 0, 0, 0, 0, 0, 0]",4,cMajor,Piano Sonata K279 iii C major.mid by Mozart.csv
349,349.0 to 349.5,10,"[0, 0, 0, 0, 0, 2, 0, 2, 0, 0, 0, 0]",8,cMajor,Piano Sonata K279 iii C major.mid by Mozart.csv
350,350.0 to 350.875,2,"[1, 0, 0, 0, 0, 1, 0, 0, 0, 3, 0, 0]",8,fMajor,Piano Sonata K279 iii C major.mid by Mozart.csv
351,351.0 to 351.875,5,"[0, 0, 1, 0, 1, 1, 0, 1, 0, 1, 0, 1]",3,gMajor,Piano Sonata K279 iii C major.mid by Mozart.csv
352,352.0 to 352.875,15,"[1, 0, 1, 0, 1, 1, 0, 1, 0, 0, 0, 1]",3,cMajor,Piano Sonata K279 iii C major.mid by Mozart.csv
353,353.0 to 353.875,15,"[1, 0, 1, 0, 1, 0, 0, 1, 0, 1, 0, 1]",0,cMajor,Piano Sonata K279 iii C major.mid by Mozart.csv
354,354.0 to 354.875,15,"[1, 0, 0, 0, 1, 1, 0, 1, 0, 1, 0, 1]",1,cMajor,Piano Sonata K279 iii C major.mid by Mozart.csv
355,355.0 to 355.875,6,"[1, 0, 1, 0, 1, 1, 0, 1, 0, 1, 0, 0]",8,cMajor,Piano Sonata K279 iii C major.mid by Mozart.csv
356,356.0 to 356.75,18,"[0, 0, 0, 0, 0, 2, 0, 0, 0, 1, 0, 0]",8,fMajor,Piano Sonata K279 iii C major.mid by Mozart.csv
357,357.0 to 357.75,1,"[0, 0, 1, 0, 1, 0, 0, 2, 0, 0, 0, 1]",7,gMajor,Piano Sonata K279 iii C major.mid by Mozart.csv
358,358.0 to 358.75,0,"[3, 0, 0, 0, 0, 0, 0, 0, 0, 0, 0, 1]",4,cMajor,Piano Sonata K279 iii C major.mid by Mozart.csv
359,359.0 to 359.75,18,"[1, 0, 0, 0, 0, 2, 0, 0, 0, 1, 0, 1]",8,fMajor,Piano Sonata K279 iii C major.mid by Mozart.csv
360,360.0 to 360.75,8,"[1, 0, 0, 0, 2, 0, 0, 1, 0, 0, 0, 1]",5,gMinor,Piano Sonata K279 iii C major.mid by Mozart.csv
361,361.0 to 361.75,6,"[1, 0, 2, 0, 0, 1, 0, 0, 0, 0, 0, 1]",3,gMajor,Piano Sonata K279 iii C major.mid by Mozart.csv
362,362.0 to 362.75,15,"[2, 0, 0, 0, 1, 1, 0, 0, 0, 0, 0, 1]",4,cMajor,Piano Sonata K279 iii C major.mid by Mozart.csv
363,363.0 to 363.75,2,"[1, 0, 0, 0, 0, 1, 0, 0, 0, 1, 0, 1]",1,fMajor,Piano Sonata K279 iii C major.mid by Mozart.csv
364,364.0 to 364.875,15,"[2, 0, 0, 0, 1, 0, 0, 1, 0, 0, 0, 1]",4,cMajor,Piano Sonata K279 iii C major.mid by Mozart.csv
365,365.0 to 365.875,6,"[1, 0, 2, 0, 0, 1, 0, 0, 0, 0, 0, 1]",3,gMajor,Piano Sonata K279 iii C major.mid by Mozart.csv
366,366.0 to 366.75,10,"[1, 0, 0, 0, 1, 1, 0, 2, 0, 0, 0, 1]",7,cMajor,Piano Sonata K279 iii C major.mid by Mozart.csv
367,367.0 to 367.75,2,"[1, 0, 0, 0, 0, 1, 0, 0, 0, 1, 0, 1]",1,fMajor,Piano Sonata K279 iii C major.mid by Mozart.csv
368,368.0 to 368.875,15,"[1, 0, 0, 1, 1, 0, 0, 1, 0, 0, 0, 1]",6,e-Minor,Piano Sonata K279 iii C major.mid by Mozart.csv
369,369.0 to 369.875,2,"[1, 1, 1, 0, 0, 1, 0, 0, 0, 1, 0, 0]",8,fMajor,Piano Sonata K279 iii C major.mid by Mozart.csv
370,370.0 to 370.75,16,"[1, 0, 0, 0, 1, 0, 1, 1, 0, 0, 0, 1]",6,cMajor,Piano Sonata K279 iii C major.mid by Mozart.csv
371,371.0 to 371.75,18,"[0, 0, 1, 0, 0, 2, 0, 1, 0, 2, 0, 0]",8,fMinor,Piano Sonata K279 iii C major.mid by Mozart.csv
372,372.0 to 372.75,10,"[1, 0, 0, 0, 1, 1, 0, 2, 0, 0, 0, 0]",6,cMajor,Piano Sonata K279 iii C major.mid by Mozart.csv
373,373.0 to 373.75,5,"[0, 0, 1, 0, 1, 1, 0, 1, 0, 0, 0, 1]",3,gMinor,Piano Sonata K279 iii C major.mid by Mozart.csv
374,374.0 to 374.75,16,"[1, 0, 0, 0, 0, 0, 1, 0, 0, 0, 0, 0]",6,cMajor,Piano Sonata K279 iii C major.mid by Mozart.csv
375,375.0 to 375.75,11,"[1, 0, 0, 1, 0, 0, 0, 1, 0, 0, 0, 0]",6,e-Minor,Piano Sonata K279 iii C major.mid by Mozart.csv
376,376.0 to 376.875,4,"[0, 0, 1, 0, 0, 0, 1, 0, 0, 0, 0, 1]",9,dMinor,Piano Sonata K279 iii C major.mid by Mozart.csv
377,377.0 to 377.75,11,"[1, 0, 0, 1, 0, 0, 0, 1, 0, 0, 0, 0]",6,e-Minor,Piano Sonata K279 iii C major.mid by Mozart.csv
378,378.0 to 378.75,4,"[0, 0, 1, 0, 0, 0, 1, 0, 0, 0, 0, 1]",9,dMinor,Piano Sonata K279 iii C major.mid by Mozart.csv
379,379.0 to 379.0,9,"[0, 0, 0, 0, 0, 0, 0, 1, 0, 0, 0, 0]",2,cMajor,Piano Sonata K279 iii C major.mid by Mozart.csv
380,381.5 to 381.5,9,"[0, 0, 0, 0, 0, 0, 0, 1, 0, 0, 0, 0]",2,cMajor,Piano Sonata K279 iii C major.mid by Mozart.csv
381,382.0 to 382.5,9,"[0, 0, 0, 0, 0, 0, 0, 1, 0, 0, 0, 0]",2,cMajor,Piano Sonata K279 iii C major.mid by Mozart.csv
382,383.0 to 383.5,9,"[0, 0, 0, 0, 0, 0, 0, 1, 0, 0, 0, 0]",2,cMajor,Piano Sonata K279 iii C major.mid by Mozart.csv
383,384.0 to 384.5,2,"[1, 0, 0, 0, 0, 0, 0, 0, 0, 1, 0, 0]",1,fMajor,Piano Sonata K279 iii C major.mid by Mozart.csv
384,385.0 to 385.5,16,"[0, 0, 0, 0, 0, 0, 1, 1, 0, 0, 0, 1]",2,gMajor,Piano Sonata K279 iii C major.mid by Mozart.csv
385,386.0 to 386.5,17,"[0, 0, 0, 0, 0, 1, 0, 0, 0, 1, 0, 0]",8,fMinor,Piano Sonata K279 iii C major.mid by Mozart.csv
386,387.0 to 387.5,9,"[0, 0, 0, 1, 1, 0, 0, 1, 0, 0, 0, 0]",2,cMajor,Piano Sonata K279 iii C major.mid by Mozart.csv
387,388.0 to 388.5,6,"[0, 0, 1, 0, 0, 1, 0, 0, 0, 0, 0, 0]",3,b-Major,Piano Sonata K279 iii C major.mid by Mozart.csv
388,389.0 to 389.5,10,"[1, 0, 0, 0, 1, 0, 0, 2, 0, 0, 0, 1]",7,gMinor,Piano Sonata K279 iii C major.mid by Mozart.csv
389,390.0 to 390.5,10,"[0, 0, 0, 0, 0, 0, 0, 2, 0, 0, 0, 0]",7,cMajor,Piano Sonata K279 iii C major.mid by Mozart.csv
390,391.0 to 391.5,10,"[0, 0, 0, 0, 0, 0, 0, 2, 0, 0, 0, 0]",7,cMajor,Piano Sonata K279 iii C major.mid by Mozart.csv
391,392.0 to 392.875,0,"[2, 0, 0, 0, 1, 0, 0, 0, 0, 1, 0, 0]",4,cMinor,Piano Sonata K279 iii C major.mid by Mozart.csv
392,393.0 to 393.5,1,"[2, 0, 0, 0, 0, 0, 1, 2, 0, 0, 0, 2]",7,cMajor,Piano Sonata K279 iii C major.mid by Mozart.csv
393,394.0 to 394.5,8,"[0, 0, 0, 0, 2, 0, 0, 0, 0, 0, 0, 0]",5,cMajor,Piano Sonata K279 iii C major.mid by Mozart.csv
394,395.0 to 395.5,8,"[0, 0, 0, 0, 2, 0, 0, 0, 0, 0, 0, 0]",5,cMajor,Piano Sonata K279 iii C major.mid by Mozart.csv
395,396.0 to 396.875,7,"[1, 0, 0, 0, 0, 0, 1, 0, 0, 2, 0, 0]",1,dMajor,Piano Sonata K279 iii C major.mid by Mozart.csv
396,397.0 to 397.5,17,"[0, 0, 0, 1, 2, 0, 0, 2, 0, 2, 0, 0]",5,cMajor,Piano Sonata K279 iii C major.mid by Mozart.csv
397,398.0 to 398.5,0,"[2, 0, 0, 0, 0, 0, 0, 0, 0, 0, 0, 0]",6,cMajor,Piano Sonata K279 iii C major.mid by Mozart.csv
398,399.0 to 399.5,0,"[2, 0, 0, 0, 0, 0, 0, 0, 0, 0, 0, 0]",6,cMajor,Piano Sonata K279 iii C major.mid by Mozart.csv
399,400.0 to 400.875,18,"[0, 0, 1, 0, 0, 2, 0, 0, 0, 1, 0, 0]",8,fMinor,Piano Sonata K279 iii C major.mid by Mozart.csv
400,401.0 to 401.5,15,"[2, 0, 0, 0, 2, 2, 0, 0, 0, 0, 0, 1]",4,cMajor,Piano Sonata K279 iii C major.mid by Mozart.csv
401,402.0 to 402.75,18,"[0, 0, 0, 0, 0, 3, 0, 0, 0, 1, 0, 0]",8,fMajor,Piano Sonata K279 iii C major.mid by Mozart.csv
402,403.0 to 403.75,1,"[0, 0, 1, 0, 1, 0, 0, 3, 0, 0, 0, 1]",7,gMajor,Piano Sonata K279 iii C major.mid by Mozart.csv
403,404.0 to 404.75,0,"[3, 0, 1, 0, 1, 0, 0, 0, 0, 0, 0, 0]",4,cMajor,Piano Sonata K279 iii C major.mid by Mozart.csv
404,405.0 to 405.75,5,"[1, 0, 0, 0, 0, 0, 0, 1, 0, 1, 0, 1]",1,fMajor,Piano Sonata K279 iii C major.mid by Mozart.csv
405,406.0 to 406.0,7,"[1, 0, 0, 0, 0, 0, 1, 0, 0, 1, 0, 0]",1,dMajor,Piano Sonata K279 iii C major.mid by Mozart.csv
406,407.0 to 407.5,15,"[1, 0, 1, 0, 1, 1, 0, 0, 0, 0, 0, 1]",3,cMajor,Piano Sonata K279 iii C major.mid by Mozart.csv
407,408.0 to 408.0,6,"[0, 0, 1, 0, 0, 1, 0, 0, 0, 1, 0, 0]",8,fMinor,Piano Sonata K279 iii C major.mid by Mozart.csv
408,409.0 to 409.75,18,"[0, 1, 1, 0, 1, 2, 0, 0, 0, 1, 0, 0]",8,fMinor,Piano Sonata K279 iii C major.mid by Mozart.csv
409,410.0 to 410.75,1,"[1, 0, 1, 0, 1, 0, 0, 2, 0, 0, 0, 1]",7,cMajor,Piano Sonata K279 iii C major.mid by Mozart.csv
410,411.0 to 411.75,1,"[1, 0, 1, 0, 0, 0, 0, 2, 0, 1, 0, 1]",7,gMajor,Piano Sonata K279 iii C major.mid by Mozart.csv
411,412.0 to 412.75,0,"[3, 0, 1, 0, 1, 0, 0, 0, 0, 0, 0, 0]",4,cMajor,Piano Sonata K279 iii C major.mid by Mozart.csv
412,413.0 to 413.75,5,"[1, 0, 0, 0, 0, 0, 0, 1, 0, 1, 0, 1]",1,fMajor,Piano Sonata K279 iii C major.mid by Mozart.csv
413,414.0 to 414.0,7,"[1, 0, 0, 0, 0, 0, 1, 0, 0, 1, 0, 0]",1,dMajor,Piano Sonata K279 iii C major.mid by Mozart.csv
414,415.0 to 415.5,15,"[1, 0, 1, 0, 1, 1, 0, 0, 0, 0, 0, 1]",3,cMajor,Piano Sonata K279 iii C major.mid by Mozart.csv
415,416.0 to 416.0,6,"[0, 0, 1, 0, 0, 1, 0, 0, 0, 1, 0, 0]",8,fMinor,Piano Sonata K279 iii C major.mid by Mozart.csv
416,417.0 to 417.75,18,"[0, 1, 1, 0, 1, 2, 0, 0, 0, 1, 0, 0]",8,fMinor,Piano Sonata K279 iii C major.mid by Mozart.csv
417,418.0 to 418.75,1,"[1, 0, 1, 0, 1, 0, 0, 2, 0, 0, 0, 1]",7,cMajor,Piano Sonata K279 iii C major.mid by Mozart.csv
418,419.0 to 419.75,1,"[1, 0, 1, 0, 0, 0, 0, 2, 0, 1, 0, 1]",7,gMajor,Piano Sonata K279 iii C major.mid by Mozart.csv
419,420.0 to 420.75,0,"[2, 0, 0, 0, 1, 0, 0, 1, 0, 0, 0, 0]",4,cMajor,Piano Sonata K279 iii C major.mid by Mozart.csv
420,421.0 to 421.75,19,"[0, 0, 2, 0, 0, 1, 0, 2, 0, 0, 0, 1]",3,gMajor,Piano Sonata K279 iii C major.mid by Mozart.csv
421,422.0 to 422.75,13,"[3, 0, 0, 0, 2, 0, 0, 1, 0, 0, 0, 0]",4,cMajor,Piano Sonata K279 iii C major.mid by Mozart.csv
422,423.0 to 423.75,19,"[0, 0, 2, 0, 0, 1, 0, 2, 0, 0, 0, 1]",3,gMajor,Piano Sonata K279 iii C major.mid by Mozart.csv
423,424.0 to 424.0,0,"[2, 0, 0, 0, 1, 0, 0, 0, 0, 0, 0, 0]",4,cMajor,Piano Sonata K279 iii C major.mid by Mozart.csv
424,425.0 to 425.0,1,"[0, 0, 1, 0, 0, 1, 0, 2, 0, 0, 0, 1]",7,gMajor,Piano Sonata K279 iii C major.mid by Mozart.csv
425,426.0 to 426.0,0,"[4, 0, 0, 0, 1, 0, 0, 1, 0, 0, 0, 0]",4,cMajor,Piano Sonata K279 iii C major.mid by Mozart.csv
