index,offsetRange,CentroidLabelIndex_entireUnits,"[C,C#,D,E-,E,F,F#,G,G#,A,B-,B]",CentroidLabelIndex_individualUnit,triadLabel,filename
0,2.0 to 2.75,19,"[0, 0, 2, 0, 0, 0, 0, 1, 0, 0, 0, 1]",2,gMajor,Piano Sonata K311 ii G major.mid by Mozart.csv
1,3.0 to 3.875,19,"[1, 0, 2, 0, 0, 0, 0, 1, 0, 0, 0, 1]",2,gMajor,Piano Sonata K311 ii G major.mid by Mozart.csv
2,4.0 to 4.0,7,"[0, 0, 1, 0, 0, 0, 1, 0, 0, 1, 0, 0]",4,dMajor,Piano Sonata K311 ii G major.mid by Mozart.csv
3,5.0 to 5.75,5,"[0, 0, 1, 0, 0, 0, 0, 1, 0, 0, 0, 1]",6,gMajor,Piano Sonata K311 ii G major.mid by Mozart.csv
4,6.0 to 6.0,2,"[1, 0, 1, 0, 0, 0, 0, 0, 0, 1, 0, 0]",4,dMajor,Piano Sonata K311 ii G major.mid by Mozart.csv
5,7.0 to 7.0,12,"[0, 0, 2, 0, 0, 0, 1, 0, 0, 0, 0, 0]",7,dMajor,Piano Sonata K311 ii G major.mid by Mozart.csv
6,8.0 to 8.5,5,"[1, 0, 1, 0, 0, 0, 0, 1, 0, 0, 0, 1]",6,gMajor,Piano Sonata K311 ii G major.mid by Mozart.csv
7,9.0 to 9.5,1,"[0, 0, 1, 0, 0, 0, 0, 2, 0, 1, 0, 1]",8,gMajor,Piano Sonata K311 ii G major.mid by Mozart.csv
8,10.0 to 10.0,8,"[1, 0, 0, 0, 2, 0, 0, 1, 0, 0, 0, 0]",0,cMajor,Piano Sonata K311 ii G major.mid by Mozart.csv
9,11.0 to 11.0,19,"[0, 0, 2, 0, 0, 0, 0, 1, 0, 0, 0, 1]",2,gMajor,Piano Sonata K311 ii G major.mid by Mozart.csv
10,12.0 to 12.0,0,"[2, 0, 0, 0, 1, 0, 0, 1, 0, 0, 0, 0]",0,cMajor,Piano Sonata K311 ii G major.mid by Mozart.csv
11,13.5 to 13.5,5,"[0, 0, 1, 0, 0, 0, 0, 1, 0, 0, 0, 1]",6,gMajor,Piano Sonata K311 ii G major.mid by Mozart.csv
12,14.0 to 14.625,7,"[1, 0, 1, 0, 0, 0, 1, 0, 0, 1, 0, 0]",4,dMajor,Piano Sonata K311 ii G major.mid by Mozart.csv
13,15.0 to 15.5,1,"[0, 0, 1, 0, 0, 0, 0, 2, 0, 0, 0, 1]",8,gMajor,Piano Sonata K311 ii G major.mid by Mozart.csv
14,16.0 to 16.0,19,"[0, 0, 2, 0, 0, 0, 0, 1, 0, 0, 0, 1]",2,gMajor,Piano Sonata K311 ii G major.mid by Mozart.csv
15,17.0 to 17.625,12,"[0, 0, 2, 0, 0, 0, 1, 0, 0, 1, 0, 0]",7,dMajor,Piano Sonata K311 ii G major.mid by Mozart.csv
16,18.0 to 18.75,19,"[0, 0, 2, 0, 0, 0, 0, 1, 0, 0, 0, 1]",2,gMajor,Piano Sonata K311 ii G major.mid by Mozart.csv
17,19.0 to 19.875,19,"[1, 0, 2, 0, 0, 0, 0, 1, 0, 0, 0, 1]",2,gMajor,Piano Sonata K311 ii G major.mid by Mozart.csv
18,20.0 to 20.0,7,"[0, 0, 1, 0, 0, 0, 1, 0, 0, 1, 0, 0]",4,dMajor,Piano Sonata K311 ii G major.mid by Mozart.csv
19,21.0 to 21.66666667,5,"[0, 0, 1, 0, 0, 0, 0, 1, 0, 0, 0, 1]",6,gMajor,Piano Sonata K311 ii G major.mid by Mozart.csv
20,22.0 to 22.0,2,"[1, 0, 1, 0, 0, 0, 0, 0, 0, 1, 0, 0]",4,dMajor,Piano Sonata K311 ii G major.mid by Mozart.csv
21,23.0 to 23.5,12,"[0, 0, 2, 0, 1, 0, 1, 0, 0, 0, 0, 0]",7,dMajor,Piano Sonata K311 ii G major.mid by Mozart.csv
22,24.0 to 24.625,5,"[1, 0, 1, 0, 0, 0, 0, 1, 0, 0, 0, 1]",6,gMajor,Piano Sonata K311 ii G major.mid by Mozart.csv
23,25.0 to 25.5,10,"[0, 0, 1, 0, 0, 0, 0, 2, 0, 1, 0, 0]",8,gMajor,Piano Sonata K311 ii G major.mid by Mozart.csv
24,26.0 to 26.0,8,"[1, 0, 0, 0, 2, 0, 0, 1, 0, 0, 0, 0]",0,cMajor,Piano Sonata K311 ii G major.mid by Mozart.csv
25,27.0 to 27.0,19,"[0, 0, 2, 0, 0, 0, 0, 1, 0, 0, 0, 1]",2,gMajor,Piano Sonata K311 ii G major.mid by Mozart.csv
26,28.0 to 28.625,0,"[2, 0, 0, 0, 1, 0, 1, 1, 0, 0, 0, 0]",0,cMajor,Piano Sonata K311 ii G major.mid by Mozart.csv
27,29.0 to 29.625,13,"[3, 0, 0, 0, 1, 0, 1, 2, 0, 0, 0, 0]",0,cMajor,Piano Sonata K311 ii G major.mid by Mozart.csv
28,30.0 to 30.875,5,"[0, 0, 1, 0, 0, 0, 0, 1, 0, 0, 0, 1]",6,gMajor,Piano Sonata K311 ii G major.mid by Mozart.csv
29,31.0 to 31.875,5,"[0, 0, 1, 0, 0, 0, 1, 1, 0, 1, 0, 1]",3,dMajor,Piano Sonata K311 ii G major.mid by Mozart.csv
30,32.0 to 32.5,1,"[0, 0, 0, 0, 0, 0, 0, 2, 0, 0, 0, 1]",8,gMajor,Piano Sonata K311 ii G major.mid by Mozart.csv
31,33.0 to 33.625,1,"[0, 0, 1, 0, 0, 0, 0, 2, 0, 0, 0, 1]",8,gMajor,Piano Sonata K311 ii G major.mid by Mozart.csv
32,34.0 to 34.5,2,"[1, 0, 0, 0, 1, 0, 0, 0, 0, 1, 0, 0]",5,cMinor,Piano Sonata K311 ii G major.mid by Mozart.csv
33,35.0 to 35.625,2,"[1, 0, 0, 0, 1, 0, 0, 0, 0, 2, 0, 0]",5,cMinor,Piano Sonata K311 ii G major.mid by Mozart.csv
34,36.0 to 36.5,16,"[1, 0, 1, 0, 0, 0, 1, 1, 0, 0, 0, 0]",4,cMajor,Piano Sonata K311 ii G major.mid by Mozart.csv
35,37.0 to 37.75,7,"[1, 0, 2, 0, 1, 0, 1, 0, 0, 1, 0, 0]",9,dMajor,Piano Sonata K311 ii G major.mid by Mozart.csv
36,38.0 to 38.5,5,"[0, 0, 0, 0, 0, 0, 0, 1, 0, 0, 0, 2]",6,gMajor,Piano Sonata K311 ii G major.mid by Mozart.csv
37,39.0 to 39.625,5,"[0, 0, 1, 0, 0, 0, 0, 1, 0, 0, 0, 2]",6,gMajor,Piano Sonata K311 ii G major.mid by Mozart.csv
38,40.0 to 40.875,1,"[0, 0, 0, 0, 1, 0, 0, 2, 0, 1, 0, 1]",8,gMinor,Piano Sonata K311 ii G major.mid by Mozart.csv
39,41.0 to 41.875,16,"[0, 0, 0, 0, 1, 0, 1, 2, 0, 1, 0, 1]",8,gMinor,Piano Sonata K311 ii G major.mid by Mozart.csv
40,42.0 to 42.875,2,"[1, 0, 0, 0, 1, 0, 0, 0, 0, 1, 0, 0]",5,cMinor,Piano Sonata K311 ii G major.mid by Mozart.csv
41,43.0 to 43.625,2,"[1, 0, 0, 0, 1, 0, 0, 0, 0, 2, 0, 0]",5,cMinor,Piano Sonata K311 ii G major.mid by Mozart.csv
42,44.0 to 44.5,16,"[1, 0, 1, 0, 0, 0, 1, 1, 0, 0, 0, 0]",4,cMajor,Piano Sonata K311 ii G major.mid by Mozart.csv
43,45.0 to 45.625,12,"[1, 0, 2, 0, 1, 0, 0, 0, 0, 1, 0, 0]",9,dMajor,Piano Sonata K311 ii G major.mid by Mozart.csv
44,46.0 to 46.75,19,"[0, 0, 2, 0, 0, 0, 0, 1, 0, 0, 0, 1]",2,gMajor,Piano Sonata K311 ii G major.mid by Mozart.csv
45,47.0 to 47.875,19,"[1, 0, 2, 0, 0, 0, 0, 1, 0, 0, 0, 1]",2,gMajor,Piano Sonata K311 ii G major.mid by Mozart.csv
46,48.0 to 48.0,7,"[0, 0, 1, 0, 0, 0, 1, 0, 0, 1, 0, 0]",4,dMajor,Piano Sonata K311 ii G major.mid by Mozart.csv
47,49.0 to 49.75,5,"[0, 0, 1, 0, 0, 0, 0, 1, 0, 0, 0, 1]",6,gMajor,Piano Sonata K311 ii G major.mid by Mozart.csv
48,50.0 to 50.0,2,"[1, 0, 1, 0, 0, 0, 0, 0, 0, 1, 0, 0]",4,dMajor,Piano Sonata K311 ii G major.mid by Mozart.csv
49,51.0 to 51.0,12,"[0, 0, 2, 0, 0, 0, 1, 0, 0, 0, 0, 0]",7,dMajor,Piano Sonata K311 ii G major.mid by Mozart.csv
50,52.0 to 52.5,5,"[1, 0, 1, 0, 0, 0, 0, 1, 0, 0, 0, 1]",6,gMajor,Piano Sonata K311 ii G major.mid by Mozart.csv
51,53.0 to 53.5,1,"[0, 0, 1, 0, 0, 0, 0, 2, 0, 1, 0, 1]",8,gMajor,Piano Sonata K311 ii G major.mid by Mozart.csv
52,54.0 to 54.0,8,"[1, 0, 0, 0, 2, 0, 0, 1, 0, 0, 0, 0]",0,cMajor,Piano Sonata K311 ii G major.mid by Mozart.csv
53,55.0 to 55.0,19,"[0, 0, 2, 0, 0, 0, 0, 1, 0, 0, 0, 1]",2,gMajor,Piano Sonata K311 ii G major.mid by Mozart.csv
54,56.0 to 56.0,0,"[2, 0, 0, 0, 1, 0, 0, 1, 0, 0, 0, 0]",0,cMajor,Piano Sonata K311 ii G major.mid by Mozart.csv
55,57.5 to 57.5,5,"[0, 0, 1, 0, 0, 0, 0, 1, 0, 0, 0, 1]",6,gMajor,Piano Sonata K311 ii G major.mid by Mozart.csv
56,58.0 to 58.625,7,"[1, 0, 1, 0, 0, 0, 1, 0, 0, 1, 0, 0]",4,dMajor,Piano Sonata K311 ii G major.mid by Mozart.csv
57,59.0 to 59.5,1,"[0, 0, 1, 0, 0, 0, 0, 2, 0, 0, 0, 1]",8,gMajor,Piano Sonata K311 ii G major.mid by Mozart.csv
58,60.0 to 60.0,19,"[0, 0, 2, 0, 0, 0, 0, 1, 0, 0, 0, 1]",2,gMajor,Piano Sonata K311 ii G major.mid by Mozart.csv
59,61.0 to 61.625,12,"[0, 0, 2, 0, 0, 0, 1, 0, 0, 1, 0, 0]",7,dMajor,Piano Sonata K311 ii G major.mid by Mozart.csv
60,62.0 to 62.75,19,"[0, 0, 2, 0, 0, 0, 0, 1, 0, 0, 0, 1]",2,gMajor,Piano Sonata K311 ii G major.mid by Mozart.csv
61,63.0 to 63.875,19,"[1, 0, 2, 0, 0, 0, 0, 1, 0, 0, 0, 1]",2,gMajor,Piano Sonata K311 ii G major.mid by Mozart.csv
62,64.0 to 64.0,7,"[0, 0, 1, 0, 0, 0, 1, 0, 0, 1, 0, 0]",4,dMajor,Piano Sonata K311 ii G major.mid by Mozart.csv
63,65.0 to 65.66666667,5,"[0, 0, 1, 0, 0, 0, 0, 1, 0, 0, 0, 1]",6,gMajor,Piano Sonata K311 ii G major.mid by Mozart.csv
64,66.0 to 66.0,2,"[1, 0, 1, 0, 0, 0, 0, 0, 0, 1, 0, 0]",4,dMajor,Piano Sonata K311 ii G major.mid by Mozart.csv
65,67.0 to 67.5,12,"[0, 0, 2, 0, 1, 0, 1, 0, 0, 0, 0, 0]",7,dMajor,Piano Sonata K311 ii G major.mid by Mozart.csv
66,68.0 to 68.625,5,"[1, 0, 1, 0, 0, 0, 0, 1, 0, 0, 0, 1]",6,gMajor,Piano Sonata K311 ii G major.mid by Mozart.csv
67,69.0 to 69.5,10,"[0, 0, 1, 0, 0, 0, 0, 2, 0, 1, 0, 0]",8,gMajor,Piano Sonata K311 ii G major.mid by Mozart.csv
68,70.0 to 70.0,8,"[1, 0, 0, 0, 2, 0, 0, 1, 0, 0, 0, 0]",0,cMajor,Piano Sonata K311 ii G major.mid by Mozart.csv
69,71.0 to 71.0,19,"[0, 0, 2, 0, 0, 0, 0, 1, 0, 0, 0, 1]",2,gMajor,Piano Sonata K311 ii G major.mid by Mozart.csv
70,72.0 to 72.625,0,"[2, 0, 0, 0, 1, 0, 1, 1, 0, 0, 0, 0]",0,cMajor,Piano Sonata K311 ii G major.mid by Mozart.csv
71,73.0 to 73.625,13,"[3, 0, 0, 0, 1, 0, 1, 2, 0, 0, 0, 0]",0,cMajor,Piano Sonata K311 ii G major.mid by Mozart.csv
72,74.0 to 74.875,5,"[0, 0, 1, 0, 0, 0, 0, 1, 0, 0, 0, 1]",6,gMajor,Piano Sonata K311 ii G major.mid by Mozart.csv
73,75.0 to 75.875,5,"[0, 0, 1, 0, 0, 0, 1, 1, 0, 1, 0, 1]",3,dMajor,Piano Sonata K311 ii G major.mid by Mozart.csv
74,76.0 to 76.5,1,"[0, 0, 0, 0, 0, 0, 0, 2, 0, 0, 0, 1]",8,gMajor,Piano Sonata K311 ii G major.mid by Mozart.csv
75,77.0 to 77.625,1,"[0, 0, 1, 0, 0, 0, 0, 2, 0, 0, 0, 1]",8,gMajor,Piano Sonata K311 ii G major.mid by Mozart.csv
76,78.0 to 78.5,2,"[1, 0, 0, 0, 1, 0, 0, 0, 0, 1, 0, 0]",5,cMinor,Piano Sonata K311 ii G major.mid by Mozart.csv
77,79.0 to 79.625,2,"[1, 0, 0, 0, 1, 0, 0, 0, 0, 2, 0, 0]",5,cMinor,Piano Sonata K311 ii G major.mid by Mozart.csv
78,80.0 to 80.5,16,"[1, 0, 1, 0, 0, 0, 1, 1, 0, 0, 0, 0]",4,cMajor,Piano Sonata K311 ii G major.mid by Mozart.csv
79,81.0 to 81.75,7,"[1, 0, 2, 0, 1, 0, 1, 0, 0, 1, 0, 0]",9,dMajor,Piano Sonata K311 ii G major.mid by Mozart.csv
80,82.0 to 82.5,5,"[0, 0, 0, 0, 0, 0, 0, 1, 0, 0, 0, 2]",6,gMajor,Piano Sonata K311 ii G major.mid by Mozart.csv
81,83.0 to 83.625,5,"[0, 0, 1, 0, 0, 0, 0, 1, 0, 0, 0, 2]",6,gMajor,Piano Sonata K311 ii G major.mid by Mozart.csv
82,84.0 to 84.875,1,"[0, 0, 0, 0, 1, 0, 0, 2, 0, 1, 0, 1]",8,gMinor,Piano Sonata K311 ii G major.mid by Mozart.csv
83,85.0 to 85.875,16,"[0, 0, 0, 0, 1, 0, 1, 2, 0, 1, 0, 1]",8,gMinor,Piano Sonata K311 ii G major.mid by Mozart.csv
84,86.0 to 86.875,2,"[1, 0, 0, 0, 1, 0, 0, 0, 0, 1, 0, 0]",5,cMinor,Piano Sonata K311 ii G major.mid by Mozart.csv
85,87.0 to 87.625,2,"[1, 0, 0, 0, 1, 0, 0, 0, 0, 2, 0, 0]",5,cMinor,Piano Sonata K311 ii G major.mid by Mozart.csv
86,88.0 to 88.5,16,"[1, 0, 1, 0, 0, 0, 1, 1, 0, 0, 0, 0]",4,cMajor,Piano Sonata K311 ii G major.mid by Mozart.csv
87,89.0 to 89.625,12,"[1, 0, 2, 0, 1, 0, 0, 0, 0, 1, 0, 0]",9,dMajor,Piano Sonata K311 ii G major.mid by Mozart.csv
88,90.0 to 90.0,1,"[0, 0, 0, 0, 0, 0, 0, 2, 0, 0, 0, 1]",8,gMajor,Piano Sonata K311 ii G major.mid by Mozart.csv
89,91.66666667 to 91.66666667,5,"[0, 0, 0, 0, 0, 0, 0, 1, 0, 0, 0, 1]",6,gMajor,Piano Sonata K311 ii G major.mid by Mozart.csv
90,92.0 to 92.25,4,"[0, 0, 0, 1, 0, 0, 1, 0, 0, 1, 0, 1]",3,bMajor,Piano Sonata K311 ii G major.mid by Mozart.csv
91,93.0 to 93.0,4,"[0, 0, 0, 1, 0, 0, 1, 0, 0, 1, 0, 1]",3,bMajor,Piano Sonata K311 ii G major.mid by Mozart.csv
92,94.0 to 94.5,8,"[0, 0, 0, 0, 2, 0, 1, 1, 0, 0, 0, 0]",1,gMinor,Piano Sonata K311 ii G major.mid by Mozart.csv
93,95.0 to 95.5,16,"[0, 0, 0, 0, 1, 0, 1, 1, 0, 0, 0, 0]",1,cMajor,Piano Sonata K311 ii G major.mid by Mozart.csv
94,96.0 to 96.5,17,"[0, 1, 1, 0, 1, 0, 0, 1, 0, 1, 0, 0]",1,aMajor,Piano Sonata K311 ii G major.mid by Mozart.csv
95,97.0 to 97.5,17,"[0, 0, 0, 0, 1, 0, 0, 1, 0, 2, 0, 1]",5,gMinor,Piano Sonata K311 ii G major.mid by Mozart.csv
96,98.0 to 98.0,7,"[0, 0, 1, 0, 0, 0, 1, 0, 0, 1, 0, 0]",4,dMajor,Piano Sonata K311 ii G major.mid by Mozart.csv
97,100.0 to 100.0,4,"[0, 0, 2, 0, 0, 0, 0, 0, 1, 0, 0, 2]",2,gMajor,Piano Sonata K311 ii G major.mid by Mozart.csv
98,101.0 to 101.0,4,"[0, 0, 2, 0, 0, 0, 0, 0, 1, 0, 0, 2]",2,gMajor,Piano Sonata K311 ii G major.mid by Mozart.csv
99,102.0 to 102.0,4,"[0, 0, 2, 0, 0, 0, 0, 0, 1, 0, 0, 2]",2,gMajor,Piano Sonata K311 ii G major.mid by Mozart.csv
100,104.0 to 104.0,17,"[0, 1, 0, 0, 1, 0, 0, 0, 0, 2, 0, 0]",5,aMajor,Piano Sonata K311 ii G major.mid by Mozart.csv
101,105.0 to 105.0,17,"[0, 1, 0, 0, 1, 0, 0, 0, 0, 2, 0, 0]",5,aMajor,Piano Sonata K311 ii G major.mid by Mozart.csv
102,106.0 to 106.0,17,"[0, 1, 0, 0, 1, 0, 0, 0, 0, 2, 0, 0]",5,aMajor,Piano Sonata K311 ii G major.mid by Mozart.csv
103,109.0 to 109.875,16,"[0, 0, 0, 0, 0, 0, 1, 1, 0, 0, 0, 0]",1,cMajor,Piano Sonata K311 ii G major.mid by Mozart.csv
104,110.0 to 110.75,7,"[0, 0, 1, 0, 0, 0, 1, 0, 0, 1, 0, 0]",4,dMajor,Piano Sonata K311 ii G major.mid by Mozart.csv
105,111.0 to 111.6666667,17,"[0, 0, 0, 0, 0, 0, 1, 0, 0, 2, 0, 0]",4,dMajor,Piano Sonata K311 ii G major.mid by Mozart.csv
106,112.0 to 112.75,7,"[0, 0, 1, 0, 0, 0, 1, 0, 0, 1, 0, 0]",4,dMajor,Piano Sonata K311 ii G major.mid by Mozart.csv
107,113.0 to 113.75,7,"[0, 0, 0, 0, 0, 0, 1, 0, 1, 2, 0, 1]",3,dMajor,Piano Sonata K311 ii G major.mid by Mozart.csv
108,114.0 to 114.75,5,"[0, 0, 1, 0, 1, 0, 0, 1, 0, 1, 0, 1]",1,gMajor,Piano Sonata K311 ii G major.mid by Mozart.csv
109,115.0 to 115.5,9,"[0, 0, 0, 0, 1, 0, 0, 1, 0, 0, 0, 1]",1,gMinor,Piano Sonata K311 ii G major.mid by Mozart.csv
110,116.0 to 116.5,9,"[0, 0, 1, 0, 1, 0, 0, 1, 0, 0, 0, 0]",1,cMajor,Piano Sonata K311 ii G major.mid by Mozart.csv
111,117.0 to 117.8333333,8,"[0, 0, 0, 0, 2, 0, 1, 0, 0, 0, 0, 1]",1,eMajor,Piano Sonata K311 ii G major.mid by Mozart.csv
112,118.0 to 118.625,8,"[0, 1, 0, 0, 2, 0, 0, 0, 0, 1, 0, 0]",5,aMajor,Piano Sonata K311 ii G major.mid by Mozart.csv
113,119.0 to 119.6666667,17,"[0, 1, 0, 0, 1, 0, 0, 0, 0, 2, 0, 0]",5,aMajor,Piano Sonata K311 ii G major.mid by Mozart.csv
114,120.0 to 120.875,4,"[0, 0, 1, 0, 0, 0, 0, 0, 0, 1, 0, 2]",6,gMajor,Piano Sonata K311 ii G major.mid by Mozart.csv
115,121.0 to 121.75,1,"[0, 0, 1, 0, 0, 0, 1, 2, 0, 1, 0, 1]",8,gMajor,Piano Sonata K311 ii G major.mid by Mozart.csv
116,122.0 to 122.75,14,"[0, 1, 0, 0, 0, 0, 1, 1, 0, 0, 1, 0]",1,f#Major,Piano Sonata K311 ii G major.mid by Mozart.csv
117,123.0 to 123.5,14,"[0, 1, 0, 0, 1, 0, 1, 0, 0, 0, 1, 0]",1,f#Major,Piano Sonata K311 ii G major.mid by Mozart.csv
118,124.0 to 124.875,5,"[0, 0, 1, 0, 0, 0, 1, 1, 0, 1, 1, 1]",3,dMajor,Piano Sonata K311 ii G major.mid by Mozart.csv
119,125.0 to 125.75,7,"[0, 0, 1, 0, 0, 0, 1, 1, 0, 2, 0, 0]",3,dMajor,Piano Sonata K311 ii G major.mid by Mozart.csv
120,126.0 to 126.625,4,"[0, 0, 0, 0, 1, 0, 1, 0, 1, 0, 0, 1]",1,eMajor,Piano Sonata K311 ii G major.mid by Mozart.csv
121,127.0 to 127.6666667,4,"[0, 0, 1, 0, 1, 0, 0, 0, 1, 0, 0, 1]",1,eMajor,Piano Sonata K311 ii G major.mid by Mozart.csv
122,128.0 to 128.875,4,"[0, 0, 0, 0, 1, 0, 0, 0, 1, 0, 0, 1]",1,eMajor,Piano Sonata K311 ii G major.mid by Mozart.csv
123,129.0 to 129.5,4,"[0, 0, 1, 0, 1, 0, 0, 0, 0, 0, 0, 1]",6,eMajor,Piano Sonata K311 ii G major.mid by Mozart.csv
124,130.0 to 130.5,17,"[0, 1, 0, 0, 0, 0, 0, 1, 1, 1, 0, 1]",1,eMajor,Piano Sonata K311 ii G major.mid by Mozart.csv
125,131.0 to 131.625,17,"[0, 1, 0, 0, 1, 0, 0, 1, 0, 1, 0, 0]",1,aMajor,Piano Sonata K311 ii G major.mid by Mozart.csv
126,132.0 to 132.8333333,7,"[0, 0, 1, 0, 0, 0, 1, 0, 0, 1, 0, 1]",3,dMajor,Piano Sonata K311 ii G major.mid by Mozart.csv
127,133.0 to 133.75,7,"[0, 0, 1, 0, 0, 0, 2, 1, 0, 1, 0, 1]",3,dMajor,Piano Sonata K311 ii G major.mid by Mozart.csv
128,134.0 to 134.5,16,"[0, 0, 0, 0, 1, 0, 1, 1, 0, 0, 0, 1]",1,gMinor,Piano Sonata K311 ii G major.mid by Mozart.csv
129,135.0 to 135.625,9,"[0, 0, 0, 1, 1, 0, 0, 1, 0, 0, 0, 1]",1,gMinor,Piano Sonata K311 ii G major.mid by Mozart.csv
130,136.0 to 136.5,1,"[0, 0, 0, 0, 0, 0, 1, 2, 0, 0, 0, 1]",8,gMajor,Piano Sonata K311 ii G major.mid by Mozart.csv
131,137.0 to 137.5,8,"[0, 0, 0, 0, 2, 0, 0, 0, 1, 0, 0, 1]",1,eMajor,Piano Sonata K311 ii G major.mid by Mozart.csv
132,138.0 to 138.5,17,"[0, 1, 1, 0, 1, 0, 0, 0, 0, 1, 0, 0]",5,aMajor,Piano Sonata K311 ii G major.mid by Mozart.csv
133,139.0 to 139.5,17,"[0, 0, 0, 0, 1, 0, 0, 0, 0, 2, 0, 1]",5,aMajor,Piano Sonata K311 ii G major.mid by Mozart.csv
134,140.0 to 140.5,17,"[0, 1, 0, 0, 1, 0, 0, 0, 0, 1, 0, 1]",5,aMajor,Piano Sonata K311 ii G major.mid by Mozart.csv
135,141.0 to 141.5,12,"[0, 0, 1, 0, 1, 0, 0, 0, 0, 0, 0, 0]",1,cMajor,Piano Sonata K311 ii G major.mid by Mozart.csv
136,142.0 to 142.83333330000005,7,"[0, 0, 1, 0, 0, 0, 1, 0, 0, 2, 0, 0]",4,dMajor,Piano Sonata K311 ii G major.mid by Mozart.csv
137,143.0 to 143.75,16,"[0, 0, 1, 0, 0, 0, 1, 1, 0, 1, 0, 0]",4,dMajor,Piano Sonata K311 ii G major.mid by Mozart.csv
138,144.0 to 144.66666669999995,17,"[0, 1, 0, 0, 1, 0, 1, 0, 0, 1, 0, 0]",5,aMinor,Piano Sonata K311 ii G major.mid by Mozart.csv
139,145.0 to 145.75,7,"[0, 0, 1, 0, 0, 0, 1, 0, 0, 1, 0, 0]",4,dMajor,Piano Sonata K311 ii G major.mid by Mozart.csv
140,146.0 to 146.625,17,"[0, 0, 0, 0, 1, 0, 0, 1, 0, 1, 0, 0]",1,cMajor,Piano Sonata K311 ii G major.mid by Mozart.csv
141,147.0 to 147.625,17,"[0, 1, 0, 0, 0, 0, 0, 0, 0, 2, 0, 0]",5,aMajor,Piano Sonata K311 ii G major.mid by Mozart.csv
142,148.0 to 148.75,17,"[0, 0, 1, 0, 0, 0, 0, 1, 0, 2, 0, 0]",4,dMajor,Piano Sonata K311 ii G major.mid by Mozart.csv
143,149.0 to 149.625,7,"[0, 0, 1, 0, 0, 0, 1, 0, 0, 1, 0, 0]",4,dMajor,Piano Sonata K311 ii G major.mid by Mozart.csv
144,150.0 to 150.875,7,"[0, 0, 1, 0, 0, 0, 1, 0, 0, 1, 0, 1]",3,dMajor,Piano Sonata K311 ii G major.mid by Mozart.csv
145,151.0 to 151.875,16,"[0, 0, 1, 0, 1, 0, 1, 1, 0, 1, 0, 1]",3,dMajor,Piano Sonata K311 ii G major.mid by Mozart.csv
146,152.0 to 152.875,17,"[0, 1, 0, 0, 1, 0, 0, 0, 0, 1, 0, 1]",5,aMajor,Piano Sonata K311 ii G major.mid by Mozart.csv
147,153.0 to 153.875,7,"[0, 0, 1, 0, 0, 0, 1, 0, 0, 1, 0, 1]",3,dMajor,Piano Sonata K311 ii G major.mid by Mozart.csv
148,154.0 to 154.875,17,"[0, 0, 0, 0, 1, 0, 0, 1, 0, 1, 0, 1]",1,gMinor,Piano Sonata K311 ii G major.mid by Mozart.csv
149,155.0 to 155.875,7,"[0, 0, 0, 0, 0, 0, 1, 0, 0, 2, 0, 1]",3,dMajor,Piano Sonata K311 ii G major.mid by Mozart.csv
150,156.0 to 156.875,17,"[0, 0, 0, 0, 1, 0, 0, 1, 0, 1, 0, 1]",1,gMinor,Piano Sonata K311 ii G major.mid by Mozart.csv
151,157.0 to 157.875,4,"[0, 0, 1, 0, 0, 0, 1, 0, 1, 1, 0, 1]",3,dMajor,Piano Sonata K311 ii G major.mid by Mozart.csv
152,158.0 to 158.0,12,"[0, 0, 2, 0, 0, 0, 1, 0, 0, 1, 0, 0]",7,dMajor,Piano Sonata K311 ii G major.mid by Mozart.csv
153,159.0 to 159.0,14,"[0, 2, 0, 0, 1, 0, 0, 1, 0, 0, 1, 0]",1,f#Major,Piano Sonata K311 ii G major.mid by Mozart.csv
154,160.0 to 160.0,4,"[0, 0, 1, 0, 0, 0, 1, 0, 0, 0, 0, 2]",6,dMinor,Piano Sonata K311 ii G major.mid by Mozart.csv
155,161.5 to 161.5,16,"[0, 0, 0, 0, 0, 0, 1, 0, 0, 0, 0, 0]",4,dMajor,Piano Sonata K311 ii G major.mid by Mozart.csv
156,162.0 to 162.0,4,"[0, 0, 1, 0, 0, 0, 1, 0, 0, 0, 0, 2]",6,dMinor,Piano Sonata K311 ii G major.mid by Mozart.csv
157,163.0 to 163.0,7,"[1, 0, 1, 0, 0, 0, 1, 0, 0, 2, 0, 0]",4,dMajor,Piano Sonata K311 ii G major.mid by Mozart.csv
158,164.0 to 164.0,1,"[0, 0, 1, 0, 0, 0, 0, 2, 0, 0, 0, 1]",8,gMajor,Piano Sonata K311 ii G major.mid by Mozart.csv
159,165.5 to 165.5,12,"[0, 0, 1, 0, 0, 0, 0, 0, 0, 0, 0, 0]",4,dMajor,Piano Sonata K311 ii G major.mid by Mozart.csv
160,166.0 to 166.0,1,"[0, 0, 1, 0, 0, 0, 0, 2, 0, 0, 0, 1]",8,gMajor,Piano Sonata K311 ii G major.mid by Mozart.csv
161,167.0 to 167.0,7,"[1, 0, 0, 1, 0, 0, 2, 0, 0, 1, 0, 0]",4,dMajor,Piano Sonata K311 ii G major.mid by Mozart.csv
162,168.0 to 168.5,8,"[0, 0, 0, 0, 2, 0, 0, 1, 0, 0, 0, 2]",1,gMinor,Piano Sonata K311 ii G major.mid by Mozart.csv
163,169.0 to 169.75,16,"[0, 0, 0, 0, 1, 0, 1, 1, 0, 1, 0, 0]",1,cMajor,Piano Sonata K311 ii G major.mid by Mozart.csv
164,170.0 to 170.0,7,"[0, 0, 1, 0, 0, 0, 1, 0, 0, 1, 0, 0]",4,dMajor,Piano Sonata K311 ii G major.mid by Mozart.csv
165,171.0 to 171.375,17,"[0, 1, 0, 0, 1, 0, 1, 0, 0, 1, 0, 0]",5,aMinor,Piano Sonata K311 ii G major.mid by Mozart.csv
166,172.0 to 172.0,6,"[0, 1, 1, 0, 0, 1, 0, 0, 0, 0, 0, 0]",4,c#Major,Piano Sonata K311 ii G major.mid by Mozart.csv
167,173.0 to 173.375,12,"[0, 1, 2, 0, 0, 1, 1, 0, 0, 0, 0, 0]",7,dMajor,Piano Sonata K311 ii G major.mid by Mozart.csv
168,174.0 to 174.0,7,"[0, 0, 1, 0, 0, 0, 1, 0, 0, 1, 0, 0]",4,dMajor,Piano Sonata K311 ii G major.mid by Mozart.csv
169,175.0 to 175.875,14,"[0, 1, 1, 0, 1, 0, 0, 1, 0, 0, 1, 1]",1,gMajor,Piano Sonata K311 ii G major.mid by Mozart.csv
170,176.0 to 176.5,4,"[0, 0, 1, 0, 0, 0, 1, 0, 0, 0, 0, 2]",6,dMinor,Piano Sonata K311 ii G major.mid by Mozart.csv
171,177.5 to 177.5,16,"[0, 0, 0, 0, 0, 0, 1, 0, 0, 0, 0, 0]",4,dMajor,Piano Sonata K311 ii G major.mid by Mozart.csv
172,178.0 to 178.0,4,"[0, 0, 1, 0, 0, 0, 1, 0, 0, 0, 0, 1]",3,dMinor,Piano Sonata K311 ii G major.mid by Mozart.csv
173,179.0 to 179.875,7,"[1, 0, 1, 0, 0, 0, 1, 1, 0, 1, 0, 1]",3,dMajor,Piano Sonata K311 ii G major.mid by Mozart.csv
174,180.0 to 180.0,1,"[0, 0, 1, 0, 0, 0, 0, 2, 0, 0, 0, 1]",8,gMajor,Piano Sonata K311 ii G major.mid by Mozart.csv
175,181.5 to 181.5,12,"[0, 0, 1, 0, 0, 0, 0, 0, 0, 0, 0, 0]",4,dMajor,Piano Sonata K311 ii G major.mid by Mozart.csv
176,182.0 to 182.0,5,"[0, 0, 1, 0, 0, 0, 0, 1, 0, 0, 0, 1]",6,gMajor,Piano Sonata K311 ii G major.mid by Mozart.csv
177,183.0 to 183.0,7,"[1, 0, 0, 1, 0, 0, 1, 0, 0, 1, 0, 0]",4,dMajor,Piano Sonata K311 ii G major.mid by Mozart.csv
178,184.0 to 184.875,8,"[0, 0, 0, 0, 2, 0, 0, 1, 0, 0, 0, 2]",1,gMinor,Piano Sonata K311 ii G major.mid by Mozart.csv
179,185.0 to 185.75,16,"[0, 0, 0, 0, 1, 0, 1, 1, 0, 1, 0, 1]",1,gMinor,Piano Sonata K311 ii G major.mid by Mozart.csv
180,186.0 to 186.6666667,7,"[0, 0, 2, 0, 0, 0, 2, 0, 0, 1, 0, 0]",7,dMajor,Piano Sonata K311 ii G major.mid by Mozart.csv
181,187.0 to 187.0,17,"[0, 0, 0, 0, 0, 0, 0, 0, 0, 1, 0, 0]",4,dMajor,Piano Sonata K311 ii G major.mid by Mozart.csv
182,188.0 to 188.625,7,"[0, 0, 1, 0, 0, 0, 1, 0, 1, 2, 0, 0]",4,dMajor,Piano Sonata K311 ii G major.mid by Mozart.csv
183,189.0 to 189.5,16,"[0, 0, 0, 0, 0, 0, 1, 1, 0, 0, 0, 0]",1,cMajor,Piano Sonata K311 ii G major.mid by Mozart.csv
184,190.0 to 190.875,8,"[0, 0, 1, 0, 2, 0, 1, 1, 0, 1, 0, 1]",1,gMinor,Piano Sonata K311 ii G major.mid by Mozart.csv
185,191.0 to 191.875,16,"[0, 0, 0, 0, 1, 0, 1, 0, 0, 0, 0, 0]",1,cMajor,Piano Sonata K311 ii G major.mid by Mozart.csv
186,192.0 to 192.875,16,"[0, 1, 0, 0, 1, 0, 1, 1, 0, 1, 0, 0]",1,aMajor,Piano Sonata K311 ii G major.mid by Mozart.csv
187,193.0 to 193.875,16,"[0, 1, 1, 0, 1, 0, 1, 1, 0, 1, 0, 0]",1,dMajor,Piano Sonata K311 ii G major.mid by Mozart.csv
188,194.0 to 194.5,12,"[0, 1, 2, 0, 0, 0, 1, 0, 0, 0, 0, 0]",7,dMajor,Piano Sonata K311 ii G major.mid by Mozart.csv
189,195.0 to 195.875,12,"[0, 0, 2, 0, 1, 0, 1, 0, 0, 0, 0, 0]",7,dMajor,Piano Sonata K311 ii G major.mid by Mozart.csv
190,196.0 to 196.5,12,"[1, 0, 1, 0, 0, 0, 0, 0, 0, 0, 0, 0]",4,cMajor,Piano Sonata K311 ii G major.mid by Mozart.csv
191,197.0 to 197.625,4,"[0, 0, 0, 0, 0, 0, 0, 0, 0, 0, 1, 1]",6,e-Major,Piano Sonata K311 ii G major.mid by Mozart.csv
192,198.0 to 198.875,19,"[0, 0, 2, 0, 0, 0, 0, 1, 0, 0, 0, 1]",2,gMajor,Piano Sonata K311 ii G major.mid by Mozart.csv
193,199.0 to 199.75,5,"[1, 0, 1, 0, 0, 0, 0, 1, 0, 1, 0, 1]",6,gMajor,Piano Sonata K311 ii G major.mid by Mozart.csv
194,200.0 to 200.0833333,7,"[0, 0, 1, 0, 0, 0, 1, 0, 0, 1, 0, 1]",3,dMajor,Piano Sonata K311 ii G major.mid by Mozart.csv
195,201.0 to 201.75,5,"[0, 0, 1, 0, 0, 0, 0, 1, 0, 0, 0, 1]",6,gMajor,Piano Sonata K311 ii G major.mid by Mozart.csv
196,202.0 to 202.875,12,"[1, 0, 2, 0, 0, 0, 0, 0, 0, 1, 0, 1]",9,dMajor,Piano Sonata K311 ii G major.mid by Mozart.csv
197,203.0 to 203.5,12,"[1, 0, 2, 0, 1, 0, 0, 0, 0, 0, 0, 1]",9,gMajor,Piano Sonata K311 ii G major.mid by Mozart.csv
198,204.0 to 204.0,2,"[1, 0, 1, 0, 0, 0, 0, 0, 0, 1, 0, 0]",4,dMajor,Piano Sonata K311 ii G major.mid by Mozart.csv
199,205.0 to 205.625,5,"[1, 0, 1, 0, 0, 0, 0, 1, 0, 0, 0, 1]",6,gMajor,Piano Sonata K311 ii G major.mid by Mozart.csv
200,206.0 to 206.0,8,"[1, 0, 0, 0, 2, 0, 0, 1, 0, 0, 0, 0]",0,cMajor,Piano Sonata K311 ii G major.mid by Mozart.csv
201,207.0 to 207.0,19,"[0, 0, 2, 0, 0, 0, 0, 1, 0, 0, 0, 1]",2,gMajor,Piano Sonata K311 ii G major.mid by Mozart.csv
202,208.0 to 208.0,0,"[2, 0, 0, 0, 1, 0, 0, 1, 0, 0, 0, 0]",0,cMajor,Piano Sonata K311 ii G major.mid by Mozart.csv
203,209.5 to 209.5,5,"[0, 0, 1, 0, 0, 0, 0, 1, 0, 0, 0, 1]",6,gMajor,Piano Sonata K311 ii G major.mid by Mozart.csv
204,210.0 to 210.75,7,"[1, 0, 0, 0, 0, 0, 1, 0, 0, 1, 0, 0]",4,dMajor,Piano Sonata K311 ii G major.mid by Mozart.csv
205,211.0 to 211.625,1,"[0, 0, 0, 0, 0, 0, 0, 2, 0, 0, 0, 1]",8,gMajor,Piano Sonata K311 ii G major.mid by Mozart.csv
206,212.0 to 212.0,5,"[0, 0, 1, 0, 0, 0, 0, 1, 0, 0, 0, 1]",6,gMajor,Piano Sonata K311 ii G major.mid by Mozart.csv
207,213.0 to 213.375,7,"[0, 0, 1, 0, 0, 0, 1, 0, 0, 1, 0, 0]",4,dMajor,Piano Sonata K311 ii G major.mid by Mozart.csv
208,214.0 to 214.875,5,"[1, 0, 1, 0, 0, 0, 0, 1, 0, 1, 0, 1]",6,gMajor,Piano Sonata K311 ii G major.mid by Mozart.csv
209,215.0 to 215.75,5,"[1, 0, 1, 0, 0, 0, 0, 1, 0, 1, 0, 1]",6,gMajor,Piano Sonata K311 ii G major.mid by Mozart.csv
210,216.0 to 216.0,7,"[0, 0, 1, 0, 0, 0, 1, 0, 0, 1, 0, 0]",4,dMajor,Piano Sonata K311 ii G major.mid by Mozart.csv
211,217.0 to 217.875,4,"[0, 0, 1, 0, 0, 0, 0, 0, 1, 1, 0, 1]",3,gMajor,Piano Sonata K311 ii G major.mid by Mozart.csv
212,218.0 to 218.5,2,"[1, 1, 1, 0, 0, 0, 0, 0, 0, 1, 0, 0]",4,dMajor,Piano Sonata K311 ii G major.mid by Mozart.csv
213,219.0 to 219.5,12,"[0, 0, 2, 0, 1, 0, 1, 0, 0, 0, 0, 0]",7,dMajor,Piano Sonata K311 ii G major.mid by Mozart.csv
214,220.0 to 220.75,12,"[1, 0, 2, 0, 0, 0, 0, 1, 0, 0, 0, 0]",2,gMajor,Piano Sonata K311 ii G major.mid by Mozart.csv
215,221.0 to 221.3333333,5,"[1, 0, 1, 0, 0, 0, 0, 1, 0, 0, 0, 1]",6,gMajor,Piano Sonata K311 ii G major.mid by Mozart.csv
216,222.0 to 222.0,8,"[1, 0, 0, 0, 2, 0, 0, 1, 0, 0, 0, 0]",0,cMajor,Piano Sonata K311 ii G major.mid by Mozart.csv
217,223.0 to 223.0,19,"[0, 0, 2, 0, 0, 0, 0, 1, 0, 0, 0, 1]",2,gMajor,Piano Sonata K311 ii G major.mid by Mozart.csv
218,224.0 to 224.75,0,"[2, 0, 0, 0, 1, 0, 1, 1, 0, 0, 0, 0]",0,cMajor,Piano Sonata K311 ii G major.mid by Mozart.csv
219,225.0 to 225.625,10,"[1, 0, 0, 0, 1, 0, 0, 2, 0, 0, 0, 0]",0,cMajor,Piano Sonata K311 ii G major.mid by Mozart.csv
220,226.0 to 226.875,5,"[0, 0, 1, 0, 0, 0, 0, 1, 0, 0, 0, 1]",6,gMajor,Piano Sonata K311 ii G major.mid by Mozart.csv
221,227.0 to 227.75,5,"[0, 0, 1, 0, 0, 0, 1, 1, 0, 1, 0, 1]",3,dMajor,Piano Sonata K311 ii G major.mid by Mozart.csv
222,228.0 to 228.5,1,"[0, 0, 0, 0, 0, 0, 0, 2, 0, 0, 0, 1]",8,gMajor,Piano Sonata K311 ii G major.mid by Mozart.csv
223,229.0 to 229.625,1,"[0, 0, 1, 0, 0, 0, 0, 2, 0, 0, 0, 1]",8,gMajor,Piano Sonata K311 ii G major.mid by Mozart.csv
224,230.0 to 230.5,15,"[1, 0, 0, 0, 1, 0, 0, 0, 0, 0, 0, 1]",1,cMajor,Piano Sonata K311 ii G major.mid by Mozart.csv
225,231.0 to 231.75,2,"[1, 0, 0, 0, 1, 0, 0, 0, 0, 2, 0, 1]",5,cMinor,Piano Sonata K311 ii G major.mid by Mozart.csv
226,232.0 to 232.5,16,"[1, 0, 1, 0, 0, 0, 1, 1, 0, 0, 0, 0]",4,cMajor,Piano Sonata K311 ii G major.mid by Mozart.csv
227,233.0 to 233.75,12,"[1, 0, 2, 0, 1, 0, 0, 0, 0, 1, 0, 0]",9,dMajor,Piano Sonata K311 ii G major.mid by Mozart.csv
228,234.0 to 234.5,5,"[0, 0, 0, 0, 0, 0, 0, 1, 0, 0, 0, 2]",6,gMajor,Piano Sonata K311 ii G major.mid by Mozart.csv
229,235.0 to 235.75,5,"[0, 0, 1, 0, 0, 0, 0, 1, 0, 0, 0, 2]",6,gMajor,Piano Sonata K311 ii G major.mid by Mozart.csv
230,236.0 to 236.5,10,"[0, 0, 0, 0, 1, 0, 0, 2, 0, 0, 0, 1]",8,gMinor,Piano Sonata K311 ii G major.mid by Mozart.csv
231,237.0 to 237.875,16,"[0, 0, 0, 0, 1, 0, 1, 2, 0, 1, 0, 1]",8,gMinor,Piano Sonata K311 ii G major.mid by Mozart.csv
232,238.0 to 238.75,2,"[1, 0, 0, 0, 1, 0, 0, 0, 0, 1, 0, 1]",5,cMinor,Piano Sonata K311 ii G major.mid by Mozart.csv
233,239.0 to 239.75,2,"[1, 0, 0, 0, 1, 0, 0, 0, 0, 2, 0, 0]",5,cMinor,Piano Sonata K311 ii G major.mid by Mozart.csv
234,240.0 to 240.5,7,"[1, 0, 1, 0, 0, 0, 1, 1, 0, 1, 0, 0]",4,dMajor,Piano Sonata K311 ii G major.mid by Mozart.csv
235,241.0 to 241.75,12,"[1, 0, 2, 0, 1, 0, 0, 0, 0, 1, 0, 0]",9,dMajor,Piano Sonata K311 ii G major.mid by Mozart.csv
236,242.0 to 242.0,1,"[0, 0, 0, 0, 0, 0, 0, 2, 0, 0, 0, 1]",8,gMajor,Piano Sonata K311 ii G major.mid by Mozart.csv
237,244.0 to 244.0,11,"[0, 1, 0, 2, 0, 0, 0, 2, 0, 0, 0, 0]",8,e-Major,Piano Sonata K311 ii G major.mid by Mozart.csv
238,245.0 to 245.0,11,"[0, 1, 0, 2, 0, 0, 0, 2, 0, 0, 0, 0]",8,e-Major,Piano Sonata K311 ii G major.mid by Mozart.csv
239,246.0 to 246.0,11,"[0, 1, 0, 2, 0, 0, 0, 2, 0, 0, 0, 0]",8,e-Major,Piano Sonata K311 ii G major.mid by Mozart.csv
240,248.0 to 248.0,12,"[0, 0, 2, 0, 0, 0, 1, 0, 0, 1, 0, 0]",7,dMajor,Piano Sonata K311 ii G major.mid by Mozart.csv
241,249.0 to 249.0,12,"[0, 0, 2, 0, 0, 0, 1, 0, 0, 1, 0, 0]",7,dMajor,Piano Sonata K311 ii G major.mid by Mozart.csv
242,250.0 to 250.0,12,"[0, 0, 2, 0, 0, 0, 1, 0, 0, 1, 0, 0]",7,dMajor,Piano Sonata K311 ii G major.mid by Mozart.csv
243,253.5 to 253.875,2,"[1, 0, 0, 0, 0, 0, 0, 0, 0, 1, 0, 1]",5,fMajor,Piano Sonata K311 ii G major.mid by Mozart.csv
244,254.0 to 254.875,5,"[0, 0, 1, 0, 0, 0, 0, 1, 0, 0, 0, 1]",6,gMajor,Piano Sonata K311 ii G major.mid by Mozart.csv
245,255.0 to 255.875,12,"[0, 0, 2, 0, 0, 0, 0, 0, 0, 0, 0, 1]",2,gMajor,Piano Sonata K311 ii G major.mid by Mozart.csv
246,256.0 to 256.75,5,"[0, 0, 1, 0, 0, 0, 0, 1, 0, 0, 0, 1]",6,gMajor,Piano Sonata K311 ii G major.mid by Mozart.csv
247,257.0 to 257.75,19,"[0, 1, 2, 0, 1, 0, 0, 1, 0, 0, 0, 1]",2,gMajor,Piano Sonata K311 ii G major.mid by Mozart.csv
248,258.0 to 258.75,2,"[1, 0, 1, 0, 0, 0, 0, 1, 0, 1, 0, 0]",4,dMajor,Piano Sonata K311 ii G major.mid by Mozart.csv
249,259.0 to 259.5,9,"[1, 0, 0, 0, 1, 0, 0, 1, 0, 1, 0, 0]",0,cMajor,Piano Sonata K311 ii G major.mid by Mozart.csv
250,260.0 to 260.875,9,"[1, 0, 0, 0, 1, 0, 0, 1, 0, 1, 0, 0]",0,cMajor,Piano Sonata K311 ii G major.mid by Mozart.csv
251,261.0 to 261.8333333,17,"[0, 0, 0, 0, 1, 0, 0, 0, 0, 2, 0, 1]",5,aMajor,Piano Sonata K311 ii G major.mid by Mozart.csv
252,262.0 to 262.8333333,7,"[0, 0, 1, 0, 0, 0, 1, 0, 0, 2, 0, 0]",4,dMajor,Piano Sonata K311 ii G major.mid by Mozart.csv
253,263.0 to 263.875,12,"[0, 0, 2, 0, 0, 0, 1, 0, 0, 1, 0, 0]",7,dMajor,Piano Sonata K311 ii G major.mid by Mozart.csv
254,264.0 to 264.875,8,"[0, 0, 1, 0, 2, 0, 0, 1, 0, 0, 0, 0]",1,cMajor,Piano Sonata K311 ii G major.mid by Mozart.csv
255,265.0 to 265.75,15,"[2, 0, 1, 0, 1, 0, 0, 1, 0, 0, 0, 1]",0,cMajor,Piano Sonata K311 ii G major.mid by Mozart.csv
256,266.0 to 266.8333333,4,"[1, 0, 0, 1, 0, 0, 1, 0, 0, 0, 0, 1]",4,bMajor,Piano Sonata K311 ii G major.mid by Mozart.csv
257,267.0 to 267.5,4,"[0, 0, 0, 1, 0, 0, 1, 0, 0, 1, 0, 1]",3,bMajor,Piano Sonata K311 ii G major.mid by Mozart.csv
258,268.0 to 268.75,15,"[1, 0, 1, 0, 1, 0, 0, 1, 0, 0, 0, 1]",6,cMajor,Piano Sonata K311 ii G major.mid by Mozart.csv
259,269.0 to 269.875,19,"[1, 0, 2, 0, 0, 0, 0, 1, 0, 0, 0, 1]",2,gMajor,Piano Sonata K311 ii G major.mid by Mozart.csv
260,270.0 to 270.75,17,"[0, 1, 0, 0, 1, 0, 0, 1, 0, 1, 0, 1]",1,aMajor,Piano Sonata K311 ii G major.mid by Mozart.csv
261,271.0 to 271.5,17,"[0, 1, 0, 0, 1, 0, 0, 1, 0, 1, 0, 0]",1,aMajor,Piano Sonata K311 ii G major.mid by Mozart.csv
262,272.0 to 272.75,17,"[0, 1, 0, 0, 1, 0, 0, 0, 0, 1, 0, 0]",5,aMajor,Piano Sonata K311 ii G major.mid by Mozart.csv
263,273.0 to 273.625,17,"[0, 1, 0, 0, 1, 0, 0, 1, 0, 1, 0, 0]",1,aMajor,Piano Sonata K311 ii G major.mid by Mozart.csv
264,274.0 to 274.5,12,"[1, 1, 1, 0, 1, 0, 1, 0, 0, 0, 0, 0]",4,cMajor,Piano Sonata K311 ii G major.mid by Mozart.csv
265,275.0 to 275.75,7,"[1, 0, 1, 0, 0, 0, 1, 0, 0, 1, 0, 0]",4,dMajor,Piano Sonata K311 ii G major.mid by Mozart.csv
266,276.0 to 276.8333333,5,"[0, 0, 1, 0, 1, 0, 0, 1, 0, 0, 0, 1]",1,gMajor,Piano Sonata K311 ii G major.mid by Mozart.csv
267,277.0 to 277.625,15,"[1, 0, 1, 0, 1, 0, 0, 0, 0, 0, 0, 2]",6,eMajor,Piano Sonata K311 ii G major.mid by Mozart.csv
268,278.0 to 278.5,2,"[1, 0, 0, 0, 1, 0, 0, 0, 0, 1, 0, 1]",5,cMinor,Piano Sonata K311 ii G major.mid by Mozart.csv
269,279.0 to 279.625,2,"[1, 0, 0, 0, 1, 0, 0, 0, 1, 1, 0, 0]",5,cMinor,Piano Sonata K311 ii G major.mid by Mozart.csv
270,280.0 to 280.5,0,"[2, 0, 0, 0, 1, 0, 0, 0, 0, 0, 0, 1]",0,cMinor,Piano Sonata K311 ii G major.mid by Mozart.csv
271,281.0 to 281.5,17,"[0, 1, 0, 0, 1, 0, 0, 0, 0, 2, 0, 0]",5,aMajor,Piano Sonata K311 ii G major.mid by Mozart.csv
272,282.0 to 282.6666667,16,"[0, 0, 1, 0, 0, 0, 1, 1, 0, 1, 0, 0]",4,dMajor,Piano Sonata K311 ii G major.mid by Mozart.csv
273,283.0 to 283.5,12,"[0, 0, 1, 0, 1, 0, 0, 0, 0, 0, 0, 0]",1,cMajor,Piano Sonata K311 ii G major.mid by Mozart.csv
274,284.0 to 284.5,16,"[0, 0, 0, 0, 1, 0, 1, 0, 0, 0, 0, 0]",1,cMajor,Piano Sonata K311 ii G major.mid by Mozart.csv
275,285.0 to 285.5,17,"[0, 0, 0, 0, 0, 0, 0, 1, 0, 1, 0, 0]",1,cMajor,Piano Sonata K311 ii G major.mid by Mozart.csv
276,286.0 to 286.75,19,"[0, 0, 2, 0, 0, 0, 0, 1, 0, 0, 0, 1]",2,gMajor,Piano Sonata K311 ii G major.mid by Mozart.csv
277,287.0 to 287.75,5,"[1, 0, 1, 0, 0, 0, 0, 1, 0, 0, 0, 1]",6,gMajor,Piano Sonata K311 ii G major.mid by Mozart.csv
278,288.0 to 288.75,7,"[0, 0, 1, 0, 0, 0, 1, 0, 0, 1, 0, 0]",4,dMajor,Piano Sonata K311 ii G major.mid by Mozart.csv
279,289.0 to 289.75,5,"[0, 0, 1, 0, 0, 0, 0, 1, 0, 0, 0, 1]",6,gMajor,Piano Sonata K311 ii G major.mid by Mozart.csv
280,290.0 to 290.625,2,"[1, 0, 1, 0, 0, 0, 0, 0, 0, 1, 0, 0]",4,dMajor,Piano Sonata K311 ii G major.mid by Mozart.csv
281,291.0 to 291.75,12,"[0, 0, 2, 0, 0, 0, 1, 0, 0, 0, 0, 0]",7,dMajor,Piano Sonata K311 ii G major.mid by Mozart.csv
282,292.0 to 292.625,12,"[1, 0, 2, 0, 0, 0, 0, 1, 0, 0, 0, 0]",2,gMajor,Piano Sonata K311 ii G major.mid by Mozart.csv
283,293.0 to 293.5,5,"[0, 0, 1, 0, 0, 0, 0, 1, 0, 0, 0, 1]",6,gMajor,Piano Sonata K311 ii G major.mid by Mozart.csv
284,294.0 to 294.875,19,"[0, 0, 2, 0, 1, 0, 0, 1, 0, 0, 0, 1]",2,gMajor,Piano Sonata K311 ii G major.mid by Mozart.csv
285,295.0 to 295.875,15,"[1, 0, 1, 0, 1, 0, 0, 1, 0, 1, 0, 1]",6,cMajor,Piano Sonata K311 ii G major.mid by Mozart.csv
286,296.0 to 296.875,7,"[0, 0, 1, 0, 1, 0, 1, 0, 0, 1, 0, 0]",4,dMajor,Piano Sonata K311 ii G major.mid by Mozart.csv
287,297.0 to 297.875,5,"[0, 0, 1, 0, 1, 0, 0, 1, 0, 0, 0, 1]",1,gMajor,Piano Sonata K311 ii G major.mid by Mozart.csv
288,298.0 to 298.875,2,"[1, 0, 1, 0, 1, 0, 0, 0, 0, 1, 0, 0]",9,cMinor,Piano Sonata K311 ii G major.mid by Mozart.csv
289,299.0 to 299.875,12,"[0, 0, 2, 0, 1, 0, 0, 0, 0, 0, 0, 1]",2,gMajor,Piano Sonata K311 ii G major.mid by Mozart.csv
290,300.0 to 300.875,12,"[1, 0, 2, 0, 1, 0, 0, 0, 0, 1, 0, 1]",9,dMajor,Piano Sonata K311 ii G major.mid by Mozart.csv
291,301.0 to 301.875,5,"[0, 1, 1, 0, 1, 0, 0, 1, 0, 0, 0, 1]",1,gMajor,Piano Sonata K311 ii G major.mid by Mozart.csv
292,302.0 to 302.0,1,"[0, 0, 0, 0, 0, 0, 0, 3, 0, 0, 0, 1]",8,gMajor,Piano Sonata K311 ii G major.mid by Mozart.csv
293,303.0 to 303.0,7,"[1, 0, 0, 0, 0, 0, 2, 0, 0, 1, 0, 0]",4,dMajor,Piano Sonata K311 ii G major.mid by Mozart.csv
294,304.0 to 304.0,8,"[0, 0, 0, 0, 3, 0, 0, 1, 0, 0, 0, 1]",1,gMinor,Piano Sonata K311 ii G major.mid by Mozart.csv
295,305.5 to 305.5,4,"[0, 0, 0, 0, 0, 0, 0, 0, 0, 0, 0, 1]",6,eMajor,Piano Sonata K311 ii G major.mid by Mozart.csv
296,306.0 to 306.0,8,"[0, 0, 0, 0, 2, 0, 0, 1, 0, 0, 0, 1]",1,gMinor,Piano Sonata K311 ii G major.mid by Mozart.csv
297,307.0 to 307.0,19,"[0, 0, 2, 0, 0, 1, 0, 1, 0, 0, 0, 1]",2,gMajor,Piano Sonata K311 ii G major.mid by Mozart.csv
298,308.0 to 308.0,0,"[2, 0, 0, 0, 1, 0, 0, 1, 0, 0, 0, 0]",0,cMajor,Piano Sonata K311 ii G major.mid by Mozart.csv
299,309.5 to 309.5,9,"[0, 0, 0, 0, 0, 0, 0, 1, 0, 0, 0, 0]",1,cMajor,Piano Sonata K311 ii G major.mid by Mozart.csv
300,310.0 to 310.0,0,"[2, 0, 0, 0, 1, 0, 0, 1, 0, 0, 0, 0]",0,cMajor,Piano Sonata K311 ii G major.mid by Mozart.csv
301,311.0 to 311.0,4,"[0, 0, 1, 0, 0, 1, 0, 0, 1, 0, 0, 2]",6,eMajor,Piano Sonata K311 ii G major.mid by Mozart.csv
302,312.0 to 312.5,2,"[1, 0, 0, 0, 2, 0, 0, 0, 0, 2, 0, 0]",5,cMinor,Piano Sonata K311 ii G major.mid by Mozart.csv
303,313.0 to 313.75,4,"[1, 0, 1, 0, 0, 0, 0, 0, 0, 1, 0, 1]",4,gMajor,Piano Sonata K311 ii G major.mid by Mozart.csv
304,314.0 to 314.0,5,"[0, 0, 1, 0, 0, 0, 0, 1, 0, 0, 0, 1]",6,gMajor,Piano Sonata K311 ii G major.mid by Mozart.csv
305,315.0 to 315.0,16,"[0, 0, 0, 0, 0, 0, 1, 0, 0, 1, 0, 0]",4,dMajor,Piano Sonata K311 ii G major.mid by Mozart.csv
306,316.0 to 316.0,16,"[0, 0, 0, 0, 0, 0, 1, 1, 0, 0, 1, 0]",1,e-Major,Piano Sonata K311 ii G major.mid by Mozart.csv
307,317.0 to 317.0,5,"[0, 0, 0, 0, 0, 0, 0, 1, 0, 0, 0, 1]",6,gMajor,Piano Sonata K311 ii G major.mid by Mozart.csv
308,318.0 to 318.0,5,"[0, 0, 1, 0, 0, 0, 0, 1, 0, 0, 0, 1]",6,gMajor,Piano Sonata K311 ii G major.mid by Mozart.csv
309,319.0 to 319.875,16,"[1, 0, 0, 1, 1, 0, 1, 1, 0, 1, 0, 0]",0,cMajor,Piano Sonata K311 ii G major.mid by Mozart.csv
310,320.0 to 320.625,8,"[0, 0, 0, 0, 2, 0, 0, 1, 0, 0, 0, 1]",1,gMinor,Piano Sonata K311 ii G major.mid by Mozart.csv
311,321.5 to 321.5,4,"[0, 0, 0, 0, 0, 0, 0, 0, 0, 0, 0, 1]",6,eMajor,Piano Sonata K311 ii G major.mid by Mozart.csv
312,322.0 to 322.875,9,"[0, 0, 0, 0, 1, 0, 0, 1, 0, 0, 0, 1]",1,gMinor,Piano Sonata K311 ii G major.mid by Mozart.csv
313,323.0 to 323.875,15,"[1, 0, 1, 0, 1, 1, 0, 1, 0, 0, 0, 1]",6,cMajor,Piano Sonata K311 ii G major.mid by Mozart.csv
314,324.0 to 324.0,0,"[2, 0, 0, 0, 1, 0, 0, 1, 0, 0, 0, 0]",0,cMajor,Piano Sonata K311 ii G major.mid by Mozart.csv
315,325.5 to 325.5,9,"[0, 0, 0, 0, 0, 0, 0, 1, 0, 0, 0, 0]",1,cMajor,Piano Sonata K311 ii G major.mid by Mozart.csv
316,326.0 to 326.0,9,"[1, 0, 0, 0, 1, 0, 0, 1, 0, 0, 0, 0]",0,cMajor,Piano Sonata K311 ii G major.mid by Mozart.csv
317,327.0 to 327.125,4,"[1, 0, 1, 0, 0, 1, 0, 0, 1, 0, 0, 1]",6,g#Minor,Piano Sonata K311 ii G major.mid by Mozart.csv
318,328.0 to 328.5,2,"[1, 0, 0, 0, 2, 0, 0, 0, 0, 2, 0, 0]",5,cMinor,Piano Sonata K311 ii G major.mid by Mozart.csv
319,329.0 to 329.75,2,"[2, 0, 1, 0, 1, 0, 0, 0, 0, 2, 0, 1]",9,cMinor,Piano Sonata K311 ii G major.mid by Mozart.csv
320,330.0 to 330.625,1,"[0, 0, 1, 0, 0, 0, 0, 2, 0, 1, 0, 1]",8,gMajor,Piano Sonata K311 ii G major.mid by Mozart.csv
321,331.0 to 331.5,4,"[0, 0, 0, 0, 0, 0, 0, 0, 0, 0, 1, 1]",6,e-Major,Piano Sonata K311 ii G major.mid by Mozart.csv
322,332.0 to 332.5,5,"[1, 1, 1, 0, 0, 0, 0, 1, 0, 0, 0, 1]",6,gMajor,Piano Sonata K311 ii G major.mid by Mozart.csv
323,333.0 to 333.75,12,"[0, 0, 2, 1, 0, 0, 0, 1, 0, 0, 0, 0]",2,gMajor,Piano Sonata K311 ii G major.mid by Mozart.csv
324,334.0 to 334.75,9,"[1, 0, 1, 1, 1, 0, 0, 1, 0, 0, 0, 0]",0,cMajor,Piano Sonata K311 ii G major.mid by Mozart.csv
325,335.0 to 335.75,15,"[2, 0, 2, 0, 1, 0, 0, 1, 0, 1, 0, 1]",9,cMajor,Piano Sonata K311 ii G major.mid by Mozart.csv
326,336.0 to 336.875,7,"[1, 0, 1, 0, 0, 0, 1, 0, 0, 1, 0, 1]",3,dMajor,Piano Sonata K311 ii G major.mid by Mozart.csv
327,337.0 to 337.75,7,"[1, 0, 1, 0, 0, 0, 1, 1, 0, 1, 0, 1]",3,dMajor,Piano Sonata K311 ii G major.mid by Mozart.csv
328,338.0 to 338.75,1,"[0, 0, 0, 0, 0, 0, 1, 2, 0, 0, 0, 1]",8,gMajor,Piano Sonata K311 ii G major.mid by Mozart.csv
329,339.0 to 339.75,16,"[0, 0, 0, 0, 1, 0, 1, 2, 0, 1, 0, 1]",8,gMinor,Piano Sonata K311 ii G major.mid by Mozart.csv
330,340.0 to 340.75,12,"[0, 0, 1, 1, 1, 0, 0, 0, 0, 0, 0, 0]",1,cMajor,Piano Sonata K311 ii G major.mid by Mozart.csv
331,341.0 to 341.75,12,"[1, 0, 1, 0, 1, 0, 1, 0, 0, 0, 0, 0]",4,cMajor,Piano Sonata K311 ii G major.mid by Mozart.csv
332,342.0 to 342.875,5,"[1, 0, 1, 0, 0, 0, 0, 1, 0, 1, 0, 1]",6,gMajor,Piano Sonata K311 ii G major.mid by Mozart.csv
333,343.0 to 343.875,19,"[1, 0, 2, 0, 0, 0, 0, 1, 0, 1, 0, 1]",2,gMajor,Piano Sonata K311 ii G major.mid by Mozart.csv
334,344.0 to 344.625,7,"[0, 0, 1, 0, 0, 0, 1, 0, 0, 1, 0, 1]",3,dMajor,Piano Sonata K311 ii G major.mid by Mozart.csv
335,345.0 to 345.75,5,"[0, 0, 1, 0, 0, 0, 1, 1, 0, 1, 0, 1]",3,dMajor,Piano Sonata K311 ii G major.mid by Mozart.csv
336,346.0 to 346.5,4,"[1, 0, 1, 0, 0, 0, 0, 0, 0, 1, 0, 1]",4,gMajor,Piano Sonata K311 ii G major.mid by Mozart.csv
337,347.0 to 347.75,12,"[1, 0, 2, 0, 1, 0, 1, 0, 0, 0, 0, 0]",7,dMajor,Piano Sonata K311 ii G major.mid by Mozart.csv
338,348.0 to 348.0,9,"[1, 0, 1, 0, 0, 0, 0, 1, 0, 0, 0, 0]",6,cMajor,Piano Sonata K311 ii G major.mid by Mozart.csv
339,349.0 to 349.375,5,"[0, 0, 1, 0, 0, 0, 0, 1, 0, 0, 0, 1]",6,gMajor,Piano Sonata K311 ii G major.mid by Mozart.csv
340,350.0 to 350.0,8,"[1, 0, 0, 0, 2, 0, 0, 1, 0, 0, 0, 0]",0,cMajor,Piano Sonata K311 ii G major.mid by Mozart.csv
341,351.0 to 351.0,19,"[0, 0, 2, 0, 0, 0, 0, 1, 0, 0, 0, 1]",2,gMajor,Piano Sonata K311 ii G major.mid by Mozart.csv
342,352.0 to 352.0,0,"[2, 0, 0, 0, 1, 0, 0, 1, 0, 0, 0, 0]",0,cMajor,Piano Sonata K311 ii G major.mid by Mozart.csv
343,353.5 to 353.625,4,"[0, 0, 1, 0, 0, 0, 0, 0, 0, 0, 0, 1]",6,gMajor,Piano Sonata K311 ii G major.mid by Mozart.csv
344,354.0 to 354.75,7,"[1, 0, 2, 0, 0, 0, 1, 0, 0, 1, 0, 1]",9,dMajor,Piano Sonata K311 ii G major.mid by Mozart.csv
345,355.0 to 355.75,1,"[1, 0, 1, 0, 0, 0, 0, 2, 0, 1, 0, 1]",8,gMajor,Piano Sonata K311 ii G major.mid by Mozart.csv
346,356.0 to 356.0,19,"[0, 0, 2, 0, 0, 0, 0, 1, 0, 0, 0, 1]",2,gMajor,Piano Sonata K311 ii G major.mid by Mozart.csv
347,357.0 to 357.375,12,"[0, 0, 2, 0, 0, 0, 1, 0, 0, 1, 0, 0]",7,dMajor,Piano Sonata K311 ii G major.mid by Mozart.csv
348,358.0 to 358.875,19,"[0, 0, 2, 0, 0, 0, 0, 1, 0, 0, 1, 1]",2,gMajor,Piano Sonata K311 ii G major.mid by Mozart.csv
349,359.0 to 359.75,5,"[1, 0, 1, 0, 0, 0, 0, 1, 0, 1, 0, 1]",6,gMajor,Piano Sonata K311 ii G major.mid by Mozart.csv
350,360.0 to 360.625,7,"[0, 0, 1, 0, 0, 0, 1, 0, 1, 1, 0, 0]",4,dMajor,Piano Sonata K311 ii G major.mid by Mozart.csv
351,361.0 to 361.75,5,"[1, 0, 1, 0, 0, 0, 0, 1, 0, 0, 0, 1]",6,gMajor,Piano Sonata K311 ii G major.mid by Mozart.csv
352,362.0 to 362.75,12,"[1, 0, 2, 0, 0, 0, 0, 0, 0, 1, 0, 0]",9,dMajor,Piano Sonata K311 ii G major.mid by Mozart.csv
353,363.0 to 363.75,12,"[0, 0, 2, 0, 1, 0, 1, 0, 0, 0, 0, 0]",7,dMajor,Piano Sonata K311 ii G major.mid by Mozart.csv
354,364.0 to 364.875,12,"[1, 0, 2, 0, 0, 0, 0, 1, 0, 0, 0, 0]",2,gMajor,Piano Sonata K311 ii G major.mid by Mozart.csv
355,365.0 to 365.0,5,"[0, 0, 1, 0, 0, 0, 0, 1, 0, 0, 0, 1]",6,gMajor,Piano Sonata K311 ii G major.mid by Mozart.csv
356,366.0 to 366.0,8,"[1, 0, 0, 0, 2, 0, 0, 1, 0, 0, 0, 0]",0,cMajor,Piano Sonata K311 ii G major.mid by Mozart.csv
357,367.0 to 367.0,19,"[0, 0, 2, 0, 0, 0, 0, 1, 0, 0, 0, 1]",2,gMajor,Piano Sonata K311 ii G major.mid by Mozart.csv
358,368.0 to 368.875,0,"[2, 0, 0, 1, 1, 0, 1, 0, 0, 0, 0, 0]",0,cMajor,Piano Sonata K311 ii G major.mid by Mozart.csv
359,369.0 to 369.625,10,"[1, 0, 0, 0, 1, 0, 1, 2, 0, 0, 0, 0]",0,cMajor,Piano Sonata K311 ii G major.mid by Mozart.csv
360,370.0 to 370.875,5,"[0, 0, 1, 0, 0, 0, 0, 1, 0, 0, 0, 1]",6,gMajor,Piano Sonata K311 ii G major.mid by Mozart.csv
361,371.0 to 371.875,5,"[0, 0, 1, 0, 0, 0, 1, 1, 0, 1, 0, 1]",3,dMajor,Piano Sonata K311 ii G major.mid by Mozart.csv
362,372.0 to 372.5,1,"[0, 0, 0, 0, 0, 0, 0, 2, 0, 0, 0, 1]",8,gMajor,Piano Sonata K311 ii G major.mid by Mozart.csv
363,373.0 to 373.5,1,"[0, 0, 1, 0, 0, 0, 0, 2, 0, 0, 0, 1]",8,gMajor,Piano Sonata K311 ii G major.mid by Mozart.csv
364,374.0 to 374.5,15,"[1, 0, 0, 0, 1, 0, 0, 0, 0, 0, 0, 1]",1,cMajor,Piano Sonata K311 ii G major.mid by Mozart.csv
365,375.0 to 375.625,2,"[1, 0, 0, 0, 1, 0, 0, 0, 0, 2, 0, 0]",5,cMinor,Piano Sonata K311 ii G major.mid by Mozart.csv
366,376.0 to 376.5,16,"[1, 0, 1, 0, 0, 0, 1, 1, 0, 0, 0, 0]",4,cMajor,Piano Sonata K311 ii G major.mid by Mozart.csv
367,377.0 to 377.75,12,"[1, 0, 2, 0, 1, 0, 0, 0, 0, 1, 0, 0]",9,dMajor,Piano Sonata K311 ii G major.mid by Mozart.csv
368,378.0 to 378.5,5,"[0, 0, 0, 0, 0, 0, 0, 1, 0, 0, 0, 2]",6,gMajor,Piano Sonata K311 ii G major.mid by Mozart.csv
369,379.0 to 379.625,5,"[0, 0, 1, 0, 0, 0, 0, 1, 0, 0, 0, 2]",6,gMajor,Piano Sonata K311 ii G major.mid by Mozart.csv
370,380.0 to 380.5,10,"[0, 0, 0, 0, 1, 0, 0, 2, 0, 0, 0, 1]",8,gMinor,Piano Sonata K311 ii G major.mid by Mozart.csv
371,381.0 to 381.875,1,"[0, 0, 0, 0, 1, 0, 1, 2, 0, 1, 0, 2]",8,gMinor,Piano Sonata K311 ii G major.mid by Mozart.csv
372,382.0 to 382.75,2,"[1, 0, 0, 0, 1, 0, 0, 0, 0, 1, 0, 1]",5,cMinor,Piano Sonata K311 ii G major.mid by Mozart.csv
373,383.0 to 383.625,2,"[1, 0, 0, 0, 1, 0, 0, 0, 0, 2, 0, 0]",5,cMinor,Piano Sonata K311 ii G major.mid by Mozart.csv
374,384.0 to 384.5,16,"[1, 0, 1, 0, 0, 0, 1, 1, 0, 0, 0, 0]",4,cMajor,Piano Sonata K311 ii G major.mid by Mozart.csv
375,385.0 to 385.625,12,"[1, 0, 2, 0, 1, 0, 0, 0, 0, 1, 0, 0]",9,dMajor,Piano Sonata K311 ii G major.mid by Mozart.csv
376,386.0 to 386.5,10,"[0, 0, 0, 0, 0, 0, 0, 3, 0, 0, 0, 0]",8,cMajor,Piano Sonata K311 ii G major.mid by Mozart.csv
377,387.0 to 387.5,1,"[0, 0, 1, 0, 0, 0, 0, 3, 0, 0, 0, 1]",8,gMajor,Piano Sonata K311 ii G major.mid by Mozart.csv
378,388.0 to 388.5,10,"[0, 0, 0, 0, 2, 0, 0, 2, 0, 0, 0, 0]",1,cMajor,Piano Sonata K311 ii G major.mid by Mozart.csv
379,389.0 to 389.625,10,"[0, 0, 0, 0, 2, 0, 0, 3, 0, 0, 0, 1]",8,gMinor,Piano Sonata K311 ii G major.mid by Mozart.csv
380,390.0 to 390.5,15,"[2, 0, 0, 0, 0, 0, 0, 0, 0, 0, 0, 2]",6,gMajor,Piano Sonata K311 ii G major.mid by Mozart.csv
381,391.0 to 391.625,2,"[2, 0, 0, 0, 1, 0, 0, 0, 0, 3, 0, 0]",5,cMinor,Piano Sonata K311 ii G major.mid by Mozart.csv
382,392.0 to 392.5,16,"[0, 0, 2, 0, 0, 0, 2, 2, 0, 0, 0, 0]",7,dMajor,Piano Sonata K311 ii G major.mid by Mozart.csv
383,393.0 to 393.75,12,"[1, 0, 4, 0, 2, 0, 0, 0, 0, 1, 0, 0]",9,dMajor,Piano Sonata K311 ii G major.mid by Mozart.csv
384,394.0 to 394.5,19,"[0, 0, 2, 0, 0, 0, 0, 0, 0, 0, 0, 2]",2,gMajor,Piano Sonata K311 ii G major.mid by Mozart.csv
385,395.0 to 395.625,19,"[0, 0, 2, 0, 0, 0, 0, 1, 0, 0, 0, 2]",2,gMajor,Piano Sonata K311 ii G major.mid by Mozart.csv
386,396.0 to 396.5,10,"[0, 0, 0, 0, 2, 0, 0, 2, 0, 0, 0, 0]",1,cMajor,Piano Sonata K311 ii G major.mid by Mozart.csv
387,397.0 to 397.625,10,"[0, 0, 0, 0, 2, 0, 0, 3, 0, 0, 0, 1]",8,gMinor,Piano Sonata K311 ii G major.mid by Mozart.csv
388,398.0 to 398.625,2,"[2, 0, 0, 0, 0, 0, 0, 0, 0, 2, 0, 2]",5,fMajor,Piano Sonata K311 ii G major.mid by Mozart.csv
389,399.0 to 399.5,2,"[2, 0, 0, 0, 1, 0, 0, 0, 0, 3, 0, 0]",5,cMinor,Piano Sonata K311 ii G major.mid by Mozart.csv
390,400.0 to 400.5,16,"[0, 0, 2, 0, 0, 0, 2, 2, 0, 0, 0, 0]",7,dMajor,Piano Sonata K311 ii G major.mid by Mozart.csv
391,401.0 to 401.625,12,"[1, 0, 4, 0, 2, 0, 0, 0, 0, 1, 0, 0]",9,dMajor,Piano Sonata K311 ii G major.mid by Mozart.csv
392,402.0 to 402.625,1,"[0, 0, 1, 0, 0, 0, 0, 3, 0, 0, 0, 1]",8,gMajor,Piano Sonata K311 ii G major.mid by Mozart.csv
393,403.0 to 403.625,1,"[0, 0, 1, 0, 0, 0, 0, 2, 0, 0, 0, 1]",8,gMajor,Piano Sonata K311 ii G major.mid by Mozart.csv
394,404.0 to 404.5,12,"[1, 0, 2, 0, 0, 0, 0, 0, 0, 1, 0, 1]",9,dMajor,Piano Sonata K311 ii G major.mid by Mozart.csv
395,405.0 to 405.625,7,"[1, 0, 1, 0, 0, 0, 1, 0, 0, 1, 0, 0]",4,dMajor,Piano Sonata K311 ii G major.mid by Mozart.csv
396,406.0 to 406.625,1,"[0, 0, 1, 0, 0, 0, 0, 2, 0, 0, 0, 2]",8,gMajor,Piano Sonata K311 ii G major.mid by Mozart.csv
397,407.0 to 407.5,12,"[0, 0, 2, 0, 0, 0, 0, 0, 0, 0, 0, 1]",2,gMajor,Piano Sonata K311 ii G major.mid by Mozart.csv
398,408.0 to 408.5,12,"[1, 0, 2, 0, 0, 0, 0, 0, 0, 1, 0, 1]",9,dMajor,Piano Sonata K311 ii G major.mid by Mozart.csv
399,409.0 to 409.5,7,"[1, 0, 1, 0, 0, 0, 1, 0, 0, 1, 0, 0]",4,dMajor,Piano Sonata K311 ii G major.mid by Mozart.csv
400,410.0 to 410.5,1,"[0, 0, 1, 0, 0, 0, 0, 3, 0, 0, 0, 3]",8,gMajor,Piano Sonata K311 ii G major.mid by Mozart.csv
401,411.0 to 411.5,12,"[1, 0, 3, 0, 0, 0, 1, 0, 0, 0, 0, 0]",7,dMajor,Piano Sonata K311 ii G major.mid by Mozart.csv
402,412.0 to 412.5,1,"[0, 0, 0, 0, 0, 0, 0, 3, 0, 0, 0, 3]",8,gMajor,Piano Sonata K311 ii G major.mid by Mozart.csv
403,413.0 to 413.5,12,"[1, 0, 3, 0, 0, 0, 1, 0, 0, 0, 0, 0]",7,dMajor,Piano Sonata K311 ii G major.mid by Mozart.csv
404,414.0 to 414.0,19,"[0, 0, 2, 0, 0, 0, 0, 1, 0, 0, 0, 1]",2,gMajor,Piano Sonata K311 ii G major.mid by Mozart.csv
405,416.0 to 416.0,1,"[0, 0, 0, 0, 0, 0, 0, 3, 0, 0, 0, 1]",8,gMajor,Piano Sonata K311 ii G major.mid by Mozart.csv
406,417.75 to 417.75,5,"[0, 0, 0, 0, 0, 0, 0, 1, 0, 0, 0, 1]",6,gMajor,Piano Sonata K311 ii G major.mid by Mozart.csv
