index,offsetRange,CentroidLabelIndex_entireUnits,"[C,C#,D,E-,E,F,F#,G,G#,A,B-,B]",CentroidLabelIndex_individualUnit,triadLabel,filename
0,0.0 to 0.625,0,"[2, 0, 0, 0, 1, 0, 0, 1, 0, 0, 0, 0]",6,cMajor,Piano Sonata K570 ii Eb major.mid by Mozart.csv
1,1.0 to 1.75,13,"[3, 0, 1, 0, 1, 0, 0, 2, 0, 0, 0, 0]",6,cMajor,Piano Sonata K570 ii Eb major.mid by Mozart.csv
2,2.0 to 2.5,0,"[2, 0, 0, 0, 1, 0, 0, 1, 0, 0, 0, 0]",6,cMajor,Piano Sonata K570 ii Eb major.mid by Mozart.csv
3,3.0 to 3.75,5,"[1, 0, 1, 0, 0, 0, 0, 1, 0, 0, 0, 1]",5,gMajor,Piano Sonata K570 ii Eb major.mid by Mozart.csv
4,4.0 to 4.5,2,"[2, 0, 0, 0, 1, 1, 0, 0, 0, 1, 0, 0]",9,fMajor,Piano Sonata K570 ii Eb major.mid by Mozart.csv
5,5.0 to 5.875,9,"[1, 0, 0, 0, 1, 1, 0, 1, 0, 1, 0, 0]",9,cMajor,Piano Sonata K570 ii Eb major.mid by Mozart.csv
6,6.0 to 6.875,9,"[1, 0, 0, 0, 1, 1, 0, 1, 0, 0, 0, 0]",6,cMajor,Piano Sonata K570 ii Eb major.mid by Mozart.csv
7,7.0 to 7.75,5,"[0, 0, 1, 0, 1, 1, 1, 1, 0, 0, 0, 1]",5,gMajor,Piano Sonata K570 ii Eb major.mid by Mozart.csv
8,8.0 to 8.0,10,"[0, 0, 0, 0, 1, 0, 0, 2, 0, 0, 0, 0]",3,cMajor,Piano Sonata K570 ii Eb major.mid by Mozart.csv
9,9.0 to 9.875,10,"[1, 0, 1, 0, 1, 0, 0, 2, 0, 0, 0, 0]",3,cMajor,Piano Sonata K570 ii Eb major.mid by Mozart.csv
10,10.0 to 10.5,1,"[1, 0, 1, 0, 1, 0, 0, 2, 0, 0, 0, 1]",3,cMajor,Piano Sonata K570 ii Eb major.mid by Mozart.csv
11,11.0 to 11.5,2,"[2, 0, 0, 0, 1, 1, 0, 0, 0, 1, 0, 0]",9,fMajor,Piano Sonata K570 ii Eb major.mid by Mozart.csv
12,12.0 to 12.875,6,"[1, 0, 2, 0, 1, 2, 0, 1, 1, 1, 0, 0]",4,fMinor,Piano Sonata K570 ii Eb major.mid by Mozart.csv
13,13.0 to 13.875,8,"[1, 1, 1, 0, 2, 1, 0, 1, 0, 0, 0, 0]",0,cMajor,Piano Sonata K570 ii Eb major.mid by Mozart.csv
14,14.0 to 14.625,4,"[1, 0, 1, 0, 0, 1, 0, 0, 0, 0, 0, 1]",8,gMajor,Piano Sonata K570 ii Eb major.mid by Mozart.csv
15,15.0 to 15.5,0,"[2, 0, 0, 0, 1, 0, 0, 0, 0, 0, 0, 0]",6,cMajor,Piano Sonata K570 ii Eb major.mid by Mozart.csv
16,16.0 to 16.5,0,"[2, 0, 0, 0, 1, 0, 0, 1, 0, 0, 0, 0]",6,cMajor,Piano Sonata K570 ii Eb major.mid by Mozart.csv
17,17.0 to 17.75,13,"[2, 0, 1, 0, 1, 0, 0, 2, 0, 0, 0, 0]",6,cMajor,Piano Sonata K570 ii Eb major.mid by Mozart.csv
18,18.0 to 18.5,0,"[2, 0, 0, 0, 1, 0, 0, 1, 0, 0, 0, 0]",6,cMajor,Piano Sonata K570 ii Eb major.mid by Mozart.csv
19,19.0 to 19.875,15,"[2, 0, 1, 0, 0, 0, 0, 1, 0, 0, 0, 1]",6,cMajor,Piano Sonata K570 ii Eb major.mid by Mozart.csv
20,20.0 to 20.5,2,"[2, 0, 0, 0, 1, 1, 0, 0, 0, 1, 0, 0]",9,fMajor,Piano Sonata K570 ii Eb major.mid by Mozart.csv
21,21.0 to 21.75,9,"[1, 0, 0, 0, 1, 1, 0, 1, 0, 1, 0, 0]",9,cMajor,Piano Sonata K570 ii Eb major.mid by Mozart.csv
22,22.0 to 22.75,9,"[1, 0, 0, 0, 1, 1, 0, 1, 0, 0, 0, 0]",6,cMajor,Piano Sonata K570 ii Eb major.mid by Mozart.csv
23,23.0 to 23.75,5,"[0, 0, 1, 0, 1, 1, 1, 1, 0, 0, 0, 1]",5,gMajor,Piano Sonata K570 ii Eb major.mid by Mozart.csv
24,24.0 to 24.0,10,"[0, 0, 0, 0, 1, 0, 0, 2, 0, 0, 0, 0]",3,cMajor,Piano Sonata K570 ii Eb major.mid by Mozart.csv
25,25.0 to 25.75,10,"[1, 0, 1, 0, 1, 0, 0, 2, 0, 0, 0, 0]",3,cMajor,Piano Sonata K570 ii Eb major.mid by Mozart.csv
26,26.0 to 26.5,1,"[1, 0, 1, 0, 1, 0, 0, 2, 0, 0, 0, 1]",3,cMajor,Piano Sonata K570 ii Eb major.mid by Mozart.csv
27,27.0 to 27.5,2,"[2, 0, 0, 0, 1, 1, 0, 0, 0, 1, 0, 0]",9,fMajor,Piano Sonata K570 ii Eb major.mid by Mozart.csv
28,28.0 to 28.875,6,"[1, 0, 2, 0, 1, 2, 0, 1, 1, 1, 0, 0]",4,fMinor,Piano Sonata K570 ii Eb major.mid by Mozart.csv
29,29.0 to 29.875,8,"[1, 1, 1, 0, 2, 1, 0, 1, 0, 0, 0, 0]",0,cMajor,Piano Sonata K570 ii Eb major.mid by Mozart.csv
30,30.0 to 30.75,4,"[1, 0, 1, 0, 0, 1, 0, 0, 0, 0, 0, 1]",8,gMajor,Piano Sonata K570 ii Eb major.mid by Mozart.csv
31,31.0 to 31.0,0,"[2, 0, 0, 0, 1, 0, 0, 0, 0, 0, 0, 0]",6,cMajor,Piano Sonata K570 ii Eb major.mid by Mozart.csv
32,32.0 to 32.5,5,"[0, 0, 1, 0, 0, 0, 0, 1, 0, 0, 0, 1]",5,gMajor,Piano Sonata K570 ii Eb major.mid by Mozart.csv
33,33.0 to 33.75,0,"[2, 0, 0, 0, 1, 0, 0, 1, 0, 0, 0, 0]",6,cMajor,Piano Sonata K570 ii Eb major.mid by Mozart.csv
34,34.0 to 34.75,6,"[0, 0, 2, 0, 0, 1, 0, 1, 0, 0, 0, 0]",5,b-Major,Piano Sonata K570 ii Eb major.mid by Mozart.csv
35,35.0 to 35.75,4,"[1, 0, 1, 1, 0, 0, 0, 0, 0, 0, 0, 1]",8,gMajor,Piano Sonata K570 ii Eb major.mid by Mozart.csv
36,36.0 to 36.5,9,"[1, 0, 0, 0, 1, 0, 0, 0, 0, 0, 0, 0]",6,cMajor,Piano Sonata K570 ii Eb major.mid by Mozart.csv
37,37.0 to 37.625,11,"[1, 0, 1, 1, 0, 1, 1, 0, 0, 0, 0, 0]",8,e-Minor,Piano Sonata K570 ii Eb major.mid by Mozart.csv
38,38.0 to 38.875,9,"[1, 0, 0, 0, 1, 1, 0, 1, 0, 1, 0, 0]",9,cMajor,Piano Sonata K570 ii Eb major.mid by Mozart.csv
39,39.0 to 39.75,9,"[0, 0, 0, 0, 1, 1, 0, 1, 1, 0, 0, 0]",0,cMajor,Piano Sonata K570 ii Eb major.mid by Mozart.csv
40,40.0 to 40.625,2,"[1, 0, 0, 0, 0, 1, 0, 0, 0, 1, 0, 0]",2,fMajor,Piano Sonata K570 ii Eb major.mid by Mozart.csv
41,41.0 to 41.75,11,"[1, 0, 0, 1, 0, 0, 0, 1, 0, 0, 0, 0]",3,e-Minor,Piano Sonata K570 ii Eb major.mid by Mozart.csv
42,42.0 to 42.625,12,"[1, 0, 1, 0, 0, 0, 1, 0, 0, 0, 0, 0]",8,dMajor,Piano Sonata K570 ii Eb major.mid by Mozart.csv
43,43.0 to 43.5,3,"[0, 0, 0, 0, 0, 1, 0, 0, 1, 0, 0, 1]",8,c#Major,Piano Sonata K570 ii Eb major.mid by Mozart.csv
44,44.0 to 44.5,0,"[2, 0, 0, 0, 1, 0, 0, 0, 0, 1, 0, 0]",9,cMinor,Piano Sonata K570 ii Eb major.mid by Mozart.csv
45,45.0 to 45.66666667,18,"[0, 0, 1, 0, 0, 2, 0, 0, 0, 2, 0, 0]",4,fMinor,Piano Sonata K570 ii Eb major.mid by Mozart.csv
46,46.0 to 46.875,9,"[1, 0, 1, 0, 1, 0, 0, 1, 0, 0, 0, 0]",3,cMajor,Piano Sonata K570 ii Eb major.mid by Mozart.csv
47,47.0 to 47.5,5,"[0, 0, 1, 0, 0, 0, 0, 1, 0, 0, 0, 1]",5,gMajor,Piano Sonata K570 ii Eb major.mid by Mozart.csv
48,48.0 to 48.5,0,"[2, 0, 0, 0, 1, 0, 0, 1, 0, 0, 0, 0]",6,cMajor,Piano Sonata K570 ii Eb major.mid by Mozart.csv
49,49.0 to 49.625,13,"[3, 0, 1, 0, 1, 0, 0, 2, 0, 0, 0, 0]",6,cMajor,Piano Sonata K570 ii Eb major.mid by Mozart.csv
50,50.0 to 50.83333333,0,"[2, 0, 0, 0, 1, 0, 0, 1, 0, 0, 0, 0]",6,cMajor,Piano Sonata K570 ii Eb major.mid by Mozart.csv
51,51.0 to 51.625,15,"[2, 0, 1, 0, 0, 0, 0, 1, 0, 0, 0, 1]",6,cMajor,Piano Sonata K570 ii Eb major.mid by Mozart.csv
52,52.0 to 52.5,2,"[2, 0, 0, 0, 1, 1, 0, 0, 0, 1, 0, 0]",9,fMajor,Piano Sonata K570 ii Eb major.mid by Mozart.csv
53,53.0 to 53.875,9,"[1, 0, 0, 0, 1, 1, 0, 1, 0, 1, 0, 0]",9,cMajor,Piano Sonata K570 ii Eb major.mid by Mozart.csv
54,54.0 to 54.75,9,"[1, 0, 0, 0, 1, 1, 0, 1, 0, 0, 0, 0]",6,cMajor,Piano Sonata K570 ii Eb major.mid by Mozart.csv
55,55.0 to 55.75,5,"[0, 0, 1, 0, 1, 1, 1, 1, 0, 0, 0, 1]",5,gMajor,Piano Sonata K570 ii Eb major.mid by Mozart.csv
56,56.0 to 56.0,10,"[0, 0, 0, 0, 1, 0, 0, 2, 0, 0, 0, 0]",3,cMajor,Piano Sonata K570 ii Eb major.mid by Mozart.csv
57,57.0 to 57.875,10,"[1, 0, 1, 0, 1, 0, 0, 2, 0, 0, 0, 0]",3,cMajor,Piano Sonata K570 ii Eb major.mid by Mozart.csv
58,58.0 to 58.5,1,"[1, 0, 1, 0, 1, 0, 0, 2, 0, 0, 0, 1]",3,cMajor,Piano Sonata K570 ii Eb major.mid by Mozart.csv
59,59.0 to 59.5,2,"[2, 0, 0, 0, 1, 1, 0, 0, 0, 1, 0, 0]",9,fMajor,Piano Sonata K570 ii Eb major.mid by Mozart.csv
60,60.0 to 60.875,6,"[1, 0, 2, 0, 1, 2, 0, 1, 1, 1, 0, 0]",4,fMinor,Piano Sonata K570 ii Eb major.mid by Mozart.csv
61,61.0 to 61.875,8,"[1, 1, 1, 0, 2, 1, 0, 1, 0, 0, 0, 0]",0,cMajor,Piano Sonata K570 ii Eb major.mid by Mozart.csv
62,62.0 to 62.5,4,"[1, 0, 1, 0, 0, 1, 0, 0, 0, 0, 0, 1]",8,gMajor,Piano Sonata K570 ii Eb major.mid by Mozart.csv
63,63.0 to 63.5,0,"[2, 0, 0, 0, 1, 0, 0, 0, 0, 0, 0, 0]",6,cMajor,Piano Sonata K570 ii Eb major.mid by Mozart.csv
64,64.0 to 64.75,2,"[1, 0, 1, 0, 1, 0, 0, 0, 0, 2, 0, 1]",1,cMinor,Piano Sonata K570 ii Eb major.mid by Mozart.csv
65,65.0 to 65.75,2,"[1, 0, 0, 0, 0, 0, 0, 0, 0, 2, 0, 0]",2,fMajor,Piano Sonata K570 ii Eb major.mid by Mozart.csv
66,66.0 to 66.75,3,"[1, 0, 1, 0, 1, 1, 0, 0, 2, 0, 0, 0]",8,g#Minor,Piano Sonata K570 ii Eb major.mid by Mozart.csv
67,67.0 to 67.75,4,"[0, 0, 1, 0, 0, 0, 0, 0, 1, 0, 0, 1]",8,eMajor,Piano Sonata K570 ii Eb major.mid by Mozart.csv
68,68.0 to 68.75,2,"[1, 0, 1, 0, 1, 0, 0, 0, 0, 2, 0, 1]",1,cMinor,Piano Sonata K570 ii Eb major.mid by Mozart.csv
69,69.0 to 69.75,15,"[1, 0, 1, 1, 1, 1, 0, 0, 0, 1, 0, 1]",1,fMajor,Piano Sonata K570 ii Eb major.mid by Mozart.csv
70,70.0 to 70.75,8,"[1, 0, 0, 0, 2, 0, 0, 0, 0, 1, 0, 0]",1,cMinor,Piano Sonata K570 ii Eb major.mid by Mozart.csv
71,71.0 to 71.75,15,"[1, 0, 1, 0, 1, 0, 0, 0, 1, 0, 0, 2]",8,eMajor,Piano Sonata K570 ii Eb major.mid by Mozart.csv
72,72.0 to 72.75,2,"[1, 0, 0, 0, 0, 1, 0, 0, 0, 2, 0, 0]",2,fMajor,Piano Sonata K570 ii Eb major.mid by Mozart.csv
73,73.0 to 73.75,2,"[1, 0, 0, 1, 1, 0, 0, 0, 0, 1, 0, 0]",1,cMinor,Piano Sonata K570 ii Eb major.mid by Mozart.csv
74,74.0 to 74.75,10,"[1, 0, 0, 0, 1, 0, 0, 2, 0, 0, 0, 1]",3,gMinor,Piano Sonata K570 ii Eb major.mid by Mozart.csv
75,75.0 to 75.75,14,"[0, 1, 0, 0, 1, 0, 0, 0, 0, 0, 1, 1]",0,eMajor,Piano Sonata K570 ii Eb major.mid by Mozart.csv
76,76.0 to 76.75,15,"[1, 0, 0, 1, 1, 0, 0, 1, 0, 0, 0, 2]",3,gMinor,Piano Sonata K570 ii Eb major.mid by Mozart.csv
77,77.0 to 77.75,7,"[0, 0, 0, 1, 0, 0, 1, 0, 0, 2, 0, 1]",2,bMajor,Piano Sonata K570 ii Eb major.mid by Mozart.csv
78,78.0 to 78.75,8,"[0, 0, 0, 0, 2, 0, 1, 0, 1, 0, 0, 0]",0,eMajor,Piano Sonata K570 ii Eb major.mid by Mozart.csv
79,79.0 to 79.75,7,"[1, 0, 1, 0, 0, 0, 1, 0, 1, 1, 0, 1]",8,dMajor,Piano Sonata K570 ii Eb major.mid by Mozart.csv
80,80.0 to 80.75,2,"[1, 0, 1, 0, 1, 0, 0, 0, 0, 2, 0, 1]",1,cMinor,Piano Sonata K570 ii Eb major.mid by Mozart.csv
81,81.0 to 81.75,2,"[1, 0, 0, 0, 0, 0, 0, 0, 0, 2, 0, 0]",2,fMajor,Piano Sonata K570 ii Eb major.mid by Mozart.csv
82,82.0 to 82.75,3,"[1, 0, 1, 0, 1, 1, 0, 0, 2, 0, 0, 0]",8,g#Minor,Piano Sonata K570 ii Eb major.mid by Mozart.csv
83,83.0 to 83.75,4,"[0, 0, 1, 0, 0, 0, 0, 0, 1, 0, 0, 1]",8,eMajor,Piano Sonata K570 ii Eb major.mid by Mozart.csv
84,84.0 to 84.75,2,"[1, 0, 1, 0, 1, 0, 0, 0, 0, 2, 0, 1]",1,cMinor,Piano Sonata K570 ii Eb major.mid by Mozart.csv
85,85.0 to 85.75,15,"[1, 0, 1, 1, 1, 1, 0, 0, 0, 1, 0, 1]",1,fMajor,Piano Sonata K570 ii Eb major.mid by Mozart.csv
86,86.0 to 86.75,8,"[1, 0, 0, 0, 2, 0, 0, 0, 0, 1, 0, 0]",1,cMinor,Piano Sonata K570 ii Eb major.mid by Mozart.csv
87,87.0 to 87.75,15,"[1, 0, 1, 0, 1, 0, 0, 0, 1, 0, 0, 2]",8,eMajor,Piano Sonata K570 ii Eb major.mid by Mozart.csv
88,88.0 to 88.75,2,"[1, 0, 0, 0, 0, 1, 0, 0, 0, 2, 0, 0]",2,fMajor,Piano Sonata K570 ii Eb major.mid by Mozart.csv
89,89.0 to 89.83333333,2,"[1, 0, 0, 1, 1, 0, 0, 0, 0, 1, 0, 0]",1,cMinor,Piano Sonata K570 ii Eb major.mid by Mozart.csv
90,90.0 to 90.75,10,"[1, 0, 0, 0, 1, 0, 0, 2, 0, 0, 0, 1]",3,gMinor,Piano Sonata K570 ii Eb major.mid by Mozart.csv
91,91.0 to 91.83333333,14,"[0, 1, 0, 0, 1, 0, 0, 0, 0, 0, 1, 1]",0,eMajor,Piano Sonata K570 ii Eb major.mid by Mozart.csv
92,92.0 to 92.75,15,"[1, 0, 0, 1, 1, 0, 0, 1, 0, 0, 0, 2]",3,gMinor,Piano Sonata K570 ii Eb major.mid by Mozart.csv
93,93.0 to 93.75,7,"[0, 0, 0, 1, 0, 0, 1, 0, 0, 2, 0, 1]",2,bMajor,Piano Sonata K570 ii Eb major.mid by Mozart.csv
94,94.0 to 94.75,8,"[0, 0, 0, 0, 2, 0, 1, 0, 1, 0, 0, 0]",0,eMajor,Piano Sonata K570 ii Eb major.mid by Mozart.csv
95,95.0 to 95.75,7,"[1, 0, 1, 0, 0, 0, 1, 0, 1, 1, 0, 1]",8,dMajor,Piano Sonata K570 ii Eb major.mid by Mozart.csv
96,96.0 to 96.75,8,"[0, 1, 0, 0, 2, 0, 0, 1, 0, 1, 0, 0]",0,aMajor,Piano Sonata K570 ii Eb major.mid by Mozart.csv
97,97.0 to 97.75,6,"[0, 0, 2, 0, 0, 2, 0, 0, 0, 1, 0, 0]",4,fMinor,Piano Sonata K570 ii Eb major.mid by Mozart.csv
98,98.0 to 98.75,8,"[0, 1, 0, 0, 2, 0, 0, 1, 0, 1, 0, 0]",0,aMajor,Piano Sonata K570 ii Eb major.mid by Mozart.csv
99,99.0 to 99.75,6,"[0, 0, 2, 0, 0, 2, 0, 0, 1, 1, 0, 0]",4,fMinor,Piano Sonata K570 ii Eb major.mid by Mozart.csv
100,100.0 to 100.75,19,"[0, 0, 2, 0, 0, 1, 0, 1, 0, 0, 0, 1]",5,gMajor,Piano Sonata K570 ii Eb major.mid by Mozart.csv
101,101.0 to 101.75,13,"[2, 0, 0, 0, 2, 0, 0, 1, 0, 0, 0, 0]",6,cMajor,Piano Sonata K570 ii Eb major.mid by Mozart.csv
102,102.0 to 102.75,19,"[0, 0, 2, 0, 0, 1, 0, 1, 0, 0, 0, 1]",5,gMajor,Piano Sonata K570 ii Eb major.mid by Mozart.csv
103,103.0 to 103.75,13,"[2, 0, 0, 0, 2, 0, 0, 1, 0, 0, 0, 0]",6,cMajor,Piano Sonata K570 ii Eb major.mid by Mozart.csv
104,104.0 to 104.75,16,"[0, 0, 0, 1, 1, 0, 1, 0, 0, 1, 0, 0]",1,dMajor,Piano Sonata K570 ii Eb major.mid by Mozart.csv
105,105.0 to 105.75,4,"[0, 0, 1, 0, 1, 0, 0, 0, 1, 0, 0, 1]",8,eMajor,Piano Sonata K570 ii Eb major.mid by Mozart.csv
106,106.0 to 106.75,17,"[0, 1, 1, 0, 1, 0, 0, 0, 0, 1, 0, 0]",0,aMajor,Piano Sonata K570 ii Eb major.mid by Mozart.csv
107,107.0 to 107.75,2,"[1, 0, 0, 0, 0, 1, 0, 0, 0, 2, 0, 0]",2,fMajor,Piano Sonata K570 ii Eb major.mid by Mozart.csv
108,108.0 to 108.75,6,"[0, 0, 1, 0, 0, 1, 0, 0, 0, 1, 1, 0]",4,fMinor,Piano Sonata K570 ii Eb major.mid by Mozart.csv
109,109.0 to 109.75,6,"[0, 1, 1, 0, 1, 1, 0, 0, 0, 0, 0, 0]",0,c#Major,Piano Sonata K570 ii Eb major.mid by Mozart.csv
110,110.0 to 110.75,2,"[1, 1, 1, 1, 1, 0, 0, 0, 0, 1, 0, 0]",1,aMajor,Piano Sonata K570 ii Eb major.mid by Mozart.csv
111,111.0 to 111.75,8,"[1, 0, 1, 0, 2, 0, 0, 0, 1, 0, 0, 1]",8,eMajor,Piano Sonata K570 ii Eb major.mid by Mozart.csv
112,112.0 to 112.75,2,"[1, 0, 1, 0, 1, 0, 0, 0, 0, 2, 0, 1]",1,cMinor,Piano Sonata K570 ii Eb major.mid by Mozart.csv
113,113.0 to 113.75,2,"[1, 0, 0, 0, 0, 0, 0, 0, 0, 2, 0, 0]",2,fMajor,Piano Sonata K570 ii Eb major.mid by Mozart.csv
114,114.0 to 114.75,3,"[1, 0, 1, 0, 1, 1, 0, 0, 2, 0, 0, 0]",8,g#Minor,Piano Sonata K570 ii Eb major.mid by Mozart.csv
115,115.0 to 115.75,4,"[0, 0, 1, 0, 0, 0, 0, 0, 1, 0, 0, 1]",8,eMajor,Piano Sonata K570 ii Eb major.mid by Mozart.csv
116,116.0 to 116.75,2,"[1, 0, 1, 0, 1, 0, 0, 0, 0, 2, 0, 1]",1,cMinor,Piano Sonata K570 ii Eb major.mid by Mozart.csv
117,117.0 to 117.75,15,"[1, 0, 1, 1, 1, 1, 0, 0, 0, 1, 0, 1]",1,fMajor,Piano Sonata K570 ii Eb major.mid by Mozart.csv
118,118.0 to 118.75,8,"[1, 0, 0, 0, 2, 0, 0, 0, 0, 1, 0, 0]",1,cMinor,Piano Sonata K570 ii Eb major.mid by Mozart.csv
119,119.0 to 119.75,15,"[1, 0, 1, 0, 1, 0, 0, 0, 1, 0, 0, 2]",8,eMajor,Piano Sonata K570 ii Eb major.mid by Mozart.csv
120,120.0 to 120.75,2,"[1, 0, 0, 0, 1, 0, 0, 0, 1, 1, 0, 0]",1,cMinor,Piano Sonata K570 ii Eb major.mid by Mozart.csv
121,121.0 to 121.75,2,"[1, 0, 0, 0, 1, 0, 0, 0, 0, 1, 0, 1]",1,cMinor,Piano Sonata K570 ii Eb major.mid by Mozart.csv
122,122.0 to 122.75,18,"[0, 1, 1, 0, 0, 2, 0, 0, 0, 1, 0, 0]",4,fMinor,Piano Sonata K570 ii Eb major.mid by Mozart.csv
123,123.0 to 123.75,17,"[0, 0, 0, 1, 1, 1, 0, 0, 0, 1, 0, 0]",1,fMajor,Piano Sonata K570 ii Eb major.mid by Mozart.csv
124,124.0 to 124.75,8,"[1, 0, 0, 0, 2, 1, 0, 0, 1, 1, 0, 0]",9,cMinor,Piano Sonata K570 ii Eb major.mid by Mozart.csv
125,125.0 to 125.75,12,"[0, 0, 2, 0, 1, 0, 0, 0, 1, 0, 0, 1]",8,gMajor,Piano Sonata K570 ii Eb major.mid by Mozart.csv
126,126.0 to 126.75,17,"[0, 0, 0, 0, 0, 0, 0, 0, 1, 2, 0, 0]",2,dMajor,Piano Sonata K570 ii Eb major.mid by Mozart.csv
127,127.0 to 127.75,4,"[0, 1, 1, 0, 0, 0, 0, 0, 1, 1, 0, 1]",8,c#Major,Piano Sonata K570 ii Eb major.mid by Mozart.csv
128,128.0 to 128.75,8,"[0, 1, 0, 0, 2, 0, 0, 1, 0, 1, 0, 0]",0,aMajor,Piano Sonata K570 ii Eb major.mid by Mozart.csv
129,129.0 to 129.75,6,"[0, 0, 2, 0, 0, 2, 0, 0, 0, 1, 0, 0]",4,fMinor,Piano Sonata K570 ii Eb major.mid by Mozart.csv
130,130.0 to 130.75,8,"[0, 1, 0, 0, 2, 0, 0, 1, 0, 1, 0, 0]",0,aMajor,Piano Sonata K570 ii Eb major.mid by Mozart.csv
131,131.0 to 131.75,6,"[0, 0, 2, 0, 0, 2, 0, 0, 1, 1, 0, 0]",4,fMinor,Piano Sonata K570 ii Eb major.mid by Mozart.csv
132,132.0 to 132.75,19,"[0, 0, 2, 0, 0, 1, 0, 1, 0, 0, 0, 1]",5,gMajor,Piano Sonata K570 ii Eb major.mid by Mozart.csv
133,133.0 to 133.75,13,"[2, 0, 0, 0, 2, 0, 0, 1, 0, 0, 0, 0]",6,cMajor,Piano Sonata K570 ii Eb major.mid by Mozart.csv
134,134.0 to 134.75,19,"[0, 0, 2, 0, 0, 1, 0, 1, 0, 0, 0, 1]",5,gMajor,Piano Sonata K570 ii Eb major.mid by Mozart.csv
135,135.0 to 135.75,13,"[2, 0, 0, 0, 2, 0, 0, 1, 0, 0, 0, 0]",6,cMajor,Piano Sonata K570 ii Eb major.mid by Mozart.csv
136,136.0 to 136.75,16,"[0, 0, 0, 1, 1, 0, 1, 0, 0, 1, 0, 0]",1,dMajor,Piano Sonata K570 ii Eb major.mid by Mozart.csv
137,137.0 to 137.75,4,"[0, 0, 1, 0, 1, 0, 0, 0, 1, 0, 0, 1]",8,eMajor,Piano Sonata K570 ii Eb major.mid by Mozart.csv
138,138.0 to 138.75,17,"[0, 1, 1, 0, 1, 0, 0, 0, 0, 1, 0, 0]",0,aMajor,Piano Sonata K570 ii Eb major.mid by Mozart.csv
139,139.0 to 139.75,2,"[1, 0, 0, 0, 0, 1, 0, 0, 0, 2, 0, 0]",2,fMajor,Piano Sonata K570 ii Eb major.mid by Mozart.csv
140,140.0 to 140.75,6,"[0, 0, 1, 0, 0, 1, 0, 0, 0, 1, 1, 0]",4,fMinor,Piano Sonata K570 ii Eb major.mid by Mozart.csv
141,141.0 to 141.75,6,"[0, 1, 1, 0, 1, 1, 0, 0, 0, 0, 0, 0]",0,c#Major,Piano Sonata K570 ii Eb major.mid by Mozart.csv
142,142.0 to 142.75,2,"[1, 1, 1, 1, 1, 0, 0, 0, 0, 1, 0, 0]",1,aMajor,Piano Sonata K570 ii Eb major.mid by Mozart.csv
143,143.0 to 143.75,8,"[1, 0, 1, 0, 2, 0, 0, 0, 1, 0, 0, 1]",8,eMajor,Piano Sonata K570 ii Eb major.mid by Mozart.csv
144,144.0 to 144.75,2,"[1, 0, 1, 0, 1, 0, 0, 0, 0, 2, 0, 1]",1,cMinor,Piano Sonata K570 ii Eb major.mid by Mozart.csv
145,145.0 to 145.75,2,"[1, 0, 0, 0, 0, 0, 0, 0, 0, 2, 0, 0]",2,fMajor,Piano Sonata K570 ii Eb major.mid by Mozart.csv
146,146.0 to 146.75,3,"[1, 0, 1, 0, 1, 1, 0, 0, 2, 0, 0, 0]",8,g#Minor,Piano Sonata K570 ii Eb major.mid by Mozart.csv
147,147.0 to 147.75,4,"[0, 0, 1, 0, 0, 0, 0, 0, 1, 0, 0, 1]",8,eMajor,Piano Sonata K570 ii Eb major.mid by Mozart.csv
148,148.0 to 148.75,2,"[1, 0, 1, 0, 1, 0, 0, 0, 0, 2, 0, 1]",1,cMinor,Piano Sonata K570 ii Eb major.mid by Mozart.csv
149,149.0 to 149.75,15,"[1, 0, 1, 1, 1, 1, 0, 0, 0, 1, 0, 1]",1,fMajor,Piano Sonata K570 ii Eb major.mid by Mozart.csv
150,150.0 to 150.75,8,"[1, 0, 0, 0, 2, 0, 0, 0, 0, 1, 0, 0]",1,cMinor,Piano Sonata K570 ii Eb major.mid by Mozart.csv
151,151.0 to 151.75,15,"[1, 0, 1, 0, 1, 0, 0, 0, 1, 0, 0, 2]",8,eMajor,Piano Sonata K570 ii Eb major.mid by Mozart.csv
152,152.0 to 152.75,2,"[1, 0, 0, 0, 1, 0, 0, 0, 1, 1, 0, 0]",1,cMinor,Piano Sonata K570 ii Eb major.mid by Mozart.csv
153,153.0 to 153.75,2,"[1, 0, 0, 0, 1, 0, 0, 0, 0, 1, 0, 1]",1,cMinor,Piano Sonata K570 ii Eb major.mid by Mozart.csv
154,154.0 to 154.75,18,"[0, 1, 1, 0, 0, 2, 0, 0, 0, 1, 0, 0]",4,fMinor,Piano Sonata K570 ii Eb major.mid by Mozart.csv
155,155.0 to 155.75,17,"[0, 0, 0, 1, 1, 1, 0, 0, 0, 1, 0, 0]",1,fMajor,Piano Sonata K570 ii Eb major.mid by Mozart.csv
156,156.0 to 156.75,8,"[1, 0, 0, 0, 2, 1, 0, 0, 1, 1, 0, 0]",9,cMinor,Piano Sonata K570 ii Eb major.mid by Mozart.csv
157,157.0 to 157.75,12,"[0, 0, 2, 0, 1, 0, 0, 0, 1, 0, 0, 1]",8,gMajor,Piano Sonata K570 ii Eb major.mid by Mozart.csv
158,158.0 to 158.75,17,"[0, 0, 0, 0, 0, 0, 0, 0, 1, 2, 0, 0]",2,dMajor,Piano Sonata K570 ii Eb major.mid by Mozart.csv
159,159.0 to 159.75,2,"[1, 1, 0, 1, 1, 0, 0, 0, 0, 1, 0, 0]",1,aMajor,Piano Sonata K570 ii Eb major.mid by Mozart.csv
160,160.0 to 160.75,17,"[0, 1, 0, 0, 1, 0, 0, 0, 0, 1, 1, 0]",0,aMajor,Piano Sonata K570 ii Eb major.mid by Mozart.csv
161,161.0 to 161.75,6,"[0, 1, 1, 0, 1, 1, 0, 0, 0, 1, 0, 0]",0,aMajor,Piano Sonata K570 ii Eb major.mid by Mozart.csv
162,162.0 to 162.75,6,"[0, 1, 2, 0, 0, 2, 0, 0, 0, 1, 0, 0]",4,fMinor,Piano Sonata K570 ii Eb major.mid by Mozart.csv
163,163.0 to 163.75,4,"[1, 0, 1, 1, 0, 0, 0, 0, 1, 0, 0, 1]",8,g#Major,Piano Sonata K570 ii Eb major.mid by Mozart.csv
164,164.0 to 164.75,5,"[0, 0, 1, 0, 0, 0, 1, 1, 1, 0, 0, 1]",8,gMajor,Piano Sonata K570 ii Eb major.mid by Mozart.csv
165,165.0 to 165.75,6,"[0, 1, 1, 0, 1, 1, 0, 1, 0, 0, 0, 0]",0,cMajor,Piano Sonata K570 ii Eb major.mid by Mozart.csv
166,166.0 to 166.75,5,"[1, 0, 1, 0, 0, 1, 0, 1, 0, 0, 1, 1]",5,gMajor,Piano Sonata K570 ii Eb major.mid by Mozart.csv
167,167.0 to 167.75,12,"[0, 1, 1, 1, 1, 0, 0, 0, 0, 0, 0, 0]",0,aMajor,Piano Sonata K570 ii Eb major.mid by Mozart.csv
168,168.0 to 168.75,1,"[0, 0, 1, 0, 0, 1, 1, 2, 0, 0, 0, 1]",5,gMajor,Piano Sonata K570 ii Eb major.mid by Mozart.csv
169,170.25 to 170.75,12,"[0, 1, 1, 0, 1, 0, 0, 0, 0, 0, 0, 0]",0,aMajor,Piano Sonata K570 ii Eb major.mid by Mozart.csv
170,171.0 to 171.75,16,"[0, 0, 0, 0, 1, 1, 1, 0, 0, 0, 0, 0]",0,cMajor,Piano Sonata K570 ii Eb major.mid by Mozart.csv
171,172.0 to 172.66666669999995,0,"[2, 0, 0, 0, 1, 0, 0, 1, 0, 0, 0, 0]",6,cMajor,Piano Sonata K570 ii Eb major.mid by Mozart.csv
172,173.0 to 173.75,10,"[1, 0, 1, 0, 1, 0, 0, 2, 0, 0, 0, 0]",3,cMajor,Piano Sonata K570 ii Eb major.mid by Mozart.csv
173,174.0 to 174.5,0,"[2, 0, 0, 0, 1, 0, 0, 1, 0, 0, 0, 0]",6,cMajor,Piano Sonata K570 ii Eb major.mid by Mozart.csv
174,175.0 to 175.75,15,"[2, 0, 1, 0, 0, 0, 0, 1, 0, 0, 0, 1]",6,cMajor,Piano Sonata K570 ii Eb major.mid by Mozart.csv
175,176.0 to 176.5,2,"[2, 0, 0, 0, 1, 1, 0, 0, 0, 1, 0, 0]",9,fMajor,Piano Sonata K570 ii Eb major.mid by Mozart.csv
176,177.0 to 177.75,9,"[1, 0, 0, 0, 1, 1, 0, 1, 0, 1, 0, 0]",9,cMajor,Piano Sonata K570 ii Eb major.mid by Mozart.csv
177,178.0 to 178.75,9,"[1, 0, 0, 0, 1, 1, 0, 1, 0, 0, 0, 0]",6,cMajor,Piano Sonata K570 ii Eb major.mid by Mozart.csv
178,179.0 to 179.75,5,"[0, 0, 1, 0, 1, 1, 1, 1, 0, 0, 0, 1]",5,gMajor,Piano Sonata K570 ii Eb major.mid by Mozart.csv
179,180.0 to 180.5,10,"[0, 0, 0, 0, 1, 0, 0, 2, 0, 0, 0, 0]",3,cMajor,Piano Sonata K570 ii Eb major.mid by Mozart.csv
180,181.0 to 181.75,10,"[1, 0, 1, 0, 1, 0, 0, 2, 0, 0, 0, 0]",3,cMajor,Piano Sonata K570 ii Eb major.mid by Mozart.csv
181,182.0 to 182.5,1,"[1, 0, 1, 0, 1, 0, 0, 2, 0, 0, 0, 1]",3,cMajor,Piano Sonata K570 ii Eb major.mid by Mozart.csv
182,183.0 to 183.5,2,"[2, 0, 0, 0, 1, 1, 0, 0, 0, 1, 0, 0]",9,fMajor,Piano Sonata K570 ii Eb major.mid by Mozart.csv
183,184.0 to 184.875,6,"[1, 0, 2, 0, 1, 2, 0, 1, 1, 1, 0, 0]",4,fMinor,Piano Sonata K570 ii Eb major.mid by Mozart.csv
184,185.0 to 185.875,8,"[1, 1, 1, 0, 2, 1, 0, 1, 0, 0, 0, 0]",0,cMajor,Piano Sonata K570 ii Eb major.mid by Mozart.csv
185,186.0 to 186.0,4,"[1, 0, 1, 0, 0, 1, 0, 0, 0, 0, 0, 1]",8,gMajor,Piano Sonata K570 ii Eb major.mid by Mozart.csv
186,187.0 to 187.0,0,"[2, 0, 0, 0, 1, 0, 0, 0, 0, 0, 0, 0]",6,cMajor,Piano Sonata K570 ii Eb major.mid by Mozart.csv
187,188.0 to 188.75,2,"[1, 0, 0, 0, 0, 1, 0, 0, 0, 2, 0, 0]",2,fMajor,Piano Sonata K570 ii Eb major.mid by Mozart.csv
188,189.0 to 189.75,13,"[2, 0, 0, 0, 1, 0, 0, 2, 0, 0, 2, 0]",7,cMajor,Piano Sonata K570 ii Eb major.mid by Mozart.csv
189,190.0 to 190.875,18,"[1, 0, 0, 0, 0, 2, 0, 1, 0, 2, 0, 0]",2,fMajor,Piano Sonata K570 ii Eb major.mid by Mozart.csv
190,191.0 to 191.75,0,"[2, 0, 0, 0, 1, 0, 0, 1, 0, 0, 0, 0]",6,cMajor,Piano Sonata K570 ii Eb major.mid by Mozart.csv
191,192.0 to 192.75,9,"[1, 0, 0, 0, 1, 0, 0, 1, 0, 0, 1, 0]",7,cMajor,Piano Sonata K570 ii Eb major.mid by Mozart.csv
192,193.0 to 193.75,2,"[2, 0, 1, 0, 0, 1, 0, 0, 0, 2, 1, 0]",9,fMajor,Piano Sonata K570 ii Eb major.mid by Mozart.csv
193,194.0 to 194.875,0,"[2, 0, 0, 0, 1, 0, 0, 1, 0, 1, 1, 0]",6,cMajor,Piano Sonata K570 ii Eb major.mid by Mozart.csv
194,195.0 to 195.75,2,"[1, 0, 0, 0, 0, 1, 0, 0, 0, 2, 0, 0]",2,fMajor,Piano Sonata K570 ii Eb major.mid by Mozart.csv
195,196.0 to 196.75,17,"[0, 2, 0, 0, 1, 0, 0, 1, 0, 1, 0, 0]",0,aMajor,Piano Sonata K570 ii Eb major.mid by Mozart.csv
196,197.0 to 197.75,6,"[0, 0, 2, 0, 1, 2, 1, 0, 0, 1, 0, 0]",4,fMinor,Piano Sonata K570 ii Eb major.mid by Mozart.csv
197,198.0 to 198.75,5,"[0, 0, 1, 0, 0, 1, 0, 1, 0, 0, 0, 2]",5,gMajor,Piano Sonata K570 ii Eb major.mid by Mozart.csv
198,199.0 to 199.75,13,"[2, 0, 1, 1, 2, 0, 0, 1, 0, 0, 0, 0]",6,cMajor,Piano Sonata K570 ii Eb major.mid by Mozart.csv
199,200.0 to 200.75,18,"[0, 0, 2, 0, 1, 2, 0, 0, 0, 2, 0, 0]",4,fMinor,Piano Sonata K570 ii Eb major.mid by Mozart.csv
200,201.0 to 201.75,15,"[1, 0, 1, 0, 1, 1, 0, 1, 0, 0, 0, 1]",5,cMajor,Piano Sonata K570 ii Eb major.mid by Mozart.csv
201,202.0 to 202.75,15,"[2, 0, 1, 0, 1, 0, 0, 0, 0, 0, 0, 1]",6,cMajor,Piano Sonata K570 ii Eb major.mid by Mozart.csv
202,203.0 to 203.75,5,"[1, 0, 0, 0, 0, 0, 0, 1, 0, 0, 1, 1]",7,cMajor,Piano Sonata K570 ii Eb major.mid by Mozart.csv
203,204.0 to 204.75,2,"[1, 0, 0, 0, 0, 1, 0, 0, 0, 2, 0, 0]",2,fMajor,Piano Sonata K570 ii Eb major.mid by Mozart.csv
204,205.0 to 205.75,13,"[2, 0, 0, 0, 1, 0, 0, 2, 0, 0, 2, 0]",7,cMajor,Piano Sonata K570 ii Eb major.mid by Mozart.csv
205,206.0 to 206.875,18,"[1, 0, 0, 0, 0, 2, 0, 1, 0, 2, 0, 0]",2,fMajor,Piano Sonata K570 ii Eb major.mid by Mozart.csv
206,207.0 to 207.75,0,"[2, 0, 0, 0, 1, 0, 0, 1, 0, 1, 0, 0]",6,cMajor,Piano Sonata K570 ii Eb major.mid by Mozart.csv
207,208.0 to 208.75,9,"[1, 0, 0, 0, 1, 0, 0, 1, 0, 0, 1, 0]",7,cMajor,Piano Sonata K570 ii Eb major.mid by Mozart.csv
208,209.0 to 209.75,2,"[2, 0, 1, 0, 0, 1, 0, 0, 0, 2, 1, 0]",9,fMajor,Piano Sonata K570 ii Eb major.mid by Mozart.csv
209,210.0 to 210.875,0,"[2, 0, 0, 0, 1, 0, 0, 1, 0, 1, 1, 0]",6,cMajor,Piano Sonata K570 ii Eb major.mid by Mozart.csv
210,211.0 to 211.75,2,"[1, 0, 0, 0, 0, 1, 0, 0, 0, 2, 0, 0]",2,fMajor,Piano Sonata K570 ii Eb major.mid by Mozart.csv
211,212.0 to 212.75,17,"[0, 2, 0, 0, 1, 0, 0, 1, 0, 1, 0, 0]",0,aMajor,Piano Sonata K570 ii Eb major.mid by Mozart.csv
212,213.0 to 213.75,6,"[0, 0, 2, 0, 1, 2, 1, 0, 0, 1, 0, 0]",4,fMinor,Piano Sonata K570 ii Eb major.mid by Mozart.csv
213,214.0 to 214.75,5,"[0, 0, 1, 0, 0, 1, 0, 1, 0, 0, 0, 2]",5,gMajor,Piano Sonata K570 ii Eb major.mid by Mozart.csv
214,215.0 to 215.75,13,"[2, 0, 1, 1, 2, 0, 0, 1, 0, 0, 0, 0]",6,cMajor,Piano Sonata K570 ii Eb major.mid by Mozart.csv
215,216.0 to 216.75,18,"[0, 0, 2, 0, 1, 2, 0, 0, 0, 2, 0, 0]",4,fMinor,Piano Sonata K570 ii Eb major.mid by Mozart.csv
216,217.0 to 217.75,15,"[1, 0, 1, 0, 1, 1, 0, 1, 0, 0, 0, 1]",5,cMajor,Piano Sonata K570 ii Eb major.mid by Mozart.csv
217,218.0 to 218.75,15,"[2, 0, 1, 0, 1, 0, 0, 0, 0, 0, 0, 1]",6,cMajor,Piano Sonata K570 ii Eb major.mid by Mozart.csv
218,219.0 to 219.75,5,"[1, 0, 0, 0, 0, 0, 0, 1, 0, 0, 1, 1]",7,cMajor,Piano Sonata K570 ii Eb major.mid by Mozart.csv
219,220.0 to 220.75,7,"[1, 0, 0, 1, 0, 0, 1, 0, 0, 1, 0, 0]",1,dMajor,Piano Sonata K570 ii Eb major.mid by Mozart.csv
220,221.0 to 221.75,7,"[1, 0, 1, 0, 0, 0, 1, 0, 1, 1, 1, 0]",8,dMajor,Piano Sonata K570 ii Eb major.mid by Mozart.csv
221,222.0 to 222.75,19,"[0, 0, 2, 0, 0, 1, 0, 1, 0, 0, 0, 1]",5,gMajor,Piano Sonata K570 ii Eb major.mid by Mozart.csv
222,223.0 to 223.75,16,"[1, 0, 0, 0, 1, 0, 1, 1, 0, 1, 1, 0]",7,cMajor,Piano Sonata K570 ii Eb major.mid by Mozart.csv
223,224.0 to 224.75,2,"[2, 0, 0, 1, 0, 1, 0, 0, 0, 1, 0, 0]",9,fMajor,Piano Sonata K570 ii Eb major.mid by Mozart.csv
224,225.0 to 225.75,14,"[0, 0, 1, 0, 1, 1, 0, 2, 0, 1, 2, 0]",7,b-Minor,Piano Sonata K570 ii Eb major.mid by Mozart.csv
225,226.0 to 226.75,2,"[1, 0, 0, 0, 0, 1, 0, 0, 0, 1, 0, 1]",2,fMajor,Piano Sonata K570 ii Eb major.mid by Mozart.csv
226,227.0 to 227.75,13,"[2, 0, 0, 0, 2, 0, 0, 2, 0, 0, 0, 0]",6,cMajor,Piano Sonata K570 ii Eb major.mid by Mozart.csv
227,228.0 to 228.75,18,"[0, 0, 1, 0, 0, 2, 0, 0, 0, 1, 0, 0]",4,fMinor,Piano Sonata K570 ii Eb major.mid by Mozart.csv
228,229.0 to 229.75,19,"[1, 0, 2, 0, 1, 1, 0, 1, 0, 0, 0, 1]",5,gMajor,Piano Sonata K570 ii Eb major.mid by Mozart.csv
229,230.0 to 230.75,9,"[1, 0, 0, 0, 1, 0, 0, 1, 0, 0, 1, 0]",7,cMajor,Piano Sonata K570 ii Eb major.mid by Mozart.csv
230,231.0 to 231.75,10,"[1, 0, 0, 0, 1, 1, 0, 2, 0, 1, 1, 0]",7,cMajor,Piano Sonata K570 ii Eb major.mid by Mozart.csv
231,232.0 to 232.75,18,"[0, 0, 2, 0, 0, 2, 0, 1, 0, 2, 1, 0]",4,fMinor,Piano Sonata K570 ii Eb major.mid by Mozart.csv
232,233.0 to 233.75,0,"[2, 0, 0, 0, 1, 1, 0, 1, 0, 1, 1, 0]",9,cMajor,Piano Sonata K570 ii Eb major.mid by Mozart.csv
233,234.0 to 234.75,14,"[0, 0, 0, 0, 0, 1, 0, 1, 0, 0, 1, 0]",7,e-Major,Piano Sonata K570 ii Eb major.mid by Mozart.csv
234,235.0 to 235.75,18,"[0, 0, 0, 0, 0, 2, 0, 1, 1, 2, 0, 0]",2,fMajor,Piano Sonata K570 ii Eb major.mid by Mozart.csv
235,236.0 to 236.875,7,"[1, 0, 0, 1, 0, 0, 1, 0, 0, 1, 0, 0]",1,dMajor,Piano Sonata K570 ii Eb major.mid by Mozart.csv
236,237.0 to 237.75,7,"[1, 0, 1, 0, 0, 0, 1, 0, 1, 1, 1, 0]",8,dMajor,Piano Sonata K570 ii Eb major.mid by Mozart.csv
237,238.0 to 238.75,19,"[0, 0, 2, 0, 0, 1, 0, 1, 0, 0, 0, 1]",5,gMajor,Piano Sonata K570 ii Eb major.mid by Mozart.csv
238,239.0 to 239.75,16,"[1, 0, 0, 0, 1, 0, 1, 1, 0, 1, 1, 0]",7,cMajor,Piano Sonata K570 ii Eb major.mid by Mozart.csv
239,240.0 to 240.75,2,"[2, 0, 0, 1, 0, 1, 0, 0, 0, 1, 0, 0]",9,fMajor,Piano Sonata K570 ii Eb major.mid by Mozart.csv
240,241.0 to 241.75,14,"[0, 0, 1, 0, 1, 1, 0, 2, 0, 1, 2, 0]",7,b-Minor,Piano Sonata K570 ii Eb major.mid by Mozart.csv
241,242.0 to 242.75,2,"[1, 0, 0, 0, 0, 1, 0, 0, 0, 1, 0, 1]",2,fMajor,Piano Sonata K570 ii Eb major.mid by Mozart.csv
242,243.0 to 243.75,13,"[2, 0, 0, 0, 2, 0, 0, 2, 0, 0, 0, 0]",6,cMajor,Piano Sonata K570 ii Eb major.mid by Mozart.csv
243,244.0 to 244.75,18,"[0, 0, 1, 0, 0, 2, 0, 0, 0, 1, 0, 0]",4,fMinor,Piano Sonata K570 ii Eb major.mid by Mozart.csv
244,245.0 to 245.75,19,"[1, 0, 2, 0, 1, 1, 0, 1, 0, 0, 0, 1]",5,gMajor,Piano Sonata K570 ii Eb major.mid by Mozart.csv
245,246.0 to 246.75,9,"[1, 0, 0, 0, 1, 0, 0, 1, 0, 0, 1, 0]",7,cMajor,Piano Sonata K570 ii Eb major.mid by Mozart.csv
246,247.0 to 247.75,10,"[1, 0, 0, 0, 1, 1, 0, 2, 0, 1, 1, 0]",7,cMajor,Piano Sonata K570 ii Eb major.mid by Mozart.csv
247,248.0 to 248.75,18,"[0, 0, 2, 0, 0, 2, 0, 1, 0, 2, 1, 0]",4,fMinor,Piano Sonata K570 ii Eb major.mid by Mozart.csv
248,249.0 to 249.75,0,"[2, 0, 0, 0, 1, 1, 0, 1, 0, 1, 1, 0]",9,cMajor,Piano Sonata K570 ii Eb major.mid by Mozart.csv
249,250.0 to 250.75,14,"[0, 0, 0, 0, 0, 1, 0, 1, 0, 0, 1, 0]",7,e-Major,Piano Sonata K570 ii Eb major.mid by Mozart.csv
250,251.0 to 251.75,18,"[0, 0, 0, 0, 0, 2, 0, 1, 1, 2, 0, 0]",2,fMajor,Piano Sonata K570 ii Eb major.mid by Mozart.csv
251,252.0 to 252.75,17,"[0, 1, 0, 0, 1, 0, 0, 0, 0, 1, 1, 0]",0,aMajor,Piano Sonata K570 ii Eb major.mid by Mozart.csv
252,253.0 to 253.75,17,"[0, 0, 1, 0, 0, 1, 0, 0, 0, 2, 0, 0]",2,fMinor,Piano Sonata K570 ii Eb major.mid by Mozart.csv
253,254.0 to 254.75,5,"[0, 0, 1, 0, 0, 0, 0, 1, 1, 0, 0, 1]",8,gMajor,Piano Sonata K570 ii Eb major.mid by Mozart.csv
254,255.0 to 255.75,10,"[1, 0, 0, 0, 1, 0, 0, 2, 0, 0, 0, 0]",3,cMajor,Piano Sonata K570 ii Eb major.mid by Mozart.csv
255,256.0 to 256.75,16,"[1, 0, 0, 0, 0, 0, 1, 1, 1, 0, 0, 0]",3,cMajor,Piano Sonata K570 ii Eb major.mid by Mozart.csv
256,257.0 to 257.75,0,"[2, 0, 0, 1, 0, 0, 1, 0, 1, 0, 0, 0]",6,g#Major,Piano Sonata K570 ii Eb major.mid by Mozart.csv
257,258.0 to 258.75,1,"[1, 0, 1, 0, 0, 0, 0, 2, 1, 0, 0, 1]",3,gMajor,Piano Sonata K570 ii Eb major.mid by Mozart.csv
258,259.0 to 259.75,11,"[1, 0, 0, 2, 0, 0, 1, 2, 0, 0, 0, 0]",3,e-Minor,Piano Sonata K570 ii Eb major.mid by Mozart.csv
259,260.0 to 260.75,1,"[0, 0, 1, 0, 0, 0, 0, 2, 0, 0, 0, 1]",5,gMajor,Piano Sonata K570 ii Eb major.mid by Mozart.csv
260,261.0 to 261.75,11,"[1, 0, 0, 2, 0, 0, 1, 2, 0, 0, 0, 0]",3,e-Minor,Piano Sonata K570 ii Eb major.mid by Mozart.csv
261,262.0 to 262.75,1,"[0, 0, 1, 0, 0, 0, 0, 2, 0, 0, 0, 1]",5,gMajor,Piano Sonata K570 ii Eb major.mid by Mozart.csv
262,263.0 to 263.75,1,"[0, 0, 1, 0, 0, 2, 0, 2, 0, 0, 0, 1]",5,gMajor,Piano Sonata K570 ii Eb major.mid by Mozart.csv
263,264.0 to 264.75,5,"[0, 0, 0, 0, 0, 1, 0, 1, 1, 1, 0, 1]",2,eMajor,Piano Sonata K570 ii Eb major.mid by Mozart.csv
264,265.0 to 265.75,6,"[0, 0, 1, 0, 1, 2, 0, 2, 0, 0, 0, 0]",5,cMajor,Piano Sonata K570 ii Eb major.mid by Mozart.csv
265,266.0 to 266.875,6,"[1, 0, 1, 0, 0, 1, 0, 1, 0, 0, 0, 0]",5,cMajor,Piano Sonata K570 ii Eb major.mid by Mozart.csv
266,267.0 to 267.0,5,"[0, 0, 0, 0, 0, 1, 0, 1, 0, 0, 0, 1]",5,gMajor,Piano Sonata K570 ii Eb major.mid by Mozart.csv
267,268.0 to 268.25,0,"[2, 0, 0, 0, 1, 0, 0, 1, 0, 0, 0, 0]",6,cMajor,Piano Sonata K570 ii Eb major.mid by Mozart.csv
268,269.0 to 269.75,13,"[3, 0, 1, 0, 1, 0, 0, 2, 0, 0, 0, 0]",6,cMajor,Piano Sonata K570 ii Eb major.mid by Mozart.csv
269,270.0 to 270.5,0,"[2, 0, 0, 0, 1, 0, 0, 1, 0, 0, 0, 0]",6,cMajor,Piano Sonata K570 ii Eb major.mid by Mozart.csv
270,271.0 to 271.75,15,"[2, 0, 1, 0, 0, 0, 0, 1, 0, 0, 0, 1]",6,cMajor,Piano Sonata K570 ii Eb major.mid by Mozart.csv
271,272.0 to 272.5,2,"[2, 0, 0, 0, 1, 1, 0, 0, 0, 1, 0, 0]",9,fMajor,Piano Sonata K570 ii Eb major.mid by Mozart.csv
272,273.0 to 273.75,9,"[1, 0, 0, 0, 1, 1, 0, 1, 0, 1, 0, 0]",9,cMajor,Piano Sonata K570 ii Eb major.mid by Mozart.csv
273,274.0 to 274.75,9,"[1, 0, 0, 0, 1, 1, 0, 1, 0, 0, 0, 0]",6,cMajor,Piano Sonata K570 ii Eb major.mid by Mozart.csv
274,275.0 to 275.75,5,"[0, 0, 1, 0, 1, 1, 1, 1, 0, 0, 0, 1]",5,gMajor,Piano Sonata K570 ii Eb major.mid by Mozart.csv
275,276.0 to 276.0,10,"[0, 0, 0, 0, 1, 0, 0, 2, 0, 0, 0, 0]",3,cMajor,Piano Sonata K570 ii Eb major.mid by Mozart.csv
276,277.0 to 277.5,10,"[1, 0, 1, 0, 1, 0, 0, 2, 0, 0, 0, 0]",3,cMajor,Piano Sonata K570 ii Eb major.mid by Mozart.csv
277,278.0 to 278.5,1,"[1, 0, 1, 0, 1, 0, 0, 2, 0, 0, 0, 1]",3,cMajor,Piano Sonata K570 ii Eb major.mid by Mozart.csv
278,279.0 to 279.5,2,"[2, 0, 0, 0, 1, 1, 0, 0, 0, 1, 0, 0]",9,fMajor,Piano Sonata K570 ii Eb major.mid by Mozart.csv
279,280.0 to 280.875,6,"[1, 0, 2, 0, 1, 2, 0, 1, 1, 1, 0, 0]",4,fMinor,Piano Sonata K570 ii Eb major.mid by Mozart.csv
280,281.0 to 281.875,8,"[1, 1, 1, 0, 2, 1, 0, 1, 0, 0, 0, 0]",0,cMajor,Piano Sonata K570 ii Eb major.mid by Mozart.csv
281,282.0 to 282.0,4,"[1, 0, 1, 0, 0, 1, 0, 0, 0, 0, 0, 1]",8,gMajor,Piano Sonata K570 ii Eb major.mid by Mozart.csv
282,283.0 to 283.5,0,"[2, 0, 0, 0, 1, 0, 0, 0, 0, 0, 0, 0]",6,cMajor,Piano Sonata K570 ii Eb major.mid by Mozart.csv
283,284.0 to 284.75,2,"[1, 0, 0, 0, 0, 1, 0, 0, 0, 2, 0, 1]",2,fMajor,Piano Sonata K570 ii Eb major.mid by Mozart.csv
284,285.0 to 285.75,2,"[2, 0, 0, 0, 0, 1, 0, 0, 0, 1, 0, 0]",9,fMajor,Piano Sonata K570 ii Eb major.mid by Mozart.csv
285,286.0 to 286.875,15,"[2, 0, 0, 0, 1, 0, 0, 1, 0, 1, 0, 1]",6,cMajor,Piano Sonata K570 ii Eb major.mid by Mozart.csv
286,287.0 to 287.75,10,"[1, 0, 0, 0, 1, 0, 0, 2, 0, 0, 0, 0]",3,cMajor,Piano Sonata K570 ii Eb major.mid by Mozart.csv
287,288.0 to 288.75,2,"[1, 0, 0, 0, 0, 1, 0, 0, 0, 2, 0, 1]",2,fMajor,Piano Sonata K570 ii Eb major.mid by Mozart.csv
288,289.0 to 289.75,2,"[2, 0, 0, 0, 0, 1, 0, 0, 0, 1, 0, 0]",9,fMajor,Piano Sonata K570 ii Eb major.mid by Mozart.csv
289,290.0 to 290.875,15,"[2, 0, 1, 0, 2, 0, 0, 1, 0, 1, 0, 1]",6,cMajor,Piano Sonata K570 ii Eb major.mid by Mozart.csv
290,291.0 to 291.75,10,"[1, 0, 0, 0, 1, 0, 0, 2, 0, 1, 0, 0]",3,cMajor,Piano Sonata K570 ii Eb major.mid by Mozart.csv
291,292.0 to 292.75,17,"[0, 0, 0, 0, 1, 1, 0, 0, 0, 2, 0, 0]",2,fMajor,Piano Sonata K570 ii Eb major.mid by Mozart.csv
292,293.0 to 293.75,5,"[0, 1, 1, 0, 0, 0, 0, 1, 0, 0, 0, 1]",5,gMajor,Piano Sonata K570 ii Eb major.mid by Mozart.csv
293,294.0 to 294.75,10,"[1, 0, 0, 1, 1, 0, 0, 2, 0, 0, 0, 0]",3,e-Minor,Piano Sonata K570 ii Eb major.mid by Mozart.csv
294,295.0 to 295.75,15,"[1, 0, 0, 0, 1, 0, 0, 1, 0, 0, 0, 1]",3,cMajor,Piano Sonata K570 ii Eb major.mid by Mozart.csv
295,296.0 to 296.75,18,"[0, 1, 1, 0, 0, 2, 0, 0, 0, 1, 0, 0]",4,fMinor,Piano Sonata K570 ii Eb major.mid by Mozart.csv
296,297.0 to 297.75,2,"[1, 0, 0, 0, 0, 1, 0, 1, 1, 1, 0, 1]",2,fMajor,Piano Sonata K570 ii Eb major.mid by Mozart.csv
297,298.0 to 298.75,3,"[0, 0, 1, 0, 0, 1, 0, 0, 1, 0, 0, 0]",8,c#Major,Piano Sonata K570 ii Eb major.mid by Mozart.csv
298,299.0 to 299.0,2,"[1, 0, 0, 0, 1, 0, 0, 0, 0, 1, 0, 0]",1,cMinor,Piano Sonata K570 ii Eb major.mid by Mozart.csv
299,300.0 to 300.75,7,"[1, 0, 1, 0, 0, 0, 1, 0, 0, 1, 0, 0]",1,dMajor,Piano Sonata K570 ii Eb major.mid by Mozart.csv
300,301.0 to 301.75,7,"[1, 0, 1, 0, 0, 0, 1, 1, 0, 2, 0, 1]",2,dMajor,Piano Sonata K570 ii Eb major.mid by Mozart.csv
301,302.0 to 302.75,5,"[0, 0, 1, 0, 0, 1, 0, 1, 0, 0, 0, 1]",5,gMajor,Piano Sonata K570 ii Eb major.mid by Mozart.csv
302,303.0 to 303.75,19,"[1, 0, 2, 0, 1, 1, 0, 1, 0, 0, 0, 1]",5,gMajor,Piano Sonata K570 ii Eb major.mid by Mozart.csv
303,304.0 to 304.75,2,"[2, 0, 1, 0, 2, 1, 0, 0, 0, 2, 0, 0]",9,cMinor,Piano Sonata K570 ii Eb major.mid by Mozart.csv
304,305.0 to 305.75,1,"[1, 0, 1, 0, 1, 1, 0, 2, 0, 0, 0, 1]",3,cMajor,Piano Sonata K570 ii Eb major.mid by Mozart.csv
305,306.0 to 306.75,0,"[2, 0, 0, 0, 1, 0, 0, 1, 0, 0, 0, 0]",6,cMajor,Piano Sonata K570 ii Eb major.mid by Mozart.csv
306,307.0 to 307.75,5,"[0, 0, 1, 0, 0, 1, 0, 1, 0, 0, 0, 1]",5,gMajor,Piano Sonata K570 ii Eb major.mid by Mozart.csv
307,308.0 to 308.75,10,"[1, 0, 0, 0, 1, 0, 0, 2, 0, 0, 0, 0]",3,cMajor,Piano Sonata K570 ii Eb major.mid by Mozart.csv
308,309.0 to 309.75,5,"[0, 0, 1, 0, 0, 1, 0, 1, 0, 0, 0, 1]",5,gMajor,Piano Sonata K570 ii Eb major.mid by Mozart.csv
309,310.0 to 310.75,0,"[2, 0, 0, 0, 1, 0, 0, 1, 0, 0, 0, 0]",6,cMajor,Piano Sonata K570 ii Eb major.mid by Mozart.csv
310,311.0 to 311.75,5,"[0, 0, 1, 0, 0, 1, 0, 1, 0, 0, 0, 1]",5,gMajor,Piano Sonata K570 ii Eb major.mid by Mozart.csv
311,312.0 to 312.0,10,"[0, 0, 1, 0, 0, 1, 0, 2, 0, 0, 0, 0]",5,gMajor,Piano Sonata K570 ii Eb major.mid by Mozart.csv
312,314.0 to 314.0,0,"[2, 0, 0, 0, 1, 0, 0, 0, 0, 0, 0, 0]",6,cMajor,Piano Sonata K570 ii Eb major.mid by Mozart.csv
