index,offsetRange,CentroidLabelIndex_entireUnits,"[C,C#,D,E-,E,F,F#,G,G#,A,B-,B]",CentroidLabelIndex_individualUnit,triadLabel,filename
0,3.5 to 3.5,9,"[0, 0, 0, 0, 0, 0, 0, 1, 0, 0, 0, 0]",5,cMajor,Piano Sonata K309 iii C major.mid by Mozart.csv
1,4.0 to 4.75,13,"[2, 0, 1, 0, 2, 1, 0, 1, 0, 0, 0, 0]",1,cMajor,Piano Sonata K309 iii C major.mid by Mozart.csv
2,5.0 to 5.833333333,0,"[2, 0, 0, 0, 1, 0, 0, 1, 0, 0, 0, 0]",1,cMajor,Piano Sonata K309 iii C major.mid by Mozart.csv
3,6.0 to 6.875,0,"[2, 0, 0, 0, 1, 0, 0, 1, 0, 0, 0, 0]",1,cMajor,Piano Sonata K309 iii C major.mid by Mozart.csv
4,7.0 to 7.833333333,0,"[2, 0, 0, 0, 1, 0, 0, 1, 0, 0, 0, 0]",1,cMajor,Piano Sonata K309 iii C major.mid by Mozart.csv
5,8.0 to 8.75,18,"[1, 0, 0, 0, 0, 2, 0, 1, 0, 2, 0, 1]",9,fMajor,Piano Sonata K309 iii C major.mid by Mozart.csv
6,9.0 to 9.833333332999999,18,"[1, 0, 0, 0, 0, 2, 0, 0, 0, 1, 0, 0]",9,fMajor,Piano Sonata K309 iii C major.mid by Mozart.csv
7,10.0 to 10.875,18,"[1, 0, 0, 0, 0, 2, 0, 0, 0, 1, 0, 0]",9,fMajor,Piano Sonata K309 iii C major.mid by Mozart.csv
8,11.0 to 11.83333333,2,"[1, 0, 0, 0, 0, 1, 0, 0, 0, 2, 0, 0]",9,fMajor,Piano Sonata K309 iii C major.mid by Mozart.csv
9,12.0 to 12.75,13,"[1, 0, 0, 0, 2, 1, 0, 2, 0, 1, 0, 0]",8,cMajor,Piano Sonata K309 iii C major.mid by Mozart.csv
10,13.0 to 13.83333333,13,"[1, 0, 0, 0, 2, 0, 0, 2, 0, 0, 0, 0]",8,cMajor,Piano Sonata K309 iii C major.mid by Mozart.csv
11,14.0 to 14.75,19,"[0, 0, 2, 0, 1, 1, 0, 2, 0, 0, 0, 1]",2,gMajor,Piano Sonata K309 iii C major.mid by Mozart.csv
12,15.0 to 15.83333333,19,"[0, 0, 2, 0, 0, 1, 0, 1, 0, 0, 0, 1]",6,gMajor,Piano Sonata K309 iii C major.mid by Mozart.csv
13,16.0 to 16.83333333,13,"[2, 0, 1, 0, 2, 1, 0, 1, 0, 0, 0, 0]",1,cMajor,Piano Sonata K309 iii C major.mid by Mozart.csv
14,17.0 to 17.5,15,"[2, 0, 1, 0, 1, 1, 0, 0, 0, 0, 0, 1]",7,cMajor,Piano Sonata K309 iii C major.mid by Mozart.csv
15,18.0 to 18.66666667,9,"[1, 0, 0, 0, 1, 0, 0, 1, 0, 0, 0, 0]",5,cMajor,Piano Sonata K309 iii C major.mid by Mozart.csv
16,19.0 to 19.5,1,"[0, 0, 1, 0, 0, 0, 0, 2, 0, 0, 0, 1]",2,gMajor,Piano Sonata K309 iii C major.mid by Mozart.csv
17,20.0 to 20.75,13,"[2, 0, 1, 0, 2, 1, 0, 1, 0, 0, 0, 0]",1,cMajor,Piano Sonata K309 iii C major.mid by Mozart.csv
18,21.0 to 21.83333333,0,"[2, 0, 0, 0, 1, 0, 0, 1, 0, 0, 0, 0]",1,cMajor,Piano Sonata K309 iii C major.mid by Mozart.csv
19,22.0 to 22.875,15,"[2, 0, 1, 0, 1, 0, 0, 1, 0, 0, 0, 1]",7,cMajor,Piano Sonata K309 iii C major.mid by Mozart.csv
20,23.0 to 23.83333333,0,"[3, 0, 0, 0, 1, 0, 0, 1, 0, 0, 0, 0]",1,cMajor,Piano Sonata K309 iii C major.mid by Mozart.csv
21,24.0 to 24.75,18,"[1, 0, 0, 0, 0, 2, 0, 1, 0, 2, 0, 1]",9,fMajor,Piano Sonata K309 iii C major.mid by Mozart.csv
22,25.0 to 25.83333333,18,"[1, 0, 0, 0, 0, 2, 0, 0, 0, 1, 0, 0]",9,fMajor,Piano Sonata K309 iii C major.mid by Mozart.csv
23,26.0 to 26.875,18,"[1, 0, 0, 0, 1, 2, 0, 1, 0, 1, 0, 0]",9,fMajor,Piano Sonata K309 iii C major.mid by Mozart.csv
24,27.0 to 27.83333333,18,"[1, 0, 0, 0, 0, 2, 0, 0, 0, 2, 0, 0]",9,fMajor,Piano Sonata K309 iii C major.mid by Mozart.csv
25,28.0 to 28.75,13,"[1, 0, 0, 0, 2, 1, 0, 2, 0, 1, 0, 0]",8,cMajor,Piano Sonata K309 iii C major.mid by Mozart.csv
26,29.0 to 29.83333333,8,"[0, 1, 0, 0, 2, 0, 0, 1, 0, 1, 0, 0]",4,aMajor,Piano Sonata K309 iii C major.mid by Mozart.csv
27,30.0 to 30.75,6,"[0, 0, 2, 0, 1, 2, 0, 1, 0, 1, 0, 0]",3,fMinor,Piano Sonata K309 iii C major.mid by Mozart.csv
28,31.0 to 31.83333333,6,"[1, 0, 2, 0, 0, 1, 0, 0, 0, 1, 0, 0]",3,fMinor,Piano Sonata K309 iii C major.mid by Mozart.csv
29,32.0 to 32.83333333,6,"[1, 0, 2, 0, 1, 2, 0, 1, 0, 0, 0, 0]",3,b-Major,Piano Sonata K309 iii C major.mid by Mozart.csv
30,33.0 to 33.66666667,15,"[1, 0, 1, 0, 1, 0, 0, 1, 0, 0, 0, 1]",7,cMajor,Piano Sonata K309 iii C major.mid by Mozart.csv
31,34.0 to 34.75,13,"[1, 0, 0, 0, 2, 1, 0, 2, 0, 1, 0, 0]",8,cMajor,Piano Sonata K309 iii C major.mid by Mozart.csv
32,35.0 to 35.75,17,"[0, 2, 0, 0, 2, 0, 0, 1, 0, 2, 0, 0]",4,aMajor,Piano Sonata K309 iii C major.mid by Mozart.csv
33,36.0 to 36.75,6,"[0, 0, 2, 0, 1, 2, 0, 1, 0, 1, 0, 0]",3,fMinor,Piano Sonata K309 iii C major.mid by Mozart.csv
34,37.0 to 37.75,19,"[0, 0, 2, 0, 0, 1, 0, 2, 0, 0, 0, 2]",2,gMajor,Piano Sonata K309 iii C major.mid by Mozart.csv
35,38.0 to 38.83333333,18,"[1, 0, 1, 0, 1, 2, 0, 1, 0, 1, 0, 0]",3,fMajor,Piano Sonata K309 iii C major.mid by Mozart.csv
36,39.0 to 39.83333333,1,"[1, 0, 1, 0, 1, 1, 0, 2, 0, 0, 0, 1]",8,cMajor,Piano Sonata K309 iii C major.mid by Mozart.csv
37,40.0 to 40.5,0,"[2, 0, 0, 0, 0, 0, 0, 2, 0, 0, 0, 0]",8,cMajor,Piano Sonata K309 iii C major.mid by Mozart.csv
38,41.0 to 41.83333333,13,"[4, 0, 0, 0, 3, 0, 0, 1, 0, 0, 0, 0]",1,cMajor,Piano Sonata K309 iii C major.mid by Mozart.csv
39,42.0 to 42.66666667,10,"[1, 0, 0, 0, 1, 0, 0, 2, 0, 0, 0, 0]",8,cMajor,Piano Sonata K309 iii C major.mid by Mozart.csv
40,43.0 to 43.83333333,9,"[1, 0, 1, 0, 1, 0, 0, 1, 0, 0, 0, 0]",7,cMajor,Piano Sonata K309 iii C major.mid by Mozart.csv
41,44.0 to 44.5,13,"[2, 0, 0, 0, 1, 0, 0, 2, 0, 0, 0, 0]",8,cMajor,Piano Sonata K309 iii C major.mid by Mozart.csv
42,45.0 to 45.83333333,13,"[4, 0, 0, 0, 4, 0, 0, 1, 0, 0, 0, 0]",1,cMajor,Piano Sonata K309 iii C major.mid by Mozart.csv
43,46.0 to 46.66666667,10,"[1, 0, 0, 0, 1, 0, 0, 2, 0, 0, 0, 0]",8,cMajor,Piano Sonata K309 iii C major.mid by Mozart.csv
44,47.0 to 47.83333333,10,"[1, 0, 1, 0, 1, 1, 0, 2, 0, 0, 0, 0]",8,cMajor,Piano Sonata K309 iii C major.mid by Mozart.csv
45,48.0 to 48.5,13,"[2, 0, 0, 0, 1, 0, 0, 2, 0, 0, 0, 0]",8,cMajor,Piano Sonata K309 iii C major.mid by Mozart.csv
46,49.0 to 49.83333333,13,"[4, 0, 0, 0, 3, 0, 0, 1, 0, 0, 0, 0]",1,cMajor,Piano Sonata K309 iii C major.mid by Mozart.csv
47,50.0 to 50.625,3,"[0, 0, 0, 0, 0, 1, 0, 0, 1, 1, 0, 0]",9,c#Major,Piano Sonata K309 iii C major.mid by Mozart.csv
48,51.0 to 51.625,16,"[0, 0, 0, 0, 1, 0, 1, 1, 0, 0, 0, 0]",5,cMajor,Piano Sonata K309 iii C major.mid by Mozart.csv
49,52.0 to 52.625,17,"[0, 0, 0, 0, 1, 1, 0, 0, 0, 1, 0, 0]",5,fMajor,Piano Sonata K309 iii C major.mid by Mozart.csv
50,53.0 to 53.625,9,"[0, 0, 0, 1, 1, 0, 0, 1, 0, 0, 0, 0]",5,cMajor,Piano Sonata K309 iii C major.mid by Mozart.csv
51,54.0 to 54.75,18,"[0, 1, 1, 0, 0, 2, 0, 0, 0, 2, 0, 0]",9,fMinor,Piano Sonata K309 iii C major.mid by Mozart.csv
52,55.0 to 55.83333333,18,"[0, 0, 1, 0, 1, 3, 0, 1, 0, 0, 0, 0]",3,b-Major,Piano Sonata K309 iii C major.mid by Mozart.csv
53,56.0 to 56.5,15,"[1, 0, 1, 0, 1, 0, 0, 0, 0, 0, 0, 1]",7,eMajor,Piano Sonata K309 iii C major.mid by Mozart.csv
54,57.0 to 57.75,0,"[2, 0, 0, 0, 1, 0, 0, 1, 0, 0, 0, 0]",1,cMajor,Piano Sonata K309 iii C major.mid by Mozart.csv
55,58.0 to 58.75,13,"[2, 0, 0, 0, 2, 0, 0, 2, 0, 0, 0, 0]",1,cMajor,Piano Sonata K309 iii C major.mid by Mozart.csv
56,59.0 to 59.83333333,9,"[1, 0, 1, 0, 1, 0, 0, 1, 0, 0, 0, 0]",7,cMajor,Piano Sonata K309 iii C major.mid by Mozart.csv
57,60.0 to 60.5,0,"[3, 0, 0, 0, 1, 0, 0, 0, 0, 0, 0, 0]",1,cMajor,Piano Sonata K309 iii C major.mid by Mozart.csv
58,61.0 to 61.75,13,"[2, 0, 0, 0, 2, 0, 0, 1, 0, 0, 0, 0]",1,cMajor,Piano Sonata K309 iii C major.mid by Mozart.csv
59,62.0 to 62.75,13,"[2, 0, 0, 0, 2, 0, 0, 2, 0, 0, 0, 0]",1,cMajor,Piano Sonata K309 iii C major.mid by Mozart.csv
60,63.0 to 63.83333333,10,"[1, 0, 1, 0, 1, 1, 0, 2, 0, 0, 0, 0]",8,cMajor,Piano Sonata K309 iii C major.mid by Mozart.csv
61,64.0 to 64.5,0,"[3, 0, 0, 0, 1, 0, 0, 0, 0, 0, 0, 0]",1,cMajor,Piano Sonata K309 iii C major.mid by Mozart.csv
62,65.0 to 65.75,0,"[2, 0, 0, 0, 1, 0, 0, 1, 0, 0, 0, 0]",1,cMajor,Piano Sonata K309 iii C major.mid by Mozart.csv
63,66.0 to 66.875,3,"[1, 0, 0, 0, 0, 0, 0, 0, 1, 1, 0, 0]",5,fMajor,Piano Sonata K309 iii C major.mid by Mozart.csv
64,67.0 to 67.83333333,16,"[1, 0, 0, 0, 0, 0, 1, 1, 0, 0, 0, 0]",5,cMajor,Piano Sonata K309 iii C major.mid by Mozart.csv
65,68.0 to 68.875,9,"[1, 0, 0, 0, 1, 1, 0, 0, 0, 0, 0, 0]",5,cMajor,Piano Sonata K309 iii C major.mid by Mozart.csv
66,69.0 to 69.83333333,9,"[1, 0, 0, 1, 1, 0, 0, 0, 0, 0, 0, 0]",5,cMajor,Piano Sonata K309 iii C major.mid by Mozart.csv
67,70.0 to 70.875,2,"[2, 0, 0, 0, 1, 1, 0, 0, 0, 1, 0, 0]",1,fMajor,Piano Sonata K309 iii C major.mid by Mozart.csv
68,71.0 to 71.83333333,9,"[1, 0, 0, 1, 1, 0, 0, 1, 0, 1, 0, 0]",5,e-Minor,Piano Sonata K309 iii C major.mid by Mozart.csv
69,72.0 to 72.875,6,"[1, 1, 1, 0, 0, 1, 0, 1, 0, 0, 0, 0]",3,cMajor,Piano Sonata K309 iii C major.mid by Mozart.csv
70,73.0 to 73.83333333,15,"[2, 0, 0, 0, 1, 1, 0, 0, 0, 0, 0, 1]",7,cMajor,Piano Sonata K309 iii C major.mid by Mozart.csv
71,74.0 to 74.875,6,"[0, 1, 1, 0, 1, 1, 0, 0, 0, 1, 0, 0]",3,aMajor,Piano Sonata K309 iii C major.mid by Mozart.csv
72,75.0 to 75.75,18,"[0, 0, 0, 0, 1, 2, 0, 1, 0, 1, 0, 0]",9,fMajor,Piano Sonata K309 iii C major.mid by Mozart.csv
73,76.0 to 76.75,17,"[0, 0, 0, 0, 0, 1, 0, 0, 1, 2, 0, 1]",9,fMajor,Piano Sonata K309 iii C major.mid by Mozart.csv
74,77.0 to 77.75,2,"[1, 0, 0, 0, 1, 0, 1, 0, 0, 1, 0, 0]",5,cMinor,Piano Sonata K309 iii C major.mid by Mozart.csv
75,78.0 to 78.66666667,10,"[1, 0, 0, 0, 0, 0, 0, 2, 0, 0, 0, 0]",8,cMajor,Piano Sonata K309 iii C major.mid by Mozart.csv
76,79.0 to 79.875,10,"[1, 0, 0, 0, 1, 1, 1, 2, 0, 1, 0, 0]",8,cMajor,Piano Sonata K309 iii C major.mid by Mozart.csv
77,80.0 to 80.5,1,"[0, 0, 1, 0, 0, 0, 0, 2, 0, 0, 0, 2]",2,gMajor,Piano Sonata K309 iii C major.mid by Mozart.csv
78,81.0 to 81.5,7,"[1, 0, 1, 0, 0, 0, 1, 0, 0, 1, 0, 0]",0,dMajor,Piano Sonata K309 iii C major.mid by Mozart.csv
79,82.0 to 82.875,15,"[1, 0, 1, 0, 1, 0, 0, 1, 0, 1, 0, 2]",7,gMajor,Piano Sonata K309 iii C major.mid by Mozart.csv
80,83.0 to 83.875,16,"[1, 0, 0, 0, 0, 0, 1, 1, 0, 1, 0, 1]",5,dMajor,Piano Sonata K309 iii C major.mid by Mozart.csv
81,84.0 to 84.875,16,"[0, 0, 0, 1, 1, 0, 1, 1, 0, 1, 0, 0]",5,bMajor,Piano Sonata K309 iii C major.mid by Mozart.csv
82,85.0 to 85.875,15,"[1, 0, 1, 0, 1, 0, 1, 0, 0, 0, 0, 1]",7,dMinor,Piano Sonata K309 iii C major.mid by Mozart.csv
83,86.0 to 86.875,8,"[1, 0, 1, 0, 2, 0, 0, 1, 0, 1, 0, 0]",7,cMajor,Piano Sonata K309 iii C major.mid by Mozart.csv
84,87.0 to 87.83333333,9,"[1, 0, 0, 0, 1, 0, 0, 1, 0, 1, 0, 0]",5,cMajor,Piano Sonata K309 iii C major.mid by Mozart.csv
85,88.0 to 88.875,11,"[1, 0, 1, 2, 0, 0, 0, 1, 0, 1, 0, 0]",0,e-Minor,Piano Sonata K309 iii C major.mid by Mozart.csv
86,89.0 to 89.83333333,11,"[1, 0, 0, 1, 0, 0, 0, 1, 0, 1, 0, 0]",5,e-Minor,Piano Sonata K309 iii C major.mid by Mozart.csv
87,90.0 to 90.875,7,"[1, 0, 2, 0, 0, 0, 1, 0, 1, 2, 0, 1]",0,dMajor,Piano Sonata K309 iii C major.mid by Mozart.csv
88,91.0 to 91.875,5,"[0, 0, 0, 0, 0, 1, 1, 1, 0, 1, 0, 1]",5,dMajor,Piano Sonata K309 iii C major.mid by Mozart.csv
89,92.0 to 92.875,16,"[0, 1, 1, 0, 1, 0, 1, 1, 0, 0, 0, 0]",4,aMajor,Piano Sonata K309 iii C major.mid by Mozart.csv
90,93.0 to 93.875,15,"[1, 0, 1, 0, 1, 0, 0, 0, 0, 1, 0, 1]",7,cMinor,Piano Sonata K309 iii C major.mid by Mozart.csv
91,94.0 to 94.875,19,"[1, 0, 2, 0, 0, 0, 0, 1, 0, 0, 0, 1]",6,gMajor,Piano Sonata K309 iii C major.mid by Mozart.csv
92,95.0 to 95.83333333,5,"[0, 0, 1, 0, 0, 0, 0, 1, 0, 0, 0, 1]",6,gMajor,Piano Sonata K309 iii C major.mid by Mozart.csv
93,96.0 to 96.875,19,"[1, 0, 2, 0, 0, 0, 0, 1, 0, 0, 0, 1]",6,gMajor,Piano Sonata K309 iii C major.mid by Mozart.csv
94,97.0 to 97.83333333,19,"[0, 0, 2, 0, 0, 0, 0, 1, 0, 0, 0, 1]",6,gMajor,Piano Sonata K309 iii C major.mid by Mozart.csv
95,98.0 to 98.875,1,"[1, 0, 1, 0, 0, 0, 0, 2, 0, 1, 0, 2]",2,gMajor,Piano Sonata K309 iii C major.mid by Mozart.csv
96,99.0 to 99.875,16,"[0, 0, 0, 1, 0, 0, 1, 1, 0, 1, 0, 1]",5,bMajor,Piano Sonata K309 iii C major.mid by Mozart.csv
97,100.0 to 100.875,13,"[2, 0, 1, 0, 1, 0, 1, 2, 0, 0, 0, 0]",8,cMajor,Piano Sonata K309 iii C major.mid by Mozart.csv
98,101.0 to 101.875,15,"[1, 0, 1, 0, 1, 0, 0, 0, 1, 0, 0, 1]",7,eMajor,Piano Sonata K309 iii C major.mid by Mozart.csv
99,102.0 to 102.875,7,"[2, 0, 0, 0, 0, 0, 2, 2, 0, 2, 0, 2]",0,dMajor,Piano Sonata K309 iii C major.mid by Mozart.csv
100,103.0 to 103.875,16,"[0, 2, 0, 0, 2, 0, 2, 2, 0, 2, 0, 0]",4,aMajor,Piano Sonata K309 iii C major.mid by Mozart.csv
101,104.0 to 104.875,12,"[0, 2, 2, 0, 2, 0, 0, 0, 0, 0, 0, 0]",4,aMajor,Piano Sonata K309 iii C major.mid by Mozart.csv
102,105.0 to 105.875,12,"[0, 2, 2, 0, 2, 0, 0, 0, 0, 0, 0, 0]",4,aMajor,Piano Sonata K309 iii C major.mid by Mozart.csv
103,106.0 to 106.5,12,"[1, 0, 2, 0, 0, 0, 0, 0, 0, 0, 0, 0]",6,dMajor,Piano Sonata K309 iii C major.mid by Mozart.csv
104,107.0 to 107.5,9,"[1, 0, 0, 0, 0, 0, 0, 0, 0, 0, 0, 0]",5,cMajor,Piano Sonata K309 iii C major.mid by Mozart.csv
105,108.0 to 108.8333333,7,"[2, 0, 1, 1, 0, 0, 1, 0, 0, 1, 0, 0]",0,dMajor,Piano Sonata K309 iii C major.mid by Mozart.csv
106,109.0 to 109.8333333,7,"[1, 0, 1, 1, 0, 0, 1, 0, 0, 1, 0, 0]",0,dMajor,Piano Sonata K309 iii C major.mid by Mozart.csv
107,110.0 to 110.8333333,7,"[1, 0, 1, 1, 0, 0, 1, 0, 0, 2, 0, 0]",0,dMajor,Piano Sonata K309 iii C major.mid by Mozart.csv
108,111.0 to 111.8333333,7,"[0, 0, 1, 1, 0, 0, 2, 0, 0, 1, 0, 0]",0,dMajor,Piano Sonata K309 iii C major.mid by Mozart.csv
109,112.0 to 112.8333333,7,"[2, 0, 1, 1, 0, 0, 1, 0, 0, 1, 0, 0]",0,dMajor,Piano Sonata K309 iii C major.mid by Mozart.csv
110,113.0 to 113.8333333,7,"[1, 0, 1, 1, 0, 0, 1, 0, 0, 1, 0, 0]",0,dMajor,Piano Sonata K309 iii C major.mid by Mozart.csv
111,114.0 to 114.8333333,7,"[1, 0, 1, 1, 0, 0, 1, 0, 0, 2, 0, 0]",0,dMajor,Piano Sonata K309 iii C major.mid by Mozart.csv
112,115.0 to 115.8333333,7,"[0, 0, 1, 1, 0, 0, 2, 0, 0, 1, 0, 0]",0,dMajor,Piano Sonata K309 iii C major.mid by Mozart.csv
113,116.0 to 116.875,7,"[1, 0, 1, 1, 0, 0, 1, 0, 0, 2, 0, 0]",0,dMajor,Piano Sonata K309 iii C major.mid by Mozart.csv
114,117.0 to 117.8333333,7,"[1, 0, 1, 0, 0, 0, 2, 0, 0, 1, 0, 0]",0,dMajor,Piano Sonata K309 iii C major.mid by Mozart.csv
115,118.0 to 118.875,19,"[0, 0, 2, 0, 0, 0, 0, 1, 0, 0, 0, 1]",6,gMajor,Piano Sonata K309 iii C major.mid by Mozart.csv
116,119.0 to 119.875,19,"[1, 0, 2, 0, 0, 0, 1, 1, 0, 0, 0, 1]",6,gMajor,Piano Sonata K309 iii C major.mid by Mozart.csv
117,120.0 to 120.875,19,"[0, 0, 2, 0, 0, 0, 0, 1, 0, 0, 0, 1]",6,gMajor,Piano Sonata K309 iii C major.mid by Mozart.csv
118,121.0 to 121.875,19,"[1, 0, 2, 0, 0, 0, 1, 1, 0, 0, 0, 1]",6,gMajor,Piano Sonata K309 iii C major.mid by Mozart.csv
119,122.0 to 122.875,19,"[0, 0, 2, 0, 0, 0, 0, 1, 0, 0, 0, 1]",6,gMajor,Piano Sonata K309 iii C major.mid by Mozart.csv
120,123.0 to 123.875,19,"[1, 0, 2, 0, 0, 0, 1, 1, 0, 0, 0, 1]",6,gMajor,Piano Sonata K309 iii C major.mid by Mozart.csv
121,124.0 to 124.875,19,"[0, 0, 2, 0, 0, 0, 0, 1, 0, 0, 0, 1]",6,gMajor,Piano Sonata K309 iii C major.mid by Mozart.csv
122,125.0 to 125.875,19,"[1, 0, 2, 0, 0, 0, 1, 1, 0, 0, 0, 1]",6,gMajor,Piano Sonata K309 iii C major.mid by Mozart.csv
123,126.0 to 126.75,19,"[1, 0, 2, 0, 0, 0, 0, 1, 0, 1, 0, 2]",6,gMajor,Piano Sonata K309 iii C major.mid by Mozart.csv
124,127.0 to 127.75,16,"[0, 0, 1, 0, 1, 0, 1, 1, 0, 0, 0, 0]",5,cMajor,Piano Sonata K309 iii C major.mid by Mozart.csv
125,128.0 to 128.75,15,"[2, 0, 1, 0, 2, 0, 0, 0, 0, 1, 0, 1]",7,cMinor,Piano Sonata K309 iii C major.mid by Mozart.csv
126,129.0 to 129.75,16,"[0, 0, 0, 0, 1, 0, 1, 1, 0, 1, 0, 0]",5,cMajor,Piano Sonata K309 iii C major.mid by Mozart.csv
127,130.0 to 130.0,12,"[0, 0, 3, 0, 0, 0, 0, 0, 0, 0, 0, 0]",6,dMajor,Piano Sonata K309 iii C major.mid by Mozart.csv
128,131.0 to 131.0,11,"[1, 0, 0, 2, 0, 0, 1, 0, 0, 1, 0, 0]",0,g#Major,Piano Sonata K309 iii C major.mid by Mozart.csv
129,132.0 to 132.0,10,"[0, 0, 0, 0, 2, 0, 0, 2, 0, 0, 0, 1]",8,gMinor,Piano Sonata K309 iii C major.mid by Mozart.csv
130,134.0 to 134.75,17,"[0, 1, 0, 0, 1, 0, 0, 1, 0, 2, 0, 0]",4,aMajor,Piano Sonata K309 iii C major.mid by Mozart.csv
131,135.0 to 135.83333330000002,8,"[0, 1, 0, 0, 2, 0, 1, 1, 0, 1, 0, 0]",4,aMajor,Piano Sonata K309 iii C major.mid by Mozart.csv
132,136.0 to 136.66666669999998,19,"[0, 0, 2, 0, 0, 0, 0, 1, 0, 0, 0, 1]",6,gMajor,Piano Sonata K309 iii C major.mid by Mozart.csv
133,137.0 to 137.83333330000002,19,"[0, 1, 2, 0, 0, 0, 0, 1, 0, 0, 0, 1]",6,gMajor,Piano Sonata K309 iii C major.mid by Mozart.csv
134,138.0 to 138.75,7,"[1, 0, 2, 0, 0, 0, 1, 0, 0, 1, 0, 0]",0,dMajor,Piano Sonata K309 iii C major.mid by Mozart.csv
135,139.0 to 139.83333330000002,7,"[1, 0, 1, 0, 0, 0, 1, 0, 0, 1, 0, 1]",0,dMajor,Piano Sonata K309 iii C major.mid by Mozart.csv
136,140.0 to 140.875,12,"[0, 0, 2, 0, 0, 0, 0, 0, 0, 0, 0, 0]",6,dMajor,Piano Sonata K309 iii C major.mid by Mozart.csv
137,141.0 to 141.875,12,"[1, 0, 2, 0, 0, 0, 1, 1, 0, 0, 1, 0]",6,b-Minor,Piano Sonata K309 iii C major.mid by Mozart.csv
138,142.0 to 142.875,12,"[0, 0, 2, 0, 0, 0, 0, 1, 0, 0, 1, 0]",6,b-Minor,Piano Sonata K309 iii C major.mid by Mozart.csv
139,143.0 to 143.875,12,"[0, 0, 3, 0, 0, 0, 1, 1, 0, 0, 1, 0]",6,b-Minor,Piano Sonata K309 iii C major.mid by Mozart.csv
140,144.0 to 144.875,12,"[0, 0, 2, 0, 0, 0, 0, 1, 0, 0, 1, 0]",6,b-Minor,Piano Sonata K309 iii C major.mid by Mozart.csv
141,145.0 to 145.875,19,"[1, 0, 2, 0, 0, 0, 1, 1, 0, 0, 0, 1]",6,gMajor,Piano Sonata K309 iii C major.mid by Mozart.csv
142,146.0 to 146.875,19,"[0, 0, 2, 0, 0, 0, 0, 1, 0, 0, 0, 1]",6,gMajor,Piano Sonata K309 iii C major.mid by Mozart.csv
143,147.0 to 147.875,19,"[1, 0, 2, 0, 0, 0, 1, 1, 0, 0, 0, 1]",6,gMajor,Piano Sonata K309 iii C major.mid by Mozart.csv
144,148.0 to 148.875,19,"[0, 0, 2, 2, 0, 0, 1, 1, 0, 1, 0, 2]",6,gMajor,Piano Sonata K309 iii C major.mid by Mozart.csv
145,149.0 to 149.875,11,"[0, 0, 0, 2, 0, 0, 1, 0, 0, 1, 0, 1]",0,bMajor,Piano Sonata K309 iii C major.mid by Mozart.csv
146,150.0 to 150.875,8,"[1, 3, 0, 0, 3, 0, 0, 1, 0, 0, 0, 0]",4,aMajor,Piano Sonata K309 iii C major.mid by Mozart.csv
147,151.0 to 151.875,17,"[0, 3, 0, 0, 1, 0, 0, 1, 0, 0, 0, 0]",4,aMajor,Piano Sonata K309 iii C major.mid by Mozart.csv
148,152.0 to 152.875,19,"[0, 0, 3, 0, 0, 0, 0, 2, 0, 0, 0, 2]",2,gMajor,Piano Sonata K309 iii C major.mid by Mozart.csv
149,153.0 to 153.875,1,"[0, 0, 2, 0, 0, 0, 0, 3, 0, 0, 0, 3]",2,gMajor,Piano Sonata K309 iii C major.mid by Mozart.csv
150,154.0 to 154.0,12,"[0, 0, 2, 0, 0, 0, 0, 0, 0, 0, 0, 0]",6,dMajor,Piano Sonata K309 iii C major.mid by Mozart.csv
151,155.0 to 155.0,12,"[1, 0, 3, 0, 0, 0, 1, 0, 0, 1, 0, 0]",6,dMajor,Piano Sonata K309 iii C major.mid by Mozart.csv
152,156.0 to 156.0,1,"[0, 0, 1, 0, 0, 0, 0, 4, 0, 0, 0, 1]",2,gMajor,Piano Sonata K309 iii C major.mid by Mozart.csv
153,157.0 to 157.75,5,"[1, 0, 0, 0, 0, 0, 0, 1, 0, 1, 0, 1]",5,fMajor,Piano Sonata K309 iii C major.mid by Mozart.csv
154,158.0 to 158.5,12,"[0, 0, 1, 0, 1, 0, 0, 0, 0, 0, 0, 0]",5,cMajor,Piano Sonata K309 iii C major.mid by Mozart.csv
155,159.0 to 159.5,12,"[0, 1, 1, 0, 0, 0, 0, 0, 0, 0, 0, 0]",6,c#Major,Piano Sonata K309 iii C major.mid by Mozart.csv
156,160.0 to 160.5,11,"[1, 0, 0, 1, 0, 0, 1, 0, 0, 0, 0, 0]",0,g#Major,Piano Sonata K309 iii C major.mid by Mozart.csv
157,161.0 to 161.5,5,"[0, 0, 1, 0, 0, 0, 0, 1, 0, 0, 0, 1]",6,gMajor,Piano Sonata K309 iii C major.mid by Mozart.csv
158,162.0 to 162.5,2,"[1, 0, 0, 0, 1, 0, 0, 0, 0, 1, 0, 0]",5,cMinor,Piano Sonata K309 iii C major.mid by Mozart.csv
159,163.0 to 163.5,0,"[2, 0, 1, 0, 0, 0, 1, 0, 0, 0, 0, 0]",7,cMajor,Piano Sonata K309 iii C major.mid by Mozart.csv
160,164.0 to 164.5,1,"[0, 0, 0, 0, 0, 0, 0, 3, 0, 0, 0, 1]",8,gMajor,Piano Sonata K309 iii C major.mid by Mozart.csv
161,165.0 to 165.75,5,"[1, 0, 0, 0, 0, 0, 0, 1, 0, 1, 0, 1]",5,fMajor,Piano Sonata K309 iii C major.mid by Mozart.csv
162,166.0 to 166.5,12,"[0, 0, 1, 0, 1, 0, 0, 0, 0, 0, 0, 0]",5,cMajor,Piano Sonata K309 iii C major.mid by Mozart.csv
163,167.0 to 167.5,12,"[0, 1, 1, 0, 0, 0, 0, 0, 0, 0, 0, 0]",6,c#Major,Piano Sonata K309 iii C major.mid by Mozart.csv
164,168.0 to 168.5,11,"[1, 0, 0, 1, 0, 0, 1, 0, 0, 0, 0, 0]",0,g#Major,Piano Sonata K309 iii C major.mid by Mozart.csv
165,169.0 to 169.5,9,"[0, 0, 0, 0, 1, 0, 0, 1, 0, 0, 0, 1]",5,gMinor,Piano Sonata K309 iii C major.mid by Mozart.csv
166,170.0 to 170.66666669999995,2,"[1, 0, 0, 0, 1, 0, 0, 0, 0, 1, 0, 0]",5,cMinor,Piano Sonata K309 iii C major.mid by Mozart.csv
167,171.0 to 171.5,0,"[2, 0, 1, 0, 0, 0, 1, 0, 0, 0, 0, 0]",7,cMajor,Piano Sonata K309 iii C major.mid by Mozart.csv
168,172.0 to 172.66666669999995,19,"[0, 0, 2, 0, 0, 0, 0, 2, 0, 0, 0, 1]",2,gMajor,Piano Sonata K309 iii C major.mid by Mozart.csv
169,173.0 to 173.5,1,"[0, 0, 1, 0, 0, 0, 0, 3, 0, 0, 0, 2]",2,gMajor,Piano Sonata K309 iii C major.mid by Mozart.csv
170,174.0 to 174.66666669999995,5,"[0, 0, 1, 0, 0, 0, 0, 1, 0, 0, 0, 3]",2,gMajor,Piano Sonata K309 iii C major.mid by Mozart.csv
171,175.0 to 175.5,19,"[0, 0, 3, 0, 0, 0, 0, 3, 0, 0, 0, 1]",2,gMajor,Piano Sonata K309 iii C major.mid by Mozart.csv
172,176.0 to 176.66666669999995,6,"[0, 0, 1, 0, 0, 2, 0, 1, 0, 0, 0, 1]",3,gMajor,Piano Sonata K309 iii C major.mid by Mozart.csv
173,177.0 to 177.5,19,"[0, 0, 3, 0, 0, 0, 0, 1, 0, 0, 0, 3]",2,gMajor,Piano Sonata K309 iii C major.mid by Mozart.csv
174,178.0 to 178.66666669999995,19,"[0, 0, 3, 0, 0, 1, 0, 1, 0, 0, 0, 1]",6,gMajor,Piano Sonata K309 iii C major.mid by Mozart.csv
175,179.0 to 179.5,1,"[0, 0, 1, 0, 0, 1, 0, 3, 0, 0, 0, 3]",2,gMajor,Piano Sonata K309 iii C major.mid by Mozart.csv
176,180.0 to 180.6666667,1,"[0, 0, 1, 0, 0, 1, 0, 3, 0, 0, 0, 1]",2,gMajor,Piano Sonata K309 iii C major.mid by Mozart.csv
177,181.0 to 181.5,19,"[0, 0, 2, 0, 0, 0, 0, 1, 0, 0, 0, 2]",6,gMajor,Piano Sonata K309 iii C major.mid by Mozart.csv
178,182.0 to 182.6666667,5,"[0, 0, 1, 0, 0, 0, 0, 1, 0, 0, 0, 2]",6,gMajor,Piano Sonata K309 iii C major.mid by Mozart.csv
179,183.0 to 183.5,19,"[0, 0, 2, 0, 0, 1, 0, 1, 0, 0, 0, 1]",6,gMajor,Piano Sonata K309 iii C major.mid by Mozart.csv
180,184.0 to 184.6666667,5,"[0, 0, 1, 0, 0, 1, 0, 1, 0, 0, 0, 1]",6,gMajor,Piano Sonata K309 iii C major.mid by Mozart.csv
181,185.0 to 185.5,19,"[0, 0, 2, 0, 0, 0, 0, 1, 0, 0, 0, 2]",6,gMajor,Piano Sonata K309 iii C major.mid by Mozart.csv
182,186.0 to 186.6666667,19,"[0, 0, 2, 0, 0, 1, 0, 1, 0, 0, 0, 1]",6,gMajor,Piano Sonata K309 iii C major.mid by Mozart.csv
183,187.0 to 187.5,5,"[0, 0, 0, 0, 0, 0, 0, 1, 0, 0, 0, 1]",5,gMajor,Piano Sonata K309 iii C major.mid by Mozart.csv
184,188.0 to 188.75,13,"[2, 0, 1, 0, 2, 1, 0, 1, 0, 0, 0, 0]",1,cMajor,Piano Sonata K309 iii C major.mid by Mozart.csv
185,189.0 to 189.8333333,0,"[2, 0, 0, 0, 1, 0, 0, 1, 0, 0, 0, 0]",1,cMajor,Piano Sonata K309 iii C major.mid by Mozart.csv
186,190.0 to 190.875,0,"[2, 0, 0, 0, 1, 0, 0, 1, 0, 0, 0, 0]",1,cMajor,Piano Sonata K309 iii C major.mid by Mozart.csv
187,191.0 to 191.8333333,0,"[2, 0, 0, 0, 1, 0, 0, 1, 0, 0, 0, 0]",1,cMajor,Piano Sonata K309 iii C major.mid by Mozart.csv
188,192.0 to 192.75,18,"[1, 0, 0, 0, 0, 2, 0, 1, 0, 2, 0, 1]",9,fMajor,Piano Sonata K309 iii C major.mid by Mozart.csv
189,193.0 to 193.8333333,18,"[1, 0, 0, 0, 0, 2, 0, 0, 0, 1, 0, 0]",9,fMajor,Piano Sonata K309 iii C major.mid by Mozart.csv
190,194.0 to 194.875,18,"[1, 0, 0, 0, 0, 2, 0, 0, 0, 1, 0, 0]",9,fMajor,Piano Sonata K309 iii C major.mid by Mozart.csv
191,195.0 to 195.8333333,2,"[1, 0, 0, 0, 0, 1, 0, 0, 0, 2, 0, 0]",9,fMajor,Piano Sonata K309 iii C major.mid by Mozart.csv
192,196.0 to 196.75,13,"[1, 0, 0, 0, 2, 1, 0, 2, 0, 1, 0, 0]",8,cMajor,Piano Sonata K309 iii C major.mid by Mozart.csv
193,197.0 to 197.8333333,13,"[1, 0, 0, 0, 2, 0, 0, 2, 0, 0, 0, 0]",8,cMajor,Piano Sonata K309 iii C major.mid by Mozart.csv
194,198.0 to 198.75,19,"[0, 0, 2, 0, 1, 1, 0, 2, 0, 0, 0, 1]",2,gMajor,Piano Sonata K309 iii C major.mid by Mozart.csv
195,199.0 to 199.8333333,19,"[0, 0, 2, 0, 0, 1, 0, 1, 0, 0, 0, 1]",6,gMajor,Piano Sonata K309 iii C major.mid by Mozart.csv
196,200.0 to 200.8333333,13,"[2, 0, 1, 0, 2, 1, 0, 1, 0, 0, 0, 0]",1,cMajor,Piano Sonata K309 iii C major.mid by Mozart.csv
197,201.0 to 201.5,15,"[2, 0, 1, 0, 1, 1, 0, 0, 0, 0, 0, 1]",7,cMajor,Piano Sonata K309 iii C major.mid by Mozart.csv
198,202.0 to 202.0,9,"[1, 0, 0, 0, 1, 0, 0, 1, 0, 0, 0, 0]",5,cMajor,Piano Sonata K309 iii C major.mid by Mozart.csv
199,203.0 to 203.75,1,"[0, 0, 1, 0, 0, 1, 1, 2, 0, 0, 0, 1]",2,gMajor,Piano Sonata K309 iii C major.mid by Mozart.csv
200,204.0 to 204.75,13,"[2, 0, 1, 0, 2, 1, 0, 1, 0, 0, 0, 0]",1,cMajor,Piano Sonata K309 iii C major.mid by Mozart.csv
201,205.0 to 205.75,15,"[2, 0, 1, 0, 1, 0, 0, 1, 0, 0, 0, 1]",7,cMajor,Piano Sonata K309 iii C major.mid by Mozart.csv
202,206.0 to 206.75,0,"[2, 0, 0, 0, 1, 0, 0, 1, 0, 0, 0, 0]",1,cMajor,Piano Sonata K309 iii C major.mid by Mozart.csv
203,207.0 to 207.75,13,"[3, 0, 0, 0, 2, 0, 0, 2, 0, 0, 0, 0]",1,cMajor,Piano Sonata K309 iii C major.mid by Mozart.csv
204,208.0 to 208.75,18,"[1, 0, 0, 0, 0, 2, 0, 1, 0, 2, 0, 1]",9,fMajor,Piano Sonata K309 iii C major.mid by Mozart.csv
205,209.0 to 209.75,18,"[1, 0, 0, 0, 1, 2, 0, 1, 0, 1, 0, 0]",9,fMajor,Piano Sonata K309 iii C major.mid by Mozart.csv
206,210.0 to 210.75,18,"[1, 0, 0, 0, 0, 2, 0, 0, 0, 1, 0, 0]",9,fMajor,Piano Sonata K309 iii C major.mid by Mozart.csv
207,211.0 to 211.75,2,"[2, 0, 0, 0, 0, 2, 0, 0, 0, 2, 0, 0]",9,fMajor,Piano Sonata K309 iii C major.mid by Mozart.csv
208,212.0 to 212.75,13,"[1, 0, 0, 0, 2, 1, 0, 2, 0, 1, 0, 0]",8,cMajor,Piano Sonata K309 iii C major.mid by Mozart.csv
209,213.0 to 213.75,17,"[0, 1, 0, 0, 2, 0, 0, 1, 0, 2, 1, 0]",4,aMajor,Piano Sonata K309 iii C major.mid by Mozart.csv
210,214.0 to 214.75,6,"[0, 0, 2, 0, 1, 2, 0, 1, 0, 1, 0, 0]",3,fMinor,Piano Sonata K309 iii C major.mid by Mozart.csv
211,215.0 to 215.75,19,"[0, 0, 2, 0, 0, 1, 0, 2, 0, 1, 0, 1]",2,gMajor,Piano Sonata K309 iii C major.mid by Mozart.csv
212,216.0 to 216.875,6,"[1, 0, 2, 0, 1, 2, 0, 0, 0, 0, 0, 1]",3,b-Major,Piano Sonata K309 iii C major.mid by Mozart.csv
213,217.0 to 217.875,15,"[1, 0, 1, 0, 1, 0, 0, 1, 0, 1, 0, 1]",7,cMajor,Piano Sonata K309 iii C major.mid by Mozart.csv
214,218.0 to 218.75,13,"[1, 0, 0, 0, 3, 0, 0, 2, 0, 0, 0, 0]",8,cMajor,Piano Sonata K309 iii C major.mid by Mozart.csv
215,219.0 to 219.75,8,"[1, 0, 0, 0, 3, 0, 0, 1, 0, 2, 0, 0]",4,cMinor,Piano Sonata K309 iii C major.mid by Mozart.csv
216,220.0 to 220.75,6,"[0, 0, 3, 0, 0, 2, 0, 0, 0, 1, 0, 0]",3,fMinor,Piano Sonata K309 iii C major.mid by Mozart.csv
217,221.0 to 221.75,19,"[0, 0, 3, 0, 0, 1, 0, 2, 0, 0, 0, 1]",2,gMajor,Piano Sonata K309 iii C major.mid by Mozart.csv
218,222.0 to 222.75,0,"[2, 0, 0, 0, 2, 1, 0, 0, 1, 1, 0, 0]",1,cMinor,Piano Sonata K309 iii C major.mid by Mozart.csv
219,223.0 to 223.8333333,19,"[0, 0, 2, 1, 1, 1, 1, 2, 0, 0, 0, 1]",2,gMajor,Piano Sonata K309 iii C major.mid by Mozart.csv
220,224.0 to 224.875,0,"[3, 0, 0, 0, 0, 0, 0, 0, 0, 0, 0, 0]",1,cMajor,Piano Sonata K309 iii C major.mid by Mozart.csv
221,225.0 to 225.875,0,"[2, 0, 0, 0, 1, 1, 0, 1, 0, 1, 0, 0]",1,cMajor,Piano Sonata K309 iii C major.mid by Mozart.csv
222,226.0 to 226.875,0,"[2, 0, 0, 0, 0, 0, 0, 1, 0, 0, 1, 0]",1,cMajor,Piano Sonata K309 iii C major.mid by Mozart.csv
223,227.0 to 227.875,0,"[2, 0, 0, 0, 1, 1, 0, 1, 0, 1, 0, 0]",1,cMajor,Piano Sonata K309 iii C major.mid by Mozart.csv
224,228.0 to 228.875,0,"[2, 0, 0, 0, 0, 0, 0, 1, 0, 0, 1, 0]",1,cMajor,Piano Sonata K309 iii C major.mid by Mozart.csv
225,229.0 to 229.875,0,"[2, 0, 0, 0, 1, 1, 0, 1, 0, 1, 0, 0]",1,cMajor,Piano Sonata K309 iii C major.mid by Mozart.csv
226,230.0 to 230.875,0,"[2, 0, 0, 0, 0, 0, 0, 1, 0, 0, 1, 0]",1,cMajor,Piano Sonata K309 iii C major.mid by Mozart.csv
227,231.0 to 231.875,0,"[2, 0, 0, 0, 1, 1, 0, 1, 0, 1, 0, 0]",1,cMajor,Piano Sonata K309 iii C major.mid by Mozart.csv
228,232.0 to 232.75,0,"[2, 0, 0, 0, 0, 0, 0, 1, 0, 0, 1, 1]",7,cMajor,Piano Sonata K309 iii C major.mid by Mozart.csv
229,233.0 to 233.75,14,"[0, 0, 0, 0, 0, 0, 0, 1, 0, 1, 1, 0]",5,e-Major,Piano Sonata K309 iii C major.mid by Mozart.csv
230,234.0 to 234.75,18,"[1, 0, 0, 0, 1, 2, 0, 1, 0, 1, 0, 0]",9,fMajor,Piano Sonata K309 iii C major.mid by Mozart.csv
231,235.0 to 235.75,2,"[1, 0, 0, 0, 1, 0, 0, 1, 0, 2, 1, 0]",5,cMinor,Piano Sonata K309 iii C major.mid by Mozart.csv
232,236.0 to 236.75,0,"[2, 0, 1, 0, 1, 0, 0, 1, 0, 0, 0, 0]",1,cMajor,Piano Sonata K309 iii C major.mid by Mozart.csv
233,237.0 to 237.8333333,10,"[1, 0, 0, 0, 1, 0, 0, 2, 0, 0, 1, 0]",8,cMajor,Piano Sonata K309 iii C major.mid by Mozart.csv
234,238.0 to 238.75,18,"[1, 0, 0, 0, 1, 2, 0, 1, 0, 1, 0, 0]",9,fMajor,Piano Sonata K309 iii C major.mid by Mozart.csv
235,239.0 to 239.75,2,"[1, 0, 0, 0, 0, 1, 0, 1, 0, 2, 1, 0]",9,fMajor,Piano Sonata K309 iii C major.mid by Mozart.csv
236,240.0 to 240.8333333,2,"[2, 0, 0, 0, 0, 0, 0, 1, 0, 1, 0, 1]",7,cMajor,Piano Sonata K309 iii C major.mid by Mozart.csv
237,241.0 to 241.75,0,"[2, 0, 1, 0, 1, 1, 0, 1, 0, 0, 1, 0]",1,cMajor,Piano Sonata K309 iii C major.mid by Mozart.csv
238,242.0 to 242.75,18,"[1, 0, 0, 0, 1, 2, 0, 1, 0, 1, 0, 0]",9,fMajor,Piano Sonata K309 iii C major.mid by Mozart.csv
239,243.0 to 243.75,2,"[1, 0, 0, 0, 0, 1, 0, 1, 0, 2, 1, 0]",9,fMajor,Piano Sonata K309 iii C major.mid by Mozart.csv
240,244.0 to 244.75,0,"[2, 0, 1, 0, 1, 0, 0, 1, 0, 0, 0, 0]",1,cMajor,Piano Sonata K309 iii C major.mid by Mozart.csv
241,245.0 to 245.8333333,14,"[1, 0, 0, 0, 1, 0, 0, 1, 0, 0, 2, 0]",5,b-Minor,Piano Sonata K309 iii C major.mid by Mozart.csv
242,246.0 to 246.75,2,"[1, 0, 0, 0, 0, 1, 0, 0, 0, 2, 1, 0]",9,fMajor,Piano Sonata K309 iii C major.mid by Mozart.csv
243,247.0 to 247.8333333,15,"[1, 0, 0, 0, 1, 0, 0, 1, 0, 1, 0, 1]",5,cMajor,Piano Sonata K309 iii C major.mid by Mozart.csv
244,248.0 to 248.75,18,"[1, 0, 1, 0, 0, 2, 0, 0, 0, 1, 0, 0]",9,fMajor,Piano Sonata K309 iii C major.mid by Mozart.csv
245,249.0 to 249.75,9,"[1, 0, 0, 0, 1, 0, 0, 1, 0, 0, 1, 0]",5,cMajor,Piano Sonata K309 iii C major.mid by Mozart.csv
246,250.0 to 250.75,8,"[1, 0, 0, 0, 2, 1, 0, 1, 0, 1, 0, 0]",8,cMajor,Piano Sonata K309 iii C major.mid by Mozart.csv
247,251.0 to 251.75,2,"[1, 0, 0, 0, 0, 1, 0, 1, 0, 2, 1, 0]",9,fMajor,Piano Sonata K309 iii C major.mid by Mozart.csv
248,252.0 to 252.75,0,"[2, 0, 1, 0, 1, 0, 0, 1, 0, 0, 0, 0]",1,cMajor,Piano Sonata K309 iii C major.mid by Mozart.csv
249,253.0 to 253.8333333,10,"[1, 0, 0, 0, 1, 0, 0, 2, 0, 0, 1, 0]",8,cMajor,Piano Sonata K309 iii C major.mid by Mozart.csv
250,254.0 to 254.75,8,"[1, 0, 0, 0, 2, 1, 0, 1, 0, 1, 0, 0]",8,cMajor,Piano Sonata K309 iii C major.mid by Mozart.csv
251,255.0 to 255.75,2,"[1, 0, 0, 0, 1, 0, 0, 1, 0, 2, 1, 0]",5,cMinor,Piano Sonata K309 iii C major.mid by Mozart.csv
252,256.0 to 256.8333333,0,"[2, 0, 0, 0, 0, 0, 0, 2, 0, 1, 0, 0]",8,cMajor,Piano Sonata K309 iii C major.mid by Mozart.csv
253,257.0 to 257.75,0,"[2, 0, 1, 0, 1, 1, 0, 1, 0, 0, 1, 0]",1,cMajor,Piano Sonata K309 iii C major.mid by Mozart.csv
254,258.0 to 258.75,18,"[0, 0, 0, 0, 1, 2, 0, 1, 0, 1, 0, 0]",9,fMajor,Piano Sonata K309 iii C major.mid by Mozart.csv
255,259.0 to 259.75,14,"[0, 0, 0, 0, 0, 0, 0, 1, 0, 1, 1, 0]",5,e-Major,Piano Sonata K309 iii C major.mid by Mozart.csv
256,260.0 to 260.75,14,"[1, 0, 1, 0, 0, 0, 0, 1, 0, 1, 2, 0]",5,b-Minor,Piano Sonata K309 iii C major.mid by Mozart.csv
257,261.0 to 261.75,6,"[1, 0, 2, 0, 1, 1, 0, 0, 0, 0, 1, 0]",3,b-Major,Piano Sonata K309 iii C major.mid by Mozart.csv
258,262.0 to 262.8333333,14,"[0, 0, 1, 0, 0, 1, 0, 0, 0, 0, 2, 0]",3,b-Major,Piano Sonata K309 iii C major.mid by Mozart.csv
259,263.0 to 263.8333333,0,"[3, 0, 0, 0, 1, 1, 0, 1, 0, 1, 1, 0]",1,cMajor,Piano Sonata K309 iii C major.mid by Mozart.csv
260,264.0 to 264.6666667,18,"[0, 0, 0, 0, 0, 2, 0, 0, 0, 1, 0, 0]",9,fMajor,Piano Sonata K309 iii C major.mid by Mozart.csv
261,265.0 to 265.5,9,"[1, 0, 0, 0, 1, 0, 0, 0, 0, 0, 0, 0]",5,cMajor,Piano Sonata K309 iii C major.mid by Mozart.csv
262,266.0 to 266.8333333,18,"[1, 0, 0, 0, 0, 2, 0, 0, 0, 1, 0, 0]",9,fMajor,Piano Sonata K309 iii C major.mid by Mozart.csv
263,267.0 to 267.875,18,"[1, 0, 1, 0, 1, 2, 0, 1, 0, 1, 0, 0]",3,fMajor,Piano Sonata K309 iii C major.mid by Mozart.csv
264,268.0 to 268.5,8,"[0, 1, 0, 0, 2, 0, 0, 1, 0, 0, 1, 0]",4,cMajor,Piano Sonata K309 iii C major.mid by Mozart.csv
265,269.0 to 269.5,14,"[0, 0, 0, 0, 0, 0, 0, 1, 0, 0, 1, 0]",5,e-Major,Piano Sonata K309 iii C major.mid by Mozart.csv
266,270.0 to 270.8333333,17,"[0, 2, 0, 0, 1, 0, 0, 1, 0, 1, 0, 0]",4,aMajor,Piano Sonata K309 iii C major.mid by Mozart.csv
267,271.0 to 271.875,17,"[1, 1, 1, 0, 1, 0, 0, 1, 0, 2, 0, 1]",7,aMajor,Piano Sonata K309 iii C major.mid by Mozart.csv
268,272.0 to 272.8333333,18,"[0, 0, 2, 0, 0, 2, 0, 0, 0, 2, 0, 1]",3,fMinor,Piano Sonata K309 iii C major.mid by Mozart.csv
269,273.0 to 273.8333333,13,"[3, 0, 0, 0, 2, 0, 1, 2, 0, 0, 0, 0]",1,cMajor,Piano Sonata K309 iii C major.mid by Mozart.csv
270,274.0 to 274.8333333,6,"[0, 0, 1, 0, 1, 1, 0, 0, 0, 1, 0, 0]",3,fMinor,Piano Sonata K309 iii C major.mid by Mozart.csv
271,275.0 to 275.875,7,"[1, 0, 2, 0, 0, 1, 1, 0, 0, 1, 0, 1]",6,dMajor,Piano Sonata K309 iii C major.mid by Mozart.csv
272,276.0 to 276.875,19,"[1, 0, 2, 0, 0, 0, 0, 2, 0, 1, 0, 2]",2,gMajor,Piano Sonata K309 iii C major.mid by Mozart.csv
273,277.0 to 277.875,5,"[0, 0, 1, 0, 0, 1, 1, 1, 0, 1, 0, 1]",6,dMajor,Piano Sonata K309 iii C major.mid by Mozart.csv
274,278.0 to 278.875,10,"[1, 0, 1, 0, 1, 1, 0, 2, 0, 0, 0, 0]",8,cMajor,Piano Sonata K309 iii C major.mid by Mozart.csv
275,279.0 to 279.875,15,"[1, 0, 1, 0, 1, 0, 0, 0, 0, 1, 0, 1]",7,cMinor,Piano Sonata K309 iii C major.mid by Mozart.csv
276,280.0 to 280.875,19,"[2, 0, 2, 0, 0, 0, 0, 2, 0, 2, 0, 2]",2,gMajor,Piano Sonata K309 iii C major.mid by Mozart.csv
277,281.0 to 281.875,19,"[0, 0, 2, 0, 0, 2, 2, 2, 0, 2, 0, 2]",2,dMajor,Piano Sonata K309 iii C major.mid by Mozart.csv
278,282.0 to 282.875,13,"[2, 0, 2, 0, 2, 2, 0, 2, 0, 0, 0, 0]",3,cMajor,Piano Sonata K309 iii C major.mid by Mozart.csv
279,283.0 to 283.875,7,"[2, 0, 2, 0, 2, 0, 2, 0, 0, 2, 0, 2]",7,dMajor,Piano Sonata K309 iii C major.mid by Mozart.csv
280,284.0 to 284.875,16,"[0, 0, 0, 0, 0, 0, 2, 2, 0, 2, 0, 0]",0,dMajor,Piano Sonata K309 iii C major.mid by Mozart.csv
281,285.0 to 285.875,16,"[0, 0, 0, 0, 0, 0, 2, 2, 0, 2, 0, 0]",0,dMajor,Piano Sonata K309 iii C major.mid by Mozart.csv
282,286.0 to 286.5,1,"[0, 0, 1, 0, 0, 0, 0, 2, 0, 0, 0, 1]",2,gMajor,Piano Sonata K309 iii C major.mid by Mozart.csv
283,287.0 to 287.5,6,"[1, 0, 1, 0, 1, 1, 0, 1, 0, 0, 0, 0]",3,cMajor,Piano Sonata K309 iii C major.mid by Mozart.csv
284,288.0 to 288.875,8,"[1, 0, 1, 0, 2, 1, 0, 1, 0, 1, 0, 0]",3,cMajor,Piano Sonata K309 iii C major.mid by Mozart.csv
285,289.0 to 289.875,15,"[1, 0, 1, 0, 1, 1, 0, 0, 0, 0, 0, 1]",7,cMajor,Piano Sonata K309 iii C major.mid by Mozart.csv
286,290.0 to 290.875,4,"[1, 0, 1, 0, 0, 0, 0, 0, 1, 1, 0, 1]",7,eMajor,Piano Sonata K309 iii C major.mid by Mozart.csv
287,291.0 to 291.875,17,"[0, 0, 0, 0, 1, 1, 0, 1, 0, 1, 0, 1]",5,gMinor,Piano Sonata K309 iii C major.mid by Mozart.csv
288,292.0 to 292.875,2,"[1, 0, 1, 0, 0, 0, 0, 1, 0, 2, 0, 0]",5,cMinor,Piano Sonata K309 iii C major.mid by Mozart.csv
289,293.0 to 293.8333333,2,"[1, 0, 1, 0, 0, 1, 0, 0, 0, 1, 0, 0]",3,fMajor,Piano Sonata K309 iii C major.mid by Mozart.csv
290,294.0 to 294.875,3,"[1, 0, 1, 0, 0, 1, 0, 1, 2, 0, 0, 0]",3,g#Minor,Piano Sonata K309 iii C major.mid by Mozart.csv
291,295.0 to 295.8333333,3,"[1, 0, 1, 0, 0, 1, 0, 0, 1, 0, 0, 0]",3,g#Minor,Piano Sonata K309 iii C major.mid by Mozart.csv
292,296.0 to 296.875,19,"[0, 1, 2, 0, 1, 1, 0, 2, 0, 0, 0, 1]",2,gMajor,Piano Sonata K309 iii C major.mid by Mozart.csv
293,297.0 to 297.875,15,"[1, 0, 1, 0, 1, 0, 0, 0, 0, 0, 1, 1]",7,cMinor,Piano Sonata K309 iii C major.mid by Mozart.csv
294,298.0 to 298.875,16,"[1, 0, 0, 0, 0, 0, 1, 1, 0, 1, 0, 1]",5,dMajor,Piano Sonata K309 iii C major.mid by Mozart.csv
295,299.0 to 299.875,6,"[0, 0, 1, 0, 1, 1, 0, 1, 0, 1, 0, 0]",3,fMinor,Piano Sonata K309 iii C major.mid by Mozart.csv
296,300.0 to 300.875,10,"[1, 0, 0, 0, 1, 1, 0, 2, 0, 0, 0, 0]",8,cMajor,Piano Sonata K309 iii C major.mid by Mozart.csv
297,301.0 to 301.8333333,9,"[1, 0, 0, 0, 1, 0, 0, 1, 0, 0, 0, 0]",5,cMajor,Piano Sonata K309 iii C major.mid by Mozart.csv
298,302.0 to 302.875,10,"[1, 0, 0, 0, 1, 1, 0, 2, 0, 0, 0, 0]",8,cMajor,Piano Sonata K309 iii C major.mid by Mozart.csv
299,303.0 to 303.8333333,10,"[1, 0, 0, 0, 1, 0, 0, 2, 0, 0, 0, 0]",8,cMajor,Piano Sonata K309 iii C major.mid by Mozart.csv
300,304.0 to 304.875,13,"[2, 0, 1, 0, 1, 0, 1, 2, 0, 1, 0, 0]",8,cMajor,Piano Sonata K309 iii C major.mid by Mozart.csv
301,305.0 to 305.875,6,"[0, 0, 1, 0, 1, 1, 0, 1, 0, 1, 0, 0]",3,fMinor,Piano Sonata K309 iii C major.mid by Mozart.csv
302,306.0 to 306.875,15,"[1, 0, 1, 0, 1, 1, 0, 0, 0, 0, 0, 1]",7,cMajor,Piano Sonata K309 iii C major.mid by Mozart.csv
303,307.0 to 307.875,6,"[1, 0, 1, 0, 1, 1, 0, 1, 0, 0, 0, 0]",3,cMajor,Piano Sonata K309 iii C major.mid by Mozart.csv
304,308.0 to 308.875,18,"[1, 0, 1, 0, 1, 2, 0, 0, 0, 1, 0, 0]",3,fMajor,Piano Sonata K309 iii C major.mid by Mozart.csv
305,309.0 to 309.8333333,2,"[1, 0, 1, 0, 0, 1, 0, 0, 0, 1, 0, 0]",3,fMajor,Piano Sonata K309 iii C major.mid by Mozart.csv
306,310.0 to 310.875,18,"[1, 0, 1, 0, 1, 2, 0, 0, 0, 1, 0, 0]",3,fMajor,Piano Sonata K309 iii C major.mid by Mozart.csv
307,311.0 to 311.8333333,6,"[1, 0, 2, 0, 0, 1, 0, 0, 0, 1, 0, 0]",3,fMinor,Piano Sonata K309 iii C major.mid by Mozart.csv
308,312.0 to 312.875,7,"[1, 0, 2, 0, 0, 1, 0, 0, 1, 2, 0, 1]",3,fMinor,Piano Sonata K309 iii C major.mid by Mozart.csv
309,313.0 to 313.875,17,"[0, 0, 0, 0, 1, 1, 0, 1, 0, 1, 0, 1]",5,gMinor,Piano Sonata K309 iii C major.mid by Mozart.csv
310,314.0 to 314.875,6,"[0, 1, 1, 0, 1, 1, 0, 1, 0, 0, 0, 0]",3,cMajor,Piano Sonata K309 iii C major.mid by Mozart.csv
311,315.0 to 315.875,15,"[1, 0, 1, 0, 1, 0, 0, 0, 0, 1, 0, 1]",7,cMinor,Piano Sonata K309 iii C major.mid by Mozart.csv
312,316.0 to 316.8333333,4,"[0, 0, 1, 0, 0, 1, 0, 0, 0, 0, 0, 2]",6,gMajor,Piano Sonata K309 iii C major.mid by Mozart.csv
313,317.0 to 317.8333333,4,"[0, 0, 1, 0, 0, 1, 0, 0, 0, 0, 0, 1]",6,gMajor,Piano Sonata K309 iii C major.mid by Mozart.csv
314,318.0 to 318.75,6,"[0, 0, 2, 0, 0, 1, 0, 0, 0, 0, 0, 1]",6,b-Major,Piano Sonata K309 iii C major.mid by Mozart.csv
315,319.0 to 319.75,4,"[0, 0, 1, 0, 0, 0, 0, 0, 0, 0, 0, 2]",6,gMajor,Piano Sonata K309 iii C major.mid by Mozart.csv
316,320.0 to 320.75,6,"[0, 0, 1, 0, 0, 2, 0, 0, 0, 0, 0, 1]",3,b-Major,Piano Sonata K309 iii C major.mid by Mozart.csv
317,321.0 to 321.7916667,4,"[0, 0, 1, 0, 0, 1, 0, 0, 0, 0, 0, 1]",6,gMajor,Piano Sonata K309 iii C major.mid by Mozart.csv
318,322.0 to 322.75,6,"[0, 0, 2, 0, 0, 1, 0, 0, 0, 0, 0, 1]",6,b-Major,Piano Sonata K309 iii C major.mid by Mozart.csv
319,323.0 to 323.75,4,"[0, 0, 1, 0, 0, 0, 0, 0, 0, 0, 0, 2]",6,gMajor,Piano Sonata K309 iii C major.mid by Mozart.csv
320,324.0 to 324.875,6,"[0, 0, 2, 0, 0, 1, 0, 0, 0, 0, 0, 1]",6,b-Major,Piano Sonata K309 iii C major.mid by Mozart.csv
321,325.0 to 325.75,4,"[0, 0, 1, 0, 0, 0, 0, 0, 0, 0, 0, 2]",6,gMajor,Piano Sonata K309 iii C major.mid by Mozart.csv
322,326.0 to 326.875,10,"[1, 0, 0, 0, 1, 0, 0, 2, 0, 0, 0, 0]",8,cMajor,Piano Sonata K309 iii C major.mid by Mozart.csv
323,327.0 to 327.875,10,"[1, 0, 0, 0, 1, 1, 0, 2, 0, 0, 0, 1]",8,cMajor,Piano Sonata K309 iii C major.mid by Mozart.csv
324,328.0 to 328.875,10,"[1, 0, 0, 0, 1, 0, 0, 2, 0, 0, 0, 0]",8,cMajor,Piano Sonata K309 iii C major.mid by Mozart.csv
325,329.0 to 329.875,10,"[1, 0, 0, 0, 1, 1, 0, 2, 0, 0, 0, 1]",8,cMajor,Piano Sonata K309 iii C major.mid by Mozart.csv
326,330.0 to 330.875,10,"[1, 0, 0, 0, 1, 0, 0, 2, 0, 0, 0, 0]",8,cMajor,Piano Sonata K309 iii C major.mid by Mozart.csv
327,331.0 to 331.875,10,"[1, 0, 0, 0, 1, 1, 0, 2, 0, 0, 0, 1]",8,cMajor,Piano Sonata K309 iii C major.mid by Mozart.csv
328,332.0 to 332.875,10,"[1, 0, 0, 0, 1, 0, 0, 2, 0, 0, 0, 0]",8,cMajor,Piano Sonata K309 iii C major.mid by Mozart.csv
329,333.0 to 333.875,10,"[1, 0, 0, 0, 1, 1, 0, 2, 0, 0, 0, 1]",8,cMajor,Piano Sonata K309 iii C major.mid by Mozart.csv
330,334.0 to 334.75,13,"[1, 0, 1, 0, 2, 1, 0, 2, 0, 0, 0, 0]",8,cMajor,Piano Sonata K309 iii C major.mid by Mozart.csv
331,335.0 to 335.75,5,"[1, 0, 0, 0, 0, 0, 0, 1, 0, 1, 0, 1]",5,fMajor,Piano Sonata K309 iii C major.mid by Mozart.csv
332,336.0 to 336.75,18,"[0, 0, 1, 0, 1, 2, 0, 1, 0, 2, 0, 0]",9,fMinor,Piano Sonata K309 iii C major.mid by Mozart.csv
333,337.0 to 337.75,4,"[1, 0, 1, 0, 0, 0, 0, 0, 0, 1, 0, 1]",7,gMajor,Piano Sonata K309 iii C major.mid by Mozart.csv
334,338.0 to 338.0,10,"[0, 0, 0, 0, 0, 0, 0, 3, 0, 0, 0, 0]",8,cMajor,Piano Sonata K309 iii C major.mid by Mozart.csv
335,339.0 to 339.0,3,"[0, 0, 1, 0, 0, 1, 0, 0, 2, 0, 0, 1]",6,c#Major,Piano Sonata K309 iii C major.mid by Mozart.csv
336,340.0 to 340.0,2,"[2, 0, 0, 0, 1, 0, 0, 0, 0, 2, 0, 0]",7,cMinor,Piano Sonata K309 iii C major.mid by Mozart.csv
337,342.0 to 342.625,7,"[1, 0, 2, 0, 0, 0, 1, 0, 0, 1, 0, 0]",0,dMajor,Piano Sonata K309 iii C major.mid by Mozart.csv
338,343.0 to 343.8333333,7,"[1, 0, 1, 0, 0, 0, 1, 0, 0, 2, 0, 1]",0,dMajor,Piano Sonata K309 iii C major.mid by Mozart.csv
339,344.0 to 344.6666667,10,"[1, 0, 0, 0, 1, 0, 0, 2, 0, 0, 0, 0]",8,cMajor,Piano Sonata K309 iii C major.mid by Mozart.csv
340,345.0 to 345.8333333,10,"[1, 0, 0, 0, 1, 0, 1, 2, 0, 0, 0, 0]",8,cMajor,Piano Sonata K309 iii C major.mid by Mozart.csv
341,346.0 to 346.625,1,"[0, 0, 1, 0, 0, 1, 0, 2, 0, 0, 0, 1]",2,gMajor,Piano Sonata K309 iii C major.mid by Mozart.csv
342,347.0 to 347.8333333,5,"[0, 0, 1, 0, 1, 1, 0, 1, 0, 0, 0, 1]",3,gMinor,Piano Sonata K309 iii C major.mid by Mozart.csv
343,348.0 to 348.875,10,"[0, 0, 0, 0, 0, 0, 0, 2, 0, 0, 0, 0]",5,cMajor,Piano Sonata K309 iii C major.mid by Mozart.csv
344,349.0 to 349.875,1,"[1, 0, 0, 1, 0, 0, 0, 2, 0, 0, 0, 1]",8,e-Minor,Piano Sonata K309 iii C major.mid by Mozart.csv
345,350.0 to 350.875,10,"[1, 0, 0, 1, 0, 0, 0, 2, 0, 0, 0, 0]",8,e-Minor,Piano Sonata K309 iii C major.mid by Mozart.csv
346,351.0 to 351.875,1,"[1, 0, 0, 1, 0, 1, 0, 2, 0, 0, 0, 1]",8,e-Minor,Piano Sonata K309 iii C major.mid by Mozart.csv
347,352.0 to 352.875,10,"[1, 0, 0, 1, 0, 0, 0, 2, 0, 0, 0, 0]",8,e-Minor,Piano Sonata K309 iii C major.mid by Mozart.csv
348,353.0 to 353.875,10,"[1, 0, 0, 0, 1, 1, 0, 2, 0, 0, 0, 1]",8,cMajor,Piano Sonata K309 iii C major.mid by Mozart.csv
349,354.0 to 354.875,10,"[1, 0, 0, 0, 1, 0, 0, 2, 0, 0, 0, 0]",8,cMajor,Piano Sonata K309 iii C major.mid by Mozart.csv
350,355.0 to 355.875,10,"[1, 0, 0, 0, 1, 1, 0, 2, 0, 0, 0, 1]",8,cMajor,Piano Sonata K309 iii C major.mid by Mozart.csv
351,356.0 to 356.875,1,"[1, 0, 1, 0, 1, 0, 0, 2, 0, 0, 0, 1]",8,cMajor,Piano Sonata K309 iii C major.mid by Mozart.csv
352,357.0 to 357.875,1,"[0, 0, 1, 0, 1, 0, 0, 2, 0, 0, 0, 1]",2,gMajor,Piano Sonata K309 iii C major.mid by Mozart.csv
353,358.0 to 358.875,10,"[1, 1, 0, 0, 1, 1, 0, 3, 0, 0, 0, 0]",8,cMajor,Piano Sonata K309 iii C major.mid by Mozart.csv
354,359.0 to 359.875,10,"[0, 1, 0, 0, 1, 0, 0, 3, 0, 0, 0, 0]",8,cMajor,Piano Sonata K309 iii C major.mid by Mozart.csv
355,360.0 to 360.875,17,"[0, 0, 1, 0, 0, 1, 0, 1, 0, 2, 1, 0]",9,fMinor,Piano Sonata K309 iii C major.mid by Mozart.csv
356,361.0 to 361.875,9,"[0, 0, 0, 0, 1, 1, 0, 1, 0, 0, 0, 0]",5,cMajor,Piano Sonata K309 iii C major.mid by Mozart.csv
357,362.0 to 362.875,6,"[0, 0, 1, 0, 1, 1, 0, 0, 0, 0, 0, 0]",3,b-Major,Piano Sonata K309 iii C major.mid by Mozart.csv
358,363.0 to 363.875,10,"[1, 1, 0, 0, 1, 1, 0, 2, 0, 0, 1, 0]",8,cMajor,Piano Sonata K309 iii C major.mid by Mozart.csv
359,364.0 to 364.875,17,"[0, 0, 1, 0, 0, 1, 0, 1, 0, 2, 1, 0]",9,fMinor,Piano Sonata K309 iii C major.mid by Mozart.csv
360,365.0 to 365.875,9,"[0, 0, 0, 0, 1, 1, 0, 1, 0, 0, 0, 0]",5,cMajor,Piano Sonata K309 iii C major.mid by Mozart.csv
361,366.0 to 366.875,6,"[0, 0, 1, 0, 1, 1, 0, 0, 0, 0, 0, 0]",3,b-Major,Piano Sonata K309 iii C major.mid by Mozart.csv
362,367.0 to 367.875,10,"[1, 1, 0, 0, 1, 1, 0, 2, 0, 0, 1, 0]",8,cMajor,Piano Sonata K309 iii C major.mid by Mozart.csv
363,368.0 to 368.875,2,"[1, 0, 1, 0, 0, 1, 0, 0, 0, 2, 0, 1]",9,fMajor,Piano Sonata K309 iii C major.mid by Mozart.csv
364,369.0 to 369.875,18,"[0, 0, 1, 0, 0, 2, 0, 1, 0, 2, 0, 0]",9,fMinor,Piano Sonata K309 iii C major.mid by Mozart.csv
365,370.0 to 370.875,2,"[1, 0, 1, 0, 1, 1, 0, 0, 0, 1, 0, 0]",3,cMinor,Piano Sonata K309 iii C major.mid by Mozart.csv
366,371.0 to 371.875,2,"[2, 0, 0, 0, 0, 0, 1, 0, 0, 2, 0, 1]",0,fMajor,Piano Sonata K309 iii C major.mid by Mozart.csv
367,372.0 to 372.875,19,"[0, 0, 2, 0, 0, 0, 0, 2, 0, 0, 0, 2]",2,gMajor,Piano Sonata K309 iii C major.mid by Mozart.csv
368,373.0 to 373.875,5,"[0, 0, 1, 0, 0, 0, 0, 1, 0, 0, 0, 1]",6,gMajor,Piano Sonata K309 iii C major.mid by Mozart.csv
369,374.0 to 374.5,19,"[0, 0, 2, 0, 0, 2, 0, 2, 0, 0, 0, 2]",2,gMajor,Piano Sonata K309 iii C major.mid by Mozart.csv
370,376.0 to 376.75,6,"[0, 0, 1, 1, 1, 2, 0, 2, 0, 0, 0, 1]",2,gMajor,Piano Sonata K309 iii C major.mid by Mozart.csv
371,377.0 to 377.75,4,"[1, 1, 1, 0, 0, 0, 0, 0, 0, 0, 0, 1]",7,gMajor,Piano Sonata K309 iii C major.mid by Mozart.csv
372,378.0 to 378.75,4,"[0, 0, 0, 0, 0, 0, 0, 0, 1, 1, 1, 1]",5,eMajor,Piano Sonata K309 iii C major.mid by Mozart.csv
373,379.0 to 379.75,16,"[0, 0, 0, 0, 0, 1, 1, 1, 0, 0, 0, 0]",5,cMajor,Piano Sonata K309 iii C major.mid by Mozart.csv
374,380.0 to 380.75,13,"[2, 0, 1, 0, 2, 1, 0, 1, 0, 0, 0, 0]",1,cMajor,Piano Sonata K309 iii C major.mid by Mozart.csv
375,381.0 to 381.8333333,0,"[2, 0, 0, 0, 1, 0, 0, 1, 0, 0, 0, 0]",1,cMajor,Piano Sonata K309 iii C major.mid by Mozart.csv
376,382.0 to 382.75,15,"[2, 0, 1, 0, 1, 0, 0, 1, 0, 0, 0, 1]",7,cMajor,Piano Sonata K309 iii C major.mid by Mozart.csv
377,383.0 to 383.8333333,0,"[2, 0, 0, 0, 1, 0, 0, 1, 0, 0, 0, 0]",1,cMajor,Piano Sonata K309 iii C major.mid by Mozart.csv
378,384.0 to 384.75,18,"[1, 0, 0, 0, 0, 2, 0, 1, 0, 2, 0, 1]",9,fMajor,Piano Sonata K309 iii C major.mid by Mozart.csv
379,385.0 to 385.8333333,18,"[1, 0, 0, 0, 0, 2, 0, 0, 0, 1, 0, 0]",9,fMajor,Piano Sonata K309 iii C major.mid by Mozart.csv
380,386.0 to 386.75,18,"[1, 0, 0, 0, 1, 2, 0, 0, 0, 2, 0, 0]",9,fMajor,Piano Sonata K309 iii C major.mid by Mozart.csv
381,387.0 to 387.8333333,2,"[1, 0, 0, 0, 0, 1, 0, 0, 0, 2, 0, 0]",9,fMajor,Piano Sonata K309 iii C major.mid by Mozart.csv
382,388.0 to 388.75,13,"[1, 0, 0, 0, 2, 1, 0, 2, 0, 1, 0, 0]",8,cMajor,Piano Sonata K309 iii C major.mid by Mozart.csv
383,389.0 to 389.8333333,17,"[0, 1, 0, 0, 1, 0, 0, 1, 0, 1, 1, 0]",4,aMajor,Piano Sonata K309 iii C major.mid by Mozart.csv
384,390.0 to 390.75,6,"[0, 0, 2, 0, 1, 2, 0, 1, 0, 1, 0, 0]",3,fMinor,Piano Sonata K309 iii C major.mid by Mozart.csv
385,391.0 to 391.8333333,5,"[0, 0, 1, 0, 0, 1, 0, 1, 1, 0, 0, 1]",6,gMajor,Piano Sonata K309 iii C major.mid by Mozart.csv
386,392.0 to 392.75,13,"[2, 0, 1, 0, 2, 1, 0, 1, 0, 0, 0, 0]",1,cMajor,Piano Sonata K309 iii C major.mid by Mozart.csv
387,393.0 to 393.8333333,15,"[2, 0, 1, 0, 1, 1, 0, 0, 0, 0, 0, 1]",7,cMajor,Piano Sonata K309 iii C major.mid by Mozart.csv
388,394.0 to 394.75,8,"[1, 0, 0, 0, 2, 0, 0, 1, 0, 0, 0, 0]",8,cMajor,Piano Sonata K309 iii C major.mid by Mozart.csv
389,395.0 to 395.75,1,"[0, 0, 1, 0, 0, 1, 1, 2, 0, 0, 0, 1]",2,gMajor,Piano Sonata K309 iii C major.mid by Mozart.csv
390,396.0 to 396.75,0,"[3, 0, 1, 0, 2, 1, 0, 0, 0, 0, 0, 0]",1,cMajor,Piano Sonata K309 iii C major.mid by Mozart.csv
391,397.0 to 397.75,0,"[2, 0, 0, 0, 1, 0, 0, 1, 0, 0, 0, 0]",1,cMajor,Piano Sonata K309 iii C major.mid by Mozart.csv
392,398.0 to 398.875,0,"[3, 0, 0, 0, 1, 0, 0, 0, 0, 0, 0, 0]",1,cMajor,Piano Sonata K309 iii C major.mid by Mozart.csv
393,399.0 to 399.8333333,0,"[2, 0, 0, 0, 1, 0, 0, 1, 0, 0, 0, 0]",1,cMajor,Piano Sonata K309 iii C major.mid by Mozart.csv
394,400.0 to 400.75,18,"[2, 0, 0, 0, 0, 2, 0, 1, 0, 1, 0, 1]",9,fMajor,Piano Sonata K309 iii C major.mid by Mozart.csv
395,401.0 to 401.7916667,18,"[1, 0, 0, 0, 0, 2, 0, 0, 0, 1, 0, 0]",9,fMajor,Piano Sonata K309 iii C major.mid by Mozart.csv
396,402.0 to 402.75,18,"[2, 0, 0, 0, 0, 2, 0, 0, 0, 0, 0, 0]",9,fMajor,Piano Sonata K309 iii C major.mid by Mozart.csv
397,403.0 to 403.7916667,2,"[2, 0, 0, 0, 0, 2, 0, 0, 0, 2, 0, 0]",9,fMajor,Piano Sonata K309 iii C major.mid by Mozart.csv
398,404.0 to 404.8333333,13,"[1, 0, 0, 0, 2, 0, 1, 2, 0, 0, 0, 0]",8,cMajor,Piano Sonata K309 iii C major.mid by Mozart.csv
399,405.0 to 405.75,8,"[0, 1, 0, 0, 3, 0, 0, 1, 0, 2, 0, 0]",4,aMajor,Piano Sonata K309 iii C major.mid by Mozart.csv
400,406.0 to 406.8333333,7,"[1, 0, 1, 0, 0, 0, 2, 1, 0, 1, 0, 0]",0,dMajor,Piano Sonata K309 iii C major.mid by Mozart.csv
401,407.0 to 407.75,19,"[0, 0, 3, 0, 0, 1, 0, 2, 0, 0, 0, 1]",2,gMajor,Piano Sonata K309 iii C major.mid by Mozart.csv
402,408.0 to 408.875,6,"[1, 0, 2, 0, 1, 2, 0, 1, 0, 1, 0, 0]",3,fMinor,Piano Sonata K309 iii C major.mid by Mozart.csv
403,409.0 to 409.8333333,15,"[1, 0, 0, 0, 1, 1, 0, 1, 0, 0, 0, 1]",8,cMajor,Piano Sonata K309 iii C major.mid by Mozart.csv
404,410.0 to 410.875,13,"[2, 0, 0, 0, 2, 0, 0, 1, 0, 0, 0, 0]",1,cMajor,Piano Sonata K309 iii C major.mid by Mozart.csv
405,411.0 to 411.875,17,"[1, 1, 1, 0, 2, 0, 0, 1, 0, 2, 1, 0]",4,aMajor,Piano Sonata K309 iii C major.mid by Mozart.csv
406,412.0 to 412.875,6,"[1, 0, 2, 0, 1, 2, 0, 1, 0, 1, 0, 0]",3,fMinor,Piano Sonata K309 iii C major.mid by Mozart.csv
407,413.0 to 413.875,6,"[0, 0, 2, 0, 1, 2, 0, 2, 0, 1, 0, 1]",2,gMajor,Piano Sonata K309 iii C major.mid by Mozart.csv
408,414.0 to 414.875,18,"[2, 0, 1, 0, 1, 3, 0, 1, 0, 1, 0, 0]",9,fMajor,Piano Sonata K309 iii C major.mid by Mozart.csv
409,415.0 to 415.875,15,"[1, 0, 1, 0, 2, 0, 0, 1, 0, 0, 0, 1]",7,cMajor,Piano Sonata K309 iii C major.mid by Mozart.csv
410,416.0 to 416.875,0,"[3, 0, 1, 0, 2, 0, 0, 0, 0, 0, 0, 0]",1,cMajor,Piano Sonata K309 iii C major.mid by Mozart.csv
411,417.0 to 417.875,15,"[2, 0, 2, 0, 2, 0, 0, 0, 1, 0, 0, 2]",7,eMajor,Piano Sonata K309 iii C major.mid by Mozart.csv
412,418.0 to 418.875,18,"[2, 0, 0, 0, 0, 2, 0, 2, 0, 2, 0, 2]",9,fMajor,Piano Sonata K309 iii C major.mid by Mozart.csv
413,419.0 to 419.875,17,"[0, 2, 1, 0, 2, 2, 0, 2, 0, 2, 0, 0]",4,aMajor,Piano Sonata K309 iii C major.mid by Mozart.csv
414,420.0 to 420.875,15,"[1, 0, 2, 0, 2, 2, 0, 0, 0, 0, 0, 2]",3,eMajor,Piano Sonata K309 iii C major.mid by Mozart.csv
415,421.0 to 421.875,7,"[2, 0, 2, 0, 0, 0, 2, 0, 0, 2, 0, 2]",0,dMajor,Piano Sonata K309 iii C major.mid by Mozart.csv
416,422.0 to 422.0,10,"[0, 0, 0, 0, 0, 0, 0, 2, 0, 0, 0, 0]",5,cMajor,Piano Sonata K309 iii C major.mid by Mozart.csv
417,423.0 to 423.6666667,5,"[1, 0, 0, 0, 0, 0, 0, 1, 0, 1, 0, 1]",5,fMajor,Piano Sonata K309 iii C major.mid by Mozart.csv
418,424.0 to 424.5,19,"[0, 0, 2, 0, 0, 0, 0, 1, 0, 0, 0, 1]",6,gMajor,Piano Sonata K309 iii C major.mid by Mozart.csv
419,425.0 to 425.75,5,"[1, 0, 0, 0, 0, 0, 0, 1, 0, 1, 0, 1]",5,fMajor,Piano Sonata K309 iii C major.mid by Mozart.csv
420,426.0 to 426.5,19,"[0, 0, 2, 0, 0, 0, 0, 1, 0, 0, 0, 1]",6,gMajor,Piano Sonata K309 iii C major.mid by Mozart.csv
421,427.0 to 427.75,15,"[1, 0, 1, 0, 1, 0, 0, 0, 0, 0, 0, 1]",7,eMajor,Piano Sonata K309 iii C major.mid by Mozart.csv
422,428.0 to 428.5,5,"[0, 0, 1, 0, 0, 1, 0, 1, 0, 0, 0, 1]",6,gMajor,Piano Sonata K309 iii C major.mid by Mozart.csv
423,429.0 to 429.75,6,"[1, 0, 1, 0, 1, 1, 0, 0, 0, 0, 0, 0]",3,cMajor,Piano Sonata K309 iii C major.mid by Mozart.csv
424,430.0 to 430.5,17,"[0, 0, 0, 0, 0, 0, 0, 1, 0, 1, 0, 0]",5,cMajor,Piano Sonata K309 iii C major.mid by Mozart.csv
425,431.0 to 431.5,16,"[0, 0, 0, 0, 0, 0, 1, 1, 0, 0, 0, 0]",5,cMajor,Piano Sonata K309 iii C major.mid by Mozart.csv
426,432.0 to 432.5,3,"[0, 0, 0, 0, 0, 1, 0, 0, 1, 0, 0, 1]",5,c#Major,Piano Sonata K309 iii C major.mid by Mozart.csv
427,433.0 to 433.5,2,"[1, 0, 0, 0, 1, 0, 0, 0, 0, 1, 0, 0]",5,cMinor,Piano Sonata K309 iii C major.mid by Mozart.csv
428,434.0 to 434.6666667,6,"[0, 0, 1, 0, 0, 1, 0, 0, 0, 1, 0, 0]",3,fMinor,Piano Sonata K309 iii C major.mid by Mozart.csv
429,435.0 to 435.5,18,"[0, 0, 0, 0, 0, 2, 0, 1, 0, 0, 0, 1]",9,c#Major,Piano Sonata K309 iii C major.mid by Mozart.csv
430,436.0 to 436.5,0,"[3, 0, 0, 0, 1, 0, 0, 0, 0, 0, 0, 0]",1,cMajor,Piano Sonata K309 iii C major.mid by Mozart.csv
431,437.0 to 437.75,6,"[2, 0, 2, 0, 2, 2, 0, 0, 0, 0, 0, 0]",3,cMajor,Piano Sonata K309 iii C major.mid by Mozart.csv
432,438.0 to 438.5,17,"[0, 0, 0, 0, 0, 0, 0, 2, 0, 2, 0, 0]",5,cMajor,Piano Sonata K309 iii C major.mid by Mozart.csv
433,439.0 to 439.5,16,"[0, 0, 0, 0, 0, 0, 2, 2, 0, 0, 0, 0]",5,cMajor,Piano Sonata K309 iii C major.mid by Mozart.csv
434,440.0 to 440.5,6,"[0, 0, 1, 0, 0, 2, 0, 0, 1, 0, 0, 1]",3,c#Major,Piano Sonata K309 iii C major.mid by Mozart.csv
435,441.0 to 441.5,8,"[0, 1, 0, 0, 2, 0, 0, 1, 0, 0, 1, 0]",4,cMajor,Piano Sonata K309 iii C major.mid by Mozart.csv
436,442.0 to 442.875,6,"[0, 0, 2, 0, 0, 1, 0, 1, 0, 1, 0, 0]",3,fMinor,Piano Sonata K309 iii C major.mid by Mozart.csv
437,443.0 to 443.5,15,"[1, 0, 1, 0, 1, 0, 0, 1, 0, 0, 0, 1]",7,cMajor,Piano Sonata K309 iii C major.mid by Mozart.csv
438,444.0 to 444.875,10,"[0, 0, 0, 0, 0, 0, 0, 2, 0, 0, 0, 0]",5,cMajor,Piano Sonata K309 iii C major.mid by Mozart.csv
439,445.0 to 445.875,10,"[1, 0, 0, 0, 1, 1, 0, 2, 0, 0, 0, 1]",8,cMajor,Piano Sonata K309 iii C major.mid by Mozart.csv
440,446.0 to 446.875,10,"[1, 0, 0, 0, 1, 0, 0, 2, 0, 0, 0, 0]",8,cMajor,Piano Sonata K309 iii C major.mid by Mozart.csv
441,447.0 to 447.875,10,"[1, 0, 0, 0, 1, 1, 0, 2, 0, 0, 0, 1]",8,cMajor,Piano Sonata K309 iii C major.mid by Mozart.csv
442,448.0 to 448.875,10,"[1, 0, 0, 0, 1, 0, 0, 2, 0, 0, 0, 0]",8,cMajor,Piano Sonata K309 iii C major.mid by Mozart.csv
443,449.0 to 449.875,10,"[1, 0, 0, 0, 1, 1, 0, 2, 0, 0, 0, 1]",8,cMajor,Piano Sonata K309 iii C major.mid by Mozart.csv
444,450.0 to 450.875,10,"[1, 0, 0, 0, 1, 0, 0, 2, 0, 0, 0, 0]",8,cMajor,Piano Sonata K309 iii C major.mid by Mozart.csv
445,451.0 to 451.875,10,"[1, 0, 0, 0, 1, 1, 0, 2, 0, 0, 0, 1]",8,cMajor,Piano Sonata K309 iii C major.mid by Mozart.csv
446,452.0 to 452.875,10,"[1, 1, 0, 0, 1, 0, 0, 3, 0, 0, 2, 0]",8,cMajor,Piano Sonata K309 iii C major.mid by Mozart.csv
447,453.0 to 453.875,14,"[0, 1, 0, 0, 1, 0, 0, 1, 0, 0, 2, 0]",4,b-Minor,Piano Sonata K309 iii C major.mid by Mozart.csv
448,454.0 to 454.875,4,"[0, 0, 1, 0, 0, 1, 0, 0, 1, 2, 1, 2]",9,fMinor,Piano Sonata K309 iii C major.mid by Mozart.csv
449,455.0 to 455.875,4,"[0, 0, 1, 0, 0, 1, 0, 0, 1, 0, 0, 2]",6,eMajor,Piano Sonata K309 iii C major.mid by Mozart.csv
450,456.0 to 456.875,0,"[4, 0, 0, 2, 1, 0, 1, 0, 0, 2, 0, 0]",0,cMinor,Piano Sonata K309 iii C major.mid by Mozart.csv
451,457.0 to 457.875,11,"[1, 0, 0, 2, 0, 0, 1, 0, 0, 1, 0, 0]",0,g#Major,Piano Sonata K309 iii C major.mid by Mozart.csv
452,458.0 to 458.875,10,"[1, 0, 0, 1, 1, 0, 0, 2, 0, 0, 0, 0]",8,e-Minor,Piano Sonata K309 iii C major.mid by Mozart.csv
453,459.0 to 459.875,13,"[2, 0, 0, 0, 1, 0, 1, 2, 0, 0, 0, 0]",8,cMajor,Piano Sonata K309 iii C major.mid by Mozart.csv
454,460.0 to 460.875,13,"[2, 0, 0, 0, 2, 0, 0, 2, 0, 0, 0, 1]",8,cMajor,Piano Sonata K309 iii C major.mid by Mozart.csv
455,461.0 to 461.875,13,"[1, 0, 0, 1, 2, 0, 0, 2, 0, 0, 0, 0]",8,cMajor,Piano Sonata K309 iii C major.mid by Mozart.csv
456,462.0 to 462.875,7,"[2, 0, 0, 1, 0, 0, 2, 0, 0, 2, 0, 1]",0,bMajor,Piano Sonata K309 iii C major.mid by Mozart.csv
457,463.0 to 463.875,7,"[2, 0, 0, 1, 0, 0, 2, 0, 1, 2, 0, 0]",0,fMajor,Piano Sonata K309 iii C major.mid by Mozart.csv
458,464.0 to 464.875,7,"[2, 0, 0, 2, 0, 0, 2, 0, 0, 2, 0, 0]",0,dMajor,Piano Sonata K309 iii C major.mid by Mozart.csv
459,465.0 to 465.875,7,"[2, 0, 0, 1, 0, 0, 2, 0, 0, 2, 0, 1]",0,bMajor,Piano Sonata K309 iii C major.mid by Mozart.csv
460,466.0 to 466.875,15,"[2, 0, 1, 0, 1, 0, 0, 2, 0, 1, 0, 1]",8,cMajor,Piano Sonata K309 iii C major.mid by Mozart.csv
461,467.0 to 467.875,13,"[2, 0, 1, 0, 1, 1, 0, 2, 0, 1, 0, 0]",8,cMajor,Piano Sonata K309 iii C major.mid by Mozart.csv
462,468.0 to 468.875,0,"[2, 0, 1, 0, 1, 0, 0, 1, 0, 0, 0, 0]",1,cMajor,Piano Sonata K309 iii C major.mid by Mozart.csv
463,469.0 to 469.875,15,"[1, 0, 1, 0, 1, 0, 0, 1, 0, 0, 0, 1]",7,cMajor,Piano Sonata K309 iii C major.mid by Mozart.csv
464,470.0 to 470.5,0,"[2, 0, 0, 0, 0, 0, 0, 1, 0, 1, 0, 0]",5,cMajor,Piano Sonata K309 iii C major.mid by Mozart.csv
465,471.0 to 471.83333330000005,13,"[4, 0, 0, 0, 3, 0, 0, 1, 0, 0, 0, 0]",1,cMajor,Piano Sonata K309 iii C major.mid by Mozart.csv
466,472.0 to 472.83333330000005,13,"[1, 0, 0, 0, 2, 0, 0, 2, 0, 0, 0, 0]",8,cMajor,Piano Sonata K309 iii C major.mid by Mozart.csv
467,473.0 to 473.83333330000005,6,"[1, 0, 1, 0, 0, 1, 0, 1, 0, 0, 0, 0]",3,cMajor,Piano Sonata K309 iii C major.mid by Mozart.csv
468,474.0 to 474.5,13,"[2, 0, 0, 0, 1, 0, 0, 2, 0, 0, 0, 0]",8,cMajor,Piano Sonata K309 iii C major.mid by Mozart.csv
469,475.0 to 475.83333330000005,13,"[4, 0, 0, 0, 4, 0, 0, 1, 0, 0, 0, 0]",1,cMajor,Piano Sonata K309 iii C major.mid by Mozart.csv
470,476.0 to 476.83333330000005,10,"[1, 0, 0, 0, 1, 0, 0, 3, 0, 0, 0, 0]",8,cMajor,Piano Sonata K309 iii C major.mid by Mozart.csv
471,477.0 to 477.83333330000005,6,"[1, 0, 1, 0, 1, 1, 0, 1, 0, 0, 0, 0]",3,cMajor,Piano Sonata K309 iii C major.mid by Mozart.csv
472,478.0 to 478.0,0,"[2, 0, 0, 0, 1, 0, 0, 0, 0, 0, 0, 0]",1,cMajor,Piano Sonata K309 iii C major.mid by Mozart.csv
473,479.0 to 479.75,13,"[1, 0, 0, 0, 2, 0, 0, 2, 0, 0, 0, 0]",8,cMajor,Piano Sonata K309 iii C major.mid by Mozart.csv
474,480.0 to 480.6666667,10,"[0, 0, 0, 0, 1, 0, 0, 3, 0, 0, 0, 0]",8,cMajor,Piano Sonata K309 iii C major.mid by Mozart.csv
475,481.0 to 481.875,5,"[0, 0, 1, 0, 0, 0, 0, 1, 0, 1, 0, 1]",6,gMajor,Piano Sonata K309 iii C major.mid by Mozart.csv
476,482.0 to 482.875,0,"[3, 0, 0, 0, 1, 0, 0, 1, 0, 0, 0, 0]",1,cMajor,Piano Sonata K309 iii C major.mid by Mozart.csv
477,483.0 to 483.875,1,"[1, 0, 2, 0, 1, 1, 0, 3, 0, 0, 0, 1]",2,gMajor,Piano Sonata K309 iii C major.mid by Mozart.csv
478,484.0 to 484.875,13,"[3, 0, 0, 0, 2, 0, 0, 1, 0, 0, 0, 0]",1,cMajor,Piano Sonata K309 iii C major.mid by Mozart.csv
479,485.0 to 485.875,1,"[1, 0, 2, 0, 1, 1, 0, 3, 0, 0, 0, 1]",2,gMajor,Piano Sonata K309 iii C major.mid by Mozart.csv
480,486.0 to 486.875,13,"[3, 0, 0, 0, 3, 0, 0, 2, 0, 0, 0, 0]",1,cMajor,Piano Sonata K309 iii C major.mid by Mozart.csv
481,487.0 to 487.875,19,"[1, 0, 2, 0, 1, 0, 0, 2, 0, 0, 0, 2]",2,gMajor,Piano Sonata K309 iii C major.mid by Mozart.csv
482,488.0 to 488.875,13,"[3, 0, 0, 0, 3, 0, 0, 3, 0, 0, 0, 0]",1,cMajor,Piano Sonata K309 iii C major.mid by Mozart.csv
483,489.0 to 489.875,19,"[1, 0, 2, 0, 1, 0, 0, 2, 0, 0, 0, 2]",2,gMajor,Piano Sonata K309 iii C major.mid by Mozart.csv
484,490.0 to 490.0,13,"[2, 0, 0, 0, 2, 0, 0, 1, 0, 0, 0, 0]",1,cMajor,Piano Sonata K309 iii C major.mid by Mozart.csv
485,491.5 to 491.5,9,"[0, 0, 0, 0, 0, 0, 0, 1, 0, 0, 0, 0]",5,cMajor,Piano Sonata K309 iii C major.mid by Mozart.csv
486,492.0 to 492.75,13,"[2, 0, 1, 0, 2, 1, 0, 1, 0, 0, 0, 0]",1,cMajor,Piano Sonata K309 iii C major.mid by Mozart.csv
487,493.0 to 493.83333330000005,0,"[2, 0, 0, 0, 1, 0, 0, 1, 0, 0, 0, 0]",1,cMajor,Piano Sonata K309 iii C major.mid by Mozart.csv
488,494.0 to 494.875,0,"[2, 0, 0, 0, 1, 0, 0, 1, 0, 0, 0, 0]",1,cMajor,Piano Sonata K309 iii C major.mid by Mozart.csv
489,495.0 to 495.83333330000005,9,"[1, 0, 0, 0, 1, 0, 0, 1, 0, 0, 1, 0]",5,cMajor,Piano Sonata K309 iii C major.mid by Mozart.csv
490,496.0 to 496.75,18,"[1, 0, 0, 0, 0, 2, 0, 1, 0, 2, 1, 0]",9,fMajor,Piano Sonata K309 iii C major.mid by Mozart.csv
491,497.0 to 497.83333330000005,18,"[1, 0, 0, 0, 0, 2, 0, 0, 0, 1, 0, 0]",9,fMajor,Piano Sonata K309 iii C major.mid by Mozart.csv
492,498.0 to 498.875,18,"[1, 0, 0, 0, 0, 2, 0, 0, 0, 1, 0, 0]",9,fMajor,Piano Sonata K309 iii C major.mid by Mozart.csv
493,499.0 to 499.83333330000005,2,"[1, 0, 0, 0, 0, 1, 0, 0, 0, 2, 0, 0]",9,fMajor,Piano Sonata K309 iii C major.mid by Mozart.csv
494,500.0 to 500.75,6,"[1, 0, 1, 0, 1, 2, 0, 2, 0, 0, 0, 0]",3,cMajor,Piano Sonata K309 iii C major.mid by Mozart.csv
495,501.0 to 501.83333330000005,5,"[0, 0, 1, 0, 0, 1, 0, 1, 0, 0, 0, 1]",6,gMajor,Piano Sonata K309 iii C major.mid by Mozart.csv
496,502.0 to 502.75,1,"[1, 0, 0, 0, 0, 0, 0, 2, 0, 1, 0, 1]",5,gMajor,Piano Sonata K309 iii C major.mid by Mozart.csv
497,503.0 to 503.75,19,"[0, 0, 2, 0, 1, 1, 0, 2, 0, 0, 0, 1]",2,gMajor,Piano Sonata K309 iii C major.mid by Mozart.csv
498,504.0 to 504.83333330000005,13,"[2, 0, 1, 0, 2, 0, 0, 2, 0, 0, 0, 0]",1,cMajor,Piano Sonata K309 iii C major.mid by Mozart.csv
499,505.0 to 505.83333330000005,13,"[2, 0, 0, 0, 2, 0, 0, 2, 0, 0, 0, 0]",1,cMajor,Piano Sonata K309 iii C major.mid by Mozart.csv
500,506.0 to 506.0,0,"[3, 0, 0, 0, 1, 0, 0, 1, 0, 0, 0, 0]",1,cMajor,Piano Sonata K309 iii C major.mid by Mozart.csv
