index,offsetRange,CentroidLabelIndex_entireUnits,"[C,C#,D,E-,E,F,F#,G,G#,A,B-,B]",CentroidLabelIndex_individualUnit,triadLabel,filename
0,2.333333333 to 2.333333333,9,"[0, 0, 0, 0, 1, 0, 0, 0, 0, 0, 0, 0]",1,cMajor,Piano Sonata K330 iii C major.mid by Mozart.csv
1,3.125 to 3.875,0,"[2, 0, 0, 0, 1, 1, 0, 1, 0, 0, 0, 0]",0,cMajor,Piano Sonata K330 iii C major.mid by Mozart.csv
2,4.625 to 4.625,5,"[0, 0, 1, 0, 0, 0, 0, 1, 0, 0, 0, 1]",2,gMajor,Piano Sonata K330 iii C major.mid by Mozart.csv
3,5.375 to 5.708333333,4,"[1, 0, 1, 0, 0, 0, 0, 0, 0, 0, 0, 1]",2,gMajor,Piano Sonata K330 iii C major.mid by Mozart.csv
4,6.125 to 6.458333333,0,"[2, 0, 0, 0, 1, 1, 0, 0, 0, 0, 0, 0]",0,fMajor,Piano Sonata K330 iii C major.mid by Mozart.csv
5,7.0 to 7.875,1,"[0, 0, 1, 0, 0, 0, 0, 2, 0, 0, 0, 1]",3,gMajor,Piano Sonata K330 iii C major.mid by Mozart.csv
6,8.666666667000001 to 8.666666667000001,9,"[0, 0, 0, 0, 1, 0, 0, 0, 0, 0, 0, 0]",1,cMajor,Piano Sonata K330 iii C major.mid by Mozart.csv
7,9.5 to 9.875,9,"[1, 0, 0, 0, 1, 1, 0, 0, 0, 0, 0, 0]",9,cMajor,Piano Sonata K330 iii C major.mid by Mozart.csv
8,10.0 to 10.125,8,"[1, 0, 0, 0, 2, 1, 0, 1, 0, 0, 0, 0]",9,cMajor,Piano Sonata K330 iii C major.mid by Mozart.csv
9,11.0 to 11.875,5,"[1, 0, 1, 0, 0, 1, 0, 1, 0, 0, 0, 1]",2,gMajor,Piano Sonata K330 iii C major.mid by Mozart.csv
10,12.0 to 12.75,0,"[2, 0, 0, 0, 1, 1, 0, 0, 0, 0, 0, 0]",0,fMajor,Piano Sonata K330 iii C major.mid by Mozart.csv
11,13.0 to 13.375,5,"[0, 0, 1, 0, 1, 0, 0, 1, 0, 0, 0, 1]",2,gMajor,Piano Sonata K330 iii C major.mid by Mozart.csv
12,14.125 to 14.125,9,"[0, 0, 0, 0, 0, 0, 0, 1, 0, 0, 0, 0]",1,cMajor,Piano Sonata K330 iii C major.mid by Mozart.csv
13,15.125 to 15.875,2,"[1, 0, 0, 0, 0, 1, 0, 0, 0, 1, 0, 0]",4,fMajor,Piano Sonata K330 iii C major.mid by Mozart.csv
14,16.125 to 16.66666667,10,"[1, 0, 0, 0, 1, 1, 0, 2, 0, 0, 0, 0]",8,cMajor,Piano Sonata K330 iii C major.mid by Mozart.csv
15,17.0 to 17.625,9,"[1, 0, 0, 0, 1, 0, 0, 1, 0, 0, 0, 0]",9,cMajor,Piano Sonata K330 iii C major.mid by Mozart.csv
16,18.125 to 18.54166667,17,"[0, 0, 0, 0, 0, 1, 0, 1, 0, 1, 0, 0]",1,fMajor,Piano Sonata K330 iii C major.mid by Mozart.csv
17,19.0 to 19.875,15,"[2, 0, 0, 0, 1, 1, 0, 1, 0, 1, 0, 1]",0,cMajor,Piano Sonata K330 iii C major.mid by Mozart.csv
18,20.0 to 20.625,9,"[1, 0, 0, 0, 1, 0, 0, 1, 0, 0, 0, 0]",9,cMajor,Piano Sonata K330 iii C major.mid by Mozart.csv
19,21.25 to 21.625,9,"[0, 0, 0, 0, 0, 1, 0, 1, 0, 0, 0, 0]",1,cMajor,Piano Sonata K330 iii C major.mid by Mozart.csv
20,22.0 to 22.75,5,"[0, 0, 1, 0, 0, 1, 0, 1, 0, 0, 0, 1]",2,gMajor,Piano Sonata K330 iii C major.mid by Mozart.csv
21,23.125 to 23.875,0,"[2, 0, 0, 0, 1, 1, 0, 1, 0, 0, 0, 0]",0,cMajor,Piano Sonata K330 iii C major.mid by Mozart.csv
22,24.25 to 24.875,5,"[0, 1, 1, 0, 0, 0, 0, 1, 0, 0, 0, 1]",2,gMajor,Piano Sonata K330 iii C major.mid by Mozart.csv
23,25.0 to 25.79166667,15,"[1, 0, 1, 0, 1, 0, 0, 1, 0, 0, 0, 1]",2,cMajor,Piano Sonata K330 iii C major.mid by Mozart.csv
24,26.125 to 26.75,5,"[0, 0, 0, 0, 0, 0, 0, 1, 0, 1, 0, 1]",1,gMajor,Piano Sonata K330 iii C major.mid by Mozart.csv
25,27.125 to 27.875,8,"[1, 0, 0, 0, 2, 0, 0, 1, 0, 0, 0, 0]",9,cMajor,Piano Sonata K330 iii C major.mid by Mozart.csv
26,28.0 to 28.625,13,"[2, 0, 0, 0, 2, 1, 0, 1, 0, 0, 0, 0]",0,cMajor,Piano Sonata K330 iii C major.mid by Mozart.csv
27,29.0 to 29.66666667,1,"[0, 0, 1, 0, 1, 0, 0, 2, 0, 0, 0, 1]",3,gMajor,Piano Sonata K330 iii C major.mid by Mozart.csv
28,30.0 to 30.875,15,"[2, 0, 1, 0, 2, 1, 0, 1, 0, 0, 0, 1]",0,cMajor,Piano Sonata K330 iii C major.mid by Mozart.csv
29,31.08333333 to 31.875,15,"[1, 0, 1, 0, 1, 0, 0, 1, 0, 0, 0, 2]",2,gMajor,Piano Sonata K330 iii C major.mid by Mozart.csv
30,32.0 to 32.625,19,"[0, 0, 2, 0, 0, 0, 0, 1, 0, 0, 0, 1]",2,gMajor,Piano Sonata K330 iii C major.mid by Mozart.csv
31,33.0 to 33.79166667,8,"[1, 0, 0, 0, 2, 0, 0, 1, 0, 0, 0, 0]",9,cMajor,Piano Sonata K330 iii C major.mid by Mozart.csv
32,34.125 to 34.75,13,"[2, 0, 0, 0, 3, 1, 0, 1, 0, 0, 0, 0]",0,cMajor,Piano Sonata K330 iii C major.mid by Mozart.csv
33,35.125 to 35.875,1,"[1, 0, 1, 0, 0, 1, 0, 2, 0, 0, 0, 1]",3,gMajor,Piano Sonata K330 iii C major.mid by Mozart.csv
34,36.0 to 36.875,13,"[2, 0, 1, 0, 2, 1, 0, 1, 0, 0, 0, 0]",0,cMajor,Piano Sonata K330 iii C major.mid by Mozart.csv
35,37.0 to 37.625,5,"[0, 0, 1, 0, 1, 1, 0, 1, 0, 0, 0, 2]",2,gMajor,Piano Sonata K330 iii C major.mid by Mozart.csv
36,38.0 to 38.79166667,19,"[0, 0, 2, 0, 0, 1, 0, 1, 0, 1, 0, 1]",2,gMajor,Piano Sonata K330 iii C major.mid by Mozart.csv
37,39.125 to 39.875,2,"[1, 0, 0, 0, 0, 1, 0, 1, 0, 1, 0, 0]",4,fMajor,Piano Sonata K330 iii C major.mid by Mozart.csv
38,40.0 to 40.875,10,"[1, 0, 0, 0, 1, 1, 0, 2, 0, 0, 0, 0]",8,cMajor,Piano Sonata K330 iii C major.mid by Mozart.csv
39,41.125 to 41.875,2,"[1, 0, 0, 0, 0, 1, 0, 0, 0, 1, 0, 0]",4,fMajor,Piano Sonata K330 iii C major.mid by Mozart.csv
40,42.0 to 42.91666667,2,"[2, 0, 0, 0, 0, 1, 0, 0, 0, 1, 0, 1]",4,fMajor,Piano Sonata K330 iii C major.mid by Mozart.csv
41,43.0 to 43.66666667,0,"[2, 0, 0, 0, 1, 0, 0, 1, 0, 0, 0, 0]",0,cMajor,Piano Sonata K330 iii C major.mid by Mozart.csv
42,44.125 to 44.75,3,"[1, 0, 0, 0, 0, 0, 0, 0, 1, 1, 0, 0]",4,fMajor,Piano Sonata K330 iii C major.mid by Mozart.csv
43,45.0 to 45.875,6,"[1, 0, 2, 0, 1, 2, 0, 1, 0, 1, 0, 0]",6,fMinor,Piano Sonata K330 iii C major.mid by Mozart.csv
44,46.625 to 46.66666667,5,"[0, 0, 1, 0, 0, 0, 0, 1, 0, 0, 0, 1]",2,gMajor,Piano Sonata K330 iii C major.mid by Mozart.csv
45,47.29166667 to 47.79166667,13,"[2, 0, 0, 0, 1, 0, 0, 2, 0, 0, 0, 0]",0,cMajor,Piano Sonata K330 iii C major.mid by Mozart.csv
46,48.0 to 48.875,13,"[3, 0, 0, 0, 2, 0, 0, 1, 0, 0, 0, 0]",0,cMajor,Piano Sonata K330 iii C major.mid by Mozart.csv
47,49.0 to 49.875,2,"[1, 0, 0, 0, 0, 1, 0, 1, 0, 1, 0, 1]",5,fMajor,Piano Sonata K330 iii C major.mid by Mozart.csv
48,50.125 to 50.75,6,"[0, 1, 1, 0, 1, 1, 0, 0, 0, 0, 0, 0]",1,c#Major,Piano Sonata K330 iii C major.mid by Mozart.csv
49,51.0 to 51.91666667,18,"[1, 0, 2, 0, 1, 2, 0, 2, 0, 2, 0, 0]",6,fMinor,Piano Sonata K330 iii C major.mid by Mozart.csv
50,52.0 to 52.91666667,6,"[1, 0, 2, 0, 1, 2, 0, 1, 0, 0, 0, 1]",6,gMajor,Piano Sonata K330 iii C major.mid by Mozart.csv
51,53.0 to 53.75,13,"[2, 0, 0, 0, 2, 0, 0, 2, 0, 0, 0, 0]",0,cMajor,Piano Sonata K330 iii C major.mid by Mozart.csv
52,54.125 to 54.75,15,"[1, 0, 0, 0, 1, 0, 0, 1, 0, 0, 0, 1]",9,cMajor,Piano Sonata K330 iii C major.mid by Mozart.csv
53,55.0 to 55.875,17,"[0, 1, 0, 0, 1, 1, 0, 1, 0, 1, 0, 1]",1,aMajor,Piano Sonata K330 iii C major.mid by Mozart.csv
54,56.0 to 56.83333333,18,"[0, 0, 2, 0, 0, 2, 0, 0, 0, 2, 0, 0]",6,fMinor,Piano Sonata K330 iii C major.mid by Mozart.csv
55,57.0 to 57.875,13,"[2, 0, 2, 0, 2, 2, 0, 2, 0, 0, 0, 0]",8,cMajor,Piano Sonata K330 iii C major.mid by Mozart.csv
56,58.0 to 58.625,15,"[2, 0, 1, 0, 1, 1, 0, 1, 0, 0, 0, 1]",0,cMajor,Piano Sonata K330 iii C major.mid by Mozart.csv
57,59.375 to 59.375,10,"[0, 0, 0, 0, 0, 0, 0, 2, 0, 0, 0, 0]",1,cMajor,Piano Sonata K330 iii C major.mid by Mozart.csv
58,60.25 to 60.25,0,"[3, 0, 0, 0, 0, 0, 0, 0, 0, 0, 0, 0]",0,cMajor,Piano Sonata K330 iii C major.mid by Mozart.csv
59,62.0 to 62.75,16,"[1, 0, 0, 0, 1, 0, 1, 1, 0, 0, 0, 0]",9,cMajor,Piano Sonata K330 iii C major.mid by Mozart.csv
60,63.0 to 63.875,16,"[1, 0, 1, 0, 1, 1, 1, 1, 0, 0, 0, 0]",8,cMajor,Piano Sonata K330 iii C major.mid by Mozart.csv
61,64.0 to 64.875,10,"[0, 0, 1, 0, 2, 1, 0, 2, 0, 0, 0, 0]",8,cMajor,Piano Sonata K330 iii C major.mid by Mozart.csv
62,65.0 to 65.95833333,15,"[1, 0, 1, 0, 2, 1, 0, 1, 0, 0, 0, 1]",8,cMajor,Piano Sonata K330 iii C major.mid by Mozart.csv
63,66.33333333 to 66.75,9,"[1, 0, 0, 0, 1, 0, 0, 1, 0, 0, 0, 0]",9,cMajor,Piano Sonata K330 iii C major.mid by Mozart.csv
64,67.125 to 67.875,5,"[0, 1, 1, 0, 0, 0, 0, 1, 0, 0, 1, 1]",2,gMajor,Piano Sonata K330 iii C major.mid by Mozart.csv
65,68.125 to 68.875,5,"[0, 0, 0, 1, 0, 0, 0, 1, 0, 0, 0, 1]",1,e-Major,Piano Sonata K330 iii C major.mid by Mozart.csv
66,69.33333333 to 69.875,9,"[1, 0, 0, 0, 1, 0, 0, 1, 0, 0, 0, 0]",9,cMajor,Piano Sonata K330 iii C major.mid by Mozart.csv
67,70.0 to 70.875,10,"[1, 0, 1, 0, 1, 1, 0, 2, 0, 0, 0, 0]",8,cMajor,Piano Sonata K330 iii C major.mid by Mozart.csv
68,71.25 to 71.875,16,"[1, 0, 0, 0, 1, 0, 1, 1, 0, 0, 0, 0]",9,cMajor,Piano Sonata K330 iii C major.mid by Mozart.csv
69,72.0 to 72.83333333,5,"[0, 0, 1, 0, 1, 1, 0, 1, 0, 0, 0, 1]",8,gMinor,Piano Sonata K330 iii C major.mid by Mozart.csv
70,73.08333333 to 73.875,5,"[0, 0, 0, 0, 0, 1, 1, 1, 0, 0, 0, 1]",1,gMajor,Piano Sonata K330 iii C major.mid by Mozart.csv
71,74.25 to 74.875,5,"[0, 0, 0, 0, 0, 1, 1, 1, 0, 0, 0, 1]",1,gMajor,Piano Sonata K330 iii C major.mid by Mozart.csv
72,75.125 to 75.95833333,10,"[0, 0, 0, 0, 1, 1, 0, 2, 0, 1, 0, 1]",8,gMinor,Piano Sonata K330 iii C major.mid by Mozart.csv
73,76.0 to 76.75,10,"[1, 0, 1, 0, 0, 1, 0, 2, 0, 1, 0, 0]",5,cMajor,Piano Sonata K330 iii C major.mid by Mozart.csv
74,77.0 to 77.70833333,8,"[1, 0, 1, 0, 2, 1, 0, 1, 0, 0, 0, 0]",8,cMajor,Piano Sonata K330 iii C major.mid by Mozart.csv
75,78.125 to 78.75,19,"[1, 0, 2, 0, 0, 1, 0, 1, 0, 0, 0, 1]",2,gMajor,Piano Sonata K330 iii C major.mid by Mozart.csv
76,79.125 to 79.875,10,"[0, 0, 0, 0, 1, 1, 0, 2, 0, 0, 0, 1]",8,gMinor,Piano Sonata K330 iii C major.mid by Mozart.csv
77,80.125 to 80.875,5,"[1, 0, 1, 0, 0, 0, 0, 1, 0, 1, 0, 2]",5,gMajor,Piano Sonata K330 iii C major.mid by Mozart.csv
78,81.125 to 81.875,10,"[0, 0, 1, 0, 1, 1, 0, 2, 0, 0, 0, 0]",8,cMajor,Piano Sonata K330 iii C major.mid by Mozart.csv
79,82.25 to 82.75,11,"[1, 0, 0, 1, 0, 0, 0, 1, 0, 0, 0, 0]",1,e-Minor,Piano Sonata K330 iii C major.mid by Mozart.csv
80,83.0 to 83.875,8,"[1, 0, 0, 1, 2, 0, 0, 1, 0, 0, 0, 0]",9,cMajor,Piano Sonata K330 iii C major.mid by Mozart.csv
81,84.125 to 84.875,9,"[0, 0, 0, 0, 1, 0, 0, 1, 0, 0, 0, 0]",1,cMajor,Piano Sonata K330 iii C major.mid by Mozart.csv
82,85.375 to 85.83333333,8,"[1, 0, 0, 0, 2, 0, 0, 0, 0, 0, 0, 0]",9,cMajor,Piano Sonata K330 iii C major.mid by Mozart.csv
83,86.0 to 86.875,2,"[2, 0, 0, 0, 1, 0, 0, 0, 0, 2, 0, 0]",4,cMinor,Piano Sonata K330 iii C major.mid by Mozart.csv
84,87.0 to 87.875,8,"[1, 0, 0, 0, 2, 0, 0, 0, 0, 1, 0, 0]",9,cMinor,Piano Sonata K330 iii C major.mid by Mozart.csv
85,88.0 to 88.91666667,19,"[0, 0, 2, 0, 1, 0, 0, 1, 0, 1, 0, 1]",2,gMajor,Piano Sonata K330 iii C major.mid by Mozart.csv
86,89.20833333 to 89.875,19,"[0, 0, 2, 0, 0, 0, 0, 1, 0, 0, 0, 2]",2,gMajor,Piano Sonata K330 iii C major.mid by Mozart.csv
87,90.0 to 90.75,19,"[0, 0, 2, 0, 0, 0, 0, 1, 0, 0, 0, 1]",2,gMajor,Piano Sonata K330 iii C major.mid by Mozart.csv
88,91.0 to 91.91666667,7,"[1, 0, 2, 0, 0, 0, 1, 0, 0, 2, 0, 0]",7,dMajor,Piano Sonata K330 iii C major.mid by Mozart.csv
89,92.125 to 92.91666667,19,"[0, 0, 2, 0, 0, 0, 0, 1, 0, 1, 0, 1]",2,gMajor,Piano Sonata K330 iii C major.mid by Mozart.csv
90,93.0 to 93.875,19,"[0, 0, 2, 0, 0, 0, 0, 1, 0, 1, 0, 1]",2,gMajor,Piano Sonata K330 iii C major.mid by Mozart.csv
91,94.125 to 94.625,12,"[0, 1, 2, 0, 0, 0, 1, 0, 0, 1, 0, 0]",7,dMajor,Piano Sonata K330 iii C major.mid by Mozart.csv
92,95.0 to 95.75,12,"[0, 1, 2, 0, 0, 0, 0, 0, 0, 0, 0, 0]",7,dMajor,Piano Sonata K330 iii C major.mid by Mozart.csv
93,96.125 to 96.875,10,"[1, 0, 1, 0, 0, 0, 0, 2, 0, 0, 0, 0]",3,gMajor,Piano Sonata K330 iii C major.mid by Mozart.csv
94,97.0 to 97.75,1,"[0, 0, 1, 0, 0, 0, 0, 3, 0, 0, 0, 1]",3,gMajor,Piano Sonata K330 iii C major.mid by Mozart.csv
95,98.125 to 98.875,1,"[0, 0, 1, 0, 0, 0, 1, 2, 0, 0, 0, 1]",3,gMajor,Piano Sonata K330 iii C major.mid by Mozart.csv
96,99.25 to 99.75,19,"[0, 0, 2, 0, 1, 0, 1, 2, 0, 0, 0, 0]",8,gMajor,Piano Sonata K330 iii C major.mid by Mozart.csv
97,100.0 to 100.7083333,19,"[1, 0, 2, 0, 0, 0, 0, 1, 0, 1, 0, 1]",2,gMajor,Piano Sonata K330 iii C major.mid by Mozart.csv
98,101.0 to 101.875,12,"[0, 0, 2, 0, 0, 0, 1, 0, 0, 1, 0, 0]",7,dMajor,Piano Sonata K330 iii C major.mid by Mozart.csv
99,102.25 to 102.625,12,"[1, 0, 2, 0, 0, 0, 0, 0, 0, 0, 0, 0]",7,dMajor,Piano Sonata K330 iii C major.mid by Mozart.csv
100,103.0 to 103.875,5,"[0, 1, 1, 0, 0, 0, 0, 1, 0, 0, 1, 1]",2,gMajor,Piano Sonata K330 iii C major.mid by Mozart.csv
101,104.125 to 104.875,5,"[0, 1, 1, 0, 0, 0, 0, 1, 0, 0, 0, 1]",2,gMajor,Piano Sonata K330 iii C major.mid by Mozart.csv
102,105.3333333 to 105.6666667,12,"[0, 0, 1, 0, 1, 0, 0, 0, 0, 0, 0, 0]",1,cMajor,Piano Sonata K330 iii C major.mid by Mozart.csv
103,106.0 to 106.8333333,4,"[1, 0, 1, 0, 0, 0, 0, 0, 0, 0, 0, 1]",2,gMajor,Piano Sonata K330 iii C major.mid by Mozart.csv
104,107.125 to 107.875,4,"[1, 0, 1, 0, 0, 0, 0, 0, 0, 0, 0, 1]",2,gMajor,Piano Sonata K330 iii C major.mid by Mozart.csv
105,108.125 to 108.75,17,"[0, 0, 1, 0, 0, 0, 0, 1, 0, 1, 0, 0]",1,dMajor,Piano Sonata K330 iii C major.mid by Mozart.csv
106,109.0 to 109.75,1,"[0, 0, 1, 0, 0, 0, 0, 3, 0, 0, 0, 1]",3,gMajor,Piano Sonata K330 iii C major.mid by Mozart.csv
107,110.0 to 110.875,1,"[0, 0, 1, 0, 0, 0, 1, 2, 0, 0, 0, 1]",3,gMajor,Piano Sonata K330 iii C major.mid by Mozart.csv
108,111.3333333 to 111.75,19,"[0, 0, 2, 0, 1, 0, 1, 2, 0, 0, 0, 1]",3,gMajor,Piano Sonata K330 iii C major.mid by Mozart.csv
109,112.0 to 112.75,19,"[1, 0, 2, 0, 0, 0, 0, 1, 0, 1, 0, 1]",2,gMajor,Piano Sonata K330 iii C major.mid by Mozart.csv
110,113.0 to 113.875,12,"[0, 0, 2, 0, 0, 0, 1, 0, 0, 1, 0, 0]",7,dMajor,Piano Sonata K330 iii C major.mid by Mozart.csv
111,114.25 to 114.625,12,"[1, 0, 2, 0, 0, 0, 0, 0, 0, 0, 0, 0]",7,dMajor,Piano Sonata K330 iii C major.mid by Mozart.csv
112,115.0 to 115.75,5,"[0, 0, 1, 0, 0, 0, 0, 1, 0, 0, 0, 2]",2,gMajor,Piano Sonata K330 iii C major.mid by Mozart.csv
113,116.125 to 116.875,8,"[0, 0, 1, 0, 2, 0, 1, 1, 0, 0, 0, 0]",8,cMajor,Piano Sonata K330 iii C major.mid by Mozart.csv
114,117.0 to 117.875,10,"[1, 0, 0, 0, 1, 0, 0, 2, 0, 0, 0, 0]",9,cMajor,Piano Sonata K330 iii C major.mid by Mozart.csv
115,118.0 to 118.625,1,"[0, 0, 1, 0, 0, 0, 0, 2, 0, 0, 0, 1]",3,gMajor,Piano Sonata K330 iii C major.mid by Mozart.csv
116,119.0 to 119.9583333,2,"[1, 0, 1, 0, 0, 1, 0, 0, 0, 1, 0, 1]",4,fMajor,Piano Sonata K330 iii C major.mid by Mozart.csv
117,120.0 to 120.75,2,"[2, 0, 0, 0, 1, 0, 0, 0, 0, 1, 0, 1]",4,cMinor,Piano Sonata K330 iii C major.mid by Mozart.csv
118,121.0 to 121.875,0,"[2, 0, 0, 0, 1, 0, 0, 1, 0, 0, 0, 0]",0,cMajor,Piano Sonata K330 iii C major.mid by Mozart.csv
119,122.0 to 122.875,13,"[3, 0, 1, 0, 2, 0, 0, 1, 0, 0, 0, 0]",0,cMajor,Piano Sonata K330 iii C major.mid by Mozart.csv
120,123.0 to 123.875,19,"[0, 0, 2, 0, 2, 0, 0, 1, 0, 0, 0, 1]",8,gMajor,Piano Sonata K330 iii C major.mid by Mozart.csv
121,124.25 to 124.625,5,"[1, 0, 0, 0, 0, 0, 0, 1, 0, 0, 0, 2]",2,gMajor,Piano Sonata K330 iii C major.mid by Mozart.csv
122,125.0 to 125.75,7,"[1, 0, 1, 0, 0, 0, 1, 0, 0, 1, 0, 0]",7,dMajor,Piano Sonata K330 iii C major.mid by Mozart.csv
123,126.125 to 126.875,0,"[2, 0, 1, 0, 0, 0, 0, 1, 0, 0, 0, 0]",0,e-Minor,Piano Sonata K330 iii C major.mid by Mozart.csv
124,127.1666667 to 127.75,15,"[1, 0, 1, 0, 1, 0, 1, 0, 0, 0, 0, 2]",2,dMinor,Piano Sonata K330 iii C major.mid by Mozart.csv
125,128.0 to 128.75,13,"[1, 0, 0, 0, 2, 0, 1, 2, 0, 0, 0, 0]",9,cMajor,Piano Sonata K330 iii C major.mid by Mozart.csv
126,129.0 to 129.75,10,"[0, 0, 1, 0, 1, 0, 0, 2, 0, 0, 0, 0]",8,gMajor,Piano Sonata K330 iii C major.mid by Mozart.csv
127,130.0 to 130.875,5,"[0, 0, 1, 0, 0, 1, 0, 1, 0, 1, 0, 2]",2,gMajor,Piano Sonata K330 iii C major.mid by Mozart.csv
128,131.2083333 to 131.875,2,"[2, 0, 0, 0, 0, 0, 0, 0, 0, 2, 0, 1]",4,fMajor,Piano Sonata K330 iii C major.mid by Mozart.csv
129,132.0 to 132.875,0,"[2, 0, 0, 0, 1, 0, 0, 0, 0, 0, 0, 0]",0,cMajor,Piano Sonata K330 iii C major.mid by Mozart.csv
130,133.0 to 133.75,0,"[3, 0, 1, 0, 0, 0, 0, 1, 0, 0, 0, 0]",0,cMajor,Piano Sonata K330 iii C major.mid by Mozart.csv
131,134.0 to 134.79166669999998,13,"[2, 0, 1, 0, 2, 0, 0, 1, 0, 0, 0, 0]",0,cMajor,Piano Sonata K330 iii C major.mid by Mozart.csv
132,135.0 to 135.66666669999998,19,"[1, 0, 2, 0, 1, 0, 0, 1, 0, 0, 0, 1]",2,gMajor,Piano Sonata K330 iii C major.mid by Mozart.csv
133,136.0 to 136.875,4,"[1, 0, 1, 0, 0, 0, 0, 0, 0, 1, 0, 2]",2,gMajor,Piano Sonata K330 iii C major.mid by Mozart.csv
134,137.125 to 137.875,7,"[1, 0, 1, 0, 0, 0, 1, 1, 0, 1, 0, 0]",5,dMajor,Piano Sonata K330 iii C major.mid by Mozart.csv
135,138.66666669999998 to 138.875,5,"[0, 0, 1, 0, 0, 0, 0, 1, 0, 0, 0, 2]",2,gMajor,Piano Sonata K330 iii C major.mid by Mozart.csv
136,139.125 to 139.875,7,"[1, 0, 1, 0, 0, 0, 1, 2, 0, 2, 0, 1]",5,gMajor,Piano Sonata K330 iii C major.mid by Mozart.csv
137,140.0 to 140.75,19,"[0, 0, 2, 0, 0, 0, 0, 1, 0, 2, 0, 2]",2,gMajor,Piano Sonata K330 iii C major.mid by Mozart.csv
138,141.5 to 141.75,7,"[0, 0, 1, 0, 0, 0, 2, 0, 0, 1, 0, 0]",7,dMajor,Piano Sonata K330 iii C major.mid by Mozart.csv
139,142.0 to 142.91666669999995,12,"[1, 1, 2, 0, 1, 0, 0, 1, 0, 1, 0, 0]",7,cMajor,Piano Sonata K330 iii C major.mid by Mozart.csv
140,143.0 to 143.75,7,"[1, 0, 2, 0, 0, 0, 1, 0, 0, 2, 0, 0]",7,dMajor,Piano Sonata K330 iii C major.mid by Mozart.csv
141,144.625 to 144.875,5,"[0, 0, 1, 0, 0, 0, 0, 1, 0, 0, 0, 2]",2,gMajor,Piano Sonata K330 iii C major.mid by Mozart.csv
142,145.0 to 145.875,7,"[1, 0, 2, 0, 0, 0, 1, 2, 0, 2, 0, 1]",5,dMajor,Piano Sonata K330 iii C major.mid by Mozart.csv
143,146.125 to 146.625,4,"[0, 0, 1, 0, 0, 0, 0, 0, 0, 1, 0, 1]",2,dMajor,Piano Sonata K330 iii C major.mid by Mozart.csv
144,147.33333330000005 to 147.95833330000005,7,"[0, 0, 2, 0, 0, 0, 2, 0, 0, 1, 0, 0]",7,dMajor,Piano Sonata K330 iii C major.mid by Mozart.csv
145,148.0 to 148.91666669999995,7,"[1, 1, 2, 0, 1, 0, 1, 1, 0, 2, 0, 0]",7,dMajor,Piano Sonata K330 iii C major.mid by Mozart.csv
146,149.125 to 149.875,1,"[0, 0, 0, 0, 0, 0, 1, 2, 0, 2, 0, 1]",5,dMajor,Piano Sonata K330 iii C major.mid by Mozart.csv
147,150.0 to 150.875,1,"[0, 0, 1, 0, 0, 0, 0, 2, 0, 0, 0, 1]",3,gMajor,Piano Sonata K330 iii C major.mid by Mozart.csv
148,151.125 to 151.875,5,"[0, 0, 1, 0, 0, 0, 0, 1, 0, 0, 0, 1]",2,gMajor,Piano Sonata K330 iii C major.mid by Mozart.csv
149,152.125 to 152.875,19,"[0, 0, 2, 0, 0, 1, 0, 2, 0, 0, 0, 2]",3,gMajor,Piano Sonata K330 iii C major.mid by Mozart.csv
150,153.125 to 153.875,19,"[0, 0, 3, 0, 0, 1, 0, 3, 0, 0, 0, 2]",3,gMajor,Piano Sonata K330 iii C major.mid by Mozart.csv
151,154.0 to 154.875,1,"[1, 0, 1, 0, 1, 1, 0, 3, 0, 0, 0, 1]",8,gMajor,Piano Sonata K330 iii C major.mid by Mozart.csv
152,155.0 to 155.70833330000005,10,"[1, 0, 0, 1, 1, 0, 0, 2, 0, 0, 0, 0]",9,e-Minor,Piano Sonata K330 iii C major.mid by Mozart.csv
153,156.0 to 156.875,9,"[1, 0, 0, 1, 1, 0, 0, 1, 0, 0, 0, 0]",9,cMajor,Piano Sonata K330 iii C major.mid by Mozart.csv
154,157.125 to 157.625,9,"[0, 0, 0, 1, 1, 0, 0, 0, 0, 0, 0, 0]",1,cMajor,Piano Sonata K330 iii C major.mid by Mozart.csv
155,158.0 to 158.91666669999995,14,"[0, 1, 0, 0, 0, 0, 0, 1, 0, 0, 1, 0]",1,e-Major,Piano Sonata K330 iii C major.mid by Mozart.csv
156,159.04166669999995 to 159.5,5,"[0, 0, 1, 0, 0, 0, 0, 1, 0, 0, 0, 1]",2,gMajor,Piano Sonata K330 iii C major.mid by Mozart.csv
157,160.0 to 160.875,7,"[1, 0, 1, 0, 0, 0, 1, 1, 0, 1, 0, 1]",5,dMajor,Piano Sonata K330 iii C major.mid by Mozart.csv
158,161.0 to 161.875,19,"[0, 0, 2, 0, 0, 0, 0, 2, 0, 0, 0, 2]",3,gMajor,Piano Sonata K330 iii C major.mid by Mozart.csv
159,162.0 to 162.91666669999995,1,"[0, 0, 1, 0, 0, 0, 0, 2, 0, 0, 0, 2]",3,gMajor,Piano Sonata K330 iii C major.mid by Mozart.csv
160,163.125 to 163.875,1,"[0, 0, 2, 0, 0, 0, 0, 3, 0, 0, 0, 2]",3,gMajor,Piano Sonata K330 iii C major.mid by Mozart.csv
161,164.0 to 164.83333330000005,19,"[0, 0, 2, 0, 0, 1, 0, 2, 0, 0, 0, 2]",3,gMajor,Piano Sonata K330 iii C major.mid by Mozart.csv
162,165.0 to 165.875,19,"[0, 0, 3, 0, 0, 1, 0, 3, 0, 0, 0, 3]",3,gMajor,Piano Sonata K330 iii C major.mid by Mozart.csv
163,166.0 to 166.875,10,"[1, 0, 1, 0, 1, 1, 0, 3, 0, 0, 0, 0]",8,cMajor,Piano Sonata K330 iii C major.mid by Mozart.csv
164,167.125 to 167.875,9,"[1, 0, 0, 1, 1, 0, 0, 1, 0, 0, 0, 0]",9,cMajor,Piano Sonata K330 iii C major.mid by Mozart.csv
165,168.25 to 168.625,9,"[0, 0, 0, 1, 1, 0, 0, 0, 0, 0, 0, 0]",1,cMajor,Piano Sonata K330 iii C major.mid by Mozart.csv
166,169.0 to 169.66666669999995,14,"[0, 1, 0, 1, 1, 0, 0, 0, 0, 0, 1, 0]",1,e-Major,Piano Sonata K330 iii C major.mid by Mozart.csv
167,170.0 to 170.875,14,"[0, 1, 0, 0, 0, 0, 1, 1, 0, 0, 1, 0]",1,f#Major,Piano Sonata K330 iii C major.mid by Mozart.csv
168,171.125 to 171.875,14,"[0, 1, 0, 0, 0, 0, 1, 1, 0, 0, 1, 0]",1,f#Major,Piano Sonata K330 iii C major.mid by Mozart.csv
169,172.125 to 172.875,19,"[0, 0, 2, 0, 0, 0, 0, 1, 0, 0, 0, 1]",2,gMajor,Piano Sonata K330 iii C major.mid by Mozart.csv
170,173.125 to 173.875,19,"[0, 0, 2, 0, 1, 0, 0, 1, 0, 0, 0, 1]",2,gMajor,Piano Sonata K330 iii C major.mid by Mozart.csv
171,174.25 to 174.875,5,"[1, 0, 1, 0, 0, 0, 0, 1, 0, 0, 0, 2]",2,gMajor,Piano Sonata K330 iii C major.mid by Mozart.csv
172,175.0 to 175.66666669999995,19,"[0, 0, 2, 0, 0, 0, 0, 0, 0, 0, 0, 2]",2,gMajor,Piano Sonata K330 iii C major.mid by Mozart.csv
173,176.0 to 176.875,19,"[0, 0, 2, 0, 0, 0, 0, 1, 0, 1, 0, 1]",2,gMajor,Piano Sonata K330 iii C major.mid by Mozart.csv
174,177.0 to 177.875,7,"[1, 0, 1, 0, 0, 0, 1, 1, 0, 1, 0, 1]",5,dMajor,Piano Sonata K330 iii C major.mid by Mozart.csv
175,178.125 to 178.875,1,"[0, 0, 0, 0, 0, 0, 0, 2, 0, 0, 0, 1]",3,gMajor,Piano Sonata K330 iii C major.mid by Mozart.csv
176,179.25 to 179.75,1,"[0, 0, 1, 0, 0, 0, 0, 2, 0, 0, 0, 1]",3,gMajor,Piano Sonata K330 iii C major.mid by Mozart.csv
177,180.25 to 180.875,1,"[0, 0, 1, 0, 0, 0, 1, 2, 0, 0, 0, 1]",3,gMajor,Piano Sonata K330 iii C major.mid by Mozart.csv
178,181.0 to 181.875,19,"[0, 0, 2, 0, 1, 0, 1, 1, 0, 1, 0, 1]",7,dMajor,Piano Sonata K330 iii C major.mid by Mozart.csv
179,182.0 to 182.875,16,"[1, 0, 0, 0, 0, 0, 1, 1, 0, 1, 0, 1]",5,dMajor,Piano Sonata K330 iii C major.mid by Mozart.csv
180,183.125 to 183.625,16,"[1, 0, 0, 0, 0, 0, 1, 1, 0, 1, 0, 0]",5,cMajor,Piano Sonata K330 iii C major.mid by Mozart.csv
181,184.25 to 184.8333333,1,"[0, 0, 0, 0, 0, 0, 0, 2, 0, 0, 0, 1]",3,gMajor,Piano Sonata K330 iii C major.mid by Mozart.csv
182,185.125 to 185.875,1,"[0, 0, 1, 0, 0, 0, 0, 2, 0, 0, 0, 1]",3,gMajor,Piano Sonata K330 iii C major.mid by Mozart.csv
183,186.25 to 186.9583333,1,"[0, 0, 1, 0, 0, 0, 1, 2, 0, 0, 0, 1]",3,gMajor,Piano Sonata K330 iii C major.mid by Mozart.csv
184,187.0 to 187.6666667,5,"[0, 0, 1, 0, 1, 0, 0, 1, 0, 1, 0, 1]",2,gMajor,Piano Sonata K330 iii C major.mid by Mozart.csv
185,188.125 to 188.875,16,"[1, 0, 0, 0, 0, 0, 1, 1, 0, 1, 0, 1]",5,dMajor,Piano Sonata K330 iii C major.mid by Mozart.csv
186,189.0 to 189.875,16,"[1, 0, 0, 0, 0, 0, 1, 1, 0, 1, 0, 0]",5,cMajor,Piano Sonata K330 iii C major.mid by Mozart.csv
187,190.0 to 190.75,1,"[1, 0, 0, 0, 0, 0, 0, 2, 0, 0, 0, 1]",3,cMajor,Piano Sonata K330 iii C major.mid by Mozart.csv
188,191.0833333 to 191.875,19,"[0, 0, 2, 0, 0, 0, 0, 2, 0, 0, 0, 1]",3,gMajor,Piano Sonata K330 iii C major.mid by Mozart.csv
189,192.3333333 to 192.75,16,"[1, 0, 1, 0, 0, 0, 1, 1, 0, 0, 0, 0]",1,cMajor,Piano Sonata K330 iii C major.mid by Mozart.csv
190,193.0 to 193.875,1,"[2, 0, 0, 0, 0, 0, 0, 2, 0, 1, 0, 2]",5,cMajor,Piano Sonata K330 iii C major.mid by Mozart.csv
191,194.0 to 194.875,5,"[0, 0, 1, 0, 0, 0, 0, 1, 0, 0, 0, 1]",2,gMajor,Piano Sonata K330 iii C major.mid by Mozart.csv
192,195.0 to 195.875,12,"[1, 0, 2, 0, 0, 0, 1, 1, 0, 0, 0, 0]",7,dMajor,Piano Sonata K330 iii C major.mid by Mozart.csv
193,196.2083333 to 196.7916667,1,"[2, 0, 0, 0, 0, 0, 0, 3, 0, 1, 0, 2]",5,cMajor,Piano Sonata K330 iii C major.mid by Mozart.csv
194,197.0 to 197.5,4,"[0, 0, 1, 0, 0, 0, 0, 0, 0, 0, 0, 1]",2,gMajor,Piano Sonata K330 iii C major.mid by Mozart.csv
195,198.125 to 198.375,5,"[0, 0, 1, 0, 0, 0, 0, 1, 0, 0, 0, 1]",2,gMajor,Piano Sonata K330 iii C major.mid by Mozart.csv
196,199.125 to 199.25,2,"[1, 0, 1, 0, 0, 0, 0, 0, 0, 1, 0, 0]",4,dMajor,Piano Sonata K330 iii C major.mid by Mozart.csv
197,200.0 to 200.25,2,"[1, 0, 0, 0, 0, 0, 0, 1, 0, 1, 0, 0]",4,cMajor,Piano Sonata K330 iii C major.mid by Mozart.csv
198,201.0 to 201.375,2,"[1, 0, 1, 0, 0, 0, 0, 0, 0, 1, 0, 0]",4,dMajor,Piano Sonata K330 iii C major.mid by Mozart.csv
199,202.125 to 202.9166667,1,"[0, 0, 0, 0, 0, 0, 0, 2, 0, 1, 0, 1]",3,gMajor,Piano Sonata K330 iii C major.mid by Mozart.csv
200,204.375 to 204.375,9,"[0, 0, 0, 0, 1, 0, 0, 0, 0, 0, 0, 0]",1,cMajor,Piano Sonata K330 iii C major.mid by Mozart.csv
201,205.25 to 205.875,9,"[1, 0, 0, 0, 1, 1, 0, 1, 0, 0, 0, 0]",9,cMajor,Piano Sonata K330 iii C major.mid by Mozart.csv
202,206.0 to 206.75,1,"[1, 0, 1, 0, 1, 1, 0, 2, 0, 0, 0, 1]",8,cMajor,Piano Sonata K330 iii C major.mid by Mozart.csv
203,207.625 to 207.75,4,"[1, 0, 1, 0, 0, 0, 0, 0, 0, 0, 0, 1]",2,gMajor,Piano Sonata K330 iii C major.mid by Mozart.csv
204,208.125 to 208.8333333,0,"[2, 0, 1, 0, 1, 1, 0, 0, 0, 0, 0, 0]",0,cMajor,Piano Sonata K330 iii C major.mid by Mozart.csv
205,209.125 to 209.375,5,"[0, 0, 1, 0, 0, 0, 0, 1, 0, 0, 0, 1]",2,gMajor,Piano Sonata K330 iii C major.mid by Mozart.csv
206,210.0 to 210.875,5,"[0, 0, 1, 0, 1, 0, 0, 1, 0, 0, 0, 1]",2,gMajor,Piano Sonata K330 iii C major.mid by Mozart.csv
207,211.125 to 211.75,9,"[1, 0, 0, 0, 1, 0, 0, 0, 0, 0, 0, 0]",9,cMajor,Piano Sonata K330 iii C major.mid by Mozart.csv
208,212.125 to 212.375,8,"[1, 0, 0, 0, 2, 1, 0, 1, 0, 0, 0, 0]",9,cMajor,Piano Sonata K330 iii C major.mid by Mozart.csv
209,213.125 to 213.875,5,"[1, 0, 1, 0, 0, 1, 0, 1, 0, 0, 0, 1]",2,gMajor,Piano Sonata K330 iii C major.mid by Mozart.csv
210,214.0 to 214.875,0,"[2, 0, 1, 0, 1, 1, 0, 0, 0, 0, 0, 0]",0,cMajor,Piano Sonata K330 iii C major.mid by Mozart.csv
211,215.0 to 215.5,5,"[0, 0, 1, 0, 1, 0, 0, 1, 0, 0, 0, 1]",2,gMajor,Piano Sonata K330 iii C major.mid by Mozart.csv
212,216.125 to 216.125,9,"[0, 0, 0, 0, 0, 0, 0, 1, 0, 0, 0, 0]",1,cMajor,Piano Sonata K330 iii C major.mid by Mozart.csv
213,217.125 to 217.875,2,"[1, 0, 0, 0, 0, 1, 0, 0, 0, 1, 0, 0]",4,fMajor,Piano Sonata K330 iii C major.mid by Mozart.csv
214,218.25 to 218.75,10,"[1, 0, 0, 0, 1, 1, 0, 2, 0, 1, 0, 0]",8,cMajor,Piano Sonata K330 iii C major.mid by Mozart.csv
215,219.375 to 219.5,9,"[1, 0, 0, 0, 1, 0, 0, 1, 0, 0, 0, 0]",9,cMajor,Piano Sonata K330 iii C major.mid by Mozart.csv
216,220.1666667 to 220.375,17,"[0, 0, 0, 0, 0, 1, 0, 1, 0, 1, 0, 0]",1,fMajor,Piano Sonata K330 iii C major.mid by Mozart.csv
217,221.0 to 221.875,15,"[2, 0, 0, 0, 1, 1, 0, 1, 0, 1, 0, 1]",0,cMajor,Piano Sonata K330 iii C major.mid by Mozart.csv
218,222.375 to 222.5416667,9,"[1, 0, 0, 0, 1, 0, 0, 1, 0, 0, 0, 0]",9,cMajor,Piano Sonata K330 iii C major.mid by Mozart.csv
219,223.25 to 223.625,9,"[0, 0, 0, 0, 0, 1, 0, 1, 0, 0, 0, 0]",1,cMajor,Piano Sonata K330 iii C major.mid by Mozart.csv
220,224.0 to 224.75,5,"[0, 0, 1, 0, 0, 1, 0, 1, 0, 0, 0, 1]",2,gMajor,Piano Sonata K330 iii C major.mid by Mozart.csv
221,225.0 to 225.75,0,"[2, 0, 0, 0, 1, 1, 0, 1, 0, 0, 0, 0]",0,cMajor,Piano Sonata K330 iii C major.mid by Mozart.csv
222,226.125 to 226.875,5,"[0, 1, 1, 0, 1, 0, 0, 1, 0, 0, 0, 1]",2,gMajor,Piano Sonata K330 iii C major.mid by Mozart.csv
223,227.0 to 227.875,15,"[1, 0, 1, 0, 1, 0, 0, 1, 0, 0, 0, 2]",2,gMajor,Piano Sonata K330 iii C major.mid by Mozart.csv
224,228.25 to 228.6666667,17,"[0, 0, 0, 0, 0, 0, 0, 1, 0, 1, 0, 0]",1,cMajor,Piano Sonata K330 iii C major.mid by Mozart.csv
225,229.0 to 229.875,8,"[1, 0, 0, 0, 2, 0, 0, 1, 0, 0, 0, 0]",9,cMajor,Piano Sonata K330 iii C major.mid by Mozart.csv
226,230.125 to 230.75,13,"[2, 0, 0, 0, 2, 1, 0, 1, 0, 0, 0, 0]",0,cMajor,Piano Sonata K330 iii C major.mid by Mozart.csv
227,231.125 to 231.875,1,"[1, 0, 1, 0, 0, 0, 0, 2, 0, 0, 0, 1]",3,gMajor,Piano Sonata K330 iii C major.mid by Mozart.csv
228,232.125 to 232.875,15,"[2, 0, 1, 0, 2, 1, 0, 1, 0, 0, 0, 1]",0,cMajor,Piano Sonata K330 iii C major.mid by Mozart.csv
229,233.0 to 233.75,5,"[0, 0, 1, 0, 1, 0, 0, 1, 0, 0, 0, 2]",2,gMajor,Piano Sonata K330 iii C major.mid by Mozart.csv
230,234.0 to 234.875,19,"[1, 0, 2, 0, 1, 0, 0, 1, 0, 0, 0, 1]",2,gMajor,Piano Sonata K330 iii C major.mid by Mozart.csv
231,235.125 to 235.9166667,8,"[1, 0, 0, 0, 2, 0, 0, 1, 0, 0, 0, 0]",9,cMajor,Piano Sonata K330 iii C major.mid by Mozart.csv
232,236.0 to 236.875,13,"[1, 0, 1, 0, 2, 0, 0, 2, 0, 0, 0, 1]",8,cMajor,Piano Sonata K330 iii C major.mid by Mozart.csv
233,237.25 to 237.75,6,"[1, 0, 1, 0, 0, 1, 0, 1, 0, 0, 0, 0]",1,cMajor,Piano Sonata K330 iii C major.mid by Mozart.csv
234,238.0 to 238.875,13,"[2, 0, 1, 0, 2, 1, 0, 1, 0, 0, 0, 0]",0,cMajor,Piano Sonata K330 iii C major.mid by Mozart.csv
235,239.0 to 239.75,19,"[0, 0, 2, 0, 1, 0, 0, 1, 0, 0, 0, 2]",2,gMajor,Piano Sonata K330 iii C major.mid by Mozart.csv
236,240.125 to 240.875,2,"[1, 0, 0, 0, 0, 1, 0, 1, 0, 1, 0, 0]",4,fMajor,Piano Sonata K330 iii C major.mid by Mozart.csv
237,241.0 to 241.875,10,"[1, 0, 0, 0, 1, 1, 0, 2, 0, 1, 0, 0]",8,cMajor,Piano Sonata K330 iii C major.mid by Mozart.csv
238,242.3333333 to 242.6666667,9,"[1, 0, 0, 0, 1, 0, 0, 1, 0, 0, 0, 0]",9,cMajor,Piano Sonata K330 iii C major.mid by Mozart.csv
239,243.0 to 243.875,2,"[1, 0, 0, 0, 0, 1, 0, 0, 0, 1, 0, 0]",4,fMajor,Piano Sonata K330 iii C major.mid by Mozart.csv
240,244.125 to 244.875,15,"[2, 0, 0, 0, 1, 1, 0, 1, 0, 1, 0, 1]",0,cMajor,Piano Sonata K330 iii C major.mid by Mozart.csv
241,245.125 to 245.875,9,"[1, 0, 0, 0, 1, 0, 0, 1, 0, 0, 0, 0]",9,cMajor,Piano Sonata K330 iii C major.mid by Mozart.csv
242,246.3333333 to 246.7083333,3,"[0, 0, 0, 0, 0, 0, 0, 0, 1, 1, 0, 0]",1,c#Major,Piano Sonata K330 iii C major.mid by Mozart.csv
243,247.0 to 247.75,6,"[1, 0, 2, 0, 1, 2, 0, 1, 0, 0, 0, 0]",6,b-Major,Piano Sonata K330 iii C major.mid by Mozart.csv
244,248.5 to 248.625,15,"[1, 0, 1, 0, 1, 0, 0, 1, 0, 0, 0, 1]",2,cMajor,Piano Sonata K330 iii C major.mid by Mozart.csv
245,249.0 to 249.875,13,"[2, 0, 1, 0, 2, 0, 0, 2, 0, 0, 0, 0]",0,cMajor,Piano Sonata K330 iii C major.mid by Mozart.csv
246,250.0 to 250.75,13,"[3, 0, 0, 0, 2, 0, 0, 1, 0, 0, 0, 0]",0,cMajor,Piano Sonata K330 iii C major.mid by Mozart.csv
247,251.0 to 251.875,15,"[1, 0, 0, 0, 1, 1, 0, 1, 0, 1, 0, 1]",4,cMajor,Piano Sonata K330 iii C major.mid by Mozart.csv
248,252.125 to 252.875,18,"[0, 1, 2, 0, 0, 2, 0, 0, 0, 2, 0, 0]",6,fMinor,Piano Sonata K330 iii C major.mid by Mozart.csv
249,253.0 to 253.8333333,13,"[1, 0, 1, 0, 2, 1, 0, 2, 0, 0, 0, 0]",8,cMajor,Piano Sonata K330 iii C major.mid by Mozart.csv
250,254.0 to 254.875,6,"[2, 0, 2, 0, 0, 2, 0, 1, 0, 0, 0, 1]",6,gMajor,Piano Sonata K330 iii C major.mid by Mozart.csv
251,255.0 to 255.875,13,"[2, 0, 0, 0, 2, 0, 0, 2, 0, 0, 0, 0]",0,cMajor,Piano Sonata K330 iii C major.mid by Mozart.csv
252,256.125 to 256.9583333,2,"[1, 0, 0, 0, 1, 0, 0, 0, 0, 1, 0, 1]",4,cMinor,Piano Sonata K330 iii C major.mid by Mozart.csv
253,257.0 to 257.875,17,"[0, 1, 1, 0, 1, 1, 0, 1, 0, 1, 0, 0]",8,aMajor,Piano Sonata K330 iii C major.mid by Mozart.csv
254,258.125 to 258.875,18,"[0, 0, 2, 0, 0, 2, 0, 0, 0, 2, 0, 0]",6,fMinor,Piano Sonata K330 iii C major.mid by Mozart.csv
255,259.125 to 259.875,13,"[2, 0, 0, 0, 2, 2, 0, 2, 0, 0, 0, 0]",0,cMajor,Piano Sonata K330 iii C major.mid by Mozart.csv
256,260.0 to 260.5,15,"[2, 0, 1, 0, 1, 1, 0, 0, 0, 0, 0, 1]",0,cMajor,Piano Sonata K330 iii C major.mid by Mozart.csv
257,261.3333333 to 261.3333333,10,"[0, 0, 0, 0, 0, 0, 0, 2, 0, 0, 0, 0]",1,cMajor,Piano Sonata K330 iii C major.mid by Mozart.csv
258,262.125 to 262.125,0,"[3, 0, 0, 0, 0, 0, 0, 0, 0, 0, 0, 0]",0,cMajor,Piano Sonata K330 iii C major.mid by Mozart.csv
259,264.0 to 264.75,16,"[1, 0, 0, 0, 1, 0, 1, 1, 0, 0, 0, 0]",9,cMajor,Piano Sonata K330 iii C major.mid by Mozart.csv
260,265.125 to 265.875,16,"[1, 0, 1, 0, 1, 1, 1, 1, 0, 0, 0, 0]",8,cMajor,Piano Sonata K330 iii C major.mid by Mozart.csv
261,266.0 to 266.875,6,"[0, 0, 2, 0, 2, 1, 0, 2, 0, 0, 0, 0]",8,cMajor,Piano Sonata K330 iii C major.mid by Mozart.csv
262,267.125 to 267.875,15,"[1, 0, 1, 0, 2, 1, 0, 1, 0, 0, 0, 1]",8,cMajor,Piano Sonata K330 iii C major.mid by Mozart.csv
263,268.3333333 to 268.8333333,9,"[1, 0, 0, 0, 1, 0, 0, 1, 0, 0, 0, 0]",9,cMajor,Piano Sonata K330 iii C major.mid by Mozart.csv
264,269.125 to 269.875,5,"[0, 1, 1, 0, 0, 0, 0, 1, 0, 0, 1, 1]",2,gMajor,Piano Sonata K330 iii C major.mid by Mozart.csv
265,270.25 to 270.875,5,"[0, 0, 0, 1, 0, 0, 0, 1, 0, 0, 0, 1]",1,e-Major,Piano Sonata K330 iii C major.mid by Mozart.csv
266,271.3333333 to 271.75,9,"[1, 0, 0, 0, 1, 0, 0, 1, 0, 0, 0, 0]",9,cMajor,Piano Sonata K330 iii C major.mid by Mozart.csv
267,272.0 to 272.875,10,"[1, 0, 1, 0, 1, 1, 0, 2, 0, 0, 0, 0]",8,cMajor,Piano Sonata K330 iii C major.mid by Mozart.csv
268,273.25 to 273.875,16,"[1, 0, 0, 0, 1, 0, 1, 1, 0, 0, 0, 0]",9,cMajor,Piano Sonata K330 iii C major.mid by Mozart.csv
269,274.0 to 274.8333333,5,"[0, 0, 1, 0, 1, 1, 0, 1, 0, 0, 0, 1]",8,gMinor,Piano Sonata K330 iii C major.mid by Mozart.csv
270,275.0833333 to 275.875,5,"[0, 0, 0, 0, 0, 1, 1, 1, 0, 0, 0, 1]",1,gMajor,Piano Sonata K330 iii C major.mid by Mozart.csv
271,276.25 to 276.875,5,"[0, 0, 0, 0, 0, 1, 1, 1, 0, 0, 0, 1]",1,gMajor,Piano Sonata K330 iii C major.mid by Mozart.csv
272,277.2083333 to 277.75,10,"[0, 0, 0, 0, 1, 1, 1, 2, 0, 0, 0, 1]",8,gMinor,Piano Sonata K330 iii C major.mid by Mozart.csv
273,278.0 to 278.8333333,10,"[1, 0, 1, 0, 0, 1, 0, 2, 0, 1, 0, 0]",5,cMajor,Piano Sonata K330 iii C major.mid by Mozart.csv
274,279.0 to 279.75,8,"[1, 0, 1, 0, 2, 1, 0, 1, 0, 0, 0, 0]",8,cMajor,Piano Sonata K330 iii C major.mid by Mozart.csv
275,280.125 to 280.875,19,"[1, 0, 2, 0, 0, 1, 0, 1, 0, 0, 0, 1]",2,gMajor,Piano Sonata K330 iii C major.mid by Mozart.csv
276,281.125 to 281.875,10,"[0, 0, 0, 0, 1, 1, 0, 2, 0, 0, 0, 1]",8,gMinor,Piano Sonata K330 iii C major.mid by Mozart.csv
277,282.25 to 282.875,5,"[1, 0, 1, 0, 0, 0, 0, 1, 0, 1, 0, 1]",5,gMajor,Piano Sonata K330 iii C major.mid by Mozart.csv
278,283.0 to 283.875,1,"[0, 0, 1, 0, 1, 1, 0, 2, 0, 0, 0, 1]",8,gMajor,Piano Sonata K330 iii C major.mid by Mozart.csv
279,284.0 to 284.7916667,11,"[1, 0, 0, 1, 0, 0, 0, 1, 0, 0, 0, 0]",1,e-Minor,Piano Sonata K330 iii C major.mid by Mozart.csv
280,285.0 to 285.875,8,"[1, 0, 0, 1, 2, 0, 0, 1, 0, 0, 0, 0]",9,cMajor,Piano Sonata K330 iii C major.mid by Mozart.csv
281,286.125 to 286.875,8,"[0, 0, 0, 0, 2, 0, 0, 1, 0, 0, 0, 0]",9,cMajor,Piano Sonata K330 iii C major.mid by Mozart.csv
282,287.3333333 to 287.9166667,8,"[1, 0, 0, 0, 2, 0, 0, 0, 0, 0, 0, 0]",9,cMajor,Piano Sonata K330 iii C major.mid by Mozart.csv
283,288.0 to 288.875,2,"[2, 0, 0, 0, 2, 0, 0, 0, 0, 2, 0, 0]",4,cMinor,Piano Sonata K330 iii C major.mid by Mozart.csv
284,289.0 to 289.9166667,8,"[1, 0, 0, 0, 2, 0, 0, 0, 0, 1, 0, 0]",9,cMinor,Piano Sonata K330 iii C major.mid by Mozart.csv
285,290.25 to 290.75,19,"[0, 0, 2, 0, 0, 0, 0, 1, 0, 0, 0, 1]",2,gMajor,Piano Sonata K330 iii C major.mid by Mozart.csv
286,291.0 to 291.625,1,"[0, 0, 1, 0, 0, 0, 0, 2, 0, 0, 0, 2]",3,gMajor,Piano Sonata K330 iii C major.mid by Mozart.csv
287,292.0 to 292.75,5,"[0, 0, 1, 0, 0, 0, 0, 1, 0, 0, 0, 1]",2,gMajor,Piano Sonata K330 iii C major.mid by Mozart.csv
288,293.0 to 293.875,7,"[1, 0, 2, 0, 0, 0, 1, 0, 0, 2, 0, 0]",7,dMajor,Piano Sonata K330 iii C major.mid by Mozart.csv
289,294.0 to 294.875,19,"[0, 0, 2, 0, 0, 0, 0, 2, 0, 1, 0, 1]",3,gMajor,Piano Sonata K330 iii C major.mid by Mozart.csv
290,295.0 to 295.7916667,19,"[0, 0, 2, 0, 0, 0, 0, 1, 0, 1, 0, 1]",2,gMajor,Piano Sonata K330 iii C major.mid by Mozart.csv
291,296.25 to 296.875,12,"[0, 1, 2, 0, 0, 0, 1, 0, 0, 1, 0, 0]",7,dMajor,Piano Sonata K330 iii C major.mid by Mozart.csv
292,297.1666667 to 297.625,12,"[0, 1, 1, 0, 0, 0, 0, 0, 0, 0, 0, 0]",1,c#Major,Piano Sonata K330 iii C major.mid by Mozart.csv
293,298.0 to 298.75,1,"[1, 0, 1, 0, 0, 0, 0, 2, 0, 0, 0, 1]",3,gMajor,Piano Sonata K330 iii C major.mid by Mozart.csv
294,299.125 to 299.875,1,"[0, 0, 1, 0, 0, 0, 0, 2, 0, 0, 0, 1]",3,gMajor,Piano Sonata K330 iii C major.mid by Mozart.csv
295,300.25 to 300.625,1,"[0, 0, 1, 0, 0, 0, 1, 2, 0, 0, 0, 1]",3,gMajor,Piano Sonata K330 iii C major.mid by Mozart.csv
296,301.0 to 301.75,19,"[0, 0, 2, 0, 1, 0, 1, 2, 0, 1, 0, 1]",3,gMajor,Piano Sonata K330 iii C major.mid by Mozart.csv
297,302.0 to 302.875,19,"[1, 0, 2, 0, 0, 0, 0, 1, 0, 1, 0, 1]",2,gMajor,Piano Sonata K330 iii C major.mid by Mozart.csv
298,303.0 to 303.5,12,"[0, 0, 2, 0, 0, 0, 1, 0, 0, 0, 0, 0]",7,dMajor,Piano Sonata K330 iii C major.mid by Mozart.csv
299,304.0 to 304.75,12,"[1, 0, 2, 0, 0, 0, 0, 1, 0, 0, 1, 0]",2,b-Minor,Piano Sonata K330 iii C major.mid by Mozart.csv
300,305.125 to 305.875,5,"[0, 1, 1, 0, 0, 0, 0, 1, 0, 0, 1, 1]",2,gMajor,Piano Sonata K330 iii C major.mid by Mozart.csv
301,306.25 to 306.625,4,"[0, 1, 1, 0, 0, 0, 0, 0, 0, 0, 0, 1]",2,gMajor,Piano Sonata K330 iii C major.mid by Mozart.csv
302,307.0 to 307.75,9,"[1, 0, 1, 0, 1, 0, 0, 0, 0, 0, 0, 0]",9,cMajor,Piano Sonata K330 iii C major.mid by Mozart.csv
303,308.0 to 308.875,4,"[1, 0, 1, 0, 0, 0, 0, 0, 0, 0, 0, 1]",2,gMajor,Piano Sonata K330 iii C major.mid by Mozart.csv
304,309.0 to 309.5,12,"[1, 0, 1, 0, 0, 0, 0, 0, 0, 0, 0, 0]",1,cMajor,Piano Sonata K330 iii C major.mid by Mozart.csv
305,310.0 to 310.75,1,"[1, 0, 1, 0, 0, 0, 0, 2, 0, 1, 0, 1]",5,gMajor,Piano Sonata K330 iii C major.mid by Mozart.csv
306,311.125 to 311.875,1,"[0, 0, 1, 0, 0, 0, 0, 3, 0, 0, 0, 1]",3,gMajor,Piano Sonata K330 iii C major.mid by Mozart.csv
307,312.25 to 312.625,1,"[0, 0, 1, 0, 0, 0, 1, 2, 0, 0, 0, 1]",3,gMajor,Piano Sonata K330 iii C major.mid by Mozart.csv
308,313.0 to 313.75,19,"[0, 0, 2, 0, 1, 0, 1, 2, 0, 1, 0, 1]",3,gMajor,Piano Sonata K330 iii C major.mid by Mozart.csv
309,314.0 to 314.875,19,"[1, 0, 2, 0, 0, 0, 0, 1, 0, 1, 0, 1]",2,gMajor,Piano Sonata K330 iii C major.mid by Mozart.csv
310,315.0 to 315.625,12,"[0, 0, 2, 0, 0, 0, 1, 0, 0, 0, 0, 0]",7,dMajor,Piano Sonata K330 iii C major.mid by Mozart.csv
311,316.0 to 316.75,19,"[1, 0, 2, 0, 0, 0, 0, 1, 0, 0, 0, 1]",2,gMajor,Piano Sonata K330 iii C major.mid by Mozart.csv
312,317.125 to 317.875,5,"[0, 0, 1, 0, 1, 0, 1, 1, 0, 0, 0, 2]",2,gMajor,Piano Sonata K330 iii C major.mid by Mozart.csv
313,318.0 to 318.875,13,"[1, 0, 0, 0, 2, 0, 1, 2, 0, 0, 0, 0]",9,cMajor,Piano Sonata K330 iii C major.mid by Mozart.csv
314,319.125 to 319.9583333,10,"[0, 0, 1, 0, 1, 0, 0, 2, 0, 0, 0, 0]",8,gMajor,Piano Sonata K330 iii C major.mid by Mozart.csv
315,320.125 to 320.875,5,"[0, 0, 1, 0, 0, 1, 0, 1, 0, 1, 0, 2]",2,gMajor,Piano Sonata K330 iii C major.mid by Mozart.csv
316,321.125 to 321.875,2,"[2, 0, 0, 0, 0, 1, 0, 0, 0, 1, 0, 1]",4,fMajor,Piano Sonata K330 iii C major.mid by Mozart.csv
317,322.0 to 322.75,0,"[2, 0, 0, 0, 1, 0, 0, 0, 0, 0, 0, 0]",0,cMajor,Piano Sonata K330 iii C major.mid by Mozart.csv
318,323.0 to 323.75,0,"[3, 0, 1, 0, 1, 0, 0, 1, 0, 0, 0, 0]",0,cMajor,Piano Sonata K330 iii C major.mid by Mozart.csv
319,324.125 to 324.875,8,"[1, 0, 1, 0, 2, 0, 0, 1, 0, 0, 0, 0]",9,cMajor,Piano Sonata K330 iii C major.mid by Mozart.csv
320,325.25 to 325.875,19,"[1, 0, 2, 0, 1, 0, 0, 1, 0, 0, 0, 1]",2,gMajor,Piano Sonata K330 iii C major.mid by Mozart.csv
321,326.25 to 326.625,4,"[0, 0, 1, 0, 0, 0, 0, 0, 0, 1, 0, 2]",2,gMajor,Piano Sonata K330 iii C major.mid by Mozart.csv
322,327.0 to 327.6666667,12,"[1, 0, 1, 0, 0, 0, 1, 0, 0, 0, 0, 0]",7,dMajor,Piano Sonata K330 iii C major.mid by Mozart.csv
323,328.125 to 328.875,5,"[1, 0, 1, 0, 0, 0, 0, 1, 0, 0, 0, 2]",2,gMajor,Piano Sonata K330 iii C major.mid by Mozart.csv
324,329.0 to 329.875,8,"[0, 0, 1, 0, 2, 0, 1, 1, 0, 0, 0, 1]",8,gMinor,Piano Sonata K330 iii C major.mid by Mozart.csv
325,330.0 to 330.75,16,"[1, 0, 0, 0, 1, 0, 1, 1, 0, 0, 0, 0]",9,cMajor,Piano Sonata K330 iii C major.mid by Mozart.csv
326,331.0 to 331.6666667,1,"[0, 0, 1, 0, 0, 0, 0, 2, 0, 0, 0, 1]",3,gMajor,Piano Sonata K330 iii C major.mid by Mozart.csv
327,332.0 to 332.875,2,"[1, 0, 1, 0, 0, 1, 0, 0, 0, 1, 0, 1]",4,fMajor,Piano Sonata K330 iii C major.mid by Mozart.csv
328,333.0 to 333.875,2,"[2, 0, 0, 0, 1, 1, 0, 0, 0, 2, 0, 0]",4,fMajor,Piano Sonata K330 iii C major.mid by Mozart.csv
329,334.125 to 334.875,9,"[1, 0, 0, 0, 1, 0, 0, 1, 0, 0, 0, 0]",9,cMajor,Piano Sonata K330 iii C major.mid by Mozart.csv
330,335.0 to 335.9166667,0,"[2, 0, 1, 0, 1, 0, 0, 1, 0, 0, 0, 0]",0,cMajor,Piano Sonata K330 iii C major.mid by Mozart.csv
331,336.0 to 336.875,8,"[0, 0, 1, 0, 2, 0, 0, 1, 0, 0, 0, 0]",8,cMajor,Piano Sonata K330 iii C major.mid by Mozart.csv
332,337.0 to 337.6666667,19,"[1, 0, 2, 0, 0, 0, 0, 1, 0, 0, 0, 2]",2,gMajor,Piano Sonata K330 iii C major.mid by Mozart.csv
333,338.0 to 338.75,2,"[1, 0, 1, 0, 0, 0, 0, 1, 0, 2, 0, 1]",5,dMajor,Piano Sonata K330 iii C major.mid by Mozart.csv
334,339.125 to 339.5,12,"[1, 0, 1, 0, 0, 0, 1, 0, 0, 0, 0, 0]",7,dMajor,Piano Sonata K330 iii C major.mid by Mozart.csv
335,340.25 to 340.9166667,1,"[0, 0, 1, 0, 0, 0, 0, 2, 0, 0, 0, 2]",3,gMajor,Piano Sonata K330 iii C major.mid by Mozart.csv
336,341.0 to 341.9166667,19,"[1, 0, 2, 0, 0, 0, 1, 2, 0, 2, 0, 2]",5,gMajor,Piano Sonata K330 iii C major.mid by Mozart.csv
337,342.0 to 342.375,4,"[0, 0, 1, 0, 0, 0, 0, 0, 0, 1, 0, 2]",2,gMajor,Piano Sonata K330 iii C major.mid by Mozart.csv
338,343.125 to 343.9166667,7,"[0, 1, 2, 0, 1, 0, 2, 1, 0, 1, 0, 0]",7,dMajor,Piano Sonata K330 iii C major.mid by Mozart.csv
339,344.0 to 344.75,7,"[1, 0, 1, 0, 1, 0, 1, 1, 0, 2, 0, 0]",5,dMajor,Piano Sonata K330 iii C major.mid by Mozart.csv
340,345.0 to 345.375,12,"[0, 0, 1, 0, 0, 0, 0, 0, 0, 1, 0, 0]",7,dMajor,Piano Sonata K330 iii C major.mid by Mozart.csv
341,346.125 to 346.875,1,"[1, 0, 1, 0, 0, 0, 1, 2, 0, 1, 0, 2]",5,gMajor,Piano Sonata K330 iii C major.mid by Mozart.csv
342,347.0 to 347.875,7,"[1, 0, 2, 0, 0, 0, 1, 1, 0, 2, 0, 2]",5,dMajor,Piano Sonata K330 iii C major.mid by Mozart.csv
343,348.25 to 348.25,17,"[0, 0, 0, 0, 0, 0, 0, 0, 0, 1, 0, 0]",1,dMajor,Piano Sonata K330 iii C major.mid by Mozart.csv
344,349.0 to 349.9166667,7,"[0, 1, 2, 0, 1, 0, 2, 1, 0, 1, 0, 0]",7,dMajor,Piano Sonata K330 iii C major.mid by Mozart.csv
345,350.0 to 350.9583333,7,"[1, 0, 1, 0, 1, 0, 1, 1, 0, 2, 0, 0]",5,dMajor,Piano Sonata K330 iii C major.mid by Mozart.csv
346,351.0 to 351.875,1,"[0, 0, 1, 0, 0, 0, 1, 2, 0, 0, 0, 1]",3,gMajor,Piano Sonata K330 iii C major.mid by Mozart.csv
347,352.0 to 352.75,1,"[0, 0, 1, 0, 0, 0, 0, 2, 0, 0, 0, 1]",3,gMajor,Piano Sonata K330 iii C major.mid by Mozart.csv
348,353.0 to 353.875,5,"[0, 0, 1, 0, 0, 0, 0, 1, 0, 0, 0, 1]",2,gMajor,Piano Sonata K330 iii C major.mid by Mozart.csv
349,354.0 to 354.875,19,"[0, 0, 2, 0, 0, 1, 0, 2, 0, 0, 0, 2]",3,gMajor,Piano Sonata K330 iii C major.mid by Mozart.csv
350,355.0 to 355.875,19,"[0, 0, 3, 0, 0, 1, 0, 3, 0, 0, 0, 3]",3,gMajor,Piano Sonata K330 iii C major.mid by Mozart.csv
351,356.0 to 356.75,10,"[1, 0, 1, 0, 1, 1, 0, 3, 0, 0, 0, 0]",8,cMajor,Piano Sonata K330 iii C major.mid by Mozart.csv
352,357.125 to 357.875,9,"[1, 0, 0, 1, 1, 0, 0, 1, 0, 0, 0, 0]",9,cMajor,Piano Sonata K330 iii C major.mid by Mozart.csv
353,358.25 to 358.75,9,"[1, 0, 0, 1, 1, 0, 0, 0, 0, 0, 0, 0]",9,cMajor,Piano Sonata K330 iii C major.mid by Mozart.csv
354,359.0 to 359.75,9,"[0, 0, 0, 1, 1, 0, 0, 1, 0, 0, 0, 0]",1,cMajor,Piano Sonata K330 iii C major.mid by Mozart.csv
355,360.0416667 to 360.875,14,"[0, 1, 0, 0, 0, 0, 0, 1, 0, 0, 1, 0]",1,e-Major,Piano Sonata K330 iii C major.mid by Mozart.csv
356,361.3333333 to 361.3333333,5,"[0, 0, 1, 0, 0, 0, 0, 1, 0, 0, 0, 1]",2,gMajor,Piano Sonata K330 iii C major.mid by Mozart.csv
357,362.0 to 362.875,5,"[1, 0, 1, 0, 0, 0, 1, 1, 0, 1, 0, 2]",5,gMajor,Piano Sonata K330 iii C major.mid by Mozart.csv
358,363.0 to 363.75,19,"[0, 0, 2, 0, 0, 0, 0, 2, 0, 0, 0, 2]",3,gMajor,Piano Sonata K330 iii C major.mid by Mozart.csv
359,364.0 to 364.75,1,"[0, 0, 1, 0, 0, 0, 0, 2, 0, 0, 0, 1]",3,gMajor,Piano Sonata K330 iii C major.mid by Mozart.csv
360,365.0 to 365.875,1,"[0, 0, 2, 0, 0, 0, 0, 3, 0, 0, 0, 2]",3,gMajor,Piano Sonata K330 iii C major.mid by Mozart.csv
361,366.0 to 366.75,19,"[0, 0, 2, 0, 0, 1, 0, 2, 0, 0, 0, 2]",3,gMajor,Piano Sonata K330 iii C major.mid by Mozart.csv
362,367.0 to 367.875,1,"[0, 0, 2, 0, 0, 1, 0, 4, 0, 0, 0, 2]",3,gMajor,Piano Sonata K330 iii C major.mid by Mozart.csv
363,368.0 to 368.75,13,"[1, 0, 1, 0, 2, 1, 0, 2, 0, 0, 0, 0]",8,cMajor,Piano Sonata K330 iii C major.mid by Mozart.csv
364,369.125 to 369.875,9,"[1, 0, 0, 1, 1, 0, 0, 1, 0, 0, 0, 0]",9,cMajor,Piano Sonata K330 iii C major.mid by Mozart.csv
365,370.25 to 370.75,9,"[0, 0, 0, 1, 1, 0, 0, 0, 0, 0, 0, 0]",1,cMajor,Piano Sonata K330 iii C major.mid by Mozart.csv
366,371.0 to 371.75,14,"[0, 1, 0, 1, 1, 0, 0, 1, 0, 0, 1, 0]",1,e-Major,Piano Sonata K330 iii C major.mid by Mozart.csv
367,372.125 to 372.875,14,"[0, 1, 0, 0, 0, 0, 1, 1, 0, 0, 1, 0]",1,f#Major,Piano Sonata K330 iii C major.mid by Mozart.csv
368,373.0 to 373.875,14,"[0, 1, 0, 0, 0, 0, 1, 1, 0, 0, 1, 0]",1,f#Major,Piano Sonata K330 iii C major.mid by Mozart.csv
369,374.25 to 374.875,19,"[0, 0, 2, 0, 0, 0, 0, 2, 0, 0, 0, 1]",3,gMajor,Piano Sonata K330 iii C major.mid by Mozart.csv
370,375.25 to 375.7916667,12,"[0, 0, 2, 0, 1, 0, 0, 0, 0, 0, 0, 1]",2,gMajor,Piano Sonata K330 iii C major.mid by Mozart.csv
371,376.0 to 376.6666667,15,"[1, 0, 1, 0, 1, 0, 0, 1, 0, 0, 0, 2]",2,gMajor,Piano Sonata K330 iii C major.mid by Mozart.csv
372,377.0 to 377.875,19,"[0, 0, 2, 0, 0, 0, 0, 1, 0, 0, 0, 1]",2,gMajor,Piano Sonata K330 iii C major.mid by Mozart.csv
373,378.0 to 378.875,12,"[1, 0, 2, 0, 0, 0, 0, 0, 0, 1, 0, 1]",2,dMajor,Piano Sonata K330 iii C major.mid by Mozart.csv
374,379.125 to 379.875,16,"[1, 0, 0, 0, 0, 0, 1, 1, 0, 1, 0, 1]",5,dMajor,Piano Sonata K330 iii C major.mid by Mozart.csv
375,380.0 to 380.625,1,"[0, 0, 0, 0, 0, 0, 0, 2, 0, 0, 0, 1]",3,gMajor,Piano Sonata K330 iii C major.mid by Mozart.csv
376,381.0 to 381.875,1,"[0, 0, 1, 0, 0, 0, 0, 2, 0, 0, 0, 1]",3,gMajor,Piano Sonata K330 iii C major.mid by Mozart.csv
377,382.125 to 382.875,19,"[0, 0, 2, 0, 1, 0, 1, 2, 0, 0, 0, 1]",3,gMajor,Piano Sonata K330 iii C major.mid by Mozart.csv
378,383.25 to 383.75,7,"[1, 0, 0, 0, 0, 0, 1, 0, 0, 1, 0, 0]",4,dMajor,Piano Sonata K330 iii C major.mid by Mozart.csv
379,384.0 to 384.75,16,"[1, 0, 0, 0, 0, 0, 1, 1, 0, 1, 0, 1]",5,dMajor,Piano Sonata K330 iii C major.mid by Mozart.csv
380,385.0 to 385.875,16,"[1, 0, 0, 0, 0, 0, 1, 1, 0, 1, 0, 0]",5,cMajor,Piano Sonata K330 iii C major.mid by Mozart.csv
381,386.0 to 386.875,1,"[0, 0, 0, 0, 0, 0, 0, 3, 0, 0, 0, 1]",3,gMajor,Piano Sonata K330 iii C major.mid by Mozart.csv
382,387.125 to 387.75,1,"[0, 0, 1, 0, 0, 0, 0, 3, 0, 0, 0, 1]",3,gMajor,Piano Sonata K330 iii C major.mid by Mozart.csv
383,388.0 to 388.75,1,"[0, 0, 1, 0, 0, 0, 1, 2, 0, 0, 0, 1]",3,gMajor,Piano Sonata K330 iii C major.mid by Mozart.csv
384,389.0 to 389.7916667,7,"[1, 0, 1, 0, 0, 0, 1, 1, 0, 1, 0, 0]",5,dMajor,Piano Sonata K330 iii C major.mid by Mozart.csv
385,390.0 to 390.875,16,"[1, 0, 0, 0, 0, 0, 1, 1, 0, 1, 0, 1]",5,dMajor,Piano Sonata K330 iii C major.mid by Mozart.csv
386,391.25 to 391.625,7,"[1, 0, 0, 0, 0, 0, 1, 0, 0, 1, 0, 0]",4,dMajor,Piano Sonata K330 iii C major.mid by Mozart.csv
387,392.0 to 392.75,1,"[0, 0, 0, 0, 0, 0, 0, 3, 0, 0, 0, 1]",3,gMajor,Piano Sonata K330 iii C major.mid by Mozart.csv
388,393.125 to 393.5833333,19,"[0, 0, 2, 0, 0, 0, 0, 1, 0, 0, 0, 1]",2,gMajor,Piano Sonata K330 iii C major.mid by Mozart.csv
389,394.0 to 394.875,7,"[2, 0, 1, 0, 0, 0, 1, 1, 0, 1, 0, 1]",5,gMajor,Piano Sonata K330 iii C major.mid by Mozart.csv
390,395.0 to 395.875,1,"[1, 0, 0, 0, 0, 0, 0, 3, 0, 1, 0, 1]",5,cMajor,Piano Sonata K330 iii C major.mid by Mozart.csv
391,396.25 to 396.75,19,"[0, 0, 2, 0, 0, 0, 0, 2, 0, 0, 0, 1]",3,gMajor,Piano Sonata K330 iii C major.mid by Mozart.csv
392,397.0 to 397.875,15,"[2, 0, 1, 0, 0, 0, 1, 1, 0, 0, 0, 1]",5,cMajor,Piano Sonata K330 iii C major.mid by Mozart.csv
393,398.0 to 398.5833333,1,"[0, 0, 0, 0, 0, 0, 0, 3, 0, 1, 0, 1]",3,gMajor,Piano Sonata K330 iii C major.mid by Mozart.csv
394,399.125 to 399.875,5,"[0, 0, 1, 0, 0, 0, 0, 1, 0, 0, 0, 1]",2,gMajor,Piano Sonata K330 iii C major.mid by Mozart.csv
395,400.6666667 to 400.6666667,2,"[1, 0, 1, 0, 0, 0, 0, 0, 0, 1, 0, 0]",4,dMajor,Piano Sonata K330 iii C major.mid by Mozart.csv
396,401.625 to 401.75,2,"[1, 0, 0, 0, 0, 0, 0, 1, 0, 1, 0, 0]",4,cMajor,Piano Sonata K330 iii C major.mid by Mozart.csv
397,402.5 to 402.75,2,"[1, 0, 1, 0, 0, 0, 0, 0, 0, 1, 0, 0]",4,dMajor,Piano Sonata K330 iii C major.mid by Mozart.csv
398,403.625 to 403.75,1,"[0, 0, 0, 0, 0, 0, 0, 2, 0, 1, 0, 1]",3,gMajor,Piano Sonata K330 iii C major.mid by Mozart.csv
399,404.25 to 404.25,9,"[0, 0, 0, 0, 0, 0, 0, 1, 0, 0, 0, 0]",1,cMajor,Piano Sonata K330 iii C major.mid by Mozart.csv
400,405.5 to 405.625,12,"[0, 0, 2, 0, 0, 0, 0, 0, 0, 0, 0, 1]",2,gMajor,Piano Sonata K330 iii C major.mid by Mozart.csv
401,406.3333333 to 406.625,19,"[0, 0, 2, 0, 0, 0, 0, 1, 0, 0, 0, 2]",2,gMajor,Piano Sonata K330 iii C major.mid by Mozart.csv
402,407.125 to 407.875,5,"[0, 0, 1, 0, 0, 0, 0, 1, 0, 0, 0, 1]",2,gMajor,Piano Sonata K330 iii C major.mid by Mozart.csv
403,408.0 to 408.6666667,19,"[1, 0, 2, 0, 0, 0, 0, 0, 0, 1, 0, 2]",2,gMajor,Piano Sonata K330 iii C major.mid by Mozart.csv
404,409.5 to 409.625,2,"[1, 0, 1, 0, 0, 0, 0, 0, 0, 1, 0, 0]",4,dMajor,Piano Sonata K330 iii C major.mid by Mozart.csv
405,410.375 to 410.5,7,"[0, 0, 1, 0, 0, 0, 1, 0, 0, 1, 0, 0]",7,dMajor,Piano Sonata K330 iii C major.mid by Mozart.csv
406,411.375 to 411.375,16,"[0, 0, 0, 0, 0, 0, 1, 0, 0, 0, 0, 0]",1,dMajor,Piano Sonata K330 iii C major.mid by Mozart.csv
407,412.0 to 412.875,5,"[1, 0, 1, 0, 0, 0, 0, 1, 0, 1, 0, 1]",5,gMajor,Piano Sonata K330 iii C major.mid by Mozart.csv
408,413.625 to 413.625,12,"[0, 0, 2, 0, 0, 0, 0, 0, 0, 0, 0, 1]",2,gMajor,Piano Sonata K330 iii C major.mid by Mozart.csv
409,414.5 to 414.5,2,"[1, 0, 1, 0, 0, 0, 0, 0, 0, 1, 0, 0]",4,dMajor,Piano Sonata K330 iii C major.mid by Mozart.csv
410,415.375 to 415.5,9,"[1, 0, 1, 0, 1, 0, 0, 0, 0, 0, 0, 0]",9,cMajor,Piano Sonata K330 iii C major.mid by Mozart.csv
411,417.375 to 417.625,12,"[1, 0, 2, 0, 1, 0, 0, 0, 0, 0, 0, 1]",2,gMajor,Piano Sonata K330 iii C major.mid by Mozart.csv
412,418.5 to 418.5,4,"[0, 0, 1, 0, 0, 0, 0, 0, 0, 0, 0, 1]",2,gMajor,Piano Sonata K330 iii C major.mid by Mozart.csv
413,419.125 to 419.875,5,"[0, 0, 1, 0, 0, 0, 0, 1, 0, 0, 0, 0]",1,gMajor,Piano Sonata K330 iii C major.mid by Mozart.csv
414,420.6666667 to 420.75,5,"[0, 0, 1, 0, 0, 0, 0, 1, 0, 0, 0, 1]",2,gMajor,Piano Sonata K330 iii C major.mid by Mozart.csv
415,421.0 to 421.875,5,"[0, 0, 1, 0, 0, 0, 0, 1, 1, 1, 0, 1]",2,gMajor,Piano Sonata K330 iii C major.mid by Mozart.csv
416,422.0 to 422.25,2,"[1, 0, 0, 0, 1, 0, 0, 0, 1, 1, 0, 1]",4,cMinor,Piano Sonata K330 iii C major.mid by Mozart.csv
417,423.0 to 423.125,0,"[2, 0, 0, 0, 1, 0, 0, 0, 0, 1, 0, 0]",4,cMinor,Piano Sonata K330 iii C major.mid by Mozart.csv
418,424.0 to 424.875,8,"[1, 1, 0, 0, 2, 0, 0, 1, 0, 0, 0, 0]",9,cMajor,Piano Sonata K330 iii C major.mid by Mozart.csv
419,425.7916667 to 425.875,5,"[0, 0, 1, 0, 0, 0, 0, 1, 0, 0, 0, 1]",2,gMajor,Piano Sonata K330 iii C major.mid by Mozart.csv
420,426.0 to 426.7916667,19,"[0, 0, 2, 0, 0, 0, 0, 2, 0, 0, 0, 1]",3,gMajor,Piano Sonata K330 iii C major.mid by Mozart.csv
421,427.5 to 427.75,4,"[1, 0, 1, 0, 0, 0, 0, 0, 0, 1, 0, 1]",4,gMajor,Piano Sonata K330 iii C major.mid by Mozart.csv
422,428.375 to 428.625,7,"[1, 0, 1, 0, 0, 0, 1, 0, 0, 1, 0, 0]",7,dMajor,Piano Sonata K330 iii C major.mid by Mozart.csv
423,429.25 to 429.75,2,"[1, 0, 1, 0, 0, 0, 0, 1, 0, 2, 0, 0]",5,cMinor,Piano Sonata K330 iii C major.mid by Mozart.csv
424,431.0 to 431.875,1,"[1, 0, 0, 0, 0, 0, 0, 2, 0, 1, 0, 1]",5,gMajor,Piano Sonata K330 iii C major.mid by Mozart.csv
425,432.6666667 to 432.6666667,4,"[0, 0, 1, 0, 0, 0, 0, 0, 0, 0, 0, 1]",2,gMajor,Piano Sonata K330 iii C major.mid by Mozart.csv
426,433.0 to 433.75,19,"[0, 0, 2, 0, 0, 0, 0, 1, 0, 0, 0, 1]",2,gMajor,Piano Sonata K330 iii C major.mid by Mozart.csv
427,434.125 to 434.875,5,"[0, 0, 1, 0, 0, 0, 0, 1, 1, 0, 0, 1]",2,gMajor,Piano Sonata K330 iii C major.mid by Mozart.csv
428,435.0 to 435.75,7,"[1, 0, 2, 0, 0, 0, 0, 0, 0, 2, 0, 1]",7,dMajor,Piano Sonata K330 iii C major.mid by Mozart.csv
429,436.0 to 436.75,12,"[1, 0, 2, 0, 0, 0, 0, 1, 0, 0, 0, 0]",2,gMajor,Piano Sonata K330 iii C major.mid by Mozart.csv
430,437.125 to 437.875,12,"[0, 0, 2, 0, 0, 0, 1, 0, 0, 1, 0, 0]",7,dMajor,Piano Sonata K330 iii C major.mid by Mozart.csv
431,438.0 to 438.6666667,2,"[1, 0, 1, 0, 0, 0, 0, 1, 0, 1, 0, 0]",5,dMajor,Piano Sonata K330 iii C major.mid by Mozart.csv
432,439.125 to 439.875,1,"[1, 0, 0, 0, 0, 0, 0, 2, 0, 0, 0, 2]",3,gMajor,Piano Sonata K330 iii C major.mid by Mozart.csv
433,440.125 to 440.875,0,"[2, 0, 1, 0, 0, 0, 0, 1, 0, 1, 0, 0]",4,cMajor,Piano Sonata K330 iii C major.mid by Mozart.csv
434,441.25 to 441.75,9,"[1, 0, 0, 0, 1, 0, 0, 1, 0, 0, 0, 0]",9,cMajor,Piano Sonata K330 iii C major.mid by Mozart.csv
435,442.0 to 442.875,8,"[1, 0, 0, 0, 2, 0, 0, 1, 0, 0, 0, 0]",9,cMajor,Piano Sonata K330 iii C major.mid by Mozart.csv
436,443.0 to 443.875,5,"[0, 0, 1, 0, 1, 0, 0, 1, 0, 0, 0, 1]",2,gMajor,Piano Sonata K330 iii C major.mid by Mozart.csv
437,444.0 to 444.75,12,"[0, 0, 2, 0, 0, 0, 0, 1, 0, 1, 0, 0]",7,gMajor,Piano Sonata K330 iii C major.mid by Mozart.csv
438,445.125 to 445.875,0,"[2, 0, 1, 0, 0, 0, 0, 1, 0, 0, 0, 0]",0,e-Minor,Piano Sonata K330 iii C major.mid by Mozart.csv
439,446.25 to 446.75,9,"[0, 0, 0, 0, 1, 0, 0, 1, 0, 0, 0, 1]",1,gMinor,Piano Sonata K330 iii C major.mid by Mozart.csv
440,447.0 to 447.875,6,"[0, 0, 2, 0, 0, 1, 0, 1, 0, 0, 0, 0]",6,b-Major,Piano Sonata K330 iii C major.mid by Mozart.csv
441,448.25 to 448.95833330000005,6,"[0, 0, 1, 0, 0, 2, 0, 1, 0, 0, 0, 0]",6,b-Major,Piano Sonata K330 iii C major.mid by Mozart.csv
442,449.0 to 449.75,9,"[1, 0, 0, 0, 1, 1, 0, 1, 0, 0, 0, 0]",9,cMajor,Piano Sonata K330 iii C major.mid by Mozart.csv
443,450.0 to 450.875,8,"[0, 0, 0, 0, 2, 0, 0, 1, 0, 0, 0, 1]",9,gMinor,Piano Sonata K330 iii C major.mid by Mozart.csv
444,451.0 to 451.5,12,"[0, 0, 2, 0, 1, 0, 0, 1, 0, 0, 0, 0]",2,gMajor,Piano Sonata K330 iii C major.mid by Mozart.csv
445,452.0 to 452.75,9,"[1, 0, 0, 0, 0, 1, 0, 1, 0, 0, 0, 0]",1,cMajor,Piano Sonata K330 iii C major.mid by Mozart.csv
446,453.0 to 453.875,10,"[0, 0, 0, 0, 2, 1, 0, 2, 0, 0, 0, 0]",8,cMajor,Piano Sonata K330 iii C major.mid by Mozart.csv
447,454.0 to 454.875,10,"[0, 0, 0, 0, 0, 0, 1, 2, 0, 0, 0, 0]",1,cMajor,Piano Sonata K330 iii C major.mid by Mozart.csv
448,455.0 to 455.875,10,"[0, 0, 1, 0, 0, 1, 0, 2, 0, 0, 0, 0]",3,gMajor,Piano Sonata K330 iii C major.mid by Mozart.csv
449,456.125 to 456.875,16,"[0, 0, 0, 0, 0, 1, 1, 1, 0, 0, 0, 0]",1,cMajor,Piano Sonata K330 iii C major.mid by Mozart.csv
450,457.0 to 457.875,16,"[1, 0, 0, 0, 1, 0, 1, 1, 0, 0, 0, 0]",9,cMajor,Piano Sonata K330 iii C major.mid by Mozart.csv
451,458.125 to 458.625,10,"[0, 0, 0, 0, 1, 1, 0, 2, 0, 0, 0, 1]",8,gMinor,Piano Sonata K330 iii C major.mid by Mozart.csv
452,459.0 to 459.875,9,"[1, 0, 0, 0, 1, 0, 0, 1, 0, 0, 0, 0]",9,cMajor,Piano Sonata K330 iii C major.mid by Mozart.csv
453,460.33333330000005 to 460.875,10,"[0, 0, 1, 0, 0, 0, 0, 2, 0, 0, 0, 0]",3,gMajor,Piano Sonata K330 iii C major.mid by Mozart.csv
454,461.125 to 461.875,1,"[0, 0, 1, 0, 0, 0, 0, 2, 0, 0, 0, 1]",3,gMajor,Piano Sonata K330 iii C major.mid by Mozart.csv
455,462.0 to 462.625,1,"[0, 0, 1, 0, 0, 0, 0, 2, 0, 0, 0, 1]",3,gMajor,Piano Sonata K330 iii C major.mid by Mozart.csv
456,463.0 to 463.875,10,"[0, 0, 0, 0, 0, 1, 0, 2, 0, 0, 0, 0]",1,cMajor,Piano Sonata K330 iii C major.mid by Mozart.csv
457,464.20833330000005 to 464.625,11,"[1, 0, 0, 1, 0, 1, 0, 1, 0, 0, 0, 0]",1,e-Minor,Piano Sonata K330 iii C major.mid by Mozart.csv
458,465.0 to 465.875,10,"[1, 0, 0, 1, 0, 0, 0, 2, 0, 0, 0, 0]",1,e-Minor,Piano Sonata K330 iii C major.mid by Mozart.csv
459,466.25 to 466.75,1,"[0, 0, 0, 0, 0, 0, 0, 2, 0, 0, 0, 1]",3,gMajor,Piano Sonata K330 iii C major.mid by Mozart.csv
460,467.0 to 467.75,19,"[0, 0, 2, 0, 0, 0, 0, 1, 0, 0, 0, 1]",2,gMajor,Piano Sonata K330 iii C major.mid by Mozart.csv
461,468.125 to 468.875,1,"[0, 0, 0, 0, 0, 0, 0, 3, 0, 0, 0, 1]",3,gMajor,Piano Sonata K330 iii C major.mid by Mozart.csv
462,469.0 to 469.6666667,10,"[0, 0, 0, 0, 0, 0, 0, 3, 0, 0, 0, 0]",3,cMajor,Piano Sonata K330 iii C major.mid by Mozart.csv
463,470.0 to 470.875,11,"[1, 0, 0, 1, 0, 1, 0, 1, 0, 0, 0, 0]",1,e-Minor,Piano Sonata K330 iii C major.mid by Mozart.csv
464,471.0 to 471.875,10,"[0, 0, 1, 1, 0, 0, 0, 2, 0, 0, 0, 0]",3,e-Major,Piano Sonata K330 iii C major.mid by Mozart.csv
465,472.0 to 472.875,1,"[1, 0, 1, 1, 0, 0, 0, 2, 0, 0, 0, 1]",3,gMajor,Piano Sonata K330 iii C major.mid by Mozart.csv
466,473.0 to 473.875,19,"[0, 0, 2, 0, 0, 0, 0, 1, 0, 0, 0, 1]",2,gMajor,Piano Sonata K330 iii C major.mid by Mozart.csv
467,474.0 to 474.875,1,"[0, 0, 0, 0, 0, 0, 1, 3, 0, 0, 0, 1]",3,gMajor,Piano Sonata K330 iii C major.mid by Mozart.csv
468,475.0 to 475.6666667,10,"[0, 0, 0, 0, 0, 0, 1, 2, 1, 0, 0, 0]",1,cMajor,Piano Sonata K330 iii C major.mid by Mozart.csv
469,476.125 to 476.875,11,"[1, 0, 1, 1, 0, 0, 0, 1, 1, 0, 0, 0]",1,g#Major,Piano Sonata K330 iii C major.mid by Mozart.csv
470,477.33333330000005 to 477.75,3,"[1, 0, 0, 0, 0, 0, 1, 0, 1, 0, 0, 0]",1,g#Major,Piano Sonata K330 iii C major.mid by Mozart.csv
471,478.08333330000005 to 478.75,0,"[2, 0, 0, 0, 0, 0, 1, 0, 1, 0, 0, 1]",4,g#Major,Piano Sonata K330 iii C major.mid by Mozart.csv
472,479.0 to 479.75,1,"[0, 0, 1, 0, 0, 0, 0, 2, 0, 0, 0, 1]",3,gMajor,Piano Sonata K330 iii C major.mid by Mozart.csv
473,480.625 to 480.625,1,"[0, 0, 0, 0, 0, 0, 0, 2, 0, 0, 0, 1]",3,gMajor,Piano Sonata K330 iii C major.mid by Mozart.csv
474,481.375 to 481.5,1,"[0, 0, 1, 0, 0, 0, 0, 2, 0, 0, 0, 1]",3,gMajor,Piano Sonata K330 iii C major.mid by Mozart.csv
475,482.25 to 482.9166667,1,"[0, 0, 0, 0, 0, 0, 0, 2, 0, 0, 0, 1]",3,gMajor,Piano Sonata K330 iii C major.mid by Mozart.csv
476,483.0 to 483.08333330000005,5,"[0, 0, 1, 0, 0, 0, 0, 1, 0, 0, 0, 0]",1,gMajor,Piano Sonata K330 iii C major.mid by Mozart.csv
477,485.6666667 to 485.75,19,"[0, 0, 2, 0, 0, 1, 0, 1, 0, 0, 0, 1]",2,gMajor,Piano Sonata K330 iii C major.mid by Mozart.csv
478,486.33333330000005 to 486.5416667,6,"[0, 0, 1, 0, 0, 1, 0, 1, 0, 0, 0, 0]",1,gMajor,Piano Sonata K330 iii C major.mid by Mozart.csv
479,487.33333330000005 to 487.375,19,"[0, 0, 2, 0, 0, 1, 0, 1, 0, 0, 0, 1]",2,gMajor,Piano Sonata K330 iii C major.mid by Mozart.csv
480,488.125 to 488.33333330000005,6,"[0, 0, 2, 0, 0, 2, 0, 1, 0, 0, 0, 1]",6,gMajor,Piano Sonata K330 iii C major.mid by Mozart.csv
481,489.0 to 489.875,19,"[0, 0, 2, 0, 0, 1, 0, 1, 0, 0, 0, 1]",2,gMajor,Piano Sonata K330 iii C major.mid by Mozart.csv
482,490.0 to 490.125,4,"[0, 0, 0, 0, 0, 1, 0, 0, 0, 0, 0, 1]",1,eMajor,Piano Sonata K330 iii C major.mid by Mozart.csv
483,493.75 to 493.75,9,"[0, 0, 0, 0, 1, 0, 0, 0, 0, 0, 0, 0]",1,cMajor,Piano Sonata K330 iii C major.mid by Mozart.csv
484,494.6666667 to 494.6666667,9,"[1, 0, 0, 0, 1, 0, 0, 0, 0, 0, 0, 0]",9,cMajor,Piano Sonata K330 iii C major.mid by Mozart.csv
485,495.0 to 495.375,8,"[1, 0, 0, 0, 2, 1, 0, 1, 0, 0, 0, 0]",9,cMajor,Piano Sonata K330 iii C major.mid by Mozart.csv
486,496.125 to 496.875,5,"[1, 0, 1, 0, 0, 0, 0, 1, 0, 0, 0, 1]",2,gMajor,Piano Sonata K330 iii C major.mid by Mozart.csv
487,497.0 to 497.9166667,15,"[2, 0, 1, 0, 1, 1, 0, 0, 0, 0, 0, 1]",0,cMajor,Piano Sonata K330 iii C major.mid by Mozart.csv
488,498.375 to 498.625,5,"[0, 0, 1, 0, 0, 0, 0, 1, 0, 0, 0, 1]",2,gMajor,Piano Sonata K330 iii C major.mid by Mozart.csv
489,499.25 to 499.5,5,"[0, 0, 1, 0, 0, 0, 0, 1, 0, 0, 0, 1]",2,gMajor,Piano Sonata K330 iii C major.mid by Mozart.csv
490,500.0 to 500.875,9,"[1, 0, 0, 0, 1, 0, 0, 0, 0, 0, 0, 0]",9,cMajor,Piano Sonata K330 iii C major.mid by Mozart.csv
491,501.0 to 501.375,8,"[1, 0, 0, 0, 2, 1, 0, 1, 0, 0, 0, 0]",9,cMajor,Piano Sonata K330 iii C major.mid by Mozart.csv
492,502.25 to 502.25,5,"[0, 0, 1, 0, 0, 0, 0, 1, 0, 0, 0, 1]",2,gMajor,Piano Sonata K330 iii C major.mid by Mozart.csv
493,503.0 to 503.75,0,"[3, 0, 1, 0, 1, 1, 0, 0, 0, 0, 0, 0]",0,cMajor,Piano Sonata K330 iii C major.mid by Mozart.csv
494,504.0 to 504.58333330000005,5,"[0, 0, 1, 0, 1, 0, 0, 1, 0, 0, 0, 1]",2,gMajor,Piano Sonata K330 iii C major.mid by Mozart.csv
495,505.25 to 505.25,9,"[0, 0, 0, 0, 0, 0, 0, 1, 0, 0, 0, 0]",1,cMajor,Piano Sonata K330 iii C major.mid by Mozart.csv
496,506.125 to 506.875,2,"[1, 0, 0, 0, 0, 1, 0, 0, 0, 1, 0, 0]",4,fMajor,Piano Sonata K330 iii C major.mid by Mozart.csv
497,507.25 to 507.75,10,"[1, 0, 0, 0, 1, 1, 0, 2, 0, 1, 0, 0]",8,cMajor,Piano Sonata K330 iii C major.mid by Mozart.csv
498,508.375 to 508.5,9,"[1, 0, 0, 0, 1, 0, 0, 1, 0, 0, 0, 0]",9,cMajor,Piano Sonata K330 iii C major.mid by Mozart.csv
499,509.0 to 509.875,2,"[1, 0, 0, 0, 0, 1, 0, 1, 0, 1, 0, 0]",4,fMajor,Piano Sonata K330 iii C major.mid by Mozart.csv
500,510.375 to 510.9166667,2,"[2, 0, 0, 0, 1, 1, 0, 0, 0, 1, 0, 1]",4,fMajor,Piano Sonata K330 iii C major.mid by Mozart.csv
501,511.5 to 511.625,9,"[1, 0, 0, 0, 1, 0, 0, 1, 0, 0, 0, 0]",9,cMajor,Piano Sonata K330 iii C major.mid by Mozart.csv
502,512.25 to 512.875,1,"[0, 0, 0, 0, 0, 1, 0, 2, 0, 0, 0, 1]",3,gMajor,Piano Sonata K330 iii C major.mid by Mozart.csv
503,513.25 to 513.6666667,6,"[0, 0, 1, 0, 0, 1, 0, 0, 0, 0, 0, 0]",1,b-Major,Piano Sonata K330 iii C major.mid by Mozart.csv
504,514.0 to 514.75,0,"[2, 0, 0, 0, 1, 1, 0, 1, 0, 0, 0, 0]",0,cMajor,Piano Sonata K330 iii C major.mid by Mozart.csv
505,515.125 to 515.875,5,"[0, 1, 1, 0, 1, 0, 0, 1, 0, 0, 0, 1]",2,gMajor,Piano Sonata K330 iii C major.mid by Mozart.csv
506,516.0 to 516.875,5,"[1, 0, 1, 0, 0, 0, 0, 1, 0, 0, 0, 2]",2,gMajor,Piano Sonata K330 iii C major.mid by Mozart.csv
507,517.25 to 517.5,17,"[0, 0, 0, 0, 0, 0, 0, 1, 0, 1, 0, 0]",1,cMajor,Piano Sonata K330 iii C major.mid by Mozart.csv
508,518.0 to 518.7916667,8,"[1, 0, 0, 0, 2, 0, 0, 1, 0, 0, 0, 0]",9,cMajor,Piano Sonata K330 iii C major.mid by Mozart.csv
509,519.125 to 519.75,13,"[2, 0, 0, 0, 2, 1, 0, 1, 0, 0, 0, 0]",0,cMajor,Piano Sonata K330 iii C major.mid by Mozart.csv
510,520.125 to 520.875,1,"[1, 0, 1, 0, 0, 0, 0, 2, 0, 0, 0, 1]",3,gMajor,Piano Sonata K330 iii C major.mid by Mozart.csv
511,521.0 to 521.875,15,"[2, 0, 1, 0, 2, 1, 0, 1, 0, 0, 0, 1]",0,cMajor,Piano Sonata K330 iii C major.mid by Mozart.csv
512,522.0 to 522.7916667,5,"[0, 0, 1, 0, 1, 0, 0, 1, 0, 0, 0, 2]",2,gMajor,Piano Sonata K330 iii C major.mid by Mozart.csv
513,523.0 to 523.875,19,"[1, 0, 2, 0, 1, 0, 0, 1, 0, 0, 0, 1]",2,gMajor,Piano Sonata K330 iii C major.mid by Mozart.csv
514,524.125 to 524.875,8,"[1, 0, 0, 0, 2, 1, 0, 1, 0, 0, 0, 0]",9,cMajor,Piano Sonata K330 iii C major.mid by Mozart.csv
515,525.0 to 525.875,13,"[1, 0, 1, 0, 2, 0, 0, 2, 0, 0, 0, 1]",8,cMajor,Piano Sonata K330 iii C major.mid by Mozart.csv
516,526.25 to 526.9166667,6,"[1, 0, 1, 0, 0, 1, 0, 1, 0, 0, 0, 0]",1,cMajor,Piano Sonata K330 iii C major.mid by Mozart.csv
517,527.0 to 527.6666667,13,"[2, 0, 0, 0, 2, 1, 0, 1, 0, 0, 0, 0]",0,cMajor,Piano Sonata K330 iii C major.mid by Mozart.csv
518,528.0 to 528.875,19,"[0, 0, 2, 0, 0, 0, 0, 1, 0, 0, 0, 2]",2,gMajor,Piano Sonata K330 iii C major.mid by Mozart.csv
519,529.25 to 529.75,17,"[0, 0, 0, 0, 0, 1, 0, 1, 0, 1, 0, 0]",1,fMajor,Piano Sonata K330 iii C major.mid by Mozart.csv
520,530.0 to 530.875,2,"[1, 0, 0, 0, 0, 1, 0, 1, 0, 1, 0, 0]",4,fMajor,Piano Sonata K330 iii C major.mid by Mozart.csv
521,531.0 to 531.7916667,9,"[1, 0, 0, 0, 1, 0, 0, 1, 0, 0, 0, 0]",9,cMajor,Piano Sonata K330 iii C major.mid by Mozart.csv
522,532.125 to 532.875,2,"[1, 0, 0, 0, 0, 1, 0, 0, 0, 1, 0, 0]",4,fMajor,Piano Sonata K330 iii C major.mid by Mozart.csv
523,533.0 to 533.875,15,"[2, 0, 0, 0, 1, 1, 0, 1, 0, 1, 0, 1]",0,cMajor,Piano Sonata K330 iii C major.mid by Mozart.csv
524,534.25 to 534.625,9,"[1, 0, 0, 0, 1, 0, 0, 1, 0, 0, 0, 0]",9,cMajor,Piano Sonata K330 iii C major.mid by Mozart.csv
525,535.0 to 535.7083333,3,"[1, 0, 0, 0, 0, 0, 0, 0, 1, 1, 0, 0]",4,fMajor,Piano Sonata K330 iii C major.mid by Mozart.csv
526,536.0 to 536.875,6,"[1, 0, 2, 0, 1, 2, 0, 1, 0, 0, 0, 0]",6,b-Major,Piano Sonata K330 iii C major.mid by Mozart.csv
527,537.5416667000002 to 537.625,5,"[1, 0, 1, 0, 0, 0, 0, 1, 0, 0, 0, 1]",2,gMajor,Piano Sonata K330 iii C major.mid by Mozart.csv
528,538.25 to 538.875,13,"[2, 0, 1, 0, 2, 0, 0, 2, 0, 0, 0, 0]",0,cMajor,Piano Sonata K330 iii C major.mid by Mozart.csv
529,539.0 to 539.875,13,"[3, 0, 0, 0, 2, 0, 0, 1, 0, 0, 0, 0]",0,cMajor,Piano Sonata K330 iii C major.mid by Mozart.csv
530,540.0 to 540.75,2,"[1, 0, 0, 0, 0, 1, 0, 1, 0, 1, 0, 1]",5,fMajor,Piano Sonata K330 iii C major.mid by Mozart.csv
531,541.0 to 541.875,6,"[0, 1, 2, 0, 1, 2, 0, 0, 0, 2, 0, 0]",6,fMinor,Piano Sonata K330 iii C major.mid by Mozart.csv
532,542.0 to 542.875,13,"[1, 0, 2, 0, 2, 1, 0, 2, 0, 2, 0, 0]",8,cMajor,Piano Sonata K330 iii C major.mid by Mozart.csv
533,543.0 to 543.875,6,"[1, 0, 2, 0, 1, 2, 0, 1, 0, 0, 0, 1]",6,gMajor,Piano Sonata K330 iii C major.mid by Mozart.csv
534,544.0 to 544.75,13,"[2, 0, 0, 0, 2, 0, 0, 2, 0, 0, 0, 0]",0,cMajor,Piano Sonata K330 iii C major.mid by Mozart.csv
535,545.0 to 545.8333332999998,15,"[1, 0, 0, 0, 1, 0, 0, 1, 0, 0, 0, 1]",9,cMajor,Piano Sonata K330 iii C major.mid by Mozart.csv
536,546.0 to 546.9166667000002,17,"[0, 1, 0, 0, 1, 1, 0, 1, 0, 1, 0, 1]",1,aMajor,Piano Sonata K330 iii C major.mid by Mozart.csv
537,547.125 to 547.8333332999998,18,"[0, 0, 2, 0, 0, 2, 0, 0, 0, 2, 0, 0]",6,fMinor,Piano Sonata K330 iii C major.mid by Mozart.csv
538,548.0 to 548.875,13,"[2, 0, 1, 0, 2, 0, 0, 2, 0, 0, 0, 0]",0,cMajor,Piano Sonata K330 iii C major.mid by Mozart.csv
539,549.0 to 549.7916667000002,15,"[2, 0, 2, 0, 1, 2, 0, 1, 0, 0, 0, 1]",6,cMajor,Piano Sonata K330 iii C major.mid by Mozart.csv
540,550.5 to 550.5,10,"[0, 0, 0, 0, 0, 0, 0, 2, 0, 0, 0, 0]",1,cMajor,Piano Sonata K330 iii C major.mid by Mozart.csv
541,551.3333332999998 to 551.3333332999998,0,"[3, 0, 0, 0, 0, 0, 0, 0, 0, 0, 0, 0]",0,cMajor,Piano Sonata K330 iii C major.mid by Mozart.csv
542,553.125 to 553.625,9,"[1, 0, 0, 0, 1, 0, 0, 1, 0, 0, 0, 0]",9,cMajor,Piano Sonata K330 iii C major.mid by Mozart.csv
543,554.0 to 554.875,16,"[1, 0, 1, 0, 1, 1, 1, 1, 0, 0, 0, 0]",8,cMajor,Piano Sonata K330 iii C major.mid by Mozart.csv
544,555.125 to 555.875,10,"[0, 0, 1, 0, 1, 1, 0, 2, 0, 0, 0, 0]",8,cMajor,Piano Sonata K330 iii C major.mid by Mozart.csv
545,556.0 to 556.75,6,"[1, 0, 1, 0, 2, 2, 0, 1, 0, 0, 0, 0]",8,cMajor,Piano Sonata K330 iii C major.mid by Mozart.csv
546,557.125 to 557.875,15,"[1, 0, 0, 0, 1, 0, 0, 1, 0, 0, 0, 1]",9,cMajor,Piano Sonata K330 iii C major.mid by Mozart.csv
547,558.125 to 558.9583332999998,14,"[0, 1, 1, 0, 0, 0, 0, 1, 0, 0, 1, 0]",1,b-Minor,Piano Sonata K330 iii C major.mid by Mozart.csv
548,559.0 to 559.6666667000002,5,"[0, 0, 0, 1, 0, 0, 0, 1, 0, 0, 0, 1]",1,e-Major,Piano Sonata K330 iii C major.mid by Mozart.csv
549,560.0 to 560.875,9,"[1, 0, 0, 0, 1, 0, 0, 1, 0, 0, 0, 0]",9,cMajor,Piano Sonata K330 iii C major.mid by Mozart.csv
550,561.125 to 561.875,10,"[0, 0, 1, 0, 0, 1, 0, 2, 0, 0, 0, 0]",3,gMajor,Piano Sonata K330 iii C major.mid by Mozart.csv
551,562.0 to 562.875,16,"[1, 0, 0, 0, 1, 0, 1, 1, 0, 0, 0, 0]",9,cMajor,Piano Sonata K330 iii C major.mid by Mozart.csv
552,563.0 to 563.75,5,"[0, 0, 1, 0, 1, 1, 0, 1, 0, 0, 0, 1]",8,gMinor,Piano Sonata K330 iii C major.mid by Mozart.csv
553,564.0 to 564.875,5,"[0, 0, 0, 0, 0, 1, 1, 1, 0, 0, 0, 1]",1,gMajor,Piano Sonata K330 iii C major.mid by Mozart.csv
554,565.0 to 565.7083332999998,5,"[0, 0, 0, 0, 0, 1, 1, 1, 0, 0, 0, 1]",1,gMajor,Piano Sonata K330 iii C major.mid by Mozart.csv
555,566.0 to 566.9166667000002,10,"[0, 0, 0, 0, 1, 1, 1, 2, 0, 0, 0, 1]",8,gMinor,Piano Sonata K330 iii C major.mid by Mozart.csv
556,567.0 to 567.875,10,"[1, 0, 1, 0, 0, 1, 0, 2, 0, 1, 0, 0]",5,cMajor,Piano Sonata K330 iii C major.mid by Mozart.csv
557,568.0 to 568.875,6,"[1, 0, 2, 0, 2, 1, 0, 1, 0, 0, 0, 0]",8,cMajor,Piano Sonata K330 iii C major.mid by Mozart.csv
558,569.125 to 569.875,5,"[1, 0, 1, 0, 0, 1, 0, 1, 0, 0, 0, 1]",2,gMajor,Piano Sonata K330 iii C major.mid by Mozart.csv
559,570.0 to 570.875,10,"[0, 0, 1, 0, 1, 1, 0, 2, 0, 0, 0, 0]",8,cMajor,Piano Sonata K330 iii C major.mid by Mozart.csv
560,571.0 to 571.875,5,"[1, 0, 1, 0, 0, 0, 0, 1, 0, 1, 0, 1]",5,gMajor,Piano Sonata K330 iii C major.mid by Mozart.csv
561,572.0 to 572.875,1,"[0, 0, 1, 0, 1, 1, 0, 2, 0, 0, 0, 1]",8,gMajor,Piano Sonata K330 iii C major.mid by Mozart.csv
562,573.0 to 573.75,11,"[1, 0, 0, 1, 0, 0, 0, 1, 0, 0, 0, 0]",1,e-Minor,Piano Sonata K330 iii C major.mid by Mozart.csv
563,574.0 to 574.875,8,"[1, 0, 0, 1, 2, 0, 0, 1, 0, 0, 0, 0]",9,cMajor,Piano Sonata K330 iii C major.mid by Mozart.csv
564,575.0 to 575.875,8,"[1, 0, 0, 0, 2, 0, 0, 1, 0, 0, 0, 0]",9,cMajor,Piano Sonata K330 iii C major.mid by Mozart.csv
565,576.0 to 576.6666667000002,14,"[1, 0, 0, 0, 0, 0, 0, 1, 0, 0, 1, 0]",1,cMajor,Piano Sonata K330 iii C major.mid by Mozart.csv
566,577.0 to 577.875,13,"[2, 0, 0, 0, 2, 0, 0, 1, 0, 0, 1, 0]",0,cMajor,Piano Sonata K330 iii C major.mid by Mozart.csv
567,578.0 to 578.875,9,"[1, 0, 0, 0, 1, 0, 0, 1, 0, 0, 1, 0]",9,cMajor,Piano Sonata K330 iii C major.mid by Mozart.csv
568,579.0 to 579.75,17,"[0, 0, 0, 0, 1, 1, 0, 1, 0, 1, 1, 0]",1,cMinor,Piano Sonata K330 iii C major.mid by Mozart.csv
569,580.0 to 580.75,2,"[2, 0, 0, 0, 0, 1, 0, 0, 0, 2, 0, 0]",4,fMajor,Piano Sonata K330 iii C major.mid by Mozart.csv
570,581.0 to 581.875,18,"[1, 0, 0, 0, 0, 2, 0, 0, 0, 1, 0, 0]",4,fMajor,Piano Sonata K330 iii C major.mid by Mozart.csv
571,582.125 to 582.875,17,"[1, 1, 0, 0, 0, 1, 0, 1, 0, 2, 0, 0]",4,fMajor,Piano Sonata K330 iii C major.mid by Mozart.csv
572,583.125 to 583.625,17,"[0, 1, 0, 0, 1, 0, 0, 1, 0, 1, 0, 0]",1,aMajor,Piano Sonata K330 iii C major.mid by Mozart.csv
573,584.0 to 584.9166667000002,9,"[0, 1, 0, 0, 1, 0, 0, 1, 0, 0, 0, 0]",1,cMajor,Piano Sonata K330 iii C major.mid by Mozart.csv
574,585.125 to 585.9166667000002,16,"[0, 0, 1, 0, 0, 0, 2, 1, 0, 1, 0, 0]",7,dMajor,Piano Sonata K330 iii C major.mid by Mozart.csv
575,586.0 to 586.875,7,"[0, 0, 2, 0, 0, 0, 2, 0, 0, 2, 0, 0]",7,dMajor,Piano Sonata K330 iii C major.mid by Mozart.csv
576,587.0 to 587.9166667000002,7,"[0, 0, 1, 0, 0, 0, 2, 0, 0, 1, 0, 0]",7,dMajor,Piano Sonata K330 iii C major.mid by Mozart.csv
577,588.125 to 588.875,5,"[0, 0, 1, 0, 0, 1, 0, 1, 0, 0, 0, 2]",2,gMajor,Piano Sonata K330 iii C major.mid by Mozart.csv
578,589.125 to 589.9583332999998,6,"[0, 0, 1, 0, 0, 2, 0, 0, 0, 0, 0, 1]",6,b-Major,Piano Sonata K330 iii C major.mid by Mozart.csv
579,590.125 to 590.875,15,"[1, 0, 1, 0, 1, 1, 0, 0, 0, 0, 0, 1]",2,cMajor,Piano Sonata K330 iii C major.mid by Mozart.csv
580,591.0 to 591.875,13,"[1, 0, 0, 0, 2, 0, 0, 2, 0, 0, 0, 0]",9,cMajor,Piano Sonata K330 iii C major.mid by Mozart.csv
581,592.125 to 592.875,9,"[1, 0, 0, 0, 1, 0, 0, 1, 0, 0, 0, 0]",9,cMajor,Piano Sonata K330 iii C major.mid by Mozart.csv
582,593.0 to 593.75,9,"[1, 0, 0, 0, 1, 1, 0, 1, 0, 1, 0, 0]",4,cMajor,Piano Sonata K330 iii C major.mid by Mozart.csv
583,594.0 to 594.875,6,"[0, 0, 2, 0, 0, 1, 0, 0, 0, 2, 0, 0]",7,fMinor,Piano Sonata K330 iii C major.mid by Mozart.csv
584,595.125 to 595.875,7,"[1, 0, 2, 0, 0, 0, 1, 0, 0, 2, 0, 0]",7,dMajor,Piano Sonata K330 iii C major.mid by Mozart.csv
585,596.0 to 596.7916667000002,5,"[1, 0, 1, 0, 0, 0, 0, 1, 0, 1, 0, 1]",5,gMajor,Piano Sonata K330 iii C major.mid by Mozart.csv
586,597.125 to 597.875,16,"[0, 0, 0, 0, 0, 0, 1, 1, 0, 0, 0, 1]",1,gMajor,Piano Sonata K330 iii C major.mid by Mozart.csv
587,598.25 to 598.75,10,"[0, 0, 0, 0, 0, 0, 1, 2, 0, 0, 0, 0]",1,cMajor,Piano Sonata K330 iii C major.mid by Mozart.csv
588,599.0 to 599.75,15,"[1, 0, 0, 0, 1, 1, 0, 1, 0, 1, 0, 1]",4,cMajor,Piano Sonata K330 iii C major.mid by Mozart.csv
589,600.125 to 600.875,0,"[2, 0, 0, 0, 1, 0, 0, 1, 0, 0, 0, 0]",0,cMajor,Piano Sonata K330 iii C major.mid by Mozart.csv
590,601.1666667000002 to 601.625,15,"[1, 0, 0, 0, 1, 0, 0, 1, 0, 0, 0, 1]",9,cMajor,Piano Sonata K330 iii C major.mid by Mozart.csv
591,602.0 to 602.7083332999998,1,"[1, 0, 1, 0, 0, 0, 0, 2, 0, 1, 0, 1]",5,gMajor,Piano Sonata K330 iii C major.mid by Mozart.csv
592,603.0 to 603.875,6,"[1, 0, 2, 0, 1, 1, 0, 2, 0, 0, 0, 0]",8,cMajor,Piano Sonata K330 iii C major.mid by Mozart.csv
593,604.0 to 604.875,1,"[0, 0, 0, 0, 0, 1, 0, 3, 0, 0, 0, 1]",3,gMajor,Piano Sonata K330 iii C major.mid by Mozart.csv
594,605.25 to 605.75,11,"[1, 0, 0, 1, 0, 0, 0, 1, 0, 0, 0, 0]",1,e-Minor,Piano Sonata K330 iii C major.mid by Mozart.csv
595,606.125 to 606.875,16,"[1, 0, 0, 1, 1, 0, 1, 1, 0, 0, 0, 0]",9,e-Minor,Piano Sonata K330 iii C major.mid by Mozart.csv
596,607.25 to 607.625,16,"[0, 0, 0, 0, 1, 0, 1, 1, 0, 0, 0, 0]",1,cMajor,Piano Sonata K330 iii C major.mid by Mozart.csv
597,608.0 to 608.8333332999998,17,"[0, 0, 0, 0, 1, 1, 0, 1, 0, 1, 0, 0]",1,cMajor,Piano Sonata K330 iii C major.mid by Mozart.csv
598,609.0 to 609.875,10,"[0, 0, 0, 0, 1, 1, 0, 2, 0, 0, 0, 0]",8,gMinor,Piano Sonata K330 iii C major.mid by Mozart.csv
599,610.125 to 610.875,14,"[0, 0, 1, 0, 0, 1, 0, 1, 1, 1, 1, 0]",1,b-Major,Piano Sonata K330 iii C major.mid by Mozart.csv
600,611.125 to 611.875,15,"[1, 0, 0, 0, 1, 0, 0, 1, 0, 0, 0, 1]",9,cMajor,Piano Sonata K330 iii C major.mid by Mozart.csv
601,612.25 to 612.625,0,"[2, 0, 0, 0, 1, 0, 0, 1, 0, 0, 0, 0]",0,cMajor,Piano Sonata K330 iii C major.mid by Mozart.csv
602,613.0 to 613.9166667000002,15,"[2, 0, 0, 0, 1, 0, 0, 1, 0, 1, 0, 1]",0,cMajor,Piano Sonata K330 iii C major.mid by Mozart.csv
603,614.0 to 614.75,10,"[1, 0, 1, 0, 0, 1, 0, 2, 0, 1, 0, 0]",5,cMajor,Piano Sonata K330 iii C major.mid by Mozart.csv
604,615.0416667000002 to 615.875,1,"[1, 0, 1, 0, 1, 1, 0, 2, 0, 0, 0, 1]",8,cMajor,Piano Sonata K330 iii C major.mid by Mozart.csv
605,616.125 to 616.875,10,"[0, 0, 0, 0, 0, 1, 0, 2, 0, 0, 0, 0]",1,cMajor,Piano Sonata K330 iii C major.mid by Mozart.csv
606,617.25 to 617.9583332999998,9,"[1, 0, 0, 0, 1, 0, 0, 1, 0, 0, 0, 0]",9,cMajor,Piano Sonata K330 iii C major.mid by Mozart.csv
607,618.0 to 618.75,8,"[1, 0, 0, 0, 2, 0, 0, 1, 0, 1, 0, 1]",9,cMajor,Piano Sonata K330 iii C major.mid by Mozart.csv
608,619.125 to 619.875,2,"[2, 0, 0, 0, 0, 1, 0, 0, 0, 2, 0, 1]",4,fMajor,Piano Sonata K330 iii C major.mid by Mozart.csv
609,620.125 to 620.875,0,"[2, 0, 0, 0, 1, 0, 0, 1, 0, 0, 0, 0]",0,cMajor,Piano Sonata K330 iii C major.mid by Mozart.csv
610,621.125 to 621.875,6,"[0, 0, 1, 0, 1, 1, 0, 1, 0, 0, 1, 0]",8,b-Major,Piano Sonata K330 iii C major.mid by Mozart.csv
611,622.125 to 622.625,6,"[0, 0, 2, 0, 1, 2, 0, 0, 0, 0, 1, 0]",6,b-Major,Piano Sonata K330 iii C major.mid by Mozart.csv
612,623.0 to 623.75,18,"[1, 0, 0, 0, 0, 2, 0, 0, 0, 1, 0, 0]",4,fMajor,Piano Sonata K330 iii C major.mid by Mozart.csv
613,624.0 to 624.75,18,"[0, 0, 1, 0, 0, 3, 0, 1, 0, 0, 0, 0]",6,b-Major,Piano Sonata K330 iii C major.mid by Mozart.csv
614,625.0 to 625.875,18,"[0, 0, 1, 0, 0, 2, 0, 2, 0, 2, 0, 0]",6,fMinor,Piano Sonata K330 iii C major.mid by Mozart.csv
615,626.0 to 626.875,13,"[1, 0, 0, 0, 2, 1, 0, 2, 0, 0, 0, 0]",8,cMajor,Piano Sonata K330 iii C major.mid by Mozart.csv
616,627.0 to 627.625,6,"[0, 0, 1, 0, 1, 1, 0, 1, 0, 0, 0, 0]",8,cMajor,Piano Sonata K330 iii C major.mid by Mozart.csv
617,628.0 to 628.75,18,"[1, 0, 0, 0, 0, 2, 0, 1, 0, 0, 0, 1]",6,fMajor,Piano Sonata K330 iii C major.mid by Mozart.csv
618,629.125 to 629.875,8,"[1, 0, 0, 0, 2, 1, 0, 1, 0, 0, 0, 0]",9,cMajor,Piano Sonata K330 iii C major.mid by Mozart.csv
619,630.0 to 630.875,2,"[1, 0, 0, 0, 0, 0, 0, 1, 0, 2, 0, 1]",5,fMajor,Piano Sonata K330 iii C major.mid by Mozart.csv
620,631.0 to 631.75,2,"[2, 0, 0, 0, 0, 1, 0, 0, 0, 1, 0, 0]",4,fMajor,Piano Sonata K330 iii C major.mid by Mozart.csv
621,632.125 to 632.875,13,"[2, 0, 1, 0, 2, 0, 0, 1, 0, 0, 0, 0]",0,cMajor,Piano Sonata K330 iii C major.mid by Mozart.csv
622,633.0 to 633.875,6,"[0, 0, 2, 0, 1, 2, 0, 0, 0, 0, 1, 0]",6,b-Major,Piano Sonata K330 iii C major.mid by Mozart.csv
623,634.125 to 634.875,18,"[0, 0, 0, 0, 0, 2, 0, 0, 0, 1, 0, 0]",6,fMajor,Piano Sonata K330 iii C major.mid by Mozart.csv
624,635.2083332999998 to 635.9166667000002,18,"[1, 0, 0, 0, 0, 3, 0, 1, 0, 1, 0, 0]",6,fMajor,Piano Sonata K330 iii C major.mid by Mozart.csv
625,636.125 to 636.875,18,"[0, 0, 1, 0, 0, 2, 0, 1, 0, 2, 0, 0]",6,fMinor,Piano Sonata K330 iii C major.mid by Mozart.csv
626,637.25 to 637.875,10,"[1, 0, 0, 0, 1, 1, 0, 2, 0, 1, 0, 0]",8,cMajor,Piano Sonata K330 iii C major.mid by Mozart.csv
627,638.25 to 638.625,8,"[0, 0, 0, 0, 2, 0, 0, 1, 0, 0, 0, 0]",9,cMajor,Piano Sonata K330 iii C major.mid by Mozart.csv
628,639.0 to 639.6666667000002,6,"[1, 0, 2, 0, 0, 1, 0, 0, 0, 0, 0, 1]",2,gMajor,Piano Sonata K330 iii C major.mid by Mozart.csv
629,640.125 to 640.875,9,"[1, 0, 0, 0, 1, 0, 0, 1, 0, 0, 0, 0]",9,cMajor,Piano Sonata K330 iii C major.mid by Mozart.csv
630,641.0 to 641.875,15,"[2, 0, 2, 0, 2, 1, 0, 1, 0, 0, 0, 1]",8,cMajor,Piano Sonata K330 iii C major.mid by Mozart.csv
631,642.0 to 642.75,13,"[1, 0, 2, 0, 2, 1, 0, 2, 0, 0, 0, 0]",8,cMajor,Piano Sonata K330 iii C major.mid by Mozart.csv
632,643.0 to 643.75,5,"[0, 0, 1, 0, 0, 0, 0, 1, 0, 0, 0, 1]",2,gMajor,Piano Sonata K330 iii C major.mid by Mozart.csv
633,644.0 to 644.9166667000002,1,"[1, 0, 1, 0, 0, 0, 1, 2, 0, 1, 0, 2]",5,gMajor,Piano Sonata K330 iii C major.mid by Mozart.csv
634,645.125 to 645.875,19,"[0, 0, 2, 0, 0, 1, 0, 2, 0, 0, 0, 1]",3,gMajor,Piano Sonata K330 iii C major.mid by Mozart.csv
635,646.75 to 646.875,9,"[1, 0, 0, 0, 1, 0, 0, 1, 0, 0, 0, 0]",9,cMajor,Piano Sonata K330 iii C major.mid by Mozart.csv
636,647.0 to 647.9166667000002,15,"[2, 0, 2, 0, 2, 1, 0, 1, 0, 0, 0, 1]",8,cMajor,Piano Sonata K330 iii C major.mid by Mozart.csv
637,648.0 to 648.75,13,"[1, 0, 1, 0, 2, 0, 0, 2, 0, 0, 0, 0]",8,cMajor,Piano Sonata K330 iii C major.mid by Mozart.csv
638,649.5 to 649.75,5,"[0, 0, 1, 0, 0, 0, 0, 1, 0, 0, 0, 2]",2,gMajor,Piano Sonata K330 iii C major.mid by Mozart.csv
639,650.0 to 650.875,19,"[1, 0, 2, 0, 0, 1, 1, 2, 0, 1, 0, 1]",5,gMajor,Piano Sonata K330 iii C major.mid by Mozart.csv
640,651.0 to 651.7916667000002,19,"[1, 0, 2, 0, 1, 0, 0, 1, 0, 0, 0, 1]",2,gMajor,Piano Sonata K330 iii C major.mid by Mozart.csv
641,652.0 to 652.875,0,"[2, 0, 0, 0, 1, 0, 0, 1, 0, 0, 0, 0]",0,cMajor,Piano Sonata K330 iii C major.mid by Mozart.csv
642,653.125 to 653.75,0,"[2, 0, 0, 0, 1, 0, 0, 1, 0, 0, 0, 0]",0,cMajor,Piano Sonata K330 iii C major.mid by Mozart.csv
643,654.0 to 654.875,13,"[2, 0, 0, 0, 2, 0, 0, 2, 0, 0, 0, 0]",0,cMajor,Piano Sonata K330 iii C major.mid by Mozart.csv
644,655.0 to 655.875,13,"[2, 0, 0, 0, 2, 0, 0, 2, 0, 0, 1, 0]",0,cMajor,Piano Sonata K330 iii C major.mid by Mozart.csv
645,656.0 to 656.875,13,"[2, 0, 0, 0, 1, 0, 0, 2, 1, 0, 2, 0]",0,cMajor,Piano Sonata K330 iii C major.mid by Mozart.csv
646,657.0 to 657.625,2,"[1, 0, 0, 0, 0, 1, 0, 0, 0, 3, 0, 0]",4,fMajor,Piano Sonata K330 iii C major.mid by Mozart.csv
647,658.0 to 658.75,2,"[1, 0, 0, 0, 0, 1, 0, 0, 1, 2, 0, 0]",4,fMajor,Piano Sonata K330 iii C major.mid by Mozart.csv
648,659.0 to 659.75,3,"[0, 0, 0, 0, 0, 0, 0, 0, 1, 1, 0, 0]",1,c#Major,Piano Sonata K330 iii C major.mid by Mozart.csv
649,660.125 to 660.875,11,"[1, 0, 0, 1, 0, 0, 1, 0, 0, 0, 0, 0]",1,g#Major,Piano Sonata K330 iii C major.mid by Mozart.csv
650,661.2083332999998 to 661.75,9,"[1, 0, 0, 1, 1, 0, 0, 1, 0, 0, 0, 0]",9,cMajor,Piano Sonata K330 iii C major.mid by Mozart.csv
651,662.4583332999998 to 662.875,8,"[0, 0, 1, 0, 2, 1, 0, 1, 0, 0, 0, 1]",8,gMinor,Piano Sonata K330 iii C major.mid by Mozart.csv
652,663.0 to 663.75,13,"[2, 0, 1, 0, 2, 0, 0, 2, 0, 0, 0, 0]",0,cMajor,Piano Sonata K330 iii C major.mid by Mozart.csv
653,664.0 to 664.875,13,"[2, 0, 0, 0, 2, 0, 0, 1, 0, 0, 0, 0]",0,cMajor,Piano Sonata K330 iii C major.mid by Mozart.csv
654,665.0 to 665.9583332999998,13,"[2, 0, 1, 0, 2, 0, 0, 1, 0, 0, 0, 0]",0,cMajor,Piano Sonata K330 iii C major.mid by Mozart.csv
655,666.125 to 666.75,13,"[2, 0, 0, 0, 1, 1, 0, 2, 0, 1, 1, 0]",0,cMajor,Piano Sonata K330 iii C major.mid by Mozart.csv
656,667.0 to 667.7916667000002,13,"[2, 0, 1, 0, 2, 1, 0, 1, 0, 0, 0, 0]",0,cMajor,Piano Sonata K330 iii C major.mid by Mozart.csv
657,668.0 to 668.875,2,"[2, 0, 0, 0, 1, 1, 0, 0, 1, 2, 2, 0]",4,fMajor,Piano Sonata K330 iii C major.mid by Mozart.csv
658,669.125 to 669.8333332999998,2,"[1, 0, 0, 0, 0, 1, 0, 0, 1, 2, 0, 0]",4,fMajor,Piano Sonata K330 iii C major.mid by Mozart.csv
659,670.0 to 670.75,3,"[0, 0, 0, 0, 0, 0, 0, 0, 1, 1, 0, 0]",1,c#Major,Piano Sonata K330 iii C major.mid by Mozart.csv
660,671.125 to 671.875,3,"[0, 0, 0, 1, 0, 0, 1, 0, 1, 1, 0, 0]",1,dMajor,Piano Sonata K330 iii C major.mid by Mozart.csv
661,672.25 to 672.75,4,"[1, 0, 0, 1, 0, 0, 1, 0, 0, 0, 0, 1]",1,bMajor,Piano Sonata K330 iii C major.mid by Mozart.csv
662,673.0 to 673.7083332999998,4,"[1, 0, 0, 1, 0, 0, 1, 0, 0, 0, 0, 1]",1,bMajor,Piano Sonata K330 iii C major.mid by Mozart.csv
663,674.0 to 674.75,5,"[1, 0, 0, 0, 0, 0, 0, 1, 0, 0, 0, 1]",1,cMajor,Piano Sonata K330 iii C major.mid by Mozart.csv
664,675.0 to 675.75,13,"[2, 0, 0, 0, 1, 0, 0, 2, 0, 0, 0, 0]",0,cMajor,Piano Sonata K330 iii C major.mid by Mozart.csv
665,676.125 to 676.75,10,"[1, 0, 0, 0, 1, 1, 0, 2, 0, 1, 0, 0]",8,cMajor,Piano Sonata K330 iii C major.mid by Mozart.csv
666,677.125 to 677.875,10,"[0, 0, 0, 0, 2, 0, 0, 2, 0, 0, 0, 0]",9,cMajor,Piano Sonata K330 iii C major.mid by Mozart.csv
667,678.125 to 678.875,10,"[1, 0, 1, 0, 1, 0, 0, 2, 0, 0, 0, 0]",8,cMajor,Piano Sonata K330 iii C major.mid by Mozart.csv
668,679.0 to 679.7916667000002,15,"[1, 0, 1, 0, 1, 1, 0, 1, 0, 0, 0, 1]",8,cMajor,Piano Sonata K330 iii C major.mid by Mozart.csv
669,680.0 to 680.875,0,"[3, 0, 1, 0, 1, 0, 0, 0, 0, 0, 0, 0]",0,cMajor,Piano Sonata K330 iii C major.mid by Mozart.csv
670,681.25 to 681.6666667000002,0,"[2, 0, 0, 0, 1, 0, 0, 1, 0, 0, 0, 0]",0,cMajor,Piano Sonata K330 iii C major.mid by Mozart.csv
671,682.125 to 682.875,5,"[1, 0, 0, 0, 0, 1, 0, 1, 0, 1, 0, 2]",5,fMajor,Piano Sonata K330 iii C major.mid by Mozart.csv
672,683.125 to 683.875,5,"[1, 0, 1, 0, 0, 1, 0, 1, 0, 0, 0, 1]",2,gMajor,Piano Sonata K330 iii C major.mid by Mozart.csv
673,684.25 to 684.625,9,"[1, 0, 1, 0, 1, 0, 0, 0, 0, 0, 0, 0]",9,cMajor,Piano Sonata K330 iii C major.mid by Mozart.csv
674,685.0 to 685.6666667000002,4,"[1, 0, 1, 0, 0, 1, 0, 0, 0, 0, 0, 1]",2,gMajor,Piano Sonata K330 iii C major.mid by Mozart.csv
675,686.125 to 686.875,0,"[3, 0, 0, 0, 1, 0, 0, 0, 0, 0, 0, 0]",0,cMajor,Piano Sonata K330 iii C major.mid by Mozart.csv
676,687.25 to 687.6666667000002,0,"[3, 0, 0, 0, 1, 0, 0, 1, 0, 0, 0, 0]",0,cMajor,Piano Sonata K330 iii C major.mid by Mozart.csv
677,688.125 to 688.875,0,"[3, 0, 0, 0, 1, 0, 0, 1, 0, 1, 0, 1]",0,cMajor,Piano Sonata K330 iii C major.mid by Mozart.csv
678,689.0 to 689.875,15,"[1, 0, 1, 0, 1, 1, 0, 1, 0, 0, 0, 1]",8,cMajor,Piano Sonata K330 iii C major.mid by Mozart.csv
679,690.0 to 690.875,15,"[1, 0, 1, 0, 1, 1, 0, 0, 0, 0, 0, 1]",2,cMajor,Piano Sonata K330 iii C major.mid by Mozart.csv
680,691.0 to 691.6666667000002,4,"[1, 0, 1, 0, 0, 1, 0, 0, 0, 0, 0, 1]",2,gMajor,Piano Sonata K330 iii C major.mid by Mozart.csv
681,692.125 to 692.875,0,"[3, 0, 0, 0, 1, 0, 0, 0, 0, 0, 0, 0]",0,cMajor,Piano Sonata K330 iii C major.mid by Mozart.csv
682,693.25 to 693.6666667000002,10,"[1, 0, 0, 0, 1, 0, 0, 2, 0, 0, 0, 0]",9,cMajor,Piano Sonata K330 iii C major.mid by Mozart.csv
683,694.0 to 694.875,6,"[1, 0, 1, 0, 1, 2, 0, 1, 0, 0, 0, 1]",6,cMajor,Piano Sonata K330 iii C major.mid by Mozart.csv
684,695.125 to 695.875,0,"[3, 0, 0, 0, 1, 0, 0, 0, 0, 0, 0, 0]",0,cMajor,Piano Sonata K330 iii C major.mid by Mozart.csv
685,696.25 to 696.625,13,"[2, 0, 0, 0, 1, 0, 0, 2, 0, 0, 0, 0]",0,cMajor,Piano Sonata K330 iii C major.mid by Mozart.csv
686,697.125 to 697.875,2,"[1, 0, 0, 0, 0, 1, 0, 1, 0, 1, 0, 1]",5,fMajor,Piano Sonata K330 iii C major.mid by Mozart.csv
687,698.0 to 698.625,0,"[2, 0, 0, 0, 1, 0, 0, 0, 0, 0, 0, 1]",0,cMinor,Piano Sonata K330 iii C major.mid by Mozart.csv
688,699.0 to 699.8333332999998,0,"[2, 0, 0, 0, 1, 0, 0, 1, 0, 0, 0, 0]",0,cMajor,Piano Sonata K330 iii C major.mid by Mozart.csv
689,700.0 to 700.75,18,"[1, 0, 1, 0, 1, 2, 0, 1, 0, 1, 0, 1]",6,fMajor,Piano Sonata K330 iii C major.mid by Mozart.csv
690,701.125 to 701.875,0,"[3, 0, 0, 0, 1, 0, 0, 0, 0, 0, 0, 0]",0,cMajor,Piano Sonata K330 iii C major.mid by Mozart.csv
691,702.0 to 702.9166667000002,0,"[2, 0, 0, 0, 1, 0, 1, 0, 0, 0, 0, 0]",0,cMinor,Piano Sonata K330 iii C major.mid by Mozart.csv
692,703.0 to 703.875,5,"[1, 0, 0, 0, 0, 1, 0, 1, 1, 1, 1, 2]",5,eMajor,Piano Sonata K330 iii C major.mid by Mozart.csv
693,704.0 to 704.375,0,"[2, 0, 0, 0, 1, 1, 0, 0, 0, 0, 0, 0]",0,fMajor,Piano Sonata K330 iii C major.mid by Mozart.csv
694,705.0 to 705.9166667000002,13,"[2, 0, 0, 0, 2, 0, 0, 1, 0, 0, 0, 0]",0,cMajor,Piano Sonata K330 iii C major.mid by Mozart.csv
695,706.75 to 706.875,3,"[0, 0, 1, 0, 0, 1, 0, 0, 1, 0, 0, 0]",1,c#Major,Piano Sonata K330 iii C major.mid by Mozart.csv
696,707.75 to 707.75,6,"[0, 0, 1, 0, 0, 1, 0, 0, 0, 1, 0, 0]",6,fMinor,Piano Sonata K330 iii C major.mid by Mozart.csv
697,709.5 to 709.875,2,"[1, 0, 1, 0, 1, 0, 0, 0, 0, 1, 0, 0]",4,cMinor,Piano Sonata K330 iii C major.mid by Mozart.csv
698,710.375 to 710.5,9,"[1, 0, 0, 0, 1, 0, 0, 0, 0, 0, 0, 0]",9,cMajor,Piano Sonata K330 iii C major.mid by Mozart.csv
699,711.375 to 711.625,18,"[0, 0, 1, 0, 0, 3, 0, 0, 0, 2, 0, 0]",6,fMinor,Piano Sonata K330 iii C major.mid by Mozart.csv
700,713.0 to 713.125,1,"[0, 0, 1, 0, 0, 1, 0, 3, 0, 0, 0, 1]",3,gMajor,Piano Sonata K330 iii C major.mid by Mozart.csv
701,714.75 to 714.75,13,"[4, 0, 0, 0, 2, 0, 0, 2, 0, 0, 0, 0]",0,cMajor,Piano Sonata K330 iii C major.mid by Mozart.csv
702,715.0 to 715.0,9,"[1, 0, 0, 0, 0, 0, 0, 0, 0, 0, 0, 0]",1,cMajor,Piano Sonata K330 iii C major.mid by Mozart.csv
