index,offsetRange,oldCentroidIndex,"[C,C#,D,E-,E,F,F#,G,G#,A,B-,B]",triadLabel,filename,year,chordName,pc-labels,color,newCentroidIndex,PS
0,0.0 to 0.875,8,"[2, 0, 0, 0, 0, 0, 0, 1, 0, 0, 0, 0]",cMajor,Piano Sonata K545 i C major.mid by Mozart.csv,1788,Cmaj-root,C-EG,slateblue,2,1
1,1.0 to 1.875,17,"[2, 0, 0, 0, 2, 0, 0, 1, 0, 0, 0, 0]",cMajor,Piano Sonata K545 i C major.mid by Mozart.csv,1788,CmajTriad,CEG,blueviolet,5,1
2,2.0 to 2.875,17,"[1, 0, 0, 0, 2, 0, 0, 2, 0, 0, 0, 0]",cMajor,Piano Sonata K545 i C major.mid by Mozart.csv,1788,CmajTriad,CEG,blueviolet,5,1
3,3.125 to 3.666666667,3,"[1, 0, 1, 0, 0, 0, 0, 2, 0, 0, 0, 1]",gMajor,Piano Sonata K545 i C major.mid by Mozart.csv,1788,Gmaj-root,G-BD,red,9,1
4,4.125 to 4.875,5,"[0, 0, 1, 0, 0, 1, 0, 1, 0, 0, 0, 1]",gMajor,Piano Sonata K545 i C major.mid by Mozart.csv,1788,Gmaj3rd5th,BD-G,gold,17,1
5,5.0 to 5.875,18,"[2, 0, 2, 0, 0, 0, 0, 1, 0, 0, 0, 0]",cMajor,Piano Sonata K545 i C major.mid by Mozart.csv,1788,V-IofC,D-GBC,crimson,11,1
6,6.25 to 6.875,4,"[0, 0, 0, 0, 1, 0, 0, 1, 0, 0, 0, 0]",cMajor,Piano Sonata K545 i C major.mid by Mozart.csv,1788,Cmaj3rd5th,EG-C,mediumvioletred,8,1
7,7.25 to 7.75,9,"[1, 0, 0, 0, 0, 0, 0, 1, 0, 2, 0, 0]",fMajor,Piano Sonata K545 i C major.mid by Mozart.csv,1788,6-1ofC,A-CF,deepskyblue,7,1
8,8.125 to 8.75,9,"[1, 0, 0, 0, 0, 1, 0, 0, 0, 2, 0, 0]",fMajor,Piano Sonata K545 i C major.mid by Mozart.csv,1788,6-1ofC,A-CF,deepskyblue,7,1
9,9.0 to 9.958333332999999,9,"[1, 0, 0, 0, 0, 0, 0, 2, 0, 2, 0, 0]",e-Minor,Piano Sonata K545 i C major.mid by Mozart.csv,1788,6-1ofC,A-CF,deepskyblue,7,1
10,10.0 to 10.875,17,"[2, 0, 0, 0, 1, 0, 0, 2, 0, 0, 0, 0]",cMajor,Piano Sonata K545 i C major.mid by Mozart.csv,1788,CmajTriad,CEG,blueviolet,5,1
11,11.0 to 11.91666667,3,"[0, 0, 1, 0, 0, 1, 0, 2, 0, 0, 0, 1]",gMajor,Piano Sonata K545 i C major.mid by Mozart.csv,1788,Gmaj-root,G-BD,red,9,1
12,12.125 to 12.625,10,"[1, 0, 1, 0, 1, 1, 0, 1, 0, 0, 0, 0]",cMajor,Piano Sonata K545 i C major.mid by Mozart.csv,1788,Cmaj2-5tet,DEFG,violet,6,1
13,13.0 to 13.875,4,"[1, 0, 0, 0, 2, 0, 0, 1, 0, 0, 0, 0]",cMajor,Piano Sonata K545 i C major.mid by Mozart.csv,1788,Cmaj3rd5th,EG-C,mediumvioletred,8,1
14,14.0 to 14.875,16,"[0, 0, 0, 0, 0, 1, 0, 1, 0, 1, 0, 0]",fMajor,Piano Sonata K545 i C major.mid by Mozart.csv,1788,chr,FGAB,mediumpurple,10,1
15,15.0 to 15.91666667,10,"[1, 0, 1, 0, 1, 2, 0, 1, 0, 0, 0, 1]",cMajor,Piano Sonata K545 i C major.mid by Mozart.csv,1788,Cmaj2-5tet,DEFG,violet,6,1
16,16.125 to 16.75,16,"[0, 0, 0, 0, 1, 1, 0, 1, 0, 1, 0, 0]",cMajor,Piano Sonata K545 i C major.mid by Mozart.csv,1788,chr,FGAB,mediumpurple,10,1
17,17.0 to 17.875,15,"[2, 0, 1, 0, 1, 1, 0, 1, 0, 1, 0, 1]",cMajor,Piano Sonata K545 i C major.mid by Mozart.csv,1788,Cmaj1-4tet,C-DEF,blue,3,1
18,18.33333333 to 18.875,18,"[2, 0, 1, 0, 1, 0, 0, 1, 0, 1, 0, 1]",cMajor,Piano Sonata K545 i C major.mid by Mozart.csv,1788,V-IofC,D-GBC,crimson,11,1
19,19.125 to 19.83333333,10,"[0, 0, 0, 0, 1, 1, 0, 1, 0, 0, 0, 0]",cMajor,Piano Sonata K545 i C major.mid by Mozart.csv,1788,Cmaj2-5tet,DEFG,violet,6,1
20,20.0 to 20.75,12,"[2, 0, 1, 0, 2, 0, 0, 0, 0, 1, 0, 1]",cMinor,Piano Sonata K545 i C major.mid by Mozart.csv,1788,AminTriad,ACE,steelblue,14,1
21,21.0 to 21.75,2,"[1, 0, 1, 0, 0, 1, 0, 1, 0, 0, 0, 0]",cMajor,Piano Sonata K545 i C major.mid by Mozart.csv,1788,2/4ofCmaj,DF,green,4,1
22,22.0 to 22.75,12,"[1, 0, 1, 0, 1, 0, 0, 0, 0, 1, 0, 1]",cMinor,Piano Sonata K545 i C major.mid by Mozart.csv,1788,AminTriad,ACE,steelblue,14,1
23,23.0 to 23.875,18,"[1, 0, 2, 0, 1, 1, 0, 0, 0, 0, 0, 2]",gMajor,Piano Sonata K545 i C major.mid by Mozart.csv,1788,V-IofC,D-GBC,crimson,11,1
24,24.0 to 24.75,13,"[2, 0, 0, 0, 1, 1, 0, 1, 0, 1, 0, 1]",cMajor,Piano Sonata K545 i C major.mid by Mozart.csv,1788,Cmaj5-1tet,BC-AG,darkviolet,12,1
25,25.25 to 25.75,13,"[2, 0, 0, 0, 0, 1, 0, 1, 0, 1, 0, 1]",fMajor,Piano Sonata K545 i C major.mid by Mozart.csv,1788,Cmaj5-1tet,BC-AG,darkviolet,12,1
26,26.0 to 26.875,14,"[1, 0, 1, 0, 1, 0, 0, 0, 0, 0, 0, 0]",cMajor,Piano Sonata K545 i C major.mid by Mozart.csv,1788,VofAmin,E-BCD,indigo,19,1
27,27.125 to 27.875,12,"[1, 0, 0, 0, 2, 1, 0, 1, 0, 1, 0, 1]",cMajor,Piano Sonata K545 i C major.mid by Mozart.csv,1788,AminTriad,ACE,steelblue,14,1
28,28.25 to 28.875,2,"[0, 0, 1, 0, 1, 1, 0, 0, 0, 1, 0, 0]",fMinor,Piano Sonata K545 i C major.mid by Mozart.csv,1788,2/4ofCmaj,DF,green,4,1
29,29.0 to 29.875,19,"[0, 1, 0, 0, 0, 2, 0, 1, 0, 2, 0, 1]",fMajor,Piano Sonata K545 i C major.mid by Mozart.csv,1788,4ofC,F-AC,cyan,1,1
30,30.0 to 30.875,9,"[0, 1, 1, 0, 0, 1, 0, 0, 0, 2, 0, 1]",fMinor,Piano Sonata K545 i C major.mid by Mozart.csv,1788,6-1ofC,A-CF,deepskyblue,7,1
31,31.0 to 31.91666667,19,"[0, 0, 0, 0, 1, 2, 0, 1, 0, 2, 0, 1]",fMajor,Piano Sonata K545 i C major.mid by Mozart.csv,1788,4ofC,F-AC,cyan,1,1
32,32.125 to 32.875,13,"[1, 0, 0, 0, 0, 1, 0, 1, 0, 1, 0, 1]",fMajor,Piano Sonata K545 i C major.mid by Mozart.csv,1788,Cmaj5-1tet,BC-AG,darkviolet,12,1
33,33.0 to 33.91666667,10,"[0, 0, 0, 0, 1, 1, 0, 2, 0, 2, 0, 0]",cMajor,Piano Sonata K545 i C major.mid by Mozart.csv,1788,Cmaj2-5tet,DEFG,violet,6,1
34,34.0 to 34.875,7,"[1, 0, 1, 0, 1, 1, 1, 1, 0, 2, 0, 0]",dMajor,Piano Sonata K545 i C major.mid by Mozart.csv,1788,V7ofG,DF#AC,lime,18,1
35,35.125 to 35.66666667,6,"[0, 0, 1, 0, 0, 0, 0, 3, 0, 0, 0, 2]",gMajor,Piano Sonata K545 i C major.mid by Mozart.csv,1788,GmajTriad,GBD,orange,13,1
36,36.0 to 36.875,17,"[2, 0, 1, 0, 2, 0, 0, 2, 0, 0, 0, 0]",cMajor,Piano Sonata K545 i C major.mid by Mozart.csv,1788,CmajTriad,CEG,blueviolet,5,1
37,37.125 to 37.875,6,"[0, 0, 2, 0, 1, 0, 0, 3, 0, 0, 0, 1]",gMajor,Piano Sonata K545 i C major.mid by Mozart.csv,1788,GmajTriad,GBD,orange,13,1
38,38.0 to 38.79166667,17,"[2, 0, 1, 0, 1, 0, 0, 2, 0, 0, 0, 0]",cMajor,Piano Sonata K545 i C major.mid by Mozart.csv,1788,CmajTriad,CEG,blueviolet,5,1
39,39.625 to 39.75,3,"[0, 0, 1, 0, 0, 0, 0, 2, 0, 0, 0, 1]",gMajor,Piano Sonata K545 i C major.mid by Mozart.csv,1788,Gmaj-root,G-BD,red,9,1
40,40.625 to 40.75,3,"[0, 0, 0, 0, 0, 0, 0, 2, 0, 0, 0, 0]",cMajor,Piano Sonata K545 i C major.mid by Mozart.csv,1788,Gmaj-root,G-BD,red,9,1
41,42.875 to 42.875,16,"[0, 1, 0, 0, 0, 0, 0, 0, 0, 0, 0, 0]",c#Major,Piano Sonata K545 i C major.mid by Mozart.csv,1788,chr,FGAB,mediumpurple,10,1
42,43.125 to 43.75,0,"[0, 1, 1, 0, 0, 0, 0, 0, 0, 0, 0, 0]",c#Major,Piano Sonata K545 i C major.mid by Mozart.csv,1788,VofG,D-F#A,greenyellow,15,1
43,44.0 to 44.875,0,"[1, 1, 1, 0, 0, 0, 0, 0, 0, 0, 0, 0]",cMajor,Piano Sonata K545 i C major.mid by Mozart.csv,1788,VofG,D-F#A,greenyellow,15,1
44,45.125 to 45.75,0,"[1, 0, 1, 0, 0, 0, 0, 0, 0, 0, 0, 0]",cMajor,Piano Sonata K545 i C major.mid by Mozart.csv,1788,VofG,D-F#A,greenyellow,15,1
45,46.0 to 46.875,18,"[1, 0, 2, 0, 0, 0, 0, 0, 0, 0, 0, 1]",gMajor,Piano Sonata K545 i C major.mid by Mozart.csv,1788,V-IofC,D-GBC,crimson,11,1
46,47.0 to 47.875,6,"[0, 0, 2, 0, 0, 0, 0, 1, 0, 0, 0, 2]",gMajor,Piano Sonata K545 i C major.mid by Mozart.csv,1788,GmajTriad,GBD,orange,13,1
47,48.0 to 48.875,5,"[0, 0, 1, 0, 0, 0, 0, 1, 0, 1, 0, 1]",gMajor,Piano Sonata K545 i C major.mid by Mozart.csv,1788,Gmaj3rd5th,BD-G,gold,17,1
48,49.0 to 49.875,5,"[0, 0, 1, 0, 0, 0, 0, 1, 0, 1, 0, 2]",gMajor,Piano Sonata K545 i C major.mid by Mozart.csv,1788,Gmaj3rd5th,BD-G,gold,17,2
49,50.0 to 50.875,7,"[1, 0, 1, 0, 0, 0, 1, 1, 0, 1, 0, 1]",dMajor,Piano Sonata K545 i C major.mid by Mozart.csv,1788,V7ofG,DF#AC,lime,18,2
50,51.0 to 51.875,7,"[1, 0, 1, 0, 0, 0, 1, 0, 0, 1, 0, 1]",dMajor,Piano Sonata K545 i C major.mid by Mozart.csv,1788,V7ofG,DF#AC,lime,18,2
51,52.0 to 52.75,18,"[1, 0, 1, 0, 0, 0, 1, 0, 0, 0, 0, 1]",dMinor,Piano Sonata K545 i C major.mid by Mozart.csv,1788,V-IofC,D-GBC,crimson,11,2
52,53.0 to 53.875,5,"[0, 0, 2, 0, 0, 0, 0, 0, 0, 1, 0, 1]",dMajor,Piano Sonata K545 i C major.mid by Mozart.csv,1788,Gmaj3rd5th,BD-G,gold,17,2
53,54.0 to 54.79166667,6,"[0, 0, 2, 0, 0, 0, 0, 1, 0, 0, 0, 2]",gMajor,Piano Sonata K545 i C major.mid by Mozart.csv,1788,GmajTriad,GBD,orange,13,2
54,55.0 to 55.875,5,"[0, 0, 1, 0, 0, 0, 0, 1, 0, 0, 0, 1]",gMajor,Piano Sonata K545 i C major.mid by Mozart.csv,1788,Gmaj3rd5th,BD-G,gold,17,2
55,56.0 to 56.875,5,"[0, 0, 1, 0, 0, 0, 0, 1, 0, 1, 0, 2]",gMajor,Piano Sonata K545 i C major.mid by Mozart.csv,1788,Gmaj3rd5th,BD-G,gold,17,2
56,57.0 to 57.875,7,"[1, 0, 1, 0, 0, 0, 1, 1, 0, 1, 0, 1]",dMajor,Piano Sonata K545 i C major.mid by Mozart.csv,1788,V7ofG,DF#AC,lime,18,2
57,58.125 to 58.75,7,"[0, 0, 1, 0, 0, 0, 1, 0, 0, 1, 0, 1]",dMajor,Piano Sonata K545 i C major.mid by Mozart.csv,1788,V7ofG,DF#AC,lime,18,2
58,59.0 to 59.875,18,"[1, 0, 1, 0, 0, 0, 1, 0, 0, 0, 0, 1]",dMinor,Piano Sonata K545 i C major.mid by Mozart.csv,1788,V-IofC,D-GBC,crimson,11,2
59,60.125 to 60.875,0,"[0, 0, 2, 0, 0, 0, 0, 0, 0, 1, 0, 0]",dMajor,Piano Sonata K545 i C major.mid by Mozart.csv,1788,VofG,D-F#A,greenyellow,15,2
60,61.125 to 61.75,6,"[0, 0, 2, 0, 0, 0, 0, 1, 0, 0, 0, 2]",gMajor,Piano Sonata K545 i C major.mid by Mozart.csv,1788,GmajTriad,GBD,orange,13,2
61,62.0 to 62.75,5,"[0, 0, 1, 0, 1, 0, 0, 1, 0, 0, 0, 1]",gMajor,Piano Sonata K545 i C major.mid by Mozart.csv,1788,Gmaj3rd5th,BD-G,gold,17,2
62,63.0 to 63.625,17,"[2, 0, 0, 0, 2, 0, 0, 1, 0, 0, 0, 0]",cMajor,Piano Sonata K545 i C major.mid by Mozart.csv,1788,CmajTriad,CEG,blueviolet,5,2
63,64.125 to 64.75,4,"[1, 0, 0, 0, 1, 0, 0, 1, 0, 1, 0, 0]",cMajor,Piano Sonata K545 i C major.mid by Mozart.csv,1788,Cmaj3rd5th,EG-C,mediumvioletred,8,2
64,65.0 to 65.875,9,"[2, 0, 0, 0, 0, 0, 1, 0, 0, 1, 0, 0]",fMajor,Piano Sonata K545 i C major.mid by Mozart.csv,1788,6-1ofC,A-CF,deepskyblue,7,2
65,66.125 to 66.75,7,"[0, 0, 1, 0, 0, 0, 1, 0, 0, 1, 0, 1]",dMajor,Piano Sonata K545 i C major.mid by Mozart.csv,1788,V7ofG,DF#AC,lime,18,2
66,67.0 to 67.91666667,0,"[0, 0, 2, 0, 0, 0, 2, 0, 0, 0, 0, 1]",dMinor,Piano Sonata K545 i C major.mid by Mozart.csv,1788,VofG,D-F#A,greenyellow,15,2
67,68.0 to 68.875,5,"[0, 0, 1, 0, 0, 0, 1, 1, 0, 0, 0, 2]",gMajor,Piano Sonata K545 i C major.mid by Mozart.csv,1788,Gmaj3rd5th,BD-G,gold,17,2
68,69.125 to 69.875,3,"[0, 0, 0, 0, 1, 0, 0, 2, 0, 0, 0, 1]",gMinor,Piano Sonata K545 i C major.mid by Mozart.csv,1788,Gmaj-root,G-BD,red,9,2
69,70.125 to 70.875,12,"[2, 0, 0, 0, 1, 0, 0, 0, 0, 1, 0, 0]",cMinor,Piano Sonata K545 i C major.mid by Mozart.csv,1788,AminTriad,ACE,steelblue,14,2
70,71.0 to 71.75,12,"[1, 0, 0, 0, 2, 0, 0, 0, 0, 1, 0, 0]",cMinor,Piano Sonata K545 i C major.mid by Mozart.csv,1788,AminTriad,ACE,steelblue,14,2
71,72.0 to 72.79166667,9,"[1, 0, 0, 0, 0, 0, 1, 0, 0, 2, 0, 0]",dMajor,Piano Sonata K545 i C major.mid by Mozart.csv,1788,6-1ofC,A-CF,deepskyblue,7,2
72,73.0 to 73.75,7,"[0, 0, 1, 0, 0, 0, 2, 0, 0, 1, 0, 0]",dMajor,Piano Sonata K545 i C major.mid by Mozart.csv,1788,V7ofG,DF#AC,lime,18,2
73,74.0 to 74.875,6,"[0, 0, 2, 0, 0, 0, 0, 1, 0, 0, 0, 2]",gMajor,Piano Sonata K545 i C major.mid by Mozart.csv,1788,GmajTriad,GBD,orange,13,2
74,75.0 to 75.875,3,"[0, 0, 1, 0, 0, 0, 0, 2, 0, 0, 0, 1]",gMajor,Piano Sonata K545 i C major.mid by Mozart.csv,1788,Gmaj-root,G-BD,red,9,2
75,76.125 to 76.75,12,"[1, 0, 0, 0, 1, 0, 0, 0, 0, 1, 0, 0]",cMinor,Piano Sonata K545 i C major.mid by Mozart.csv,1788,AminTriad,ACE,steelblue,14,2
76,77.0 to 77.875,12,"[1, 0, 0, 0, 1, 0, 0, 0, 0, 1, 0, 1]",cMinor,Piano Sonata K545 i C major.mid by Mozart.csv,1788,AminTriad,ACE,steelblue,14,2
77,78.0 to 78.875,8,"[2, 0, 0, 1, 2, 0, 0, 0, 0, 0, 0, 0]",cMajor,Piano Sonata K545 i C major.mid by Mozart.csv,1788,Cmaj-root,C-EG,slateblue,2,2
78,79.33333333 to 79.875,12,"[1, 0, 0, 0, 1, 0, 0, 0, 1, 1, 0, 0]",cMinor,Piano Sonata K545 i C major.mid by Mozart.csv,1788,AminTriad,ACE,steelblue,14,2
79,80.25 to 80.875,12,"[1, 0, 0, 0, 1, 0, 0, 0, 0, 1, 0, 0]",cMinor,Piano Sonata K545 i C major.mid by Mozart.csv,1788,AminTriad,ACE,steelblue,14,2
80,81.125 to 81.75,12,"[2, 0, 0, 0, 1, 0, 0, 0, 1, 1, 0, 1]",cMinor,Piano Sonata K545 i C major.mid by Mozart.csv,1788,AminTriad,ACE,steelblue,14,2
81,82.125 to 82.75,12,"[2, 0, 0, 0, 1, 0, 0, 0, 0, 1, 0, 0]",cMinor,Piano Sonata K545 i C major.mid by Mozart.csv,1788,AminTriad,ACE,steelblue,14,2
82,83.0 to 83.75,13,"[2, 0, 1, 0, 1, 0, 0, 0, 0, 1, 0, 2]",cMinor,Piano Sonata K545 i C major.mid by Mozart.csv,1788,Cmaj5-1tet,BC-AG,darkviolet,12,2
83,84.0 to 84.875,6,"[0, 0, 2, 0, 0, 0, 0, 2, 0, 0, 0, 1]",gMajor,Piano Sonata K545 i C major.mid by Mozart.csv,1788,GmajTriad,GBD,orange,13,2
84,85.0 to 85.875,5,"[0, 0, 2, 0, 0, 0, 0, 1, 0, 0, 0, 1]",gMajor,Piano Sonata K545 i C major.mid by Mozart.csv,1788,Gmaj3rd5th,BD-G,gold,17,2
85,86.0 to 86.875,6,"[1, 0, 2, 0, 0, 0, 0, 1, 0, 1, 0, 2]",gMajor,Piano Sonata K545 i C major.mid by Mozart.csv,1788,GmajTriad,GBD,orange,13,2
86,87.0 to 87.875,13,"[1, 0, 1, 0, 0, 0, 1, 1, 0, 1, 0, 2]",gMajor,Piano Sonata K545 i C major.mid by Mozart.csv,1788,Cmaj5-1tet,BC-AG,darkviolet,12,2
87,88.0 to 88.875,7,"[1, 0, 1, 0, 0, 0, 1, 0, 0, 1, 0, 1]",dMajor,Piano Sonata K545 i C major.mid by Mozart.csv,1788,V7ofG,DF#AC,lime,18,2
88,89.0 to 89.875,7,"[1, 0, 1, 0, 0, 0, 1, 0, 0, 1, 0, 1]",dMajor,Piano Sonata K545 i C major.mid by Mozart.csv,1788,V7ofG,DF#AC,lime,18,2
89,90.0 to 90.875,13,"[1, 0, 0, 0, 0, 0, 1, 1, 0, 1, 0, 1]",dMajor,Piano Sonata K545 i C major.mid by Mozart.csv,1788,Cmaj5-1tet,BC-AG,darkviolet,12,2
90,91.0 to 91.5,3,"[0, 0, 0, 0, 0, 0, 0, 2, 0, 0, 0, 1]",gMajor,Piano Sonata K545 i C major.mid by Mozart.csv,1788,Gmaj-root,G-BD,red,9,2
91,92.0 to 92.875,5,"[0, 0, 2, 0, 0, 0, 0, 1, 0, 0, 0, 1]",gMajor,Piano Sonata K545 i C major.mid by Mozart.csv,1788,Gmaj3rd5th,BD-G,gold,17,2
92,93.0 to 93.875,18,"[2, 0, 2, 0, 0, 0, 0, 1, 0, 1, 0, 1]",gMajor,Piano Sonata K545 i C major.mid by Mozart.csv,1788,V-IofC,D-GBC,crimson,11,2
93,94.0 to 94.75,3,"[0, 0, 0, 0, 0, 0, 1, 2, 0, 1, 0, 1]",gMajor,Piano Sonata K545 i C major.mid by Mozart.csv,1788,Gmaj-root,G-BD,red,9,2
94,95.625 to 95.875,5,"[0, 0, 1, 0, 0, 0, 0, 1, 0, 0, 0, 0]",gMajor,Piano Sonata K545 i C major.mid by Mozart.csv,1788,Gmaj3rd5th,BD-G,gold,17,2
95,96.0 to 96.875,5,"[0, 0, 1, 0, 0, 0, 0, 1, 0, 0, 0, 1]",gMajor,Piano Sonata K545 i C major.mid by Mozart.csv,1788,Gmaj3rd5th,BD-G,gold,17,2
96,97.125 to 97.75,7,"[2, 0, 1, 0, 0, 0, 1, 0, 0, 2, 0, 1]",dMajor,Piano Sonata K545 i C major.mid by Mozart.csv,1788,V7ofG,DF#AC,lime,18,2
97,98.0 to 98.45833333,3,"[0, 0, 0, 0, 0, 0, 0, 2, 0, 1, 0, 1]",gMajor,Piano Sonata K545 i C major.mid by Mozart.csv,1788,Gmaj-root,G-BD,red,9,2
98,99.33333333 to 99.33333333,3,"[0, 0, 1, 0, 0, 0, 0, 2, 0, 0, 0, 1]",gMajor,Piano Sonata K545 i C major.mid by Mozart.csv,1788,Gmaj-root,G-BD,red,9,2
99,100.5 to 100.875,3,"[0, 0, 0, 0, 0, 0, 0, 3, 0, 0, 0, 1]",gMajor,Piano Sonata K545 i C major.mid by Mozart.csv,1788,Gmaj-root,G-BD,red,9,2
100,102.875 to 102.875,3,"[0, 0, 0, 0, 0, 0, 0, 3, 0, 0, 0, 0]",cMajor,Piano Sonata K545 i C major.mid by Mozart.csv,1788,Gmaj-root,G-BD,red,9,2
101,103.875 to 103.875,16,"[0, 0, 0, 0, 0, 0, 0, 1, 0, 0, 0, 0]",cMajor,Piano Sonata K545 i C major.mid by Mozart.csv,1788,chr,FGAB,mediumpurple,10,2
102,104.0 to 104.9166667,0,"[0, 0, 2, 0, 0, 0, 0, 1, 0, 0, 1, 0]",b-Minor,Piano Sonata K545 i C major.mid by Mozart.csv,1788,VofG,D-F#A,greenyellow,15,2
103,105.125 to 105.875,9,"[2, 0, 1, 0, 0, 0, 0, 1, 0, 2, 1, 0]",fMajor,Piano Sonata K545 i C major.mid by Mozart.csv,1788,6-1ofC,A-CF,deepskyblue,7,2
104,106.0 to 106.75,11,"[0, 0, 0, 0, 0, 0, 1, 2, 0, 1, 1, 0]",e-Major,Piano Sonata K545 i C major.mid by Mozart.csv,1788,iv_ofDmin,GBb-C#D,yellow,0,2
105,107.375 to 107.875,5,"[0, 0, 1, 0, 0, 0, 0, 1, 0, 0, 0, 0]",gMajor,Piano Sonata K545 i C major.mid by Mozart.csv,1788,Gmaj3rd5th,BD-G,gold,17,2
106,108.0 to 108.875,11,"[0, 0, 1, 0, 0, 0, 0, 1, 0, 0, 1, 0]",b-Minor,Piano Sonata K545 i C major.mid by Mozart.csv,1788,iv_ofDmin,GBb-C#D,yellow,0,3
107,109.125 to 109.75,7,"[2, 0, 1, 0, 0, 0, 1, 0, 0, 2, 1, 0]",dMajor,Piano Sonata K545 i C major.mid by Mozart.csv,1788,V7ofG,DF#AC,lime,18,3
108,110.0 to 110.875,11,"[1, 0, 0, 0, 0, 0, 0, 2, 0, 1, 1, 0]",e-Major,Piano Sonata K545 i C major.mid by Mozart.csv,1788,iv_ofDmin,GBb-C#D,yellow,0,3
109,111.125 to 111.875,1,"[0, 0, 1, 0, 1, 0, 1, 1, 0, 0, 0, 0]",cMajor,Piano Sonata K545 i C major.mid by Mozart.csv,1788,Gmaj-IV/vii,F#G-ACE,salmon,16,3
110,112.0 to 112.75,11,"[0, 0, 0, 0, 0, 0, 0, 2, 0, 1, 1, 0]",e-Major,Piano Sonata K545 i C major.mid by Mozart.csv,1788,iv_ofDmin,GBb-C#D,yellow,0,3
111,113.0 to 113.875,2,"[0, 1, 1, 0, 1, 1, 0, 0, 0, 1, 0, 0]",aMajor,Piano Sonata K545 i C major.mid by Mozart.csv,1788,2/4ofCmaj,DF,green,4,3
112,114.125 to 114.9166667,14,"[0, 2, 1, 0, 1, 0, 0, 0, 0, 0, 0, 1]",eMinor,Piano Sonata K545 i C major.mid by Mozart.csv,1788,VofAmin,E-BCD,indigo,19,3
113,115.0 to 115.9166667,14,"[0, 1, 0, 0, 1, 0, 1, 0, 1, 1, 0, 0]",aMajor,Piano Sonata K545 i C major.mid by Mozart.csv,1788,VofAmin,E-BCD,indigo,19,3
114,116.125 to 116.75,11,"[0, 1, 1, 0, 1, 0, 0, 0, 0, 1, 1, 0]",aMajor,Piano Sonata K545 i C major.mid by Mozart.csv,1788,iv_ofDmin,GBb-C#D,yellow,0,3
115,117.0 to 117.75,2,"[0, 0, 2, 0, 0, 1, 0, 1, 0, 0, 0, 0]",b-Major,Piano Sonata K545 i C major.mid by Mozart.csv,1788,2/4ofCmaj,DF,green,4,3
116,118.25 to 118.875,2,"[0, 0, 1, 0, 0, 1, 0, 0, 0, 1, 0, 0]",fMinor,Piano Sonata K545 i C major.mid by Mozart.csv,1788,2/4ofCmaj,DF,green,4,3
117,119.0 to 119.875,10,"[0, 0, 1, 0, 1, 1, 0, 2, 0, 2, 0, 0]",fMinor,Piano Sonata K545 i C major.mid by Mozart.csv,1788,Cmaj2-5tet,DEFG,violet,6,3
118,120.125 to 120.875,2,"[0, 1, 2, 0, 1, 1, 0, 0, 0, 0, 0, 0]",b-Major,Piano Sonata K545 i C major.mid by Mozart.csv,1788,2/4ofCmaj,DF,green,4,3
119,121.75 to 121.75,0,"[0, 0, 1, 0, 0, 0, 0, 0, 0, 0, 0, 0]",dMajor,Piano Sonata K545 i C major.mid by Mozart.csv,1788,VofG,D-F#A,greenyellow,15,3
120,122.0 to 122.875,9,"[0, 0, 1, 0, 0, 1, 0, 0, 0, 2, 0, 0]",fMinor,Piano Sonata K545 i C major.mid by Mozart.csv,1788,6-1ofC,A-CF,deepskyblue,7,3
121,123.0 to 123.875,10,"[0, 1, 1, 0, 2, 1, 0, 2, 0, 1, 0, 0]",cMajor,Piano Sonata K545 i C major.mid by Mozart.csv,1788,Cmaj2-5tet,DEFG,violet,6,3
122,124.0 to 124.875,2,"[0, 0, 2, 0, 1, 1, 0, 0, 0, 0, 0, 0]",b-Major,Piano Sonata K545 i C major.mid by Mozart.csv,1788,2/4ofCmaj,DF,green,4,3
123,125.0 to 125.875,19,"[0, 1, 1, 0, 0, 2, 0, 1, 0, 1, 0, 1]",fMinor,Piano Sonata K545 i C major.mid by Mozart.csv,1788,4ofC,F-AC,cyan,1,3
124,126.125 to 126.875,2,"[0, 1, 2, 0, 1, 1, 0, 0, 0, 0, 0, 0]",b-Major,Piano Sonata K545 i C major.mid by Mozart.csv,1788,2/4ofCmaj,DF,green,4,3
125,127.0 to 127.9166667,18,"[1, 0, 2, 0, 1, 0, 0, 0, 1, 1, 0, 1]",eMajor,Piano Sonata K545 i C major.mid by Mozart.csv,1788,V-IofC,D-GBC,crimson,11,3
126,128.125 to 128.875,18,"[1, 0, 1, 0, 1, 0, 0, 0, 1, 0, 0, 1]",eMajor,Piano Sonata K545 i C major.mid by Mozart.csv,1788,V-IofC,D-GBC,crimson,11,3
127,129.0 to 129.8333333,14,"[0, 0, 0, 0, 1, 0, 1, 0, 1, 1, 0, 1]",eMajor,Piano Sonata K545 i C major.mid by Mozart.csv,1788,VofAmin,E-BCD,indigo,19,3
128,130.0 to 130.9166667,13,"[0, 0, 0, 0, 0, 0, 0, 0, 1, 1, 0, 2]",eMajor,Piano Sonata K545 i C major.mid by Mozart.csv,1788,Cmaj5-1tet,BC-AG,darkviolet,12,3
129,131.0 to 131.875,13,"[1, 0, 1, 0, 1, 1, 0, 0, 0, 1, 0, 1]",fMajor,Piano Sonata K545 i C major.mid by Mozart.csv,1788,Cmaj5-1tet,BC-AG,darkviolet,12,3
130,132.125 to 132.9583333,18,"[2, 0, 1, 0, 1, 0, 0, 0, 0, 0, 0, 1]",cMajor,Piano Sonata K545 i C major.mid by Mozart.csv,1788,V-IofC,D-GBC,crimson,11,3
131,133.125 to 133.75,2,"[0, 0, 1, 0, 0, 1, 0, 1, 0, 1, 0, 0]",fMinor,Piano Sonata K545 i C major.mid by Mozart.csv,1788,2/4ofCmaj,DF,green,4,3
132,134.0 to 134.875,19,"[0, 0, 0, 0, 1, 2, 0, 1, 0, 1, 0, 0]",fMajor,Piano Sonata K545 i C major.mid by Mozart.csv,1788,4ofC,F-AC,cyan,1,3
133,135.0 to 135.875,18,"[1, 0, 2, 0, 0, 0, 0, 1, 0, 0, 0, 1]",gMajor,Piano Sonata K545 i C major.mid by Mozart.csv,1788,V-IofC,D-GBC,crimson,11,3
134,136.125 to 136.875,13,"[1, 0, 1, 0, 0, 0, 0, 1, 0, 1, 0, 2]",gMajor,Piano Sonata K545 i C major.mid by Mozart.csv,1788,Cmaj5-1tet,BC-AG,darkviolet,12,3
135,137.125 to 137.875,4,"[1, 0, 0, 0, 1, 1, 0, 1, 0, 0, 0, 0]",cMajor,Piano Sonata K545 i C major.mid by Mozart.csv,1788,Cmaj3rd5th,EG-C,mediumvioletred,8,3
136,138.0 to 138.95833330000002,15,"[1, 0, 1, 0, 2, 1, 0, 0, 0, 0, 0, 1]",cMajor,Piano Sonata K545 i C major.mid by Mozart.csv,1788,Cmaj1-4tet,C-DEF,blue,3,3
137,139.0 to 139.875,13,"[1, 0, 0, 0, 0, 1, 0, 0, 0, 1, 0, 1]",fMajor,Piano Sonata K545 i C major.mid by Mozart.csv,1788,Cmaj5-1tet,BC-AG,darkviolet,12,3
138,140.0 to 140.91666669999995,16,"[0, 0, 0, 0, 1, 1, 0, 1, 0, 1, 0, 1]",gMinor,Piano Sonata K545 i C major.mid by Mozart.csv,1788,chr,FGAB,mediumpurple,10,3
139,141.25 to 141.875,2,"[0, 0, 1, 0, 1, 1, 0, 0, 0, 0, 0, 1]",gMajor,Piano Sonata K545 i C major.mid by Mozart.csv,1788,2/4ofCmaj,DF,green,4,3
140,142.0 to 142.875,18,"[1, 0, 2, 0, 0, 0, 0, 0, 0, 1, 0, 1]",dMajor,Piano Sonata K545 i C major.mid by Mozart.csv,1788,V-IofC,D-GBC,crimson,11,3
141,143.125 to 143.875,14,"[0, 0, 0, 0, 1, 0, 0, 0, 1, 1, 0, 1]",eMajor,Piano Sonata K545 i C major.mid by Mozart.csv,1788,VofAmin,E-BCD,indigo,19,3
142,144.125 to 144.75,2,"[0, 0, 1, 0, 1, 1, 0, 0, 1, 0, 0, 0]",c#Major,Piano Sonata K545 i C major.mid by Mozart.csv,1788,2/4ofCmaj,DF,green,4,3
143,145.125 to 145.875,13,"[2, 0, 0, 0, 0, 0, 0, 0, 0, 1, 0, 1]",fMajor,Piano Sonata K545 i C major.mid by Mozart.csv,1788,Cmaj5-1tet,BC-AG,darkviolet,12,3
144,146.0 to 146.75,13,"[1, 0, 0, 0, 1, 1, 0, 1, 0, 1, 0, 1]",cMajor,Piano Sonata K545 i C major.mid by Mozart.csv,1788,Cmaj5-1tet,BC-AG,darkviolet,12,3
145,147.125 to 147.875,0,"[1, 0, 2, 0, 0, 0, 0, 0, 0, 0, 1, 0]",b-Major,Piano Sonata K545 i C major.mid by Mozart.csv,1788,VofG,D-F#A,greenyellow,15,3
146,148.125 to 148.875,11,"[0, 0, 1, 0, 0, 1, 0, 1, 0, 1, 1, 0]",b-Major,Piano Sonata K545 i C major.mid by Mozart.csv,1788,iv_ofDmin,GBb-C#D,yellow,0,3
147,149.125 to 149.91666669999995,4,"[1, 0, 0, 0, 1, 1, 0, 2, 0, 0, 1, 0]",cMajor,Piano Sonata K545 i C major.mid by Mozart.csv,1788,Cmaj3rd5th,EG-C,mediumvioletred,8,3
148,150.0 to 150.75,11,"[2, 0, 1, 0, 0, 0, 0, 1, 0, 1, 2, 0]",b-Minor,Piano Sonata K545 i C major.mid by Mozart.csv,1788,iv_ofDmin,GBb-C#D,yellow,0,3
149,151.0 to 151.625,19,"[0, 0, 0, 0, 1, 2, 0, 0, 0, 0, 0, 0]",c#Major,Piano Sonata K545 i C major.mid by Mozart.csv,1788,4ofC,F-AC,cyan,1,3
150,152.25 to 152.875,19,"[1, 0, 0, 0, 0, 2, 0, 0, 0, 1, 0, 0]",fMajor,Piano Sonata K545 i C major.mid by Mozart.csv,1788,4ofC,F-AC,cyan,1,3
151,153.16666669999995 to 153.83333330000005,19,"[1, 0, 0, 0, 0, 2, 0, 0, 0, 1, 0, 0]",fMajor,Piano Sonata K545 i C major.mid by Mozart.csv,1788,4ofC,F-AC,cyan,1,3
152,154.25 to 154.75,9,"[2, 0, 0, 0, 0, 1, 0, 0, 0, 2, 0, 0]",fMajor,Piano Sonata K545 i C major.mid by Mozart.csv,1788,6-1ofC,A-CF,deepskyblue,7,3
153,155.125 to 155.875,15,"[2, 0, 0, 0, 1, 1, 0, 1, 0, 1, 0, 0]",cMajor,Piano Sonata K545 i C major.mid by Mozart.csv,1788,Cmaj1-4tet,C-DEF,blue,3,3
154,156.125 to 156.625,4,"[1, 0, 0, 0, 1, 0, 0, 1, 0, 0, 1, 0]",cMajor,Piano Sonata K545 i C major.mid by Mozart.csv,1788,Cmaj3rd5th,EG-C,mediumvioletred,8,4
155,157.125 to 157.625,10,"[1, 0, 0, 0, 0, 2, 0, 2, 0, 0, 1, 0]",cMajor,Piano Sonata K545 i C major.mid by Mozart.csv,1788,Cmaj2-5tet,DEFG,violet,6,4
156,158.125 to 158.875,19,"[1, 0, 0, 0, 0, 2, 0, 0, 0, 1, 0, 0]",fMajor,Piano Sonata K545 i C major.mid by Mozart.csv,1788,4ofC,F-AC,cyan,1,4
157,159.125 to 159.66666669999995,2,"[1, 0, 1, 0, 0, 1, 0, 0, 0, 0, 0, 0]",fMajor,Piano Sonata K545 i C major.mid by Mozart.csv,1788,2/4ofCmaj,DF,green,4,4
158,160.125 to 160.91666669999995,2,"[0, 0, 2, 0, 0, 1, 0, 0, 0, 0, 1, 0]",b-Major,Piano Sonata K545 i C major.mid by Mozart.csv,1788,2/4ofCmaj,DF,green,4,4
159,161.125 to 161.75,2,"[1, 0, 2, 0, 0, 1, 0, 0, 0, 0, 1, 0]",b-Major,Piano Sonata K545 i C major.mid by Mozart.csv,1788,2/4ofCmaj,DF,green,4,4
160,162.125 to 162.75,19,"[2, 0, 0, 0, 0, 2, 0, 0, 0, 1, 0, 0]",fMajor,Piano Sonata K545 i C major.mid by Mozart.csv,1788,4ofC,F-AC,cyan,1,4
161,163.125 to 163.625,15,"[2, 0, 0, 0, 1, 2, 0, 0, 0, 0, 0, 0]",fMajor,Piano Sonata K545 i C major.mid by Mozart.csv,1788,Cmaj1-4tet,C-DEF,blue,3,4
162,164.125 to 164.875,8,"[2, 0, 0, 0, 1, 0, 0, 1, 0, 0, 1, 0]",cMajor,Piano Sonata K545 i C major.mid by Mozart.csv,1788,Cmaj-root,C-EG,slateblue,2,4
163,165.0 to 165.5,12,"[1, 0, 0, 0, 1, 1, 0, 0, 0, 1, 1, 0]",fMajor,Piano Sonata K545 i C major.mid by Mozart.csv,1788,AminTriad,ACE,steelblue,14,4
164,166.0 to 166.875,9,"[1, 0, 0, 0, 0, 1, 0, 0, 0, 2, 0, 0]",fMajor,Piano Sonata K545 i C major.mid by Mozart.csv,1788,6-1ofC,A-CF,deepskyblue,7,4
165,167.375 to 167.70833330000005,0,"[0, 0, 1, 0, 0, 0, 0, 0, 0, 0, 1, 0]",b-Major,Piano Sonata K545 i C major.mid by Mozart.csv,1788,VofG,D-F#A,greenyellow,15,4
166,168.0 to 168.75,11,"[0, 0, 0, 0, 1, 1, 0, 1, 0, 1, 1, 0]",cMinor,Piano Sonata K545 i C major.mid by Mozart.csv,1788,iv_ofDmin,GBb-C#D,yellow,0,4
167,169.0 to 169.875,9,"[1, 0, 1, 0, 0, 0, 0, 0, 0, 1, 1, 0]",b-Minor,Piano Sonata K545 i C major.mid by Mozart.csv,1788,6-1ofC,A-CF,deepskyblue,7,4
168,170.0 to 170.66666669999995,10,"[0, 0, 1, 0, 1, 2, 0, 1, 0, 0, 1, 0]",b-Major,Piano Sonata K545 i C major.mid by Mozart.csv,1788,Cmaj2-5tet,DEFG,violet,6,4
169,171.0 to 171.875,19,"[1, 0, 1, 0, 1, 2, 0, 0, 0, 1, 0, 0]",fMajor,Piano Sonata K545 i C major.mid by Mozart.csv,1788,4ofC,F-AC,cyan,1,4
170,172.125 to 172.75,11,"[1, 0, 0, 0, 0, 0, 0, 1, 0, 1, 1, 0]",fMajor,Piano Sonata K545 i C major.mid by Mozart.csv,1788,iv_ofDmin,GBb-C#D,yellow,0,4
171,173.0 to 173.875,19,"[0, 0, 0, 0, 1, 2, 0, 1, 0, 2, 1, 0]",fMajor,Piano Sonata K545 i C major.mid by Mozart.csv,1788,4ofC,F-AC,cyan,1,4
172,174.0 to 174.625,11,"[1, 0, 1, 0, 0, 1, 0, 1, 0, 0, 1, 0]",b-Major,Piano Sonata K545 i C major.mid by Mozart.csv,1788,iv_ofDmin,GBb-C#D,yellow,0,4
173,175.0 to 175.875,10,"[1, 0, 1, 0, 1, 1, 0, 2, 0, 0, 0, 0]",cMajor,Piano Sonata K545 i C major.mid by Mozart.csv,1788,Cmaj2-5tet,DEFG,violet,6,4
174,176.125 to 176.75,11,"[0, 0, 0, 0, 0, 0, 0, 1, 0, 1, 1, 0]",e-Major,Piano Sonata K545 i C major.mid by Mozart.csv,1788,iv_ofDmin,GBb-C#D,yellow,0,4
175,177.0 to 177.875,10,"[1, 0, 1, 0, 2, 1, 0, 1, 0, 0, 1, 0]",cMajor,Piano Sonata K545 i C major.mid by Mozart.csv,1788,Cmaj2-5tet,DEFG,violet,6,4
176,178.125 to 178.75,19,"[1, 0, 0, 0, 0, 2, 0, 0, 0, 1, 1, 0]",fMajor,Piano Sonata K545 i C major.mid by Mozart.csv,1788,4ofC,F-AC,cyan,1,4
177,179.0 to 179.875,10,"[0, 0, 1, 0, 1, 1, 0, 1, 0, 1, 0, 0]",fMinor,Piano Sonata K545 i C major.mid by Mozart.csv,1788,Cmaj2-5tet,DEFG,violet,6,4
178,180.0 to 180.9166667,10,"[1, 0, 1, 0, 1, 1, 0, 1, 0, 0, 0, 0]",cMajor,Piano Sonata K545 i C major.mid by Mozart.csv,1788,Cmaj2-5tet,DEFG,violet,6,4
179,181.0 to 181.5,9,"[0, 0, 0, 0, 0, 1, 0, 0, 0, 2, 1, 0]",fMajor,Piano Sonata K545 i C major.mid by Mozart.csv,1788,6-1ofC,A-CF,deepskyblue,7,4
180,182.0 to 182.875,9,"[1, 0, 1, 0, 0, 0, 0, 1, 0, 2, 1, 0]",dMajor,Piano Sonata K545 i C major.mid by Mozart.csv,1788,6-1ofC,A-CF,deepskyblue,7,4
181,183.0 to 183.875,15,"[1, 0, 1, 0, 1, 1, 0, 0, 0, 0, 0, 0]",cMajor,Piano Sonata K545 i C major.mid by Mozart.csv,1788,Cmaj1-4tet,C-DEF,blue,3,4
182,184.125 to 184.875,9,"[1, 0, 0, 0, 1, 1, 0, 1, 0, 2, 1, 0]",fMajor,Piano Sonata K545 i C major.mid by Mozart.csv,1788,6-1ofC,A-CF,deepskyblue,7,4
183,185.0 to 185.875,4,"[1, 0, 0, 0, 1, 1, 0, 2, 0, 0, 0, 0]",cMajor,Piano Sonata K545 i C major.mid by Mozart.csv,1788,Cmaj3rd5th,EG-C,mediumvioletred,8,4
184,186.0 to 186.75,18,"[2, 0, 1, 0, 1, 0, 0, 1, 0, 1, 0, 1]",cMajor,Piano Sonata K545 i C major.mid by Mozart.csv,1788,V-IofC,D-GBC,crimson,11,4
185,187.0 to 187.9166667,13,"[2, 0, 1, 0, 0, 0, 0, 2, 0, 1, 0, 1]",cMajor,Piano Sonata K545 i C major.mid by Mozart.csv,1788,Cmaj5-1tet,BC-AG,darkviolet,12,4
186,188.125 to 188.625,10,"[1, 0, 1, 0, 1, 2, 0, 1, 0, 0, 0, 0]",cMajor,Piano Sonata K545 i C major.mid by Mozart.csv,1788,Cmaj2-5tet,DEFG,violet,6,4
187,189.125 to 189.9166667,19,"[1, 0, 0, 0, 1, 2, 0, 1, 0, 1, 0, 1]",fMajor,Piano Sonata K545 i C major.mid by Mozart.csv,1788,4ofC,F-AC,cyan,1,4
188,190.125 to 190.75,18,"[1, 0, 1, 0, 0, 0, 0, 0, 0, 0, 0, 1]",gMajor,Piano Sonata K545 i C major.mid by Mozart.csv,1788,V-IofC,D-GBC,crimson,11,4
189,191.0 to 191.875,10,"[0, 0, 1, 0, 1, 2, 0, 1, 0, 1, 0, 1]",fMinor,Piano Sonata K545 i C major.mid by Mozart.csv,1788,Cmaj2-5tet,DEFG,violet,6,4
190,192.125 to 192.875,15,"[2, 0, 1, 0, 2, 0, 0, 0, 0, 0, 0, 0]",cMajor,Piano Sonata K545 i C major.mid by Mozart.csv,1788,Cmaj1-4tet,C-DEF,blue,3,4
191,193.0 to 193.875,12,"[1, 0, 0, 0, 2, 1, 0, 1, 0, 1, 0, 1]",cMajor,Piano Sonata K545 i C major.mid by Mozart.csv,1788,AminTriad,ACE,steelblue,14,4
192,194.0 to 194.875,13,"[2, 0, 0, 0, 1, 1, 0, 1, 0, 1, 0, 1]",cMajor,Piano Sonata K545 i C major.mid by Mozart.csv,1788,Cmaj5-1tet,BC-AG,darkviolet,12,4
193,195.0 to 195.7916667,15,"[1, 0, 2, 0, 2, 1, 0, 0, 0, 1, 0, 0]",cMinor,Piano Sonata K545 i C major.mid by Mozart.csv,1788,Cmaj1-4tet,C-DEF,blue,3,4
194,196.0 to 196.875,19,"[0, 0, 1, 0, 1, 2, 0, 1, 0, 2, 0, 0]",fMinor,Piano Sonata K545 i C major.mid by Mozart.csv,1788,4ofC,F-AC,cyan,1,4
195,197.0 to 197.9166667,9,"[0, 1, 1, 0, 0, 1, 0, 0, 0, 2, 0, 1]",fMinor,Piano Sonata K545 i C major.mid by Mozart.csv,1788,6-1ofC,A-CF,deepskyblue,7,4
196,198.125 to 198.875,19,"[0, 1, 1, 0, 1, 2, 0, 0, 0, 1, 0, 0]",fMinor,Piano Sonata K545 i C major.mid by Mozart.csv,1788,4ofC,F-AC,cyan,1,4
197,199.0 to 199.9583333,13,"[1, 0, 0, 0, 0, 1, 0, 1, 0, 1, 0, 1]",fMajor,Piano Sonata K545 i C major.mid by Mozart.csv,1788,Cmaj5-1tet,BC-AG,darkviolet,12,4
198,200.125 to 200.75,10,"[0, 0, 0, 0, 1, 2, 0, 2, 0, 1, 0, 0]",cMajor,Piano Sonata K545 i C major.mid by Mozart.csv,1788,Cmaj2-5tet,DEFG,violet,6,4
199,201.0 to 201.9583333,9,"[0, 0, 0, 0, 0, 1, 0, 1, 0, 2, 0, 0]",fMajor,Piano Sonata K545 i C major.mid by Mozart.csv,1788,6-1ofC,A-CF,deepskyblue,7,4
200,202.125 to 202.9166667,18,"[1, 0, 1, 0, 1, 0, 1, 1, 0, 0, 0, 1]",cMajor,Piano Sonata K545 i C major.mid by Mozart.csv,1788,V-IofC,D-GBC,crimson,11,4
201,203.0 to 203.875,6,"[1, 0, 1, 0, 1, 0, 0, 3, 0, 0, 0, 2]",gMajor,Piano Sonata K545 i C major.mid by Mozart.csv,1788,GmajTriad,GBD,orange,13,4
202,204.0 to 204.875,6,"[2, 0, 2, 0, 1, 0, 0, 3, 0, 0, 0, 1]",cMajor,Piano Sonata K545 i C major.mid by Mozart.csv,1788,GmajTriad,GBD,orange,13,4
203,205.125 to 205.875,17,"[2, 0, 0, 0, 2, 0, 0, 2, 0, 0, 0, 0]",cMajor,Piano Sonata K545 i C major.mid by Mozart.csv,1788,CmajTriad,CEG,blueviolet,5,4
204,206.0 to 206.4583333,3,"[1, 0, 1, 0, 0, 0, 0, 2, 0, 0, 0, 0]",gMajor,Piano Sonata K545 i C major.mid by Mozart.csv,1788,Gmaj-root,G-BD,red,9,4
205,207.25 to 207.375,3,"[0, 0, 1, 0, 0, 0, 0, 2, 0, 0, 0, 1]",gMajor,Piano Sonata K545 i C major.mid by Mozart.csv,1788,Gmaj-root,G-BD,red,9,4
206,208.25 to 208.375,3,"[0, 0, 0, 0, 0, 0, 0, 2, 0, 0, 0, 0]",cMajor,Piano Sonata K545 i C major.mid by Mozart.csv,1788,Gmaj-root,G-BD,red,9,4
207,210.5 to 210.9166667,1,"[0, 0, 0, 0, 0, 0, 1, 1, 0, 0, 0, 0]",cMajor,Piano Sonata K545 i C major.mid by Mozart.csv,1788,Gmaj-IV/vii,F#G-ACE,salmon,16,4
208,211.125 to 211.75,1,"[0, 0, 0, 0, 0, 0, 1, 1, 0, 0, 0, 0]",cMajor,Piano Sonata K545 i C major.mid by Mozart.csv,1788,Gmaj-IV/vii,F#G-ACE,salmon,16,4
209,212.0 to 212.875,16,"[0, 0, 0, 0, 0, 1, 0, 1, 0, 0, 0, 0]",cMajor,Piano Sonata K545 i C major.mid by Mozart.csv,1788,chr,FGAB,mediumpurple,10,4
210,213.25 to 213.875,16,"[0, 0, 0, 0, 0, 1, 0, 1, 0, 0, 0, 0]",cMajor,Piano Sonata K545 i C major.mid by Mozart.csv,1788,chr,FGAB,mediumpurple,10,4
211,214.25 to 214.9166667,4,"[0, 0, 0, 0, 2, 0, 0, 2, 0, 0, 0, 0]",cMajor,Piano Sonata K545 i C major.mid by Mozart.csv,1788,Cmaj3rd5th,EG-C,mediumvioletred,8,4
212,215.0 to 215.875,4,"[1, 0, 0, 0, 2, 0, 0, 1, 0, 0, 0, 0]",cMajor,Piano Sonata K545 i C major.mid by Mozart.csv,1788,Cmaj3rd5th,EG-C,mediumvioletred,8,5
213,216.0 to 216.875,4,"[1, 0, 1, 0, 2, 0, 0, 1, 0, 0, 0, 0]",cMajor,Piano Sonata K545 i C major.mid by Mozart.csv,1788,Cmaj3rd5th,EG-C,mediumvioletred,8,5
214,217.125 to 217.875,4,"[1, 0, 1, 0, 1, 0, 0, 1, 0, 0, 0, 0]",cMajor,Piano Sonata K545 i C major.mid by Mozart.csv,1788,Cmaj3rd5th,EG-C,mediumvioletred,8,5
215,218.0 to 218.875,18,"[1, 0, 2, 0, 1, 1, 0, 1, 0, 0, 0, 1]",gMajor,Piano Sonata K545 i C major.mid by Mozart.csv,1788,V-IofC,D-GBC,crimson,11,5
216,219.0 to 219.875,10,"[0, 0, 0, 0, 1, 1, 0, 1, 0, 0, 0, 1]",gMinor,Piano Sonata K545 i C major.mid by Mozart.csv,1788,Cmaj2-5tet,DEFG,violet,6,5
217,220.0 to 220.875,10,"[0, 0, 0, 0, 1, 1, 0, 1, 0, 0, 0, 1]",gMinor,Piano Sonata K545 i C major.mid by Mozart.csv,1788,Cmaj2-5tet,DEFG,violet,6,5
218,221.125 to 221.875,3,"[0, 0, 1, 0, 1, 0, 0, 2, 0, 0, 0, 0]",gMajor,Piano Sonata K545 i C major.mid by Mozart.csv,1788,Gmaj-root,G-BD,red,9,5
219,222.0 to 222.875,17,"[1, 0, 0, 0, 2, 0, 0, 2, 0, 0, 0, 0]",cMajor,Piano Sonata K545 i C major.mid by Mozart.csv,1788,CmajTriad,CEG,blueviolet,5,5
220,223.0 to 223.7916667,4,"[1, 0, 0, 0, 1, 0, 0, 1, 0, 0, 0, 0]",cMajor,Piano Sonata K545 i C major.mid by Mozart.csv,1788,Cmaj3rd5th,EG-C,mediumvioletred,8,5
221,224.0 to 224.875,4,"[1, 0, 1, 0, 2, 0, 0, 1, 0, 0, 0, 0]",cMajor,Piano Sonata K545 i C major.mid by Mozart.csv,1788,Cmaj3rd5th,EG-C,mediumvioletred,8,5
222,225.0 to 225.875,10,"[1, 0, 1, 0, 1, 1, 0, 1, 0, 0, 0, 1]",cMajor,Piano Sonata K545 i C major.mid by Mozart.csv,1788,Cmaj2-5tet,DEFG,violet,6,5
223,226.0 to 226.875,5,"[0, 0, 1, 0, 1, 0, 0, 1, 0, 0, 0, 1]",gMajor,Piano Sonata K545 i C major.mid by Mozart.csv,1788,Gmaj3rd5th,BD-G,gold,17,5
224,227.0 to 227.875,10,"[0, 0, 0, 0, 1, 1, 0, 1, 0, 0, 0, 1]",gMinor,Piano Sonata K545 i C major.mid by Mozart.csv,1788,Cmaj2-5tet,DEFG,violet,6,5
225,228.0 to 228.75,2,"[0, 0, 1, 0, 0, 1, 0, 1, 0, 0, 0, 0]",gMajor,Piano Sonata K545 i C major.mid by Mozart.csv,1788,2/4ofCmaj,DF,green,4,5
226,229.0 to 229.75,4,"[1, 0, 0, 0, 1, 0, 0, 2, 0, 0, 0, 0]",cMajor,Piano Sonata K545 i C major.mid by Mozart.csv,1788,Cmaj3rd5th,EG-C,mediumvioletred,8,5
227,230.0 to 230.8333333,4,"[1, 0, 0, 0, 2, 0, 0, 1, 0, 0, 0, 0]",cMajor,Piano Sonata K545 i C major.mid by Mozart.csv,1788,Cmaj3rd5th,EG-C,mediumvioletred,8,5
228,231.0 to 231.875,19,"[2, 0, 0, 0, 0, 2, 0, 0, 0, 2, 0, 0]",fMajor,Piano Sonata K545 i C major.mid by Mozart.csv,1788,4ofC,F-AC,cyan,1,5
229,232.125 to 232.9583333,19,"[1, 0, 0, 0, 0, 2, 0, 0, 0, 1, 0, 0]",fMajor,Piano Sonata K545 i C major.mid by Mozart.csv,1788,4ofC,F-AC,cyan,1,5
230,233.125 to 233.875,2,"[0, 0, 2, 0, 0, 2, 0, 0, 0, 0, 0, 1]",b-Major,Piano Sonata K545 i C major.mid by Mozart.csv,1788,2/4ofCmaj,DF,green,4,5
231,234.125 to 234.875,5,"[0, 0, 2, 0, 0, 1, 0, 1, 0, 0, 0, 1]",gMajor,Piano Sonata K545 i C major.mid by Mozart.csv,1788,Gmaj3rd5th,BD-G,gold,17,5
232,235.0 to 235.75,4,"[0, 0, 0, 0, 2, 0, 0, 2, 0, 0, 0, 1]",gMinor,Piano Sonata K545 i C major.mid by Mozart.csv,1788,Cmaj3rd5th,EG-C,mediumvioletred,8,5
233,236.0 to 236.75,14,"[0, 0, 0, 0, 2, 0, 0, 1, 0, 0, 0, 1]",gMinor,Piano Sonata K545 i C major.mid by Mozart.csv,1788,VofAmin,E-BCD,indigo,19,5
234,237.0 to 237.9166667,12,"[2, 0, 0, 0, 2, 0, 0, 0, 0, 1, 0, 0]",cMinor,Piano Sonata K545 i C major.mid by Mozart.csv,1788,AminTriad,ACE,steelblue,14,5
235,238.125 to 238.75,9,"[1, 0, 1, 0, 0, 1, 0, 0, 0, 1, 0, 0]",fMajor,Piano Sonata K545 i C major.mid by Mozart.csv,1788,6-1ofC,A-CF,deepskyblue,7,5
236,239.0 to 239.8333333,19,"[0, 0, 1, 0, 0, 2, 0, 0, 0, 1, 0, 0]",fMinor,Piano Sonata K545 i C major.mid by Mozart.csv,1788,4ofC,F-AC,cyan,1,5
237,240.0 to 240.75,2,"[0, 0, 1, 0, 0, 1, 0, 0, 0, 1, 0, 1]",fMinor,Piano Sonata K545 i C major.mid by Mozart.csv,1788,2/4ofCmaj,DF,green,4,5
238,241.0 to 241.9166667,6,"[0, 0, 2, 0, 0, 0, 0, 1, 0, 0, 0, 3]",gMajor,Piano Sonata K545 i C major.mid by Mozart.csv,1788,GmajTriad,GBD,orange,13,5
239,242.125 to 242.875,4,"[1, 0, 0, 0, 2, 0, 0, 1, 0, 0, 0, 0]",cMajor,Piano Sonata K545 i C major.mid by Mozart.csv,1788,Cmaj3rd5th,EG-C,mediumvioletred,8,5
240,243.0 to 243.9166667,17,"[2, 0, 0, 0, 1, 0, 0, 2, 0, 0, 0, 0]",cMajor,Piano Sonata K545 i C major.mid by Mozart.csv,1788,CmajTriad,CEG,blueviolet,5,5
241,244.125 to 244.875,2,"[0, 0, 1, 0, 1, 1, 0, 0, 0, 1, 0, 0]",fMinor,Piano Sonata K545 i C major.mid by Mozart.csv,1788,2/4ofCmaj,DF,green,4,5
242,245.0 to 245.875,2,"[0, 0, 1, 0, 0, 1, 0, 0, 0, 1, 0, 0]",fMinor,Piano Sonata K545 i C major.mid by Mozart.csv,1788,2/4ofCmaj,DF,green,4,5
243,246.25 to 246.875,2,"[0, 1, 1, 0, 0, 1, 0, 0, 0, 1, 0, 0]",fMinor,Piano Sonata K545 i C major.mid by Mozart.csv,1788,2/4ofCmaj,DF,green,4,5
244,247.25 to 247.75,2,"[0, 1, 1, 0, 0, 1, 0, 0, 0, 1, 0, 0]",fMinor,Piano Sonata K545 i C major.mid by Mozart.csv,1788,2/4ofCmaj,DF,green,4,5
245,248.25 to 248.875,9,"[1, 0, 0, 1, 0, 0, 1, 0, 0, 1, 0, 0]",dMajor,Piano Sonata K545 i C major.mid by Mozart.csv,1788,6-1ofC,A-CF,deepskyblue,7,5
246,249.25 to 249.7916667,9,"[1, 0, 0, 1, 0, 0, 1, 0, 0, 1, 0, 0]",dMajor,Piano Sonata K545 i C major.mid by Mozart.csv,1788,6-1ofC,A-CF,deepskyblue,7,5
247,250.125 to 250.625,9,"[1, 0, 0, 1, 0, 0, 1, 0, 1, 1, 0, 0]",g#Major,Piano Sonata K545 i C major.mid by Mozart.csv,1788,6-1ofC,A-CF,deepskyblue,7,5
248,251.0 to 251.5,9,"[1, 0, 0, 1, 0, 0, 1, 0, 1, 1, 0, 0]",g#Major,Piano Sonata K545 i C major.mid by Mozart.csv,1788,6-1ofC,A-CF,deepskyblue,7,5
249,252.0 to 252.75,4,"[1, 0, 0, 0, 1, 0, 0, 2, 0, 1, 0, 1]",cMajor,Piano Sonata K545 i C major.mid by Mozart.csv,1788,Cmaj3rd5th,EG-C,mediumvioletred,8,5
250,253.0 to 253.875,17,"[2, 0, 1, 0, 2, 0, 0, 1, 0, 0, 0, 0]",cMajor,Piano Sonata K545 i C major.mid by Mozart.csv,1788,CmajTriad,CEG,blueviolet,5,5
251,254.0 to 254.875,17,"[2, 0, 0, 0, 2, 1, 0, 2, 0, 1, 0, 1]",cMajor,Piano Sonata K545 i C major.mid by Mozart.csv,1788,CmajTriad,CEG,blueviolet,5,5
252,255.125 to 255.7916667,15,"[2, 0, 1, 0, 2, 1, 0, 1, 0, 0, 0, 0]",cMajor,Piano Sonata K545 i C major.mid by Mozart.csv,1788,Cmaj1-4tet,C-DEF,blue,3,5
253,256.0 to 256.875,10,"[0, 0, 1, 0, 1, 1, 0, 1, 0, 0, 0, 1]",gMinor,Piano Sonata K545 i C major.mid by Mozart.csv,1788,Cmaj2-5tet,DEFG,violet,6,5
254,257.0 to 257.875,10,"[0, 0, 1, 0, 1, 1, 0, 1, 0, 0, 0, 1]",gMinor,Piano Sonata K545 i C major.mid by Mozart.csv,1788,Cmaj2-5tet,DEFG,violet,6,5
255,258.125 to 258.875,10,"[1, 0, 1, 0, 1, 1, 0, 1, 0, 0, 0, 1]",cMajor,Piano Sonata K545 i C major.mid by Mozart.csv,1788,Cmaj2-5tet,DEFG,violet,6,5
256,259.0 to 259.7916667,8,"[2, 0, 1, 0, 1, 0, 0, 0, 0, 0, 0, 0]",cMinor,Piano Sonata K545 i C major.mid by Mozart.csv,1788,Cmaj-root,C-EG,slateblue,2,5
257,260.25 to 260.875,4,"[1, 0, 0, 0, 1, 0, 0, 1, 0, 0, 0, 0]",cMajor,Piano Sonata K545 i C major.mid by Mozart.csv,1788,Cmaj3rd5th,EG-C,mediumvioletred,8,5
258,261.125 to 261.75,4,"[1, 0, 0, 0, 1, 0, 0, 1, 0, 0, 0, 0]",cMajor,Piano Sonata K545 i C major.mid by Mozart.csv,1788,Cmaj3rd5th,EG-C,mediumvioletred,8,5
259,262.0 to 262.75,2,"[0, 0, 2, 0, 0, 2, 0, 1, 0, 0, 0, 1]",gMajor,Piano Sonata K545 i C major.mid by Mozart.csv,1788,2/4ofCmaj,DF,green,4,5
260,263.0 to 263.875,8,"[2, 0, 0, 0, 1, 0, 0, 0, 0, 0, 0, 0]",cMajor,Piano Sonata K545 i C major.mid by Mozart.csv,1788,Cmaj-root,C-EG,slateblue,2,5
261,264.125 to 264.875,4,"[1, 0, 0, 0, 1, 0, 0, 2, 0, 0, 0, 0]",cMajor,Piano Sonata K545 i C major.mid by Mozart.csv,1788,Cmaj3rd5th,EG-C,mediumvioletred,8,5
262,265.0 to 265.875,10,"[1, 0, 2, 0, 1, 2, 0, 2, 0, 0, 0, 0]",cMajor,Piano Sonata K545 i C major.mid by Mozart.csv,1788,Cmaj2-5tet,DEFG,violet,6,5
263,266.125 to 266.625,18,"[2, 0, 1, 0, 1, 0, 0, 0, 0, 0, 0, 1]",cMajor,Piano Sonata K545 i C major.mid by Mozart.csv,1788,V-IofC,D-GBC,crimson,11,5
264,267.625 to 267.625,8,"[3, 0, 0, 0, 1, 0, 0, 1, 0, 0, 0, 0]",cMajor,Piano Sonata K545 i C major.mid by Mozart.csv,1788,Cmaj-root,C-EG,slateblue,2,5
265,268.875 to 268.875,8,"[3, 0, 0, 0, 0, 0, 0, 0, 0, 0, 0, 0]",cMajor,Piano Sonata K545 i C major.mid by Mozart.csv,1788,Cmaj-root,C-EG,slateblue,2,5
266,269.25 to 269.25,16,"[1, 0, 0, 0, 0, 0, 0, 0, 0, 0, 0, 0]",cMajor,Piano Sonata K545 i C major.mid by Mozart.csv,1788,chr,FGAB,mediumpurple,10,5
